-0.841009199503959,-0.841502280116922,-0.835520605619645,-0.642010166917903,-0.429442167187099,-0.277577296788088,-0.634162612622035,-1.04356027873248,-1.17698261030603,-0.880211758670882,-0.303556534809764,-0.197488282544435,-0.432320195761449,-0.580948147619381,-0.778346014138921,-0.627179501225426,-0.757429523135817,-0.826115540119865,-0.729002362151586,-0.740344348114696,-1.25105065552493,-0.868278631956689,-0.905197685780889,-0.803867164803438,-0.671825573347516,-0.741318109920673,-0.994911516348222,-1.00944307137597,-0.702418378636345,-0.210683269166232,-0.222361329747595,-0.422874868156874,-0.703599254268187,-0.97688054053041,-1.03788398506497,-1.03164076845787,-1.02190893854952,-1.00309290647601,-0.956682818175996,-1.06369121310665,-1.3021253014001,-1.08560259410898,-0.794708335078595,-0.543282346072768,-0.536328977020904,-0.609527741611155,-0.939833869114077,-0.905270256119113,-0.720381218530538
0.351532464126644,0.388693383401214,0.395478096573725,0.301259804310557,0.162777127982783,0.0666395660630471,0.319370478804074,0.542596608818883,0.592597302829019,0.423610742487552,0.111120308324159,0.0915156365242489,0.244604406429282,0.275150159003068,0.38410240297584,0.2537515067659,0.348320661921578,0.406939450445595,0.366659785769612,0.340362307560099,0.615102957849365,0.367429112322448,0.450875115329185,0.389929999466248,0.283269570223859,0.318844436034442,0.465707677012237,0.499894569105792,0.301085204872865,0.0985038289770949,0.0711591717607958,0.173620073300463,0.370821417538658,0.495607347403123,0.45152240822738,0.431442396238593,0.454634117886031,0.494068907244661,0.46515486927493,0.48969197493272,0.593226160363419,0.483707985252256,0.360161278097531,0.266849653113201,0.245210913653361,0.239046338636281,0.461785529526157,0.449928931019214,0.367757492062555
0.0443951454169634,0.00434709462150491,-0.0409943371243961,-0.0321794529759661,0.0364861659740804,0.0876695616743568,-0.018814496384103,-0.0817288954013547,-0.086950737148125,-0.0394763550034338,0.0300645970571956,-0.0151095089838704,-0.0615503692741795,-0.0434525601334439,0.000331260554096998,0.0486736809076735,0.00887092884140479,-0.0635606930965217,-0.0684924130380007,0.00502306042848224,0.0199311068379024,-0.00550007334206148,-0.0730307926660771,-0.0488457758919431,0.0253726188767277,0.0465684605632044,-0.000322808624344556,-0.0699504226920402,0.0418348963455063,0.0323755840790404,0.0733944232419857,0.0335783559264799,-0.0522727658380598,-0.064457617760995,0.0718115084129155,0.0744255601243548,-0.00533662804794174,-0.0890189021219402,-0.0409321717056673,0.0112922402748356,0.0211053620200821,0.0175103624199995,-0.02894989438576,-0.0416959169389193,0.01909702453719,0.0695023168197972,-0.0229135949550313,-0.0843231112071528,-0.0679956966050609
-0.0236717381772151,-0.0195233995118425,0.0214945488005853,0.0145815079354389,0.000474323385505985,-0.0146601771388792,-4.53574499358574e-05,0.0318046570209714,0.0276138145058729,0.0278617330252144,-0.00216884838397693,0.0131349449933227,0.0311540507713475,0.036409696869633,-0.00996397361260305,-0.00677218853063578,-0.00125954113765685,0.0435383164198897,0.020581760893135,0.00210328562441578,-0.0265689785574413,0.0165775700179566,0.0384505825585818,0.00077499936848141,-0.00816802763224195,-0.0233079602753145,-0.0286797903072858,0.050033340332661,-0.0391113406266087,0.0112058570997145,-0.0368939717770747,-0.00277936008681479,0.00641583797194243,0.0202575590929824,-0.0498244182372795,-0.0450408203800977,0.00153680834330691,0.0617637923622941,0.0204661218923495,0.00529371535669926,0.00187342114777085,-0.00052730195368772,0.0278252316973272,0.0117826327015132,-0.0299656718468517,-0.034119553345282,0.0106413314042752,0.047373201821219,0.0295344750031505
0.012344790715407,0.0193262730492195,-0.0121285680842024,-0.00948012028517406,-0.000766059100581561,-0.0163962178217845,0.0108915828652589,-0.0121385841415099,0.0132814890278664,-0.0242335463632504,-0.00736814677831041,-0.00929841113798467,-0.0211881697205857,-0.0020787410204579,-0.00410465141027915,0.000913512835941653,0.00495377341296548,-0.00164205169262299,0.0152911717837397,0.00446175365083736,-0.0156434655350249,1.35021510652231e-05,-0.00189728328548763,0.0121807427035131,-0.00561847913610963,-0.00194787919190592,0.0160741023736504,0.0144987447658927,-0.00268156289946254,0.00898616794487608,0.0258562965734998,0.00867834667109215,0.00676515617651087,0.00871757772711772,-0.00297938073084562,0.0123929655510921,0.0206479234353001,-0.00375719267284333,-0.00395277227145536,-0.0103431372567081,0.0052206655514556,-0.00765518317522447,-0.00675195624705018,0.00893730054660923,0.00936705073313378,0.0164659593403762,-0.00556178169971502,0.000879446455754568,0.00254739410862176
-0.00487052989494935,-0.0164043108953841,0.0246828994639599,0.0232794113182917,-0.00440399041020328,0.000200034828681448,0.000604911749502582,0.0153311580264679,-0.0212838616450442,0.0140898496505127,0.0151664904666562,0.00690574021265631,0.0187006410449382,-0.00718638961079118,0.00221722725963028,-0.00619175288374004,-0.0106782341394109,0.000680788325598401,-0.0112531168018564,0.00397363964500126,0.00054938334697951,-0.00255208932336413,0.0025004389147546,0.00447736490849222,0.0484875524372119,0.0257394515145573,-0.0366889468158006,-0.0159461771153558,0.0570300860602889,-0.0321230241185279,-0.0341199940299853,0.00800004418887727,0.00967323842007986,-0.00770878468999743,0.0216929898946216,-0.00113340773481914,-0.00934975455320929,-0.00608502826613649,-0.011476565085151,0.0069308889539646,-0.00274607335728035,-0.00396852305564681,0.0238972848334869,-0.0138648841478426,0.0108680072192387,-0.0142708694895819,-0.00200048411674947,-0.00099050892874257,-0.0153810049290439
0.00435511651154628,0.0201010054254917,-0.0106812221059946,-0.00455468577512267,0.00485827480157639,0.00820260776173905,0.00483046625878327,0.00527743863318996,0.0313578573624339,0.00214171701554713,0.00128216562397794,0.00414824374863114,-0.0112248548813725,0.00510417072296309,-0.00711122037203724,-0.00023752349353837,0.0101100905888493,-0.0101428491770567,-0.00199191304712186,-0.00527728755518365,-0.00407589850288053,0.0221329019165635,0.0185431455662001,0.00962041820029513,-0.203507948308905,-0.103317819054831,0.0399659496765473,0.0993676320627912,-0.0322511013626856,0.0452687693291201,0.0250115505204212,0.0143335064119148,-0.0240635619193602,0.00944265991049583,-0.00378914175073136,0.0138923674661161,0.0110879000785475,-0.000906413762750979,0.0109007908487351,0.00983832689145711,0.00549555514707843,0.00573133522341445,-0.0293592780157951,0.0208554538027133,-0.00676658542928388,0.00756661002497248,0.00653418662388451,-0.0094284779593239,0.0167056120480035
0.00778967766771042,0.000884572600066719,-0.000650922590359406,-0.00601839555281933,-0.00540923352467008,0.00137070546466866,-0.00478420803252205,-0.0130037863347289,-0.00532389072549313,-0.0117223960401755,-0.0187395108236214,-0.00261097898547302,-0.000854464574019823,0.0196635069125057,0.00857614424205577,0.00337169429356,-0.00735762189272587,0.00900624858606506,0.00608669348704475,0.00138088178915931,0.0674250204189416,-0.0682053531584127,-0.125407885250973,0.0618379277905733,0.184734105046686,0.0879175022472767,0.000365460838146758,-0.0259646533562587,0.0288154680362402,0.00376024241214924,-0.0248919578687923,0.0272811961493417,0.0078488022512692,-0.00207983010980476,0.00239708838497125,0.00247384129760136,-0.011644388633903,0.00141086683874493,0.012033246634131,-0.0116183458427721,0.00307768099569104,0.0035750859323947,0.00472019096570984,-0.00343702180864716,-0.0047982507367744,0.00987375951443227,-0.00229179964147839,0.0156846328822577,-0.00472748147070693
0.00169082795001175,-0.00771888915909395,-0.00319233880648724,0.00364008785693967,0.00487578770920548,0.00508974819170308,0.000108731165148581,-2.57253847167712e-05,-0.000924282376230948,0.00583667421313665,0.0159378105255576,-0.000548291906506342,0.00467311802787768,-0.0181308005180176,-0.00425559975457357,0.000787685372444963,0.0103751367864637,-0.00511015151525236,0.00120138046530681,0.0125877391753273,-0.0505638082691112,0.0188855535631766,0.132141437928077,-0.0668717613849771,-0.0151279315036092,-0.00332077908644655,0.00361501916971661,0.0159734584605623,0.000572687294501696,0.00369260119071451,0.0106987882196841,-0.0538401966182019,0.0134982637864236,-0.00142843732804398,-0.00483390615987209,0.000407304805198884,0.00533610619507444,-0.00873613800064004,-0.00650824380293539,0.00278918337893043,-0.000924902563279928,-0.00617226743021214,0.000225873203654248,-0.000448086987145435,0.00908410009076455,-0.0108385097381849,-0.00790955330549646,-0.00576704206895481,-0.00285789236627349
-0.0197537734129233,0.00622096934346351,0.0140938605869617,0.00321657092458536,0.00228726583066281,-0.000216669277862761,0.00337504328894442,0.0156226922436427,0.00203541198869741,-0.000707962024309854,-0.00794581234070965,0.00761601282009462,-0.000586570365983033,0.00333929586013455,0.000782627110700298,0.00830119618466565,-0.00331711891699464,0.00511855481439688,0.00480879438289276,-0.00883813957850138,-0.0331677776078719,0.0185614271524029,-0.0281140635415736,0.00745225155771798,-0.0145417686087248,-0.00936333663281408,-0.00100435251863411,0.0177194542698669,0.0192342358351978,0.0186024561721604,-0.0376577168808494,0.0466619328778809,-0.00872502185320834,0.00257536459210974,0.00974236185380265,-0.00511897252057678,0.00421065951642533,0.0126829337345306,-0.0021047909469599,0.00168826128986118,-0.00542354999538655,0.0046817188196339,0.00415040406211585,-0.00532970008686439,0.00462693886971967,0.0040370251393969,0.0176855998429689,0.00909392270493033,0.00311899534498982
0.00403333671467336,-0.00904107408206574,-0.0186008914692918,-0.000514460629266688,-0.00496682559283555,-0.0104546481240625,-0.00276111722070397,-0.014746288419905,-0.0155002758613437,0.000294340442909114,0.0046244196850959,-0.00528947215418208,-0.0040174266573056,-0.00142237487532114,0.00666223914444258,-0.0170547025965249,-0.000871110574855131,-0.000500894235388494,-0.0161568879289552,-0.0053074950620175,0.053681208278494,-0.00914325177399756,-0.0162564292753501,-0.00528238390758254,0.00341992309171292,-0.00665715950302581,-0.0114203675011235,-0.0179253397369193,-0.0887641333742424,-0.109726119279664,0.103763134211887,0.0209001678611049,-0.00782689698906095,-0.00857739701303715,-0.0167180361931896,-0.00307023684984229,-0.00973941115036078,-0.00366070936128165,-0.000196078564400812,-0.000799647995325274,-0.00261578011206082,-0.000923046468602782,0.00241875218708376,-0.000766619679512585,-0.0075526077428781,-0.0037997676330946,-0.0131680848106372,-0.0147662285452553,0.00351645322811547
0.00595902609269376,0.0122916710323167,0.00686540912032849,-0.00894717740002484,-0.00119081778992068,-0.00369105397109158,-0.00235377679319003,0.00080457137418099,0.0103650385369498,-0.00769559124314963,-0.00795363063380274,0.00184341804249371,0.00938292115475417,-0.000282850722309138,-0.0181383932943524,-0.00114646431998646,0.00396259649210475,-0.00484976581428916,0.0067502133377958,-0.000151560277271135,-0.0203281436757888,0.0203360215911989,0.0317725521850333,0.0234022754597905,0.0229072791784824,0.0199846462587215,-0.150849989088834,0.248189534739088,0.245233046224812,0.192788962041884,-0.113997488677359,-0.0452409134814351,0.00484465171356737,0.00380845603822312,0.0210375821341307,0.00214499765112365,-0.0036822258943561,-0.0103829178898192,-0.00823541197985138,-0.00969052335686608,-0.00463851561562602,-0.00690235774149329,-0.00944585170358932,-0.00372944536619794,-0.00805086125798968,-0.00739203890540773,-0.00675047484316861,0.000227143521108255,-0.00868410309635053
-0.0114562832180972,-0.0154964347633937,0.00148142104871232,0.00220487406282065,-0.000673640909471107,0.00956447259266562,-0.00522637690428354,-0.000422582408020091,-0.00552207365986613,0.0106791919596423,0.00445389121456552,0.00361358679463521,-0.00829392137577453,-0.0028936785814256,0.00653567231418874,0.00135211889309518,-0.0184450335375161,0.00241656470929894,-0.00181494769453017,-0.00331601303790004,-0.00838269879001268,-0.0311581621842959,-0.00604326568593216,0.0134856909241839,-0.130234523777194,-0.220114814440995,0.464338809720047,-0.275290447279429,-0.104669875682478,-0.0536767992087624,0.0435407390679523,0.0034075343908765,-0.0255723567149323,-0.00953532846339027,-0.0143249601205724,0.00907717439210445,0.00479747670201935,-0.00318729254354035,0.00795012800231902,-0.00108709104479298,-0.00200437290610312,0.000468301199003263,0.00610660773327544,-0.00504823192152549,0.0121024430091235,0.00379416846775534,0.00015839498959854,-0.00429007351973748,-0.00382576396293714
0.00119535296768675,-0.000502727733926596,-0.00152818776386521,-0.00153466598641533,-0.00246876396013432,-0.0038252123095689,-0.00340546799629189,-0.00999838254596811,-0.0108928172734484,-0.00746666424416777,-0.00235836172772569,-0.00690008456760914,-0.00834786431603001,-0.00199694527867106,-0.00425506485541751,0.00618345936933112,0.00958581514213805,-0.00121007450451296,-0.00506649339395579,-0.00317356833305389,0.00372512689338691,0.0118965469543919,-0.0561158556912994,-0.0636364890422453,0.253976552980506,0.431523296530408,-0.293517921208627,0.0491382091173415,-0.00997981291726345,0.00332311549324229,0.00425375558124749,-0.0215517172669721,0.00686977708792296,0.00642314024764712,-0.00620910254153591,-0.0180568929283763,0.00166087727773238,-0.000663720144093099,-0.00940075795425978,0.00226080865233065,0.000666650885167874,-0.00458896810980637,-0.00366553057868916,0.00345925033265971,-0.00938808920023401,-0.0110270356293923,0.00660448470493161,0.00378688504632984,0.00214398596327856
0.0112893270865522,0.00845160990438753,-0.00305256054297284,-0.000547599681983722,-0.000304418708165512,-0.0090034529937582,0.00246048789163529,0.0027441993772645,0.0101291490567746,-0.00603253413156279,-0.000648337332208918,-0.00699313101464309,0.00388455994551818,0.00257812246645244,0.00460370144358003,-0.00143706400625106,-0.0033214932684857,0.0011117023430142,0.00358320386203397,0.00135878316373533,-0.00542821580711937,-0.0237458188381604,0.137967022604599,-0.0331538243885511,-0.389614597049489,-0.153988943434452,0.0245148768640612,0.00254743395367041,-0.00540169304764918,0.0371431489360071,-0.0112627662987639,0.0747064276652295,0.0398119477918657,0.00232934422303472,0.00211434702418352,0.000199369117787633,-0.0124203332841421,0.00371271854658918,0.00268958213021847,-0.00944888964491023,-8.36973470649399e-05,0.00178412012795541,0.00356848102789533,0.00337112441480853,-0.00371253152463857,0.00286464313775259,-0.0110871497488611,0.00137878582460018,-0.00475809401749387
-0.010366948519208,-0.00319414104397528,-0.00104074236289201,-0.00304975546885624,-4.4028938233233e-05,0.00825327991640974,-0.0055216597233962,0.00431516307420706,-0.00706642515329549,0.00923926289458606,-0.00165172056842069,0.00608349669274572,0.00146475651029382,-0.0130238006086579,0.00099154480359538,-0.00541034158682677,0.00674144784891144,-0.00983433517975057,-0.00428816429252064,-0.00969012453644483,0.00436911273178804,0.0569924858715014,-0.0942417009613943,0.00439956490833731,0.175645380402382,-0.0406286251759546,0.00690334352051522,0.0260323857024809,0.0243769208763934,-0.0738955148654578,-0.0232270881835046,0.0407722498470425,-0.0579561017939129,-0.0078002506641026,0.00598838649499365,0.00440496400178737,0.000487013380558064,-0.00912796701618128,-0.00806458206219162,0.000451489566473337,-0.00361333403735226,0.00662176574495611,-0.000938347152745808,-0.0168352695343519,0.00796582832130635,-0.00267077116397208,0.00391695565544345,-0.006494875614975,0.00740118332979587
-0.00492293005370018,0.00138454440584297,-0.00352712666182842,0.00416665956695129,0.000843492037380273,-0.000373469581259832,0.000425620055183767,-0.00237770878466176,0.000790682722352565,-0.00941410993991575,-0.00130830318348993,0.00431568290815035,0.00323161278988613,0.0134416155192631,0.00162818560916973,-0.00271198200374294,-0.00295842973310483,0.00244379929981711,0.00666952870623982,0.00791230192729129,0.000153077588285843,-0.0314462994793155,0.0115628143007182,0.00553090243175574,0.00054597598575238,-0.00325999189521257,0.00239099580659909,0.0298391339016553,-0.307779661541326,0.257213404471414,0.126645751443993,-0.106304564498832,0.0186616164373143,-0.000963336360723432,-0.00431377634752563,-0.000333332142324374,-0.000405798009720535,0.0113195483245803,0.0150330683122595,0.00652315518208691,0.00751440036298578,-0.0021366267182715,0.00157896061285225,0.0176771501117848,-0.00364243011273041,0.0042138127518738,-0.00472279339669389,0.00705605536648183,-5.16039959460734e-05
0.00569839322378623,-0.00718006107631207,0.00383230642134451,-0.00644106727565054,0.000140600230189778,0.000889731647014854,0.00401263452351104,-0.00377931330304523,-0.00247724550506818,0.00450737297640888,-0.00161906373080401,-0.00673083097037605,-0.00818907695003535,-0.00785467511579124,-0.00393500190288359,-0.000160962225601476,-0.00474600834554101,0.00136860446138004,-0.00587725723625596,0.0046906749149366,0.00765526500494315,-0.00554116524978999,0.0113787940000953,-0.00260407073106724,-0.0227647982382943,-0.0397479323100145,0.230637158269592,-0.237825929358101,0.415028392195667,-0.153552246357453,-0.0414494286899892,0.152082658042676,-0.0123764923648463,-0.00506996577683665,0.00531676595572606,0.00514950201439203,0.00460002306463048,-0.00643889711674688,-0.00359622461106743,-0.00589120560830334,-0.00386067480615486,-0.00272208118578317,0.0110581190087071,-0.00206984295892765,-0.00277632308842724,4.42560486828367e-05,0.0100707362571878,-0.000336597265018141,-0.00688399765480228
0.00834943602926543,0.00697231432194097,0.00085935389134028,0.00443058607573863,0.00779441929101258,-0.00393492238645837,0.00143777131209247,0.00241403617518219,0.00513392726233609,-0.00488150025174964,0.00522628948031395,0.00149080003349927,0.00809697307685441,0.00818233557266376,0.00162046764116928,0.00233409959997151,-0.000884700965496933,-0.00270095043691629,-0.00466578348373524,-0.00164958640709477,-0.0105475511578946,-0.00196625489972098,-0.00674737965485914,-0.00153980772428996,0.114003406522887,0.141044590258401,-1.3286345882751,0.713065934745771,0.0475232663748565,-0.0304280414228933,-0.0209676269579705,-0.0576826538390873,-0.0471692071572352,0.01034644587471,-0.00287167341923008,-0.00734744860567236,-0.00258115049017958,0.00324984948416879,-0.000836626535840705,0.00107323669964375,0.00349534917936093,0.00669466103557725,-0.0128731593563673,0.00316774008338241,0.00093278045121796,-0.0107031289128264,-0.00557543303911138,-0.00199791481812042,-0.000427869172654164
-0.0192240997345323,-0.00413125710351148,-0.00561253700684987,-0.00795724109963551,-0.0173294906579889,0.00579003618764979,-0.00232527101140497,0.00170002560283285,-0.00476194506478882,0.0121425000285192,0.00689561199297686,0.00346600077304709,0.00165232975769642,-0.00434565503644776,-0.000223419276914101,0.00233612670422969,0.0107003287328788,0.0125490535078929,0.0106070891347807,0.00454199934544772,0.00672009672093352,0.00552920715281857,0.00631046325341542,0.0240979231073896,-0.205621604164742,-0.130032126567974,1.58501293684112,-0.284696389990792,-0.0637633385994011,0.0308239988409811,-0.141543831419954,-0.0892002113004239,0.0488393841893346,0.0024041875178701,-0.00521237483074928,0.00330632828787933,-0.0022121458270433,0.00354028893429075,0.000994015709429856,0.0050213128795944,0.00615461164586634,-0.00145447826765181,0.0157055862130084,-0.00330645800486327,0.0107269272535458,0.0129293542533066,-0.00254719412460245,0.00671341540089831,0.00567409222070016
0.0241989561946943,0.00529572122582038,0.00493223808578293,0.00619354210424141,0.0146570529251966,0.000361455606843752,0.00599678754166643,0.00350514831879558,0.00690622951640994,-0.0151443241640791,-0.0117098888643579,-0.00259131538602922,-0.000799438481576996,0.00653325726000059,0.00742941132849961,0.00383072355626201,-0.0112314993989845,-0.0123228001341864,0.00105640758648032,0.00233192400640325,0.000992920446523579,-0.00454530974590236,0.00161058213177723,-0.0897774992262043,0.105272115304542,0.0644670873608328,-0.453883576071633,-0.207999979016981,-0.148295396391631,0.186853066064446,0.831452603440246,0.197962092939992,0.00894693452715377,0.00390531466304393,0.0033591208724849,0.00269519230961681,0.00495525093513986,-0.00716067607999844,0.0145150230430681,-0.000511861031865724,-0.00374759141929439,0.00621152373812389,-0.0111068405715733,-0.00087098854934404,-0.0172177141777558,0.000158758045882893,0.00455019345480616,-0.0122075308335364,0.00652927250152086
-0.0233895852029098,-0.011905718923713,0.00400111698835272,0.00367238318870163,-0.00622022446979962,-0.00652828954113682,-0.000731248055315712,-0.00640465328024573,0.0041334325878855,0.00521638914398672,0.00649367740715906,0.0033806304934827,0.00074023976715428,0.000153045249296004,-0.00911511249624377,-0.00494899019567892,0.0127658777588229,0.00449054209446101,-0.00741912547735022,-0.00459541124662513,-0.00824959025169499,0.0228914908933593,-0.0868718423268934,0.13348728541229,-0.0175550609582249,-0.00848435911484378,-0.0131415210130052,0.0778772403092243,-0.248003665615107,-0.646816802345874,-1.36372273262719,0.0727963016670873,-0.0263819249005427,0.0235103050118007,0.0130684985214022,0.00243936703584977,-0.00671985056707661,0.00780296008934219,-0.0080130918776023,-0.00344121621957733,0.00532377012272598,-0.00603870002167785,0.00351922362924876,0.0139612211800586,0.00516724718768074,-0.00443641683217147,0.00137962621607915,0.0141620230370284,-0.00942279244671761
0.0265992600829155,0.0213190727251271,-0.000270139095897494,0.00368449386140969,0.00735600804642964,0.00798017222707196,-0.00159244091132549,0.00581849574415003,-0.00269714565772841,0.00575298762557514,-0.00145713523633341,-0.00822046827808311,-0.0060828976152152,-0.00926406254820595,0.00398059818035933,-0.00179073463227704,-0.00607620248595643,0.00284576845390381,0.00287967964939446,0.00351344355907532,0.0060856254017971,-0.0116208667794782,0.122255477726501,-0.0985913334394737,0.014980834139435,-0.0173166370713266,0.0126154291908206,0.0319463056317018,1.72528547511495,1.28976941975517,0.518075238492776,-0.15749700438929,0.114376662520914,-0.0165319791778131,-0.0121136465817204,-0.00578755553595739,0.00362416983981127,-0.00331178728051125,6.64560587308903e-05,-0.000195485991424681,0.000705793788553205,0.000883561033527939,0.00100822015122093,-0.0136680777557222,0.00683339205458915,0.00413341769681335,0.00367051598491913,-0.00375621521069148,0.00558765349294965
-0.00936924126455858,-0.0112474364530611,-0.0036516976772055,-0.00562733050034401,0.00224827189004617,-0.00509876294241659,-0.00120864464858557,-0.00368353215041127,-0.00560559354006695,-0.00827439745932736,-0.00533802669755677,0.0123015052020836,0.00523073961241853,0.0061493012050202,-0.00288121757378438,0.0030047072785394,-0.00464691019494986,0.00200152158271959,0.00688101681955185,-0.00655352412491477,0.00442181294116572,0.00450514436863142,-0.0299728114626568,0.0117119982249422,-0.0131171525482935,0.0180295301362463,-0.0896814033422305,0.186972962980739,-1.73082481694782,-0.555552349195953,-0.0249038535953608,-0.0806976398390104,-0.0750199262030099,-0.00358034065457404,0.00281968568385349,0.00376095978277043,0.00762218460297986,0.00425569692024751,0.00358275382235353,0.00644379489897626,-0.00241949121415991,0.00185001734084519,-0.000308233911111049,-0.00449013757833693,-0.00308619448797007,-0.001813619777857,-0.00532034455052798,-0.000401054990645223,-0.00247458458119695
-0.0140627872923461,-0.000232485575802506,0.00752761691772326,0.000842994918362858,-0.00839592773610659,-0.000924698864830114,-0.00492898397986406,0.0047261784060782,0.00435274786384819,0.00746804699456352,0.013857555014483,-0.00297641980819165,-0.00505443591012621,0.0023371846317499,0.00615544855531878,0.00206294928550981,0.0040470420750973,-0.00521514231195727,-8.10530992629717e-05,-0.000503055929762048,-0.0117836705016083,-0.0173003771296933,-0.00711004814754243,-0.00464342976145213,-0.00568520207468903,-0.153051847520228,0.177422803059882,-0.15650345259395,0.258641950548746,-0.109397037642978,-0.102692510177581,-0.0943554314637691,0.0735338644243851,0.00815797328989809,0.00269836411575192,-0.00103355654716299,-0.00991240957945257,-0.00831206978747966,0.00229421235503605,-0.00761315460857175,-0.00249318511895431,-0.000540241219043738,0.00632621127975918,0.00771964429588591,0.000747508676074038,-0.00135482310475803,0.000425603313705697,-0.00143657682721343,0.000998793107222167
0.0150820569727806,0.00206328566500615,-0.00361526319832525,0.00165970369472489,0.00944077665215042,0.000262738901505218,0.0028209841949261,-0.00293229257846118,0.00132245116277617,-0.00564683573807315,-0.0166026788867066,-0.00675932776665412,0.00911685493160445,-0.00322688730534649,-0.00334354908960337,0.00178797638761215,0.00181887364075847,0.00758358200473951,-0.0100138041222573,0.00559833729870237,0.00587549117141581,0.0102529176153517,0.000471758808151554,0.0056555085130923,0.06895735871669,0.262917172419328,-0.0780444239074271,-0.0787310830187319,0.0535000649769448,-0.0268355790515565,0.0765244739294691,0.0701988559887238,-0.0449841334488269,-0.00203263428697903,-0.00939440719661371,-0.00131320242107691,-0.00429713000358782,-0.000955632866186728,-0.00776260298155363,0.00575224492300973,0.0023121641597428,-0.00332289338317702,-0.00636557520089364,-0.00946298024808031,0.0095728372368483,0.00678876359955153,-0.00426777973568355,0.00170365665684749,-0.00549851074137099
0.00331966284873703,-0.00365839818761799,-0.00262081211016782,-0.00461778482779802,-0.0108585145106529,-0.00209275758315831,0.00227126845250795,-0.00209391388966965,0.00145783352682596,0.00618379052535022,0.00704045084246141,0.00338891879452968,-0.00606650388609118,-0.00119021969563253,0.00197992188976179,-0.00795305422497558,-0.00566050388898789,-0.00351728950372977,0.00482681887679654,-0.00650886814886085,0.00531272331413261,-0.00192822723647367,0.00073250987873192,0.00329890768787364,-0.113537739027648,-0.139332559553233,-0.0166448739898743,0.0217864296219261,0.0519937702686902,0.188691129287649,-0.179674503752169,0.00523642959683474,0.0175390244541699,-0.0204702183282559,0.00879424725650515,0.00150981237627151,0.00639168458004657,0.0101863220763462,0.00170641881143461,-0.00829091216770065,0.00230929380355988,0.00276663643538105,-0.00487302503258799,0.00745970574909222,-0.0145891125560792,-0.00964908950304352,0.00565443523600315,-0.00386092173723164,0.00345586230356553
-0.0147258319781269,-0.0034914434042052,-0.00698552340625802,-0.00366747693490716,0.00531634682768528,0.00040034217017332,0.00233540901196385,-0.00127442333368021,-0.00941015298564185,-0.0140206890866069,-0.00245564952686099,-0.000841579915692199,0.00177877999963246,-0.00196942815772727,-0.00970725186320209,0.00988316661432721,0.00807819333885078,-0.00310019616783727,-0.00343981937525582,-0.000327645928595608,-0.00473520829928316,0.00244598584942166,0.00501162211941836,-0.0308234872159976,0.0454086974744069,0.0131504560752309,0.0109388511384231,-0.00845148444245146,-0.174810923605197,-0.230643346284163,0.171260559664606,0.0065160768748464,-0.00375064887053228,0.00980409427052231,0.00592924351165931,0.00366688784193005,-0.0113492371983892,-0.0124650729131379,0.00056174642513948,0.00262949479966159,-0.00455778105128336,-0.0114370816357295,-0.00186612193163204,0.00123619417034429,0.00881201479101746,-0.00379065851748733,-0.00817373390415667,0.0092608608117699,0.0051859580411559
0.00874987441981133,-0.00119279578601482,0.00977520390825005,0.00639689943822524,0.000296697853071595,-0.00523429174122899,-0.0185986706259068,-0.00467757803404206,-0.0014349274582727,0.00840389577671133,-0.0029914522534533,0.00259351144732751,-0.0042925620748577,0.000816812244741477,0.0123403896031371,-0.0145445589607202,-0.00649411460022387,0.00301235054302644,-0.00183648422368907,0.000175258691001837,-0.00468802524431897,-0.00100033883535303,-0.00522344783869032,0.0299590566944901,0.00460745582865513,0.000438965092383392,-0.0146303318204628,0.0820454627737029,0.254515574991266,0.0778327845951529,-0.0288300665317133,-0.0461499117000132,-0.00649281063963999,-0.010438984949538,-0.00899329027036616,0.001182712507425,0.0163418054968589,0.00104515202972368,-0.00430456556954665,-0.0018284537012813,-0.000783576463082428,0.00413001248430722,0.00931550369253852,-0.0118493599082908,-0.00113031613743086,0.00298910941764327,0.00735580000560135,-0.0102117805129359,-0.0115111401584088
-0.00210965813956082,0.00240975307468361,-0.00654573324304509,-0.000306696004937664,-0.00702356063433247,0.0121819772973615,0.012730613464704,0.00871845382945291,0.00567355542942315,-0.00332850361468962,0.00478278659886239,-0.00226209259247556,0.00187839368056404,-0.00368434655996459,-0.00556271011198643,0.00416853102843292,0.0012081603202476,0.000323751905183246,0.00306759549509793,0.00731934355104691,0.00307096355444149,-0.011227118533532,0.0151567527939356,-0.0209290170185596,-0.00924186970915797,0.00551281400107209,0.0247458243336196,-0.177116156558463,-0.118201102011674,0.00666751406879436,-0.0137005845816424,0.00742366817114311,-0.00617321288822557,0.00593969352945694,0.00347282162078579,-0.00808946667313084,-0.0126679366029794,-0.0048433756439891,0.00606254621813779,-0.00164206730215274,-0.00070995950696656,0.001050393877186,-0.0102346993475897,0.00849132464188411,-0.00770723396319671,0.00140508499085789,-0.0138163221080357,-0.0021837664262403,0.00996396878943727
-0.00449673673572047,-0.00414319820356631,-0.00729064642439035,-0.00589120615362112,0.00687544183184385,-0.0084071205382528,-0.00256870133955302,-0.00863917150857722,-0.0070566284875812,-0.00185496798592179,-0.00208008315489806,0.00133510764662181,-0.000202857469160878,0.00459196746288817,0.00388249068683552,0.00405056014413614,0.000634329678073108,-0.00317689234436607,-0.00626295277934175,-0.0116405041119052,0.00456721089688626,0.0136370140424968,-0.0148182446600216,-0.00932441231983606,-0.003122182295068,-0.00372133667028415,-0.173219373661661,0.0632864873465429,0.00229764940612397,-0.00847318707730943,0.068583557793798,0.0564633877257528,0.0154406727486875,-0.0114003266764764,-0.0153222179529763,0.00822621724741031,-0.00234780878539127,0.00292415951607771,-0.0031656958179769,-0.00432843028538341,0.000352369888966822,0.000598750862269928,0.00674606837086287,0.000937717628982303,0.0166660711899638,-0.00209343369933931,0.00864315637832854,0.00516171166616051,-0.00897821203191891
0.00389037896661452,0.00363691844782849,0.00762978575004951,-0.00364369725340353,-8.43840821937512e-05,-0.000591603600709606,0.00514700022641296,0.00200074914972067,0.00480720045724755,-0.000651705394656437,-0.00296508693919532,-0.00409131081716994,-0.00183462910950026,-0.00304313894786784,-6.34545969966272e-05,0.00329925853145582,0.00179214463204945,-0.00505794599174222,0.00453338274471867,0.0093075082604431,-0.000241248494812361,-0.00825965173477175,0.00244653290129946,7.43833908313507e-06,0.0374494924465185,-0.00893236991905801,0.15664799685647,0.0469003060017794,-0.00309980458327172,-0.0316432542569803,-0.179093968048187,-0.0679146464085134,-0.0184292868409882,0.0148356713023116,0.0120395158588752,-0.00203633045958641,0.0126305429767942,-0.00550638830752636,-0.0057632961821565,0.00211283789736222,-0.00132736696767229,-0.00841344347958423,0.00492403315376288,-0.0025090519208087,-0.01628606598889,-0.00332960738881269,-0.0082474386756498,-0.00303802778633406,0.00105859616139566
-0.0072494988311623,-0.00550348945631604,0.0102621475508552,0.0041708730632472,-0.00597084153322297,0.00255706140051605,-0.00790716558696892,0.00196944494923831,0.00256600960892948,0.000915217836853965,0.00280455567786779,0.00464440898366673,0.00547207509476551,0.000582482993896977,-0.00645574839433207,-0.0112794440247569,-0.00724164179853564,0.00377939440699539,-0.000339659957669747,-0.00813571167060369,-0.00233928968911258,-0.0120390947548023,0.00541891643445915,-0.00577781007372415,-0.0897168208803395,-0.0225011302271759,-0.0418853273940989,0.00353724204887221,0.0217781274463104,0.122807253266199,0.147300342328816,-0.0465727097516885,0.00240052838343439,-0.0136687451122555,-0.00535279472556738,-0.0092576895244315,-0.0138153367922418,-0.00461556596273196,0.0112024783250781,0.00595739200277579,0.00781178480081329,0.00901861089193376,-0.000175348926707074,0.00159264253801534,0.00425354633856378,0.000901542344470428,0.0117271262919222,0.00603029367331352,-0.00144455461295859
0.0102743244432851,0.00134577965523044,-0.0152480002806333,-0.00119781635723985,0.00705733239539347,-0.00190545296668867,0.00581920023322562,-0.00192346203877849,-0.00511073002020485,0.000904240208917126,0.00174527923795395,-0.00125003357581483,-0.00494995779584303,0.00265650549466848,0.00535606227146927,0.00642951964466108,0.00489294484541488,0.000896424021845591,-0.00302640855749635,0.00211691305294772,-0.00370131518255208,0.0113064375566766,0.00112109527781671,-0.00629579980969831,0.0616196603479449,0.0216189352458143,0.0125878302634249,0.038484470637302,0.0573106740528392,-0.0320507663193028,-0.0594218534767555,0.101339789273952,0.00840600895882147,0.00873127618425398,-0.00071371335957492,0.00849313519660689,0.00109711279526532,0.0153987497390442,0.00141412288370493,-0.0101287959712629,-0.00371442249449207,0.00741009926759229,0.00659005690576623,-0.00220319517547727,0.000950607614667897,1.67030411908891e-05,-0.00931597287897723,-0.00461252598924775,0.00324890851171919
-0.0109859920763064,0.00918725909032101,0.00621249697528655,-0.000323421439428321,-0.00539788895984671,0.00580370629428225,-0.00396643248869101,-0.00319790548229785,-0.000174277490193421,-0.0021425608095253,0.00865729507189146,-0.00332627484925099,0.00483758217614165,-0.000843525226375981,-0.00409851295479728,0.000839628989458319,0.00319212137398781,-0.00032406550557167,0.00120963662533047,0.00269858372925468,-0.00355777814793601,0.00697627313789134,-0.00582427001176547,-0.0342820170153539,-0.0114573058167049,-0.00657831364363517,-0.0194887560086426,-0.0969840390053364,-0.0226702716948798,-0.0257788950245325,0.00652629287229328,-0.0332941464673746,-0.0221325280991151,-0.000154380212943919,0.0053864766171409,0.00708924424774329,-0.00480120407103628,-0.00813583684922172,-0.0031047475639644,0.00510826205237428,-7.26209004827116e-05,-0.00448754403869918,-0.00315362434192991,0.00358486322034596,-0.00415561598173636,-0.00340779948641477,0.000938488967117341,0.00266155479877557,0.00314809401163612
0.00578384032040702,-0.00660611612875485,0.00121044449157925,0.00138934005066296,0.00525305931737225,-0.00785331031323854,0.00588214757793773,0.00868967117723337,0.00888186848237618,0.00579347367438655,-0.0172379648913346,0.00310498753989417,-0.00447674780375494,-0.000871072210971368,0.00591009610479667,-0.00671500684931728,-0.00465514740883824,-0.000284433027859872,-0.000937387936975296,-0.0043070280250728,0.0013537551916057,-0.0112535881454682,0.0173131100602299,0.0149816119448119,-0.0103204518597203,-0.000883079944443227,-0.0211802187189763,0.173822842014656,-0.0554347278791832,-0.0184994686431907,0.0293913309902552,-0.060644262140924,0.0125647064364015,0.00727161976988963,0.00170586521242157,-0.00568360151894637,0.00563390984819791,0.00143457107727099,-0.000830314359222213,-0.0109230537026602,0.00489487127938562,0.000848803555119909,-0.00415451184839363,0.00430379727243942,0.00440739594222815,0.000491404328159849,0.000425891531589407,-0.00638300932869157,-0.00318089629182247
0.00702891079014567,0.0013790594008871,-0.00472511564759971,0.00423672368497149,-0.00110695995169034,0.00790316354864371,-0.000240737286928224,-0.000127518943718423,-0.00567731826382397,0.00018714998537471,0.00256871861769412,-0.00195262149425264,0.00194121949835093,0.00116933793982413,-0.00181191539710381,0.0117720414046764,0.00486398408455356,9.98308900558623e-05,-0.000689948123805366,0.0041081639179051,0.0036602394086275,0.0014750664115503,-0.0360320583430781,0.00791296236450908,-0.0074425128891131,0.0364928585999748,0.211340095968874,-0.115563873683005,0.0105431674065844,-0.0534828443575084,-0.13515014434884,0.0635927122921525,0.00784336966672649,0.00175434242845299,-0.00494122388484451,0.0060933892695483,0.00268206504603107,0.00510681855738267,0.00208404359312568,0.0154628199291767,-0.00172606289018686,-0.00920488148908549,0.00830778519732387,-0.00620988594960248,-0.00203792859635597,-0.00242930844028684,0.00063562528722047,0.00860854558259166,-0.000264754511365222
-0.0128183997547798,0.000962119053493052,0.00821754331366792,-0.00174310124638723,-0.00246476622448918,-0.00737141032559632,-0.00732911968794703,-0.00215934938201225,0.00598212612585126,-0.00444087605567177,0.00885368486368783,0.000763253770039309,-0.00104392947850047,0.000592479647707233,-0.00329924532724894,-0.00319897467489649,-0.00333719458363165,-0.00347989498271385,0.00740437619320397,-0.00359707206723179,-0.00677346822456772,0.00632898811877204,0.0288500331224076,-0.00312750555547885,0.0216524854309293,-0.139056488972863,-0.210685344459665,-0.0277427402048634,-0.00999430099988197,0.28549674895122,0.0352256488780271,0.014332352584141,-0.042833092661102,-0.0022285555074894,0.00549135956455794,-0.0118830703868308,-0.00317586796906547,-0.0114567048259592,0.00183572647878062,0.00490547216333029,0.00196789447814008,0.00532493974019438,0.00757002034387473,0.00445520766807075,-0.00038851155379549,0.00883783065014774,0.000250873597555193,-0.00293196204357322,-0.000428271177520344
0.0268395500490295,0.00444591406017309,-0.00331242990821125,0.000554487625897236,0.0057912636976984,0.0078621148760897,0.00351376453485758,0.00416840151047502,-0.00539596933505753,-0.00340339362956944,-0.0129807500342431,0.00180117215179682,0.00509000020028291,0.00339208499146506,0.00858078776757726,-0.0101494811823108,-0.0080737311899704,0.00460050371930933,0.00197476609307187,0.0179180576748441,0.00875099059891663,-0.00297532009991463,-0.00943353503021457,-0.00283004418092812,-0.0150021182994335,0.110684160417542,0.0589153357375792,0.0299720958958099,-0.0946403001511502,-0.314503246017723,0.0735838964671574,-0.0644059455595724,0.0197958454268817,-0.0157821317605234,-0.00701138819317545,0.00324346175935111,0.00313401587336679,0.00807738916204079,-0.00694200237331719,-0.0100215740274672,0.000793544274677052,0.00198917862457989,-0.0198176501358148,-0.00738572960678551,0.00176143595666235,-0.0136972203574,-0.00113483820799315,0.00499710865481626,0.00993038244361202
-0.0422112815293167,-0.0062176207581114,-0.00293828056517636,-0.00545180940307839,-0.00916179049011544,-0.00294075323291262,0.00244771044851467,-0.00151188138497393,0.00436023444339869,0.0118802216585432,0.0132374611381062,-0.000369420635547772,0.000257494971623265,-0.00844313238137644,-0.00952108593660366,0.0154562912829294,0.00712793980834662,0.00425293341433144,-0.00972589971727843,-0.0134937288192596,0.000104827636963132,-0.00870519494260509,0.000854328152642156,0.00811722267197599,-0.00908156210428834,-0.0182106834467949,0.00264042302778537,-0.00235341194283496,0.217686580110405,0.0506169617450683,0.00826219896800555,0.00452224501514077,0.00977383230466083,0.0208949865663162,0.00787734823095436,0.00967278670917538,-0.00359355697245985,-0.00765037642642976,0.0110997549615621,-0.000176536588045737,-0.00218070450830799,-0.00297100714901031,0.0108721407236279,-0.00309463868478594,0.00260138407843,0.00689268610953855,0.0060328434107711,-0.00103627794259112,-0.0131130558527433
0.0353642370605824,-0.000590639285878983,0.0137471513127527,0.00535202795533462,0.00610517639311356,0.00182788606391869,0.00181949095284975,-0.00273007002980735,-0.000434504631861693,-0.0146158985313567,-0.00948025689359111,-0.00451758473571818,-0.0023649075297976,0.00426243840003004,0.00393555317634413,-0.0123818888657063,0.000216368179122548,-0.0090412616394494,-0.00171972726088129,0.00140270761215572,-0.000642996542105932,0.0117605499856406,0.00506944684034097,-0.0143022900306192,-0.0233622280776813,-0.0129891912262478,0.00586646236854402,-0.0700137065792313,-0.0746533730640809,0.0263653991413897,-0.00579129169174926,0.023420926664591,-0.0416385054078339,-0.00816206477668635,-0.0134277446462354,-0.0081196142211597,-0.00287710685208788,0.00791074899681075,-0.00701391414397161,0.00461773960247066,0.00733360332896628,-0.00362843856598346,-0.0013682600473874,0.00581584695860563,0.000717255896872389,0.000538281678850928,-0.00625405489855373,-0.0097304874564772,0.00756710427766956
-0.00460196467553758,0.00022869272143388,-0.0191192912485237,0.00953803761907511,-0.000477969558595445,-0.00820753335823238,-0.00921841099252059,-0.00153059189261773,-0.0074817791374193,0.0118547402580217,-0.001739241277273,0.00407687553404226,-0.00701446266128722,-0.000436675881399679,-0.00316620753925527,0.011418539497443,0.00043289139540459,0.00601850753161132,0.00925458204585668,-0.00570943339071741,-0.00362861928458949,-0.00765953127089888,-0.00197188721240828,-0.0117643985903986,0.00884671241440848,0.00595477138896756,-0.0132953725633894,0.0797342157121673,-0.0468365739855414,-0.0212686922203957,0.00396830589829911,0.00724851084646908,0.0370071141130032,-0.00239579747034178,0.0111565350720793,0.00689043979672527,-0.000411772599200746,-0.00610226222085995,0.00208678733827945,-0.000539722317695949,0.00106321512075574,0.00234339518474638,-0.00458839980608088,-0.00275323473627472,-0.00035040204897409,-0.0131277597560051,-0.000518809260030888,0.00803913779399167,-0.00451553147279382
-0.032153226468952,-0.00215270878778371,0.0143803990904252,-0.0146238388524508,0.00126928056746781,0.0104403016032497,0.010760362824523,-0.000260962168262717,0.00210005788505946,-0.00379118582573389,0.00065778784416529,-0.00193469745829891,0.00216430627310945,-0.00156223743141195,0.00555363197700306,-0.00868340498872024,-0.00530296782445066,0.00493434481617677,-0.00668022149981555,0.0106845563550373,0.00500052886394485,0.00115739008402829,-0.00934412266310095,0.0139571883491579,0.00548032729288517,0.00169015521038154,-0.0782630282994648,0.0279181115928563,0.0106354330573894,0.0813449796187851,-0.0816014809058297,-0.0287234942684989,-0.0169171310911364,-0.00486792109272058,-0.00210110787042675,-0.0134839370588186,0.00452874913714611,-0.00306739211746605,0.0020308344187691,-0.00198735039453096,-0.00170002564725872,0.00106595135632776,0.000614553516861262,-0.0070195311820406,0.00141952919999554,0.0178523494985885,-0.00365954687816749,-0.00960843050522768,0.000344178193699577
0.0465844738540463,0.00382814222389641,-0.00969498435806421,0.00260607489360844,-0.000177883421203852,-0.00921454770536152,-0.00494225173868198,-0.000570621741257693,0.00463473192284011,0.00779372311056134,-0.00123460642763222,0.00186430842975955,0.00505920218164779,0.00932592579786003,-0.0128801230370095,0.00271493619432191,0.00112853932920153,-0.0129240069617539,-0.0050706028109626,-0.00886810860386092,0.00041332308192546,0.000891712377084786,0.0214521832337587,-0.00117661369692361,-0.00776239576339421,0.00229019813861123,0.0962877105728764,-0.00804616629103971,0.0401273886190861,-0.123012356141935,0.119248935487964,-0.0200966249540098,-0.00875984777421049,0.00873382689142505,-0.00228670306437165,0.0169156391876928,-0.00239587428942049,0.00755152890116919,-0.00213464829077697,-0.00230136906165344,-0.00508464505595768,-0.00308754062289249,0.0025212763058356,0.00838009452730525,0.000200819975872631,-0.00883688807912178,0.00469588689638084,0.0164388469067094,-0.00127824817237045
-0.0297026755615625,-0.0018747528181454,0.000207676902938907,0.00400524425178982,-0.00495109002933985,0.0121844059825589,-0.00348083701763483,0.000927801050856154,-0.00197606691388792,-0.00176225367097478,0.00824090919048346,0.00167688877727198,-0.000665896927716918,-0.0136339902034685,0.0178460394059179,-0.00215823532659796,0.00400911836470555,0.00605773145084604,0.00380851196119307,0.000992397454135635,-0.00944026772154503,-0.000851417817093606,-0.0118000922884529,-0.0111173277343503,0.0379878616263241,0.0110390367927205,-0.0327984019795906,-0.00737722266480925,-0.135680077138638,0.109111087019215,-0.0411376663137091,0.0713928797428899,0.000993523153759154,-0.0115755403109541,-0.00121380807319675,-0.00960839936165401,0.000178965289804798,-0.00453636678639545,-0.0026091480577605,-0.00334078028588863,0.00856235939231076,-0.0019776326636603,0.00969422757581875,-0.00301553813264022,-0.00171713493748554,0.00248290795801705,0.00679306942661153,-0.0171155889818095,-0.00263869068580853
0.0103361401356427,-0.00224418811710651,0.00749725184402391,-0.00428283034478577,-0.00246749460235239,-0.00780689142529162,0.00370016825304549,-0.00257316922508082,-0.0129979613591658,0.00174543759498187,-0.00712731690676088,-0.0106759922721394,-0.00284095637029219,-0.00196791375376318,-0.00664633737837325,-0.00325584207154972,-0.00952911024105834,-0.00468408221733804,0.00179116637251476,-0.00171379684502717,0.0192203629645507,-0.00333016156399844,0.00429655157823045,0.00326567185516378,-0.0830695496294573,-0.021962137273085,0.00198874039688012,-0.0638233826478536,0.156507400435308,0.00574863354636378,0.00246959292848022,-0.0546605832653421,-0.00771390623218585,0.0213479587498256,0.00305187399358528,0.00593258440554843,-0.00434095018892354,-0.00756530688799359,0.0109158156905302,-0.00808196031614679,-0.0147232371231624,0.00267351385913091,-0.0147663560563433,0.000126904741211179,-0.0113442172218563,-0.00660819827191233,-0.0117736099749033,0.0153961825696798,0.00242546100465484
-0.0137720425234002,0.00065931616688259,-0.00934499682610293,0.00716776665136509,0.0092156424431633,0.00390329256238299,0.00184997858450746,0.0045901820981947,0.00735162904097194,-0.00209867558059513,-0.00596097336968626,0.0098970961201625,0.00465439467646366,0.0142348470174361,-0.00132186591792174,0.000777228794971066,0.0101966260273698,0.00683980743929458,-0.00262306521452284,-0.00404680628998201,-0.0178309256695717,-0.00275761116427108,0.00223898471520369,-0.00469471029329855,0.0464764596920934,-0.0117084455121855,-0.00698096443419076,0.230866823491994,0.00671742298889305,-0.0259767581771641,-0.003074486768239,-0.0444893041793821,0.00561063349112127,-0.00793925928365572,-0.0044689643992432,-0.000971804881903354,0.00243777011602708,0.00885856744735403,-0.0136767470650325,0.0199279605927457,0.0130020283709892,0.00469220754462026,0.0127839400677194,-0.00649268509308923,0.0187747887049558,-0.00105468581764244,-0.00125725522701351,-0.00492660898948556,-0.00243499577304135
0.0112768358103387,-0.00425301880763451,0.000884234537689401,-0.011440431819015,-0.00305658146558429,-0.00613827535229742,0.00513621566946597,-0.00368152025053447,0.00883173147362763,-0.00362436832447085,0.0119824082130779,-0.0134147488179997,-0.00615672290730486,-0.014872310303488,0.005815425204948,0.000932840454021513,-0.00570948861959522,-0.0148400625282892,-0.00754128326332206,0.0108987846702531,0.00543695278056865,0.00217200656591929,0.00588356968914495,-0.0373378465624186,0.0139983358098277,0.00792879230214988,0.0406226136973805,-0.236460548672182,-0.0481790279229726,-0.0382174898169562,-0.171099430245132,0.0796814018003794,0.00884129464091571,0.00124644413426452,-0.00124468187674032,0.00161923909261105,0.00356401656609342,0.00327117467509036,0.00731109486493489,-0.0199442984398179,-0.00521011768114641,-0.00932912049055777,-7.89798152335819e-05,0.00837904325428746,-0.0133378693714464,0.00122557196631729,0.00118342967619554,-0.00626920613787818,0.00883868741071468
0.000322870269343963,0.00371659736305433,0.00841400047108081,0.00502438463692218,-0.00576336377991698,0.00596071035610403,-0.00667724686919249,0.000240612794320468,-0.011055541232687,-0.00336702495620838,-0.00496291813793239,0.0120037924209388,0.0065471383236383,0.0101139635049606,-0.00770635282228017,-0.0046644552123324,0.00605129152326289,0.0129801939195316,0.0160641100392785,-0.00979736233640389,-0.00641146746502749,0.0027608783210758,-0.000228523078902054,0.0211593371419691,-0.0210762079935295,-0.0275260082242481,-0.0581332687873605,0.0310788515600525,-0.0234720004433867,0.229199292670511,0.201973262282955,0.0145492815852909,-0.0336848320994028,-0.0109852068937175,0.00166966154898734,-0.00504420348743926,-0.0111970609301471,-0.0100947980899466,-0.00386414751808673,-0.000317760435743216,-0.000838579041174662,0.00421637500087843,-0.00748476401600635,-0.0062836376973829,0.00504756865879645,0.00798611637493491,0.00659705645630163,0.00454168228972117,-0.0100978096143871
-0.00501762642154101,-0.00463497657856254,-0.0110812444842301,0.00182436600306746,0.00557275644150885,-0.0053360013465772,-0.0043416623447322,-0.00278498781281078,0.00756257333150202,0.00511632895523807,0.0011977201307962,-0.00836232609952741,-0.00163911140761536,-0.00423553276897498,0.0126125342179573,0.000835269367467957,-0.014236821002477,-0.00777789839935776,-0.0148682825162539,0.00764684902346977,0.00359419409855926,0.00257334554018423,-0.00700299000774558,-0.0369578176294148,-0.0143682258919486,0.124485063510249,0.0704879633989132,0.0113644324951176,0.176074448539127,-0.0912027273423048,-0.0349983180783862,-0.119858833979095,0.0146675532201255,-0.00412367478883621,0.00116606146735591,-0.000476968193086368,-0.000485447269468541,0.00170340606226705,0.000959487145919802,0.011587388161947,0.00674874920505591,0.00863450508322848,0.0133102088903483,-0.00141510966668433,-0.0056493578908128,-0.0140970565663653,-0.0122875745409053,0.00126189880362296,0.0176744028150019
-0.000151328153516777,-0.00206369266096159,0.00768448698910381,0.00201203711732561,0.00134716993326143,-0.00326575112521176,0.00599036565750549,0.0049200104009394,-0.00746129724365237,0.00672229538951571,-0.00872125849710678,0.0106681235047032,-0.000280502486517276,0.00665543411652221,-0.0168482938970009,0.00977682825696021,0.00697863409217905,0.00819801349459378,0.0111533671461484,-0.00361042360223016,-0.0079202083891037,0.00431089923471867,0.0163867381567747,0.0158799019183859,0.058659481409077,-0.190656328846008,-0.0765885443951857,-0.00960654966231866,-0.28691792212034,-0.0658609176366886,-0.0378091242150409,0.0996848301813479,-0.00992721507452073,0.0134677978157275,0.00260499919790804,0.00200904936433902,0.00780164247147829,0.00391976048550028,-0.000866511915316975,-0.00552591492601169,-0.00337706361983842,-0.0128230907714619,-0.00798422596311208,0.00645767692350209,0.00138002117540261,0.00794816642052241,0.00505029599478978,-0.00115938937484776,-0.0268254606462486
0.00628000829078374,0.0122309143205911,0.00275508343232697,-0.00860994300976704,-0.00649926286493073,0.0077202063128933,-0.00206699505806418,-0.000382633428314886,-0.00232980450657852,-0.0194242920598455,0.00631474031293716,-0.012513878767188,-0.000177369598928361,-0.00777160665342982,0.0148326058163077,-0.0123740994888385,-0.00163755712841245,-0.00507170657318697,-0.00693636804085678,0.00590835460594542,-5.37077465494768e-05,-0.016232540057778,-0.0191081757488237,0.000209779696423176,-0.0833893398694638,0.0597160332378552,0.0136231034508239,0.119670493020577,0.279297475615854,0.00166097124493148,0.103511720533262,0.0875770124240849,0.0238666283245937,-0.00676946340148867,0.000416154563743384,-0.00401089133052925,-0.00840932338183569,-0.00840557640696507,-0.00406075792145052,-0.000717092535950531,-0.00133019497847338,0.00263224272264935,0.0106196929004549,-0.00133616358524836,0.000823549613799966,0.0127045078589897,0.00703349414816055,-0.000668764532265284,0.0183806602575288
-0.00755637572379212,2.06008180550952e-05,-0.00381260839561186,0.00237473199295286,0.00318596252164302,-0.00318070936641712,-0.00025295317004105,-0.00457448564435629,0.0101608466446235,0.015823427333377,-0.00763666623955634,0.0126983979389814,-0.00424933364003539,0.0042147603469502,-0.0111900601370479,0.00555325496442554,0.00709606054671582,0.00354512276752347,0.00174904987526524,0.000555145234663858,0.00425843702456288,0.00915947230232467,0.0181003564612937,-0.000820618279376371,0.0488330865750019,0.0158747790466852,0.000467913853783603,-0.156373188600754,-0.0876720393705179,-0.129648874769538,-0.307586929811577,-0.186496381330361,0.00341023555025848,0.0201242174936284,-0.00386692409654579,0.0103008166933395,0.000743450989204492,0.00335911122000714,0.00766437227111711,-0.000106878095290764,-0.0010111314950111,-0.00253084902046199,-0.0117247897096326,-0.00551835258974137,-0.0120022126014629,-0.0192660840104828,0.0100917426455811,0.0115061412110344,-0.000753860957453522
0.0135012778002439,-0.00988310322780941,-0.00306878807003585,0.00985970564682607,0.00204300271563884,0.00230859898513189,0.00724830329109623,0.00685272556944272,-0.0114738709099427,-0.00266532132836653,0.00797245198327066,-0.014450961371503,0.0103137135606849,-0.00120606854655276,0.00636166174996681,-0.000815946923740711,-0.00408365669247998,-0.00475233205850828,-0.00154159940243374,-0.00782714275225819,0.00458456466793085,-0.00213421368101035,-0.0114602926166799,-0.0107329360529036,-0.0426235184395083,-0.00823676666921816,-0.0355738701750185,0.165511140340584,-0.00557939630240279,0.425533733046704,0.340171310016857,0.0227096195688039,-0.0505295553085693,-0.00342335626398093,0.00171664141482587,0.00243223427577027,-0.00535280949861533,0.00282052609680334,0.00918884794365843,-0.00291865093618409,0.00342788142041203,0.0221018311180907,0.00256018260096557,0.0100137497664368,0.0123220369718043,0.0103700306326853,-0.0233558113515736,-0.00804585353491741,-0.00620494733390941
-0.00704734556022221,-0.00300865390412877,-0.00126839109321045,-0.0153496912624573,-0.00198883453517124,-0.00281412867115063,-0.0113476289402249,-0.00628326010839583,0.018359454889598,-0.00367889282468002,-0.00279455147904032,0.0143437418906484,-0.0106620513205047,0.00235950063362252,0.00798760766808099,1.48647559419669e-05,-0.00142782496244736,0.0046973758561995,2.32772846580969e-06,0.00959819632297237,-0.011212696379148,0.000361629764169955,-0.00436198495281487,-0.0130221025724547,0.0102696694002837,-0.0211134029794936,0.153311864553369,-0.0649507125887853,-0.136549062451487,-0.467281738602051,-0.0577886145415822,0.156393983028648,0.0688831728185845,0.0024539020461682,0.00371998390842762,0.00150988564974716,0.0140879576198058,-0.00264869753315171,-0.0154787460632744,0.0064289258263164,0.00505913682284548,-0.0239049187841453,-0.00338859611607569,-0.00144813312077348,0.00832700134099022,-0.0211967058989016,0.0129689189443938,0.00135341492804523,0.00482102400820262
-0.014793814967781,0.0136289039225824,-6.63359473996247e-05,0.015665531020922,-0.00381799050449592,0.00812290718316246,0.0145054524571513,0.00402841424049606,-0.0161272968453682,0.00821346984640053,-0.00238854226640264,-0.00401505634566295,0.00824030663347129,0.00389057402065431,-0.0128442327783519,0.00515160969053343,-0.000174519063951251,-0.00210202950115022,-0.00113195212175981,-0.00744729931803993,0.00942908994165027,0.00784065944838522,0.00685464042028958,0.0413584428347354,-0.0153385903163991,0.0376666576090574,-0.179996907755099,-0.00871823294951442,0.190008058376305,0.156155294358965,0.000281801979531246,-0.250665733845677,0.0361074948354849,-0.0267279176649673,0.0055542370972936,0.00301843266062786,-0.0052600129428649,0.0022969292162811,0.0145602424291426,-0.00568146011231451,0.0115647928656624,0.017780721277449,0.0150890427556024,0.00629868461220684,-0.004987169295885,0.0167428464939379,-0.00421661246941887,-0.00495897699225054,0.000893429700130104
0.0276765097684117,-0.00784058785466832,0.00341393180832938,-0.0100574529722381,0.00495259739219271,-0.0154822283968803,-0.0143833029824376,0.00570195772457607,0.00104511224321818,-0.00842973078744927,-0.00121969629857875,-0.00733878522745791,-0.00595980635797549,-0.00757249436330204,0.00273358493808856,-0.00149435669183408,0.000594217858602374,0.000170061903011367,-0.00146979720154825,0.00820111702406108,0.00174477895049423,-0.00637908241395099,-0.0111697590058151,-0.0458474303664648,0.032767724914805,-0.0352361962463703,0.118418930718794,0.0426340416890316,-0.195227701847902,0.0951235831747246,0.133366495155855,0.0865604938328552,-0.0677847157469873,0.00927362612098123,-0.0121080677679169,-0.0106518867116847,-0.0101225201874,-0.00390434376056551,-0.0126147406980248,0.00222673442860025,-0.0267753720363865,-0.015488124907988,-0.0203954655432817,-0.0133238341177668,-0.0163122819536567,-0.00626405177480998,0.00643923090372354,0.00367088031886628,-0.00142439037372269
-0.0230016790441952,0.0030468374330124,-0.00110963112941561,-0.00143255029280936,-0.00759810682564185,0.0153188569623289,0.00439273298832296,-0.0106434173473679,-0.000609391216513601,-0.0106359538422679,0.00279602453872114,0.00896780354716114,-0.000516700011946584,-0.00157740051753856,-0.00329366154380598,-0.0056656191560916,0.00275362707797949,0.00302155012369701,-0.00343214557551291,-0.00843306002126546,0.00212146825976453,0.000113385891700147,-0.0133414303731209,0.0191588691982636,-0.0226725804860066,0.0389103827158874,-0.0126032227847636,0.0198782304082208,0.233854858763525,-0.0962581004479227,-0.605158469394439,0.217135066460744,0.0124977802454509,-0.0288025177479893,0.0155692156633593,0.0133845690217092,0.00787735345085758,-0.00218992477566255,0.0228266448875651,0.0221708307273888,0.028976327389048,0.00772773679324047,0.0158987107075486,-0.00371544335650467,0.0179651146478618,0.00336454139725261,-0.00777379902964542,-0.000189222174940305,-7.58781700727733e-05
0.010692922803436,-0.00777171134662073,-0.00538984013160441,0.00847227534863672,0.00733651151118856,-0.00682647467784035,0.000161275807300517,0.00780469305773726,0.00713119065027292,0.00925632641887059,-0.00388875547975531,-0.0126807009853793,0.0171099030527051,0.00101660266318155,-0.000414725211787246,-0.00104771116014449,0.00346129043059085,-0.00433387477719607,0.00138290586866671,0.00423266744984854,0.000719468414766584,-0.00120374011194542,0.0245943954230794,-0.000996849299327956,-0.0113484049345147,0.00140662510525726,0.0264684415723803,-0.139602064860997,-0.0139210475947054,-0.474562240716034,0.830283274682725,-0.227865785783179,0.0366051138582887,-0.0106507477306231,-0.00532391933535376,-0.00717133447183274,-0.00131663363629939,-0.00363961823371839,-0.0125805314024174,-0.0357518951159297,-0.0290591658998114,-0.0269007295931148,-0.00308154534308663,0.00143648494294438,-0.00345364123612543,-0.00263872416011243,0.00602809505494284,-0.00855078050153666,-0.000750649766661115
0.00771710447381301,0.00793550365413251,0.00817397139218813,0.00174227840013029,-0.00403282072466995,-0.00339764866795128,0.00588683508196618,-0.00292112478559212,0.00152029769638076,-0.00165843756716684,0.00620400284063545,0.0103159177266852,-0.0195668386467375,-0.00454751421970596,-0.000331076092044671,0.0056419626340333,-0.0117769784664974,-0.00329757116547296,-0.00323811899353307,0.00921380816031084,-0.00339839884830457,0.0105659948869004,-0.00658130622061568,0.00232290466620666,-0.0279816764515261,-0.0301377576104517,-0.0237197116163047,-0.026967150615755,0.152727199604098,1.08078648055346,-0.170589414870114,-0.0485026030251019,0.023642861578947,0.016701772452093,-0.0138091713220562,0.00860723953214228,-0.00326257695073349,0.000549185247481142,-0.00370622304686402,0.0213029660509036,0.0103232661873397,0.0202892526161443,0.0152527440341047,-0.00245382948835574,0.00375327946678268,-0.00637631265565831,0.00165076859360581,0.0107373604794965,0.000900588147141466
-0.0281830724136448,-0.0102320013784025,-0.00843254962600418,-0.00713201009317526,0.00498070783565385,0.00533928564439476,-0.0133692967965806,-0.000704691739764546,-0.010531601625616,0.012758011558866,-0.00278855970825081,0.00103062273414785,-0.00305125837429491,0.00032886098812238,-0.000247587170542223,-0.00206211806250298,0.0117180038805628,-0.00259031423395237,0.00486653743254315,-0.0124043160762253,0.0196581893477667,-0.0154002129921608,0.0147526093057044,-0.0338953006985579,0.0492046797195395,0.00796776623016246,-0.336190132460849,0.113199342534817,0.415401420206461,0.00713498156349929,-0.0733577036242928,0.202634827263697,-0.0216615452619487,0.00292699800982832,0.0320872518170049,-0.00427589869086139,-0.00712543337449348,-0.00279695873768573,0.0021326495644098,-0.0149882292070933,0.0198479377908352,0.00752427364751282,-0.00936248729170866,0.00697710868689098,-0.00819017689745881,0.0180204606375489,-0.010774879342402,-0.00412510933585645,0.00642011663996626
0.0426839297280429,0.00802161152970234,0.00791575364215769,-0.000752465862051848,-0.00317311378653789,0.00717309186373603,0.00375269243730735,0.00220189289868568,0.00236004513312489,-0.015764154767535,0.0123967593026397,-0.0108268534091993,0.00347898179125382,0.00751690823817323,0.00119646440311559,0.0021628906041577,-0.00855938234372189,0.00635535383906122,0.00400726847633502,-0.0110583408314183,-0.0111266125014954,0.0082524474231192,-0.0171357357616002,-0.0100683819611924,-0.000826377381964425,-0.124651203883025,0.576460697830364,0.125882143059563,-1.62727107081854,-0.524473807113447,0.0708009071735873,-0.073026564159352,-0.0490431893302001,-0.00119005940370462,-0.0379033654135848,-0.0138254694335601,0.0163332173754399,0.00803810016697714,0.00876267103803878,-0.00179882793301761,-0.0275943612143511,-0.0180866369887578,-0.0202679703625818,0.0071307041074061,0.00262608778098325,-0.0193696407449344,0.00781616758986436,-0.00380994217712121,-0.0108859180693828
-0.0482955595305124,-0.00883911191484337,-0.0113980277090304,-0.0014562763101382,-0.00676042393349995,-0.0180162712044628,-0.00201130732950893,-0.00347512262794902,0.00657533526410088,0.0108650147827851,-0.0111969551747688,0.0151510883466407,0.00779770678512036,-0.0116662867229679,-0.00442632467986325,-0.00595765121028534,-0.00263959689856896,-0.0112424089430045,0.000376708596436837,0.00993765982266939,-0.00422126052599789,0.0017562343446286,0.0232343715074741,0.0432738330006099,-0.0107313421639162,0.316703785437643,-0.329579147600909,0.385491475448096,1.31721481171251,0.0939203252200946,0.0347819416868374,-0.0697737958248092,0.00243156226600756,-0.0140004971297057,0.0261865746623663,0.0181737830964172,-0.0170550142947758,0.01180004583686,-0.0159340867771705,-0.00100389076435104,0.0125698420760035,0.00466486017021463,0.0145561563946887,-0.00752346479632933,0.0130274680437274,0.0184171349701781,0.000531286255518923,0.0111166011366042,0.000899350658576342
0.00507433693398097,0.00745801769134769,0.012626441608993,0.00249340647259978,0.0029337904714824,-0.00313276277598149,0.000366674331920604,0.0110419793885771,0.00283558615289429,-0.0114856876511557,-0.00623662588019008,-0.0147482424433954,-0.0124706020769479,0.0142430092137449,-5.842241903289e-06,-0.00386337584187173,0.00169157344323071,0.00381746610953554,-0.011840482275553,0.016216146790595,-0.00348528131639515,-0.0143908570895052,0.00887978299206654,-0.0427025600800707,0.0791034852364771,-0.209455998176729,0.021486388564304,-1.26847330332823,0.342898948974926,0.0220616846785286,0.171353985150311,0.124862612129256,0.0425830529385958,-0.00160971051036343,-0.0126202382848262,-0.0111724349653021,0.0158357217089856,-0.0246172499392843,0.0207904273300234,0.0128590888817528,0.0110426851916384,-0.00190687214782621,0.00508464067535363,-0.000604626972855031,-0.0146909226218777,-0.0128406697862109,-0.0146458966846612,-0.0103451672982692,0.00477093843806951
0.0416267896576191,-0.00361266998101282,-0.0107431592383678,-0.000947793479264487,0.0145527039767778,0.0160544607454735,0.00479063355287181,-0.0112374706401595,-0.0130508976530665,-0.0042133661354774,0.00664504669820884,0.019091708104031,0.00595927208265442,0.00429960476173397,0.0020588927855577,0.0045418309208801,0.00787872025106903,0.00634696104142207,0.00955206526046512,-0.0165654767088711,-0.0177643016919747,0.00817021237574986,-0.0140828944249673,-0.0214798349842902,-0.206293284045326,-0.0591079860704295,-0.0939919338343133,1.41010475934387,-0.337923616683952,-0.372020788122129,-0.2606376685398,-0.0221540682351972,-0.0281420249028531,0.00445391373996809,-0.00404942588150637,-0.00515334312881578,-0.0162121653897936,0.0188959599399001,-0.0139891983362782,-0.00901539168209767,-0.020204789499927,-0.0107533943807909,-0.0032921293980821,0.00585536389811991,0.0111112512673418,0.00199516782723863,0.0128371748781778,0.0164236745594537,-0.00180124998580362
-0.0538023487168574,0.00637050040371486,0.00474543055483192,-0.00125022966115735,-0.0160740238304502,0.0117497790252267,0.0102996447031324,-0.00161743755720782,-0.000875458382283171,-0.0090894324478697,0.00466978344683574,-0.0137516966645408,0.00470672607426324,-0.0145320328356374,0.00193232905896389,-0.00514395940266206,-0.00322050380345874,-0.00247872144215362,-0.0041177033497837,-0.00931304186188242,0.00374533796934338,-0.010563208866134,0.00776893325835711,0.00062558536951364,0.142137012525804,0.0446368501273016,0.139555264427211,-0.669535305076445,-0.253537664508206,0.240339568937429,0.0922387197100613,-0.0328097357223102,-0.0138220686816133,0.00957017053375486,-0.000508725020302622,0.00399390283462176,0.00816863246832309,-0.00443065071062949,0.00302498695240965,-0.00679153674411543,0.0104597569715564,0.0106647169575576,0.0115032707864195,0.000670659922419719,-0.0120446599972144,0.0035644240582951,0.00249937565735056,-0.0119226355529951,-0.00381744204954901
0.0216031048666497,-0.00533188483040073,-0.00301915284220802,0.00823516461611218,0.00177006988029226,-0.0137301663824066,-0.0139581803146596,0.00442387599314851,0.00693995385367609,0.0342611773775641,-0.0137092748884102,0.00861113615716992,-0.00767786983955483,0.0117060392762655,0.00306466347769609,0.0149756514800097,-0.00109898899558202,0.0007606817906846,0.00107171946034287,0.0207849307325202,-0.00642347673930087,0.0133553769706764,-0.0102805004678121,-0.00504908637453042,-0.0342194506215626,0.0198419556832972,0.528461701785919,-0.0590467861996872,-0.0127832238798631,0.119358365631509,-0.00635981114156118,-0.0154209092079358,0.0165117328939197,-0.0129132366790288,8.8950129083434e-05,0.0081236864742061,-0.00799229495655098,-0.00923680201209479,0.00424412101484636,0.0085331797486455,-0.00547850727308862,-0.00782956614366617,-0.0106010827064242,-0.00511749761838803,-0.000252582145812504,-0.00313976233742803,-0.0112904017336203,0.0112010305579748,0.00790734005065072
0.0210073453485067,0.00209706436588984,-0.000956699217556348,-0.00435664197603204,0.00860708376362947,0.00201812273662792,0.00118773243983379,-0.00324309997548441,-0.00162622765026504,-0.0129107495756397,0.00713460133130626,-0.00535228083497485,0.00925157806936308,-0.0134856654621231,-0.00943101016255311,-0.0135502591677535,-0.00278668736586567,4.06344816658404e-06,0.00109565060068844,0.00398261220033428,0.0114154941878225,-0.0132387385371372,0.00490260136005357,-0.0378257400689834,-0.0297658719009001,-0.176104270923207,-1.11291663054438,-0.113581401230218,0.294089159136626,0.0142634149379162,-0.0449640144569812,0.0347900373975868,0.00355218416564558,0.0167406695466665,0.00433728366790155,0.00544176639484131,0.0106020548025703,0.00890434391770028,-0.00755181534299731,0.00340994415229161,0.000781231517169113,0.00564147542242648,0.00121991490696984,0.0112485965354395,0.0107810885713423,-0.00390455496941686,0.00957665743797275,-0.00282419135045238,-0.00715729064601079
-0.0313246361319893,-0.00170748661630203,0.00416242281476832,-0.00204233349364674,-0.00937127441844818,-0.00170822535437403,0.00706068989112426,0.00864975779767599,0.0055201185462344,-0.00506892079878525,0.00500623742505766,9.72279194802581e-05,-0.00776324448561863,0.0151963218078223,-0.00152999301652617,0.000442391647008729,0.00188593606555688,-0.0067970543589852,0.000796274943521819,-0.0209262070820116,0.00559566885173995,0.00147187290375487,0.00120336415424187,0.0420251214198635,-0.0346896891829261,0.166417459573241,0.574056315717561,0.529203074446098,0.0606062721110638,0.0315575064016528,0.152364457336028,-0.006092714239578,-0.0134724523471346,-0.0127505056695106,0.0105671174219295,-0.012454896517528,-0.00528099744222138,-0.00737397267987146,0.00547476700432994,-0.00139969240410162,0.01749864754882,0.00472731502915347,0.0029396901578743,-0.0116908865475043,-0.00897373637942814,0.00650554146026805,-0.00624332205421732,-0.00137552808924731,0.00420604571294008
0.014991150985842,-0.00517566471757904,0.00239243983906258,0.00353135697262483,0.00701069359832157,-0.00234256868794213,-0.00717744736223819,-0.010643749460485,-0.00772204649800023,-0.00598264823601203,0.00391889817562067,-0.00108777308715437,0.00368529413830623,-0.00957788773140149,0.0106929533029136,0.00389821184819412,0.00622440261355533,0.00533728872570495,-0.0059012819989186,0.0130418003184162,-0.00167737838004396,0.00593626876550137,-0.0049593376261809,-0.0111587982384895,0.138972942348839,-0.163303775313506,-0.0354590086453881,-0.962483035956185,-0.209715480435284,-0.237646064270028,-0.110565380442489,-0.0233612713478151,0.0150764238045512,0.0160101430320722,-0.0188554278373131,0.00213652459070242,-0.00478143355490389,0.00302494692936901,0.00892136718222991,-0.00925486971322683,-0.0204424039804875,-0.00662040711037955,-0.00848152781791092,0.0129342197899364,0.00504468310744578,-0.0100225817090852,0.00518198462299412,-0.000846171813803189,-0.00286153748904167
0.0105282643647107,0.00579265947626278,0.000199852367315111,-0.0066518391709804,-0.0048615601389704,0.0134722731833796,0.00138933433420594,0.00880168257878371,-0.0031490220901967,-0.00308122583569933,-0.0051316989453952,0.00411880447108698,-0.0056767074111019,0.00415102856042586,-0.0035460472133015,0.0011258467597188,-0.000776483797938042,-0.0030229991358953,0.00798217012238501,0.00776778430994706,-0.000347877757578148,-0.00798402108736376,-0.00651506071751029,0.0324586643122591,-0.191715627292568,0.120360368760875,0.0913887557824291,1.27911042049919,-0.0087364513805148,0.368813639877032,0.00780034952319253,0.0406578080000815,-0.0122356887874922,-0.00856928766148615,0.0184655622962751,0.00787305254430825,-0.000391739264198138,0.00715624736921525,-0.00992476182759365,0.0127360165690726,0.017936122619021,-0.00564359327537202,-0.00173357005513909,-0.0190233159465541,-0.00136257806475911,0.0133349716230154,-0.0114886399007991,-0.00103315474329791,0.000132688277400275
-0.026033048963986,0.00357960206055426,0.00141593790161714,0.0109727725956755,0.00371281623734977,-0.00763204398331598,0.00360259449175441,-0.00970140417314274,0.00653843100355148,0.00262249231680686,-0.00108891912872758,-0.00267858099846179,0.00947105962644615,-0.00798639558459984,-0.00519883649803142,0.000815195022445889,-0.00562032142881999,0.00288834851504049,-0.00976495156327329,-0.0177569498835067,0.0138436115384277,0.0137488558543577,0.0280712185173176,-0.0376880142133319,0.114359165786066,0.0344965263722533,0.184025749542891,-0.569751198868846,0.0200960439603444,-0.231439311852895,-0.0531577746782937,-0.00538311675106895,-0.0165305513345741,-0.00352342626780744,-0.00244389571159654,-0.0151183829157434,-0.00813957899903399,-0.0211316672266941,0.0102337926334641,-0.00550649938406246,0.0025249505343456,0.00152281891209772,-0.00156246377882752,0.00157348145657492,0.00356073337990594,-0.0133827567929432,0.00828575337627203,-0.0025749084852129,-0.00450473739658985
0.00837018084889109,-0.00552142966617822,-0.00980823308284528,-0.0176936590213825,0.00561466842429909,-0.00951403929833253,0.00418675005705283,0.007886650929983,0.0117152009506403,-0.0103012099558609,0.00564144492427037,-0.00187292658691421,-0.00426819707316316,0.00743359619909782,0.00777544223699457,0.000918823458536444,0.00629439380959862,-0.00109437174153098,0.00315407071005418,0.0105241050405253,0.000264203491686438,-0.0102854088894801,-0.0623299729865915,0.0252643096518434,-0.123641934606704,0.101089707007849,-1.28331429977445,-0.168691958927037,-0.138617224351995,0.00788596195356291,0.0121389141732709,0.0210512960424424,0.0223043097939411,0.00254096166878619,-0.00723957087909766,0.0142189965213885,0.0179348985672849,0.0120777933301276,0.0129989998883203,0.00253908090360425,-0.0115494870300578,-0.00202188548715508,0.00366201890560779,0.0079014773082039,0.00175958876462786,0.00646717290231267,0.00486763699602439,0.0053519720574616,0.00513106431117991
0.0212017707933317,0.00357927637851394,0.0117531177793171,0.021003534075304,-0.00882348466941152,0.0125101033373037,-0.0111853864074211,-0.00398822664718253,-0.015673738791615,0.0150501386581291,-0.00583551085512922,0.00262327286343753,0.000325402765907645,-0.00283924939878794,-0.00338997434076074,-0.00715643102790067,-0.00305291826801483,-0.00474679215864348,0.000807484269650465,0.00690705346138261,-0.00547922517125673,-0.00522848512377403,0.017876131103972,-0.0532653219485224,0.0974197498431231,0.487836275813735,2.22162044073382,0.0949129441341992,0.166645363193345,0.0546108442093965,0.038181048548566,-0.0254200964900408,-0.0205967055475799,-0.0180942816460754,0.00805257999922726,-0.00337875614978786,-0.0150114492441385,0.00704093545451871,-0.0252187682627033,0.00225437797674228,-0.00132383055776497,-0.0202108579084058,-0.00288365959721286,-0.0102772251693255,0.0100290786775666,-0.00332969661828615,-0.0190986278281439,0.00152601321337223,-0.00348324046450873
-0.0361045266472111,0.000374648605116557,-0.00435114073309316,-0.0130267317757239,-0.00518681320171249,-0.0029100128184875,0.0038742125918465,0.000888734499999764,-0.0124343384181442,0.00585923780265901,-0.0033239979960724,0.00185555442591171,-0.0128088022710451,0.0068454455850543,0.000322637196175242,0.0104676483582008,-0.00492026729254134,0.00302597773808919,0.00222936376499491,-0.0222652837546424,0.0110043890627865,0.014236219575157,0.00930345184399411,-0.00267687442119166,-0.0702762126455697,-1.55269427895407,-1.23820522335499,-0.257435496811726,-0.0195801266895225,-0.115078648692341,-0.0282948371072403,0.0185453420808974,0.0240757076647389,0.00991094697189534,-0.00255958580860169,0.00871826029939486,0.0114090665844188,-0.0235558258169125,-0.00689646874496163,0.00477300146600415,-0.000374804714659858,0.0293240308077063,-0.00909407862227406,0.011973823338357,0.000272751514831969,-0.00289215451379931,0.00378161367667474,-0.00404246570405714,0.000788695752230247
0.0283258462981123,-0.00402467883286905,0.00199235352587698,0.000834987251957183,0.00683430235195848,0.00123668157622773,-0.00188430133709536,2.47093942506819e-06,0.0235538618598624,0.00657930177110694,0.00706732644683995,-0.00351733920473236,0.0149249199350667,-0.0109227879852112,-0.00333497575817177,-0.00884379537887705,-0.000210317882308934,-0.00707261645678368,-0.0043083843037677,0.0148020184576545,-0.00336796642946393,-0.00820222335026299,0.00279327664432719,0.164659751329109,0.281429821993854,1.36389506159176,0.0824139346458014,0.37039592605881,-0.0441897907684873,0.147229577102438,-0.00629649178219377,0.00335720379301598,-0.00929872218057531,0.00316179728825255,-0.00485270757509036,-0.0154751343427505,0.00255008202785348,0.0329668294950323,0.0135065145819872,0.00778684874291124,0.0130136472086185,-0.016148956377965,0.00915003120281882,-0.0126935041708545,-0.0226446567364529,0.000192368834487724,0.00863154457799607,0.00518645060791862,0.00838021509059075
-0.00124271879077727,-0.00139025191170625,-0.00870643719980935,0.00286271807793116,-0.00273830113680924,-0.000646649683866301,0.000558193856735083,-0.00193639245075227,-0.00924446503003965,-0.00530505977085795,-0.00762325285631553,-0.000374773162830525,-0.00697038978455932,0.00552871384832984,-0.00384160669971169,-0.003928959041725,-0.00258273528674744,0.00650035246339158,-0.000635831920140472,-0.0010700978578417,-0.00850269408050262,6.0284731790209e-05,-0.0167759857552206,-0.288373524713322,0.172797773453338,0.0474038685196627,-0.0599822458382265,-0.601516061621611,-0.133178564612883,-0.26543850220024,-0.00118210338550245,-0.0314957753022254,-0.00187646732835813,-0.00526421700083005,0.00643861156907038,0.00612926323716894,-0.0160810045822321,-0.0389880077723235,-0.0131114766658371,-0.0167255567446681,-0.00474313273574828,-0.0143410901032195,-0.000130204715887806,-0.00499656229483088,0.0124247095018537,0.00369882232690968,-0.0122938820283035,0.0042650999875773,-0.00403946335613979
-0.0253786871333108,0.00806564266850814,0.0157027807031992,-0.00562900587886891,-0.000550056276572763,0.000986743685523033,0.00510207249307643,0.00232833542730956,0.00249949517366624,-0.0195724198176025,0.00932358777449249,-0.000399811080893269,-0.00270748038119061,0.000530803443109933,-0.00125666771014486,0.0149797866465387,0.0110764790512642,-0.00402831411268202,0.00703738004639425,0.00428591713439794,-0.00965274199272137,0.0253669723738125,0.001705641696965,0.298251323306392,-0.960589984871426,-0.534677635991064,0.0413444069606717,0.587093944815026,0.316613628512519,0.129738926001298,-0.0272533500756663,0.0240138402748966,-0.00375208343831802,0.00179730977412619,-0.00492315328017454,0.00814197406822846,0.0148672345392615,0.0390674208020704,0.0164192001519665,-0.00934272097692353,-0.00241998354195915,0.0264967329117719,-0.00850476207991006,0.0183449195703337,-0.00302730411273968,-0.0100608625890057,0.00476250403714095,-0.0114811020110628,-0.00451792785110009
0.022673020020629,-0.00161110590355368,-0.0164427050385176,0.00719507221847987,0.00384942935553448,-0.00544955836415894,-0.00034654843173067,0.00435617087503425,-0.00155977902400609,0.0153064736245496,-0.00466165785150892,-0.00289517113324378,0.00172069459005708,-0.00281453164738101,0.0106063806535478,-0.00977009787045736,-0.0122389314287208,0.00719470574579085,-0.0070378672355382,-0.0195951097070742,0.0016484293836348,-0.0378160020406349,0.0889632594939348,-0.12463114213511,0.656357622763188,-0.0405495402639273,0.489118618588408,0.0377038675121747,-0.491157946032768,0.0808311124192874,0.0752835994094158,0.0273546581061225,-0.000353113730090587,0.00450633030937098,0.000950611708333568,-0.0236719840964529,-0.0065572871885839,-0.0140642042000562,-0.00071705073212941,0.0166885882905451,-0.00218796953727036,-0.00710986483231576,0.0187278734976574,-0.00722117164062801,0.0125139389474326,0.00451016093426368,-0.00325550713600257,0.00689680039045727,-0.00961770431752453
0.0187215357346004,-0.00995502706462464,0.00978262203551782,-0.00579350482363711,-0.00412048325404937,0.0153941155445764,-0.00775260297969444,0.00157437290498933,-0.00568381259107789,-0.00683978388100027,-0.000555793101778197,0.00245290584533054,0.00174995324639307,0.00139125301008127,-0.0121758615285384,-0.0050336692051035,0.0094318603176839,-0.00613747603191106,0.00122271393189802,0.0203319685491152,-0.00405824886678781,0.0114768739087055,-0.0152517559078323,0.0362906660294353,0.194372522148649,-0.536352036616956,-1.46166478554333,0.0327035528521863,0.451852571483032,0.0149280452049824,0.0649211648685737,-0.042637494042522,0.00192581911008898,0.00273114143482218,0.00385575703535107,0.0177391245723034,-0.0020869257232261,0.000943321318890997,0.00731992705205442,-0.0089025514876214,0.00740404089828167,-0.00586690983025622,-0.0023154372474713,0.000674890359722213,-0.0175442075953341,-0.00423709535449852,-0.000910732074261014,-0.00464455632292752,0.0111350278215774
-0.0362475667363542,0.0110487504347275,0.00131496876383291,-0.00274677742917839,0.000174791668603949,-0.00770793692164596,0.00385769514268556,-0.0120787315850133,0.00851341579774584,0.00277906600687614,0.0037495752887669,-0.000446622466615647,-0.00378673978270707,0.00487740398658918,0.00476765559780612,0.0104522694781234,-0.000474511485856785,0.00730138143129831,-0.00506839629182788,0.000740910260328126,-0.00940588050754958,-0.0171920583326634,0.0383834692961534,-0.349163577301257,-0.256294211600667,1.76359766598953,1.44791579706041,-0.458532543190712,0.00321190367299706,-0.214392069061525,-0.150923593242779,0.0214230237189184,-0.00780690774648719,-0.00871107025867505,-0.00677451979933288,0.00203633978775032,-0.00544217902086418,0.00734053512134208,-0.0351858739050225,-0.00786195905602444,0.00768352521822722,0.0152983431054629,-0.00937914047840832,0.00275058705657581,0.0105382789456644,-0.00406313278692241,0.0085155308185278,0.00248428871153156,-0.00215915547380894
0.00948248512172873,-0.00407476050312756,-0.00799967644492757,0.011119599505855,0.010985837390182,0.00404611157604331,-0.000594853936272973,0.00405512031190619,-0.00353887780610421,0.000725557376749654,0.000426983058864534,0.00302404847272177,0.00321203761811361,-0.013037395626609,0.00133432830519405,-0.00457126815154959,0.00173753539365694,-0.0087800319379075,0.00214160873579245,-0.02820533733045,0.00601486903082356,0.0280781220104012,-0.0417409702075608,-0.114606203348949,-0.969076901715782,-2.67885747557205,-0.172996276244206,0.883856935050067,-0.222669583529687,0.23228078880471,0.0428370877814223,0.035223856083287,9.9594757081909e-05,0.00426910345353387,0.000596955754561923,-0.00801554789054526,0.00198339742612912,-0.0307407839613701,0.0414244088049202,0.00379190140170263,-0.0148201601289963,-0.0201303792005393,0.00955374925738407,-0.0108087825475207,-0.00799553026999997,0.0101652399169275,-0.0124494913008181,0.0100024162879398,0.0019250484498291
0.0246518650175604,0.00221289134426403,0.00724132851834039,-0.00653090253605936,-0.0210239411211817,-0.00349891540734112,0.00189772252958699,0.00813471820268087,-0.0157272150693628,0.00563919460120512,-0.00105060077848762,-0.0047202358883684,-0.00347236059017519,0.0159933965256598,-0.00473550032902289,-0.00169641922868903,-0.0055216943295054,0.00159268928443626,0.013048948642142,0.0271141778699232,-0.0176492789885886,-0.0211730750203403,-0.0231653993627632,0.879929719206685,0.462936155581651,1.47871780384019,-0.0365067589300196,-0.587954304889272,-0.12985962430035,0.0202816172976899,-0.0097157896498113,-0.020679460500837,0.011510270372539,-0.0118884311441386,0.00622252132907797,0.00495865620103879,0.00774582519453865,0.0241190836333815,-0.0136477696373824,0.0143183201646848,0.0102228704534439,0.0377323638835165,0.0123448353897645,0.00971872832961347,-0.018607719141369,0.00726029978183965,0.00419769218273769,-0.00744734035821861,-0.000443017613737223
-0.0306894958437348,-0.00424666168711715,0.00342637192449183,0.00221829022486166,0.0183462639282023,0.00380156806016113,-0.00155796221223646,-0.00967294413312558,0.0226167390552072,-0.000798904566995808,-0.00587725822250747,0.00568840636186922,0.000854128575430697,-0.00821979872689911,0.0115980559929089,0.00555560731156644,0.00366333679368113,0.00618891742080878,-0.015929487613894,-0.000387528388288963,0.0194017081014191,0.00255734071359657,0.106793430803146,-1.23078096842519,1.8322686452505,0.59630705618802,-0.16639230900887,-0.260681719764924,0.236170488172214,0.0113244249749978,-0.0382125823257095,-0.0436910905091095,0.0144330729005354,0.0172761683958127,-0.00669739731484232,-0.0216905267128444,-0.0295134633460828,0.0214960941325917,-0.0183553795020947,-0.0240187482710117,-0.0179781767593463,-0.0628427934653598,-0.0219673522250824,-0.00666345445048611,0.037975217850645,0.001144185790935,-0.00325153881062401,-0.00593137294209693,-0.00737062175878376
0.0173354047679624,0.00569015909687795,-0.00349566493254335,0.00307174108804422,-0.00282270653986441,0.00823195094483571,0.00465726162608076,0.0112487939168782,-0.00706910681745529,0.0122783614048505,-0.00146767661741689,-0.00562426849463919,0.00320133479853925,-0.00644586139888376,0.00255587746083813,-0.0032337662272435,0.000119775806058967,-0.0117489347451288,0.00769344744868893,-0.0183905964384143,0.00741382589613889,0.0577313181428966,-0.0372998503597936,1.24055140713379,-2.29042107596634,0.0657930572313447,-0.476367274634066,0.244693149153122,-0.236110797436434,0.0396572270243144,0.147727220970292,0.0355166809851687,-0.0410705071049239,0.00772740495897721,0.0144532083053641,0.0378827307672351,0.0329220539166398,-0.0644756998297172,0.0359384478175914,0.0148368592692232,0.0213516694755051,0.0591183186626199,0.00612419388406989,0.0170703720105701,-0.0265208048028339,-0.0281486676465897,-0.00409546487622942,0.00146375067090392,0.00565520930723599
-0.00186646903255001,-0.00665327077245099,-0.00609033236719643,0.00280184308280461,-0.0125482329731305,-0.0148252125128852,-0.00176135618828924,-0.00974038762947953,-0.0148160998731077,-0.00401291240032473,0.00206637110807188,0.00808904472897763,0.000168662025046314,0.00999269014848443,-0.0173855980014759,0.00140487583823096,0.00271219630368731,0.00620226530817162,0.00278593898389438,0.0105655341352457,-0.00486752211306264,-0.141548544534315,-0.431199816547527,-0.496530213186657,0.611468191897399,-0.373053637710666,1.50900323032273,-0.075897186628047,0.356124134332634,-0.316687402733585,-0.175521624003508,0.0711864461556932,0.0495865826048708,-0.0136690182684099,-0.0268063637427462,-0.0270485370219545,-0.00911685650878748,0.0404189371676368,-0.00349368819879127,-0.0191670195412146,-0.0245510087173497,-0.0317132758709733,-0.0121377736090311,-0.0228386548875281,0.00573066435856107,0.018359871326195,-0.000839956409646423,0.0180061479814668,-0.00721064881194342
-0.00652913177055744,0.00309152394201342,0.00855511986149111,-0.00734051733458325,0.0144809695248642,0.00711412924589762,-0.00986523650539122,0.00190873100713334,0.00740403576049988,-0.021177814324562,0.00163848774324103,-0.00730752193862985,-0.00538476730889262,-0.00589228742395947,0.0086515578511198,-0.00240910714057286,-0.00831322047330702,-0.000521016457133887,-0.00889329584102968,0.00770014937675257,0.0225243983480217,0.113170256218696,0.583111397746596,0.354724155977355,1.11831646274054,-0.489860730653214,-1.37729748269072,0.537726178156421,-0.0873977283533364,0.485281759748461,-0.0257009459040892,-0.0774866282938912,-0.0205231828501463,0.00683984960479544,0.0162275397726503,0.0178205525676571,-0.0256362787848663,-0.0150344954703604,-0.00852501324635705,0.0247297568067882,0.0153333178594468,0.026106346939603,0.0262350227836681,0.00176094664828954,0.015336603420382,0.0201643424262025,0.0294205870852365,-0.0232430993414769,-0.00145248429584911
-0.0114825735836764,0.00938672202106968,-0.00399110634878027,-0.00132946104010254,-0.0106299845951989,9.54770456725786e-05,0.0150038976432329,0.00408866154308294,0.00120881548476964,0.00330080127922368,-0.00208638688798109,-0.000879276790763535,0.00769753694725341,0.00328743877583358,0.00250699786144395,-0.0108123855294473,0.0133464491080971,-0.00160518650151807,0.00390075562163166,-0.0162714573246204,-0.00494787548659174,-0.0506134136532102,-0.503308833559089,-0.230022214611386,-0.303748085754325,1.61486370605124,-0.032519861365359,-0.636504230805311,0.088012318144273,-0.425778767842561,0.01413267474913,0.00920468144427808,-0.0113005881740354,0.00670705955510572,0.0115633549500603,-0.00149666064897575,0.0372265348660305,-0.00182021927807079,-0.00375703553957839,-0.00763602029735138,0.00549897572921847,-0.0249829776337627,-0.0112794598703359,0.0133829936644993,-0.00528862707977401,-0.043897655572023,-0.0318526088321407,0.0180667970737278,0.00558399607803387
0.0287293630492767,-0.00175904774414975,0.0021593117333312,0.00663972496621893,-0.00083793794174162,4.22394823829508e-05,-0.0111733253966934,-0.0075466493461734,0.00489203136820242,0.00313277522106278,0.0052527680803703,0.00277523211020647,-0.00438557711730216,-0.0057883784720333,0.00145084269440189,0.0156262656144073,-0.00684325893502024,0.0053699087383572,0.00210931123716601,0.00225696772868927,0.00165998092475059,0.118121884931749,0.2447307785083,-0.810344571071935,-1.78889459935906,-0.735069780737083,0.122518418693012,0.789967957024612,-0.161021836178098,-0.0069291971658281,-0.108437911698708,0.0856067493349959,0.0235754227352529,-0.0106875260069814,-0.0309326557183849,-0.00733845658276142,-0.0369025693884573,0.0371428604149325,0.00355979123677298,-0.014799752645883,-0.0335727547152817,-0.00786933441125676,0.0138497949748898,0.000201946388030005,-0.0117695737631511,0.026478020762911,0.0218425556938757,0.000435792760172323,0.0021313881208839
-0.0321110720620659,-0.0141111813813569,0.0039743718664282,0.00690938594104843,-0.00172775364427268,-0.00884392719026738,0.00195959554413971,-0.00016544179435679,-0.0157632723717703,-0.00376144943801006,-0.0188534174262176,-0.0125180219988264,-0.00107400499402425,0.00598422595161254,-0.00647243628125154,-0.000430785617083017,-0.00282489585492497,-0.0119743404575513,-0.00236419673747526,0.0170664998661109,0.0160405654322019,-0.141151349012712,0.205103519729531,0.440569899564519,1.15842212923174,-0.894633888326833,0.191800914812686,-0.344583720850968,-0.210478506358767,0.150448016278087,0.453692222831907,-0.0360251313589566,-0.0437024266108649,0.000731559724016756,0.0311754294024129,-0.0112771655883201,0.00256022744923304,-0.0521713317756719,0.00199479196273363,0.0269866289640144,0.0349841870273898,0.0214141451019962,-0.0445366272792092,-0.0525165614136812,0.00848050004492021,-0.0209502976598368,-0.0198920972694415,0.0008751783884291,0.00297867438582327
0.0239169107446121,0.00113953296032811,-0.00984533420398278,-0.00889968303859573,0.010199954629752,0.0109599696110139,-0.00497807230480352,0.00653871762242997,0.0123651964933652,0.004687900874526,0.0183528137976542,0.0209782619244933,0.00291132874651423,8.28438863829167e-05,0.00414265298958512,-0.0129240600417749,-0.0013315072861565,0.00821431327634075,-0.0057399214908734,-0.0143785613258683,-0.00438748189719837,0.0296647780018143,-0.609159929804317,-0.000403344677235407,-0.203766277176276,0.0259261398716303,0.314919642750014,-0.220375600208869,-0.108699946392626,0.190959272294797,-0.464332604313473,-0.114740063621301,0.0606435629399532,-0.0145326878504712,-0.00390835877199899,0.0343836745414489,0.0131840202165892,0.00417194652952244,-0.00799296790191047,-0.0266841976276328,0.0077954663646651,-0.0165569061193004,0.0422548903431309,0.0333352072640165,-0.00190518685878488,0.0304290314004182,0.0157360195939774,-0.005672532938179,-0.00721919158524172
-0.00709180756209119,0.00462179245698292,0.00489091801028136,-0.00683084655898642,-0.00619470679041451,0.000711365380997104,-0.00486064111677907,-0.00796340350787603,0.0150981971888466,0.00121755573674175,-0.010790613477374,-0.0237120359954859,-0.00458916730171411,-0.00633725960567928,0.000907109453411301,0.0081540269209964,0.00381712651831503,0.00392503577860725,0.0180671086541129,-0.0149000945777415,-0.0308060829937917,0.21298022900557,0.454363079288771,0.699674884954514,0.554621687241003,0.310889401766225,-1.51152418715759,0.0881448283663884,0.850717428824622,-0.77781578478358,0.0119289095160728,0.152821540863828,-0.0211164124620635,0.0177779623874457,-0.00828615930361051,-0.0423238175327348,-0.00801068102032562,0.0395139076300982,0.0201609707280736,0.0251723276372016,-0.0231483717037586,-0.00893778969034006,-0.0367705352867887,-0.00180035774087106,0.0193699744937153,-0.00824462819973296,-0.0204865416754162,-0.0099028096084655,0.00123197867715413
-0.00262825837967995,0.00266453041620241,0.00218278426696867,0.0130748984827872,-0.0108169215904264,-0.00451960170070423,0.0123213887266966,-0.00044157517403636,-0.0252502318862017,0.0178524093604209,-0.000347889424235093,0.0123243873754867,-0.00442623166448732,0.000257184817572672,0.00158179162585733,-0.00293521471117363,-0.00343021712765002,-0.0091748462807063,-0.0216100035265141,0.0257557334411135,-0.027689320594848,-0.329638545062461,0.607712392419024,-1.3249312201403,-1.32473622107978,-0.567991365216356,1.78081811001353,0.571622926005923,-0.513923255968929,0.521049296586875,-0.01172466805936,0.0480156338553403,-0.0242252601891789,-0.0108215139645708,-0.012476977063799,0.0401806723641077,0.00942841791467007,-0.00745750550351697,-0.00055530411098062,-0.0259047796713906,0.0152194825442759,0.0108574849232614,0.0148215063312527,0.0062038961614051,-0.00331817779443106,-0.0114519395167863,0.0305024083567991,0.00351544447177761,-0.00282132643419218
-0.0144839822774144,-0.0134085069059412,0.0046547006025825,-0.00984923019190099,0.00570433493493801,-0.00212244351785201,-0.00052378913112208,0.00332201735624549,0.000222761467664487,-0.00949689197005068,0.00532937439395642,0.0109289602789079,0.00109802194357624,0.00970662230918861,-0.00463763932457819,-0.00682064085365925,0.00779034168008288,-0.000414653471684722,0.0221936538588085,-0.000448851108484048,0.0370812890110158,0.0251692386971435,0.0250586536110929,0.355223356714001,0.737364163843069,0.918345944334678,-0.475660637730557,-1.20527480500088,-0.995719911031801,0.719831514987906,-0.2105497642209,-0.189947427278208,0.0561884914360453,0.0194438408252898,0.0122096907390766,-0.0137640343762305,-0.028701055040354,-0.0412584104457421,-0.0039623356261458,0.035362924823396,-0.0315264024187597,-0.00396543760222878,0.0117091319239349,-0.0176423499463556,-0.0136458785724677,-0.00742251308634746,-0.0126444669371558,0.0026953680869417,-0.0108732572204218
0.022167399389025,0.0158805306084586,9.54006660250307e-05,0.00628540521349342,0.00322660111582698,0.00608333892591047,-0.00329346735619486,-0.00179191958603347,0.0104608651229561,-0.0029828478598391,-0.00423077353281698,-0.00497445167432001,0.00535034891857054,-0.00882626822601298,0.00173870935658575,0.00956192469112933,-0.00532072972938861,0.00799491816175707,-0.0209856977436106,-0.018289668398883,-0.00546450697994376,-0.0833789232333172,-0.684418838946336,0.22029506257189,0.216459787117977,-1.53412662065326,-0.0246359878337259,-0.0630350914673424,2.18059461523316,-0.390460752285351,1.04041458730299,0.0940056040719859,-0.0636343767254954,0.0021804762476062,-0.0138866703133571,-0.0172054315389548,0.0262494238877384,0.01008826175712,0.00299463320704335,-0.026535449476288,0.0599523896333445,0.0429568103750194,-0.0125317579278372,0.0150710784696828,-0.00428029930411913,0.0246830707293447,-0.0137088317512528,0.0086052657651164,0.0225141898164963
-0.0171185814770071,-0.00650445540979896,-0.00883018022544807,-0.00429629551228032,0.000840893173432743,-0.0100437446231094,-0.00479262810544925,0.00706814361514434,-0.00174469987352305,-0.00308265624404755,0.00410915419991795,-0.012884240017657,-0.000597687571623534,-0.00372806742796785,0.000425269389657996,-0.0106943965117811,0.000105860445635866,-0.0027347790800075,0.0124399678407425,0.0194804243932451,-0.0269656901248957,0.494618268588514,-0.175113198832105,-0.631030714284021,-1.03931190901454,1.1106034659975,-0.459894911551011,1.53645211493558,-2.69792950136569,0.181120211634966,-2.25164111519117,0.433874258388879,0.0609629710911074,-0.0329621874805516,0.0365474138438446,0.0134550752547097,-0.0262712714546075,0.0488562635856567,-0.00584690757269288,-0.0324259010036942,-0.0554543117199068,-0.0464199261018841,0.0314587423017534,-0.0216682313496884,0.0158770854520336,-0.0298435860758949,0.0105310611056119,-0.0209002243783598,-0.00208311657193556
-0.00696486080119826,0.00460578592323861,0.00471320913591843,0.00237738668743839,-0.0100562152025863,0.00965997217226207,0.00682965880603594,-0.0134004725625879,-0.00487518485136857,-0.00612646994977076,0.00355711012635995,0.015157540999128,0.00060066365356225,0.0152712141695671,0.00614465973783147,0.0119664866833657,-0.00149736695952141,0.00312040335302588,-0.0139952987405026,0.00426694387612094,0.0227329574392732,-0.405169820305927,0.345417138505456,0.290305673941862,2.73146914264621,0.667694825244341,-0.757920436941427,-0.514598970542241,2.82994449692454,0.356146418305756,1.05481134705906,-0.783626634392402,-0.119294568920649,0.0473286904717722,-0.0352609402676926,-0.0292747004602443,0.0423677358218926,-0.0278723513232835,-0.01378397652254,-0.0016486521778509,0.0484286402260065,0.0309558951383071,-0.0201584463073865,0.0839737404058306,-0.0175628579882402,-0.0112532179990858,-0.0149226905906747,0.0219866590629457,-0.0115175721041626
0.0303284548616322,0.0030930197209913,0.0020389698579818,-0.000319653396548524,0.0121675585377468,-0.00488965866520366,-0.00301400669809253,0.00887839017632897,0.00603074266334643,-0.00140863353349107,-0.0131862460561532,-0.0084577009144835,-0.00283548671928607,-0.00707480416681943,0.000621200961586098,-0.0080681454218987,0.0060178947284313,-0.00191434832448092,0.0175004222053777,-0.0281497083333063,0.00795574100946039,0.111800160926212,-0.0474210172252661,-0.0508081609851744,-3.07297344101196,-0.217317084904064,4.18609129232838,0.623487052454162,-1.4537636206853,-0.903646389711088,0.285310605780261,0.587752819819803,0.0142970293040854,0.00459177315180887,0.0552858528499616,0.045080611039046,-0.0628464934162942,-0.0182529898750364,0.0427740999571193,0.0768793045020404,-0.0188371746182205,0.000194713888195197,0.021286297988889,-0.0743602487225392,0.0812936099025297,0.0549861825955468,-0.00130187790725993,-0.0125637039033542,-0.00177906569170059
-0.0253550889440897,-0.0181381900556029,-0.000462400096092228,-7.66181848299843e-05,-0.0105042728672881,0.00352865439098123,0.00608986523307254,-0.00276790250684419,-0.0124794936647854,0.0138445874147208,0.000167689662807612,0.000346171447392125,0.0144836619815827,-0.0155768002894839,-0.00330836375960568,0.00457178800303124,-0.00260514871886086,-0.00372847585898504,-0.0122594486999698,0.00973913834551215,-0.0271971044220856,0.004705675556444,-0.184401761104364,0.614046819062493,2.47838106448559,1.67195083809335,-5.76371393354271,0.471225046719183,-0.752624694880778,-0.280186485364336,-0.00494722260829805,-0.096519921738321,-0.0312903520364683,-0.0674335484616142,-0.0259316955437168,-0.0638789491330238,0.0621184753764329,0.0167126847684581,-0.0437641319724161,-0.0893033084347345,-0.0428614114709273,0.00581757301884444,-0.00867039331478459,0.0423184181757934,-0.00227209484254238,0.00933187286867657,-0.0017480725295273,0.0144688439023047,0.0100533296461218
-0.00126537124273719,0.0183410556907495,0.00296797141345322,-0.0113644960835174,0.00588943403087939,-0.0033187616715863,-0.0108652692672166,-0.00484324752685575,0.00647669014549625,0.00150324530504215,0.00740621337435699,0.0107261150536941,6.71948230341038e-05,0.0187270031400298,0.00885728073046175,-0.00300293886695093,-0.00251119476528141,0.00592247840257686,0.00876148077915058,0.0199974999204223,-0.00213432796231709,0.167279618030209,-0.268512889380337,-1.33170468956382,-1.20914952412951,-4.20140724506293,1.64995320271159,-1.84075827440042,0.420896441851711,0.626834883327643,-0.342206710129253,-0.308933177902929,0.0334466133666097,0.00299693771224777,-0.0307643824127669,0.0409163163047773,-0.00286057268314826,-0.0239174436448994,0.0631555701977232,0.0452009123901709,0.10415120644096,0.00777407758757902,-0.0707859676694465,-0.0970044444250047,-0.166649442734424,-0.0681922923640769,0.00803778157982652,-0.027978279803245,-0.00800555278292202
0.0202613564503492,-0.0114887127377371,0.00151264669664487,0.010314154089809,-0.00414845741925578,0.0077975989371161,-0.00272317806466579,-0.00217977477503288,-0.00320344478447258,-0.0285340549399582,-0.00485578545212545,-0.0135662977540039,-0.0157789991818604,0.00718021056189989,-0.00295545288581187,-0.00144134799533107,-3.67213235339238e-05,-0.00487571885154028,-0.0107413465621624,-0.0251092514347577,0.0558097246561029,-0.492927841875424,0.314073501952029,0.583692399781229,0.427089346065475,4.54951468098826,0.431264870091941,-0.379112831542319,-0.89043975769222,-0.241515165937752,0.00735810989584416,0.174906876512261,0.0175332624074859,0.0893023987769133,-0.0112177667884576,-0.00868592046045524,-0.000540163724226595,0.152334375705961,-0.0839853956016264,-0.0216750623648126,-0.0910067699054941,-0.113176184906397,0.0936446813745951,0.0898780837264144,0.123936035994968,0.0305793626025779,-0.0191842242693688,0.0141800018440072,0.00962707080623984
-0.0218219895446127,0.00239460628659705,-0.0056922892343123,-0.00750397529797756,-0.000338949829176901,-0.00514900770334457,0.0169725335125064,0.00191080848041204,0.00681467483299013,0.00317502232295163,0.0113956615471709,0.00795607981753407,0.0020249842773989,-0.0208704875337972,-0.0017389130582805,0.00671168509838276,0.00577487786750567,-0.000246451470471588,0.0133978283783135,0.0068625611729649,-0.0179530636193514,0.366100025640362,0.225989421701551,0.749753333658196,-1.2597238625372,-2.91530379915823,0.00187250098219116,1.23073756306468,1.03001628522676,0.573185096931906,0.342812174840984,0.0807174521057721,-0.0578921777888472,-0.116418283934631,0.112359373487109,-0.0238783636878562,-0.0465589793849388,-0.111416893620492,0.00460537270150373,0.0264541711716577,-0.0125878647473278,0.160730550050957,0.0192403731664731,-0.0811756009383219,-0.0789512650402477,-0.00041232768815159,0.0369330023539679,0.010455882108538,-0.0116728839676334
0.0128805435801033,0.00943483649865363,0.000451790655707341,0.000328838039999759,0.00261109132582288,-0.000925000826881048,-0.0189060509685316,0.00932475494321375,0.0196593308424174,0.031133214391089,-0.000840164183794319,-0.00837147674483067,0.00142572508710072,0.00675806141707884,-0.00207684925091216,-0.00231493682875569,-0.00128832787287108,0.00612759256398986,-0.00749992823079877,0.0154588424157876,0.00574580426139504,0.108640011541129,0.199521058358394,-0.913139065859815,-1.28977314898403,-1.00900363368918,1.30042113769893,0.382767001278019,-0.377314510452856,-0.70965312039933,0.00395015921172395,-0.196029480335086,0.0750196164880388,0.101607032878041,-0.157049468207876,0.0245231391375625,-0.0871063858673828,-0.0651269328170533,-0.00138304996946908,0.0357889191802507,0.0283724130416351,-0.13007292303087,-0.0578019606993876,0.0587982076773,0.0129319735214018,-0.0615677382444103,-0.0544923035727085,-0.0144587564112032,0.0106709915870318
0.000537799144127958,-0.0211960723966542,0.00733155489579691,0.00359302655991792,-0.00470757290169764,-0.00115911206830808,0.0102121854544353,-0.0112289188439716,-0.0223202825224032,0.0341647984245623,-0.00837575186463087,0.00481619258983558,0.00224586966618725,0.00605031412239488,-0.0079179901765399,-0.00663790053482786,-0.00982471029888933,-0.0109765972132934,0.0077415217857882,-0.00490390901881195,0.0220115951494332,-0.257488361470054,-0.308144965048935,-0.162522189200487,3.60323560378748,0.969449559246103,-2.00708293881574,0.213210521274655,-0.322901318832702,0.717502853119473,0.00464714678981443,0.0395484842975013,-0.0468670111733204,-0.0751577191814819,0.104880400508857,0.0357282116490316,0.107542660301504,-0.0864818181893553,0.0100072666488093,-0.109975601624445,-0.0122210771250492,0.0904638017973862,0.0449806561137941,0.00927267240897051,0.0500064441787585,0.0299203254510344,0.0194615157538777,0.0113010471179899,-0.01087253124208
-0.0318923332092342,0.00489407573144699,-0.00468565147658013,-0.00354392385782035,0.00843416462531667,-0.0057026334971915,0.000325771676371514,-0.00043251926597441,-0.0255829871393088,-0.0464970202565332,0.000307779047261281,0.00528941472311717,0.00612244784626343,-0.0109077128120704,0.0108906790893237,0.000344017746651901,0.0093447017426683,0.0124747642144355,-0.00526464850952549,-0.0185272160741443,-0.0376276937477751,0.0820875895892941,-0.0141993489744091,0.652938489054856,-2.24812558644066,-0.636989996353998,2.80335678424973,-1.45136526698049,-0.543736039207258,-0.27727301624452,0.0606827723009878,0.132899001168217,0.0397060426194477,0.0199866004529228,-0.0453710335321892,0.00201683953126272,0.0277993610214216,0.0992266284522292,0.0853584324916126,0.142386140482474,0.0593038579084016,-0.0132198554281794,-0.0395892848585127,-0.0715148735406178,-0.0670777734725862,-0.0165542318436402,0.00093154686695307,0.0213071818996263,-0.00286463254623666
0.0600117579598451,0.00476630714759032,-0.000853644191642449,0.00959026204310628,-0.0127132356382693,0.00856459759675556,-0.00513437710360587,0.0093598934545185,0.0185239885029671,-0.00422830035852071,0.00259941546614522,-0.000237239562218687,-0.00971897953418363,0.00740324587777588,-0.00224289482944223,0.0064634383395855,0.00616557310640988,-0.00715410013547291,0.000306618209357365,0.00747396248756968,0.00118005707653162,0.0397965043595666,0.351735860370848,-0.0440968686773721,0.591651117099606,2.691314362464,-1.90272574457572,1.48172374292017,0.810717669062459,-0.239552071282663,-0.213849213434695,-0.0786897363308615,-0.00208630981721549,0.0270748597005735,-0.0113953582499922,-0.0437577013863296,-0.082101313473248,0.0628887861140089,-0.0635406488414626,-0.0919518711943469,-0.0298207421932203,-0.0422802625779762,0.0197464450988408,0.0052724558849756,0.0373216477421691,-0.0184307687296985,-0.00822086981348526,-0.0338477356413764,-0.00436787490313688
-0.0581400067465251,-0.013368659389251,0.00556647078016875,-0.00103122997387332,0.00227824643396784,-0.00299772927358337,0.0028107874774409,-0.0050152309201427,0.0496175247683566,-0.0398426006001095,-0.00276637143038444,-0.00502748495773618,0.00850445084809138,-0.00198152350664951,-0.0170023781029353,-0.00230706265230487,-0.0118398340267067,0.0022626377244977,-0.00607743766683221,0.0272727052361892,0.0298437843530639,-0.01641136756467,0.279203389079136,-1.24412495063444,0.561967305818119,-3.01259224139748,0.0701271411419579,-1.04613818316057,-0.692101616477969,-0.104019511709622,0.350333695846269,-0.0637719115274161,-0.0357146065297309,-0.00901798977845902,0.0562096266252476,0.0307899540124991,0.0128578310233537,-0.152708986599475,-6.19331570826109e-05,0.101676159340054,-0.0497766118480703,0.00380374057100091,0.00986826221441917,0.0490590649819949,-0.0361854648904043,0.0232822255944049,-0.0355000772726025,0.0250723089682274,0.0124125158571131
0.0207573118929389,0.0214083828425494,0.00321142610521667,-0.00604629845736515,-0.00596381665379282,0.0010831775226488,-0.00457870561935845,0.000476339291353478,-0.0602564193093529,0.0230472838491536,0.00241565248693804,-0.00190736630914872,-0.00680243471537593,0.00594715858106127,0.0184897250001301,0.000304662803422628,0.00143102476464292,-0.00970903668940592,0.00608269388675755,-0.0387898981591587,-0.0508781535176019,-0.380862476869326,-0.752247598582274,0.265267343513006,0.846510244351733,1.83128709586987,-0.24322630702725,-0.350476086931312,0.721311930118756,0.473416624805469,-0.0599972498343934,0.104299784587073,0.00252229040842751,0.00568097753597516,0.00195976230910865,0.00580465364825342,0.0860999306448179,0.143205853019413,0.0574090189802233,-0.0920501818160392,0.00530652861435917,0.0117621227117438,0.00566555597297655,-0.0747632452279441,0.0379414430522353,0.046005227394816,0.00369718215822178,-0.000464878700326684,-0.00204064286396058
0.0180603864112341,-0.00614127268860254,-0.012895474968972,0.0044680594443044,0.0129441020919808,0.00169251983865367,0.00705664376073301,-0.0018290209118062,0.0118474043978173,3.42449695886933e-05,-0.00970711679690203,0.00260014683132507,-0.00236227009069113,-0.00889325713665275,-0.0137250089478124,-0.0094828024999148,0.00347012682166581,0.0100194890046634,-0.00496829779670003,0.00574855996698082,-0.0121662520071901,0.554323057506391,-0.0228081940688,1.21497426195202,-1.87426764733645,0.336167594620662,-0.379783678855652,0.507821341148291,-0.367352498711496,-0.397499511638012,-0.0178153400444588,-0.0200995170603782,0.0196530432322368,-0.0555556174054968,-0.0869223442721605,0.0128320095001153,-0.0201589525441238,-0.0430670405290345,-0.0808619083579914,-0.00639815421339714,-0.00453188760162679,-0.00512970966827678,-0.0406400905178735,0.0989911749526163,0.0533955288891695,-0.0926192004214457,0.0470902742831132,-0.00148860036908676,0.000242324270660147
-0.00379834793543608,0.0057508116389093,0.00152637487796787,-0.00239551908774849,-0.0117950274466825,0.000494590948868174,-0.00899228159329409,-0.00762575703193836,0.00408791210038471,0.0213606382616196,0.00990800641189136,0.00504227856119081,0.00430922673729943,0.0115368716808957,0.010002555464342,0.000437801971196913,0.00204904301575531,-0.00432093330689993,0.00586009996979985,0.0204340548357931,0.0352280818175954,-0.113295522912891,-0.212570862939595,-0.427858115427357,0.342532414519045,-0.356864963524451,1.33160347099598,0.123651971928617,-0.0113624402408632,-0.0768648907862715,0.0218791285473209,-0.0804266313140864,0.0282572656158633,0.0370743164253004,0.115769215414425,-0.0140339709668957,-0.0684876501278731,0.0583042651248487,-0.00182616252822204,0.0213737035500275,0.139813741876513,-0.011569775102352,0.0686711604849495,-0.123531363292895,-0.0656417608279303,0.0768507919991601,-0.0651691984299528,-0.00849151307513726,0.00991985254749548
-0.0425141348443203,-0.00318212512697466,0.0100847352363835,0.0104736302497467,0.00931936430638483,-0.0104645692115963,0.00342731588814122,0.00779416377588256,0.0116582514931011,0.00584796247563839,-0.00679748883920056,-0.00600080137148476,0.000674719131884957,-0.011367424526586,0.000420765242267616,0.00798521526685278,-0.00701709854225973,0.00485400263999894,-0.00339349173952917,-0.00365551217449817,-0.0129951802585407,-0.213299156725482,0.450984415217777,-0.638845980937919,-0.379049822893793,-0.219686147330951,-2.23760275250851,-0.642412470701359,-0.483902048298492,0.25118011101072,-0.155424200055833,0.0609477463343688,-0.0110464187035045,0.0326501638261796,-0.0907594111595647,-0.0111302352983994,0.0407239504632673,-0.0540310833027962,0.0740827982927642,-0.0202097307182215,-0.130013156042793,-0.0719776368952726,-0.0462959666774236,0.107922614925449,-0.0370053748195719,-0.0866610557669387,0.0402096939205739,0.0088613357764412,-0.00787811983895524
0.0505415966898355,0.00172134186610912,-0.000971481065226355,-0.0123923966311298,-0.00364422224662926,0.00824535057541888,-0.00240873056499082,-0.000176418597949438,-0.0096847649224582,-0.00747152758741604,0.00793858273130094,0.00219750985636853,-0.00559546288297369,0.00357201889770536,-0.00717754283846284,-0.00422414353931462,0.00959939718703661,-0.0091708448545704,-0.00169143738872569,-0.0106055661970704,-0.00445694385007071,0.186115261829314,-0.13139477613462,1.06776999863506,1.29017700193668,-0.663864429105487,1.44776894333303,0.504760286256137,0.262447441911407,-0.241513488519165,0.336803600450962,0.0445281420437049,0.00988231889073593,-0.0714189963834056,0.054375892043199,0.0801741457632491,0.0845111038063714,0.0700447424031828,0.00773175659004023,0.0597392162161376,-0.0315945749202105,0.152147802478312,0.084430330310127,0.0264303250324261,0.0667442077829897,0.0396678640370924,-0.0342950541552832,0.0198480903456351,0.000443293548490668
-0.0302893873805709,0.00112968751138978,-0.0103222121668663,0.000329649588189729,0.000389724166407995,-0.00382956911928795,-0.00798704002699516,-0.000229424415934284,-0.0143444316300465,0.00380425962579508,-0.00363047439667786,0.00411082442604286,0.00276828238921597,-0.00251412548767889,0.00352879741869381,0.00210222887495166,-0.0197018074495012,-0.000860545937590099,0.0140916379853132,0.0025595705647263,0.0202999469565649,-0.0600460279217175,-0.326712688357322,-0.365935766221189,-1.66683935281106,1.4779432393238,-0.00162452880359125,0.608758325917717,-0.129188575115928,0.370931780566523,-0.115166145592007,-0.063998962017762,-0.0261922644114639,0.0659604136877955,-0.026950116517954,-0.0659388131113966,-0.180502995571435,-0.180465496127854,-0.115872944661469,-0.0953004454818076,0.104548772368022,-0.129981230796702,-0.0884019138340796,-0.155822963113247,-0.0197018448843081,0.0657332196927863,0.0260388450385935,0.00402866321788874,-0.00835847351844585
0.00644952569687547,-0.00967770099450607,0.0169903395884719,0.00563852064770264,-0.00709031436561993,-0.000956585999049568,0.0140943084615334,-0.00126613415208797,0.0201877227231937,-0.0179872857508697,-0.00235432427485593,-0.00401432192132112,-0.00405288018239874,-0.0049061388006036,-0.00280931617811142,0.00457674039172281,0.0220147406149353,0.0103806279172955,-0.0076942899341176,0.0104265088587711,-0.00351195101628964,0.0395029372107488,0.0536346954806243,-1.16682227624819,0.57887672296014,-0.608608071011679,0.218088438200725,-0.435109571971499,0.43721499985732,-0.401487734623813,0.019448646303616,0.00131730614126836,0.00847142358769673,-0.0313516297774109,0.0659091786429369,-0.00214221261726973,0.0476762946577883,0.0381661622640551,0.0411398324568979,0.167961268744086,-0.0221946877095881,0.117562121278778,0.0466733759641299,0.182241465857924,-0.00797012635649427,-0.0798491049979106,-0.00767605532946744,-0.0287935211739437,0.00728930210796679
-0.00370659907278751,-0.00393365846656178,-0.0104503152017286,-0.00637485932881745,0.000890904213478691,0.00533739192515345,-0.0115944037137873,-0.0089988038304264,0.0124387248860782,0.00123961515706993,0.00296130884484017,0.00372729477888469,0.00639536148702168,0.00576715431006173,0.013332238530756,-0.00558820346502567,-0.0187668766483004,0.00546831995467985,-0.0056072679177882,-0.00629445619561549,-0.0318358849973806,-0.259008767411521,0.782276627224194,0.478667459719256,1.52089748044729,-0.970272473173314,0.235153230314861,0.0212754029162128,-0.722458743233859,0.461162483108051,0.0558457176321738,0.0233608885373772,0.00770395661593343,-0.00875484473287078,-0.0425515178637228,0.0246450474273201,0.0328572672080864,-0.0145108499586518,-0.0109698677973988,-0.140656832227673,-0.107800134290113,-0.0927773246201218,0.0109489639653515,-0.00468412406052062,-0.0980392361225778,0.111353512621348,0.00357612908003536,0.0074759340667154,0.010739923619043
0.0290476157870207,0.0146407918915751,0.00103532527752367,0.0118762666916216,0.0116576416006086,-0.0048598642211504,0.0196838509378872,0.0107706311127711,-0.0270350392859259,-0.0183010738720394,-0.00273165783919866,-0.00201651534998561,0.00246637027975242,0.00431430703217319,-0.0138035205559547,-0.00638998958954157,0.00603355584471912,-0.0166353172590668,-0.0106770009960105,0.0110456961593628,0.0278644148268022,0.459125189419155,-0.335012859959573,1.08541624898634,-2.02999144709652,0.215633143332369,-0.983531026512983,-0.981429026420719,-0.0363150790602198,-0.0898758137309626,-0.199419873272323,0.03516375885638,-0.016390969239296,0.0102552622126285,-0.0598440041884011,0.0338365648297113,-0.00399884134804288,0.130428783105532,0.115539578789382,0.0474060329473561,0.115100591402799,-0.0286193431353647,0.0628816686748535,-0.0535891033687977,0.072580952025399,-0.101069289036969,-0.042969519954185,0.00507036582642518,-0.00477793997149425
-0.0460856669277807,-0.00662015109683754,0.000311821700195792,-0.00746004931586262,-0.00672964386702987,0.0131594375576781,-0.0137022753248734,-0.00395088216833998,-0.0145297249121111,0.0109366351120791,0.00136815005528084,0.000134725088519695,-0.0105338899412927,-0.0086947289132819,0.00721369275036201,0.00552767334931923,0.00153889807063951,0.00637464673318676,0.0250119574804455,-0.010243433947841,0.0326561807134515,-0.255564216605504,0.278897885397365,-0.312377234300289,2.06566656754229,0.620856489479674,2.12495117619551,1.2704010203527,0.519634663822298,-0.0773524254428426,0.425972115244503,-0.0847277877724381,0.00420738287867219,-0.000130904122921247,0.0920505851474602,-0.0852256561661162,0.00331204420772636,-0.126327045037511,-0.128656898269523,-0.0176925023813114,-0.103459702114376,0.122208499413087,-0.124957271294351,-0.0589626695242563,-0.0114098717301304,-0.00106590957272445,0.0250212210386983,0.0259828832596013,-0.0212927637171345
0.0264966242161368,-0.0122593612778844,0.00230558883749866,0.0049717939768031,-0.0166351372051253,-0.0167482257900827,0.00263333272088083,-0.000102996239828978,0.035747735141885,0.00976368662258905,0.00223487297955585,0.000261157462442198,0.00683374037318296,0.0140822970107766,-0.00384995415977689,0.000966410627362511,0.00276200637534574,-0.00414053956073749,-0.0199269859870252,-0.00456252403720385,-0.0339078015559579,0.0143483783222198,-0.480024822387593,-0.724111557329207,-2.08284758792593,-0.873065563451479,-1.65711388106407,-1.2677667137507,-0.665728669570907,-0.257811359019571,-0.155788632225036,0.0633360189267935,0.00766068480785331,-0.0295727731944608,-0.00213158842052335,-0.000436519912119349,0.0430611776396435,0.130702118257553,0.0956856230098394,-0.0120001369405193,0.138587415280218,-0.0491308185823393,-0.126046664853205,0.176462301830074,-0.0372402635719845,0.116356750981162,-0.0445538206644345,-0.0414478896825839,0.0237744468669892
0.0262161684169814,0.0277707542062396,0.00360500387206778,-0.00285907412416055,0.0254609919422423,0.0138696236080987,-0.00676610742393629,-0.00600921831247762,-0.00461147626449752,0.0184889859802119,-0.00302302084851883,-0.00120505731835919,0.00512400666094852,-0.00800176825030175,0.000861641017960721,-0.00303085089431726,-0.0024401044396175,0.00260919227320821,0.00575058354838444,0.0155866995794277,0.00591708557389935,-0.00937997691515131,0.166858647869246,1.1276799009374,1.59054393065024,0.679991560140577,-0.0833380106538573,0.843622235881906,0.605744580015971,0.358583912876839,0.00264286363062072,0.0124258695414281,-0.00166178162507044,0.0714525515431996,-0.0872378542865493,-0.00135401406562298,-0.049910063453633,-0.131175449528393,-0.105027655695327,-0.0473336892784293,-0.163577642986921,0.0176568079974108,0.329212737597032,-0.103897486567981,0.0681737222216169,-0.134203869231523,0.096628926907283,0.0106352547381203,-0.0109566625353834
-0.0540347606821419,-0.0243486879224317,-0.00458322285495013,-0.00244134866144496,-0.014342814011584,0.000370446284815674,0.0090131530779005,0.0134948148820326,-0.0143636756179656,-0.0150117709029444,0.0050653433013794,0.00524993417853871,-0.0139600006892478,0.00194729308726629,-0.00107144376604977,0.00684650650804269,0.00168909218711444,0.0134461800769413,0.00771967719932437,-0.0224710427598827,0.000315203554750735,-0.0476800098667883,0.209108245681246,-0.514285365341884,-0.85992552302448,-0.912995674813716,-0.0884494373237441,0.29108959692819,-0.0595491641034737,-0.339429328362643,0.0103172635107325,-0.0231568381571143,0.0113296629143116,-0.0715926554957673,0.0795649484947279,0.103512017767261,0.118146425103647,0.0452667727468273,0.0857353274939345,0.110776191299174,0.100003112288696,-0.0231967300903507,-0.263957561502217,-0.0974126247737332,0.00163623317280929,0.10345750626476,-0.147093971236793,0.0553353868450196,0.0243581700009148
0.0354083325833431,0.00105091145531947,-0.00210119794032076,-0.00698666843979504,0.00469608187264144,0.000740977754131253,-0.011971372165078,-0.0132710907875636,0.00580638464812543,0.00208188847564401,-0.0217084581715517,0.00267214249027614,0.00439237712007084,0.0064204728731754,0.00232242989796492,-0.00405453824487219,-0.00470955108982998,-0.0160143332219701,-0.00692747112134151,0.0206579799687642,-0.00160314680022118,0.115770084990922,-0.097637847303176,-0.793222552089645,0.67764299460231,1.07146580820683,-0.305676298072393,0.0478334978986327,-0.372519498924516,-0.012435436068295,-0.15578735303079,-0.0114221903491347,-0.0280397761023772,0.0249345557737351,-0.033021581619604,-0.0909325375889076,-0.133457822587018,-0.216263468290716,0.0922538687211839,-0.0767777740741453,-0.0552403523247187,-0.00376419225094995,0.202899786583641,0.0873849945378555,-0.038104496822112,-0.0755898737546836,0.169312190294509,-0.0431633742592908,-0.0348656734623713
0.00119983607633433,-0.00920112811484129,0.0030415557392303,0.0181293731167808,5.62909604260387e-05,-0.0130174625424977,0.00270260846825234,0.00303327702919847,-0.00680800651027192,-0.00263927384504108,0.0354946193865929,-0.00654779983656509,0.0106752677888175,-0.0070132568335749,0.00454684045345638,-0.00144842574655381,-0.000883293174938684,0.00068536507249088,0.000244892400625642,-0.0129013210424007,0.00576976938048694,-0.204372646913662,-0.818183206963119,0.0885737804105998,-0.255375584877362,0.891193451653963,0.937462644281492,-0.942070561347482,-0.599238232286255,0.234473745585958,0.456076786908134,0.0429339312401301,0.0112475510093812,-0.00369838140052228,-0.0148983790486528,0.0184226541481134,0.0382369479915992,0.339799675549636,-0.238159093319911,0.0393195849349741,-0.0148840748581773,-0.0391791353502175,-0.109274077155176,-0.0264637625313688,0.0100025437683893,0.061941842926642,-0.0273313924204864,0.0516338233212643,0.00965990841431753
-0.0153430713261069,0.0330968317852231,-0.0108573320217878,-0.00846269202962773,-0.0107071184866571,0.00125835864867955,-0.00151903194817526,0.00349563262559547,0.00678119511614425,-0.00533747964610942,-0.0326053624062605,-0.00511458039606999,-0.0141507472821567,-0.0068194239180248,-0.00564817241845872,6.1426944059995e-06,0.00250115931487143,0.0133688027034527,-0.00602477248015562,0.00499749539397184,0.0114655954201418,0.315514023020556,0.780532687161414,1.21175129247001,-1.33161943823503,-0.912326131124404,-1.6281079657228,0.832841398883488,0.806275476853419,-0.170428835044428,-0.323745845608458,-0.0528835629376419,-0.0056522270183089,-0.0143614654058923,0.00414803237974526,0.0343950303755156,-0.101142267062348,-0.0905870783764197,0.0787733793307793,0.0597815674634623,0.0192613548299267,0.0148501942122008,0.101048501225286,-0.124716504326115,-0.0418017295928211,-0.0482013582945391,-0.0356973455702859,-0.0722346241068061,-0.0318543059347272
-0.00649030639843526,-0.0290776259256779,-0.00684854343512068,-0.00570395008559263,0.0153501034085457,0.00401902380541243,0.00400464073969401,-0.000675840662789047,-0.0150871000075439,0.0102695885639806,0.0211171092637355,0.0132648851381649,0.0131053456867491,0.00763666071820789,0.00541635792200899,0.00640036539784853,-0.00603346161194933,-0.013422615439471,-0.00191652583467845,-0.0108381944092523,-0.0264363739926179,-0.22635783672487,-0.508881173678224,-0.214283730555118,1.21761986206345,1.22072006205046,1.10021193955122,-0.169481988800082,-0.627194362050177,0.343385358511301,-0.0334497429840953,-0.0239186210766083,0.00163621905471788,0.00357037117490412,0.0790223997159323,0.00846105844996345,0.0710338960768128,-0.0324683374622681,0.0919851477947542,-0.099513790987702,-0.0310726733217325,0.00361454281828236,-0.0228516977630832,0.173107968538547,0.15938102115905,-0.0184355619263221,0.114272801959485,0.0499590873008863,0.0467210534699207
0.0246806034600518,0.00511771422692942,0.0116227226070711,-0.000946836163934435,-0.0126524839250663,0.00653254136926652,0.000329203059759076,-0.00363380337357396,0.0112157757362452,-0.0141274060593784,0.00271286663741987,-0.00856763070687982,-0.0104987898237423,0.00206962142749882,-0.00399283263518742,-0.0102732899708343,0.00967957310292642,-0.00360289344774835,0.0113813568089683,0.0174244609566206,-0.00839982930693763,0.0382954393586062,0.481185195772218,-0.86634089156958,-0.161197422507767,-3.00641819691807,0.322133663205595,-1.05717454097768,0.944753990965346,-0.51942496232614,0.118565644809764,0.0395020690632667,0.0200372632391307,0.00857464425262894,-0.109014937011278,0.0400659424728462,0.167670283945209,0.102001465586287,-0.163224520084784,0.0461919741299795,0.0896023525684491,0.116526120672706,-0.169747765534789,-0.210026029644515,-0.222201436035634,0.0200531912576495,-0.23802176670667,0.0395929110915873,-0.0159947153203765
-0.0179569482861938,0.012003699532924,-0.00133026948241242,0.0120325978662925,0.0060576117607036,-0.00995175389772211,-0.00317850883571921,-0.00191799241162741,0.0128563444470817,-0.000787897959337127,-0.0167222668494581,-0.00332885958874266,0.00281287058360321,-0.00521870670306252,0.00626605349665086,-0.00434996491018977,0.00134824601557276,0.00770852297772111,-0.00839513993908411,-0.0117886063657404,-0.00232588889697504,-0.0130528709365033,-0.09710118603832,1.64513711451656,-0.486626420025085,2.90660544073561,0.0984956777540879,1.00577289790726,-0.940863009522874,0.633549401492712,-0.139662092415986,0.0402689362430186,-0.0578508080331047,0.00481654594743558,0.0151166802635216,-0.0564500235081374,-0.2886038560186,-0.098218012257155,0.0520128362105123,0.0110476772291169,-0.113303984485619,-0.13919401959576,0.275389387917579,0.194433129868153,0.000492041121469985,0.0429508031800162,0.157516531589573,-0.0505388512774215,-0.00191117180203148
-0.000565601156038341,-0.0115796955213082,-0.000231353071019035,-0.011637943390887,-0.00349930267259576,0.00154031662648707,-0.00424749782888842,0.0121883145855014,-0.0116731832885353,0.00706159557341699,0.0144326022086823,0.00429927303918454,-0.00271124489941764,-0.00435457476374701,-0.01353756358753,0.00101112170060727,0.00597945617005396,0.0024713437845727,0.00170554047434552,-0.00505862681113049,0.0140103325989748,-0.00898767749237753,-0.268530412106244,-1.05661077437962,-0.0649339617881643,-1.91099056059464,0.425778887350981,-0.409293662388777,0.22897585377905,-0.271215134248688,0.235873170063428,-0.0682078575630888,0.0593497772822891,-0.0437328862344707,0.039421693868101,0.00102470896629876,0.154372946231935,-0.02915728742912,0.00990466164564482,0.0431905562385243,0.0985708072758048,0.0149343047182433,-0.260647236307283,-0.206304519912283,-0.0127252786601296,-0.0586411936284001,0.045308055666937,0.0240448752295783,0.0132152781280783
0.00303202863219724,0.00100135617702802,0.00254411979829955,0.00211053875402077,0.000815801287046867,0.00724392540577144,-0.00263481443440255,-0.0147120251285715,-0.00364219725898778,0.00213629283775088,-0.0109774379662015,0.000409628238119486,-0.00779289270187986,0.00390170514071542,0.00500852161961192,0.0103382883415635,-0.00993402355070343,-0.00444948906507488,-0.00764573279498115,0.00839088105907291,-0.00999203593118354,0.0963529738743953,0.219677247594055,-0.402495835000329,1.73717525457126,-0.401356430025397,-0.914216126850129,0.722453215160823,0.149449728261252,0.243267758462485,-0.143613270427478,-0.0308042245108653,-0.0310930708086959,0.113041219965054,-0.0213966736772761,-0.0377483369292072,0.0445054401242294,0.0111458241591621,-0.103504341159326,-0.189430954647713,-0.0968361408932019,-0.144806540700843,0.231543260088833,0.203054517371448,0.150203235610989,-0.0824923255438965,-0.268643286105595,-0.0492273729828692,-0.0227383493863178
0.0180740491786054,0.00536173565782747,-0.00639267741595298,-0.00234801691014602,0.00485382971926523,-0.0103895813650515,0.00867682371555584,0.00510354071106123,0.00890273835734368,0.00532866810597521,0.00356010759341813,-0.00729954306296551,0.0142626007702462,0.0130986975636705,-0.00180128603706137,-0.0130907415156039,0.000420317985669605,0.00202262193943442,0.00906852178561143,-0.00119328763390206,0.0106272764091659,-0.22393182744091,0.796838125990821,0.0278025952648761,-0.603414063783013,0.553887683804372,1.16185087689156,-0.437211813905084,-0.420615347171029,-0.704000817039099,-0.130228165479987,0.0739660683633409,0.00545420293068136,-0.106003111837958,-0.0853200373699232,0.134699867153217,0.0268634584990843,-0.196364992954897,0.232098160275085,0.0744203788499951,0.216647931403222,0.274366157357054,-0.156161928202555,-0.148197866137409,0.129919633086424,0.129301012991395,0.570797271217643,0.087776698424693,0.000240586171975199
-0.0339469565225641,-0.00963023204627878,0.010711581423464,0.00735629872943215,-0.0106141271075841,0.0041121452307717,0.00518582824297367,0.00431520791812993,-0.00600039447026519,0.00649007090066886,-0.00208054777630933,0.00135353602615695,0.00143115473301778,-0.00870887244685439,0.00825456847675878,0.0165408614839076,-0.00233697722760546,-0.00498535671333282,-4.92832152892697e-05,-0.00118618919595882,-0.00687801352376764,0.3425036352788,-0.910868553620844,0.945114861495132,-1.25861325260602,-0.309867358232859,-1.63907784680523,0.77300886151093,0.745067322004973,0.617071680083267,0.0489021766753083,-0.122941120444358,0.00729815203451405,-0.0224739556502273,0.0831604304691375,-0.144820637962995,-0.105559403230428,0.310976219862644,-0.271870250135851,0.201944851456401,-0.230337093572081,-0.0817503865997744,0.0767026468489589,0.10163546610337,-0.275870270108428,0.197050829909851,-0.388303942141712,0.120306517172444,0.0233680553352602
0.0190980429338024,0.0108268700088215,-0.00431661468572328,-0.00897674047575458,0.00721516272918418,0.00110209409163723,-0.0131104660967465,-0.00529211431127625,0.00275148278876228,-0.0100498665259657,-0.00090115715321884,0.00562553849997053,-0.0107993801503287,0.00438941018367739,-0.00304605321392803,-0.00966759217617827,0.00625059023666079,0.000234384826545907,0.00799966379601339,-0.0150246018642993,-0.00617700893409433,-0.178684081861903,0.198354166278876,0.143582942795746,0.403057823306735,1.56017070889742,1.0406609646381,-0.863915739457452,-0.350679951410179,-0.495173454048191,-0.0316298395040872,0.0459999699378102,0.0104573341436709,0.161854659801601,-0.149387640263312,0.0372606447883122,-0.0614952488956372,-0.253895256726723,0.0890145632938816,-0.313768016417155,0.162741020066974,-0.0131226361546145,0.0743003928909896,0.0310745879964544,0.0774960169723771,-0.219063855048152,-0.0945901681345137,-0.067642012510065,-0.0247203099398798
0.0171121016960872,-0.0112129357485381,-0.00102105807029113,-0.00308748590480798,-0.00167278673624294,-0.00669322892872212,0.0177869959848417,0.00547662045835316,-0.00571383237652122,-0.00206006609957724,-0.00517103688474827,-0.0104743962867644,0.00154063434048612,-0.0197413744014958,-0.00848228977992506,-0.00292464568711952,-0.00730042308311633,0.00732001499233495,-0.00980808863584071,0.0308064031029354,0.02204276624754,0.0340213209103869,-0.266273825499598,-0.882549461059811,0.811230503823948,-1.61940853973688,-0.219442820670217,-0.211535637534865,-0.296175458287438,0.0917583182805229,0.166343900237934,0.0536917834721939,-0.0353959567663833,-0.181274922033217,0.217887868748383,0.123966323938501,0.0967902431876924,0.23772884004994,0.257506988215122,0.686817419546148,0.09610654313429,-0.102895630306481,-0.00517730415478951,-0.232665470007736,-0.15690784492205,0.150014944261294,-0.225098883118478,-0.0981448777720935,0.00555097385303766
-0.0281038847621045,0.00941281866164644,-0.00730839017775684,0.00706104901818553,-0.00937826289431112,0.00368262820954983,-0.0236326581435176,-0.00537683419368027,0.0169026706940614,0.00167152776875706,0.00446448592667417,-0.000323653608908642,6.0808040528753e-05,0.0206211679696641,5.59386156694318e-05,0.000757997245131761,0.00474189409475517,-0.0185112078529077,0.00405150117229285,-0.0194266506115913,0.0229809335694287,-0.136826202373759,0.257364452443942,1.11345508794582,-0.942948753933741,1.45381684186724,-0.36995690757128,-0.201737946390403,0.0496065540195275,0.249031819001866,-0.335461498778361,-0.0677927121417927,0.0234616350747116,0.00210919204443933,-0.196586028637085,-0.015255210913592,-0.215904823273363,-0.309207359119268,-0.0800500707262,-0.330626848498031,-0.222403069056368,0.222039745180647,-0.430993923705087,0.143317898609638,0.309997961001315,-0.284745076651743,0.493680409929488,-0.0348499677879571,-0.00126053134712705
-0.002501182167394,0.000354824538386445,0.00637196747230467,0.0012082129040283,0.00213735876121528,0.00664062137158682,0.0190209195011406,0.000706320488607673,-0.0230000339507767,-0.00482287032126108,0.00133052791643793,0.00218283107284879,0.00124968209097849,-0.0107895742090837,0.00587540210359915,0.0123233932952743,-0.00331597237707138,0.0190607757586845,0.00136149413051462,-0.00430343231796126,-0.0340055611406426,0.171932930553949,-0.0210465520215262,-0.869246374828821,-0.334616628775187,-0.184668210757761,0.430990560447311,1.02926598014175,0.423116212976583,0.0563339379643656,0.163606529881111,0.0419159315766987,-0.00164651057299932,0.109425125883336,0.0559536673604899,-0.0682596193561927,0.436656936476126,0.406196675911268,-0.168421485199829,-0.470237924141205,0.0782771087622932,-0.26076523549535,0.770042163587492,0.282104659936879,-0.361043686463262,0.0924966706342674,-0.0288707204635767,0.0803104314876451,-0.00640869398258045
0.023809972653859,-0.000881112443850578,0.00107001658497155,0.00143968742437157,-0.000236779569673889,-0.00289427137450292,-0.00296400108567537,-0.0012368596182103,0.00884829132850759,0.00272866811354773,-0.00349181602488731,0.00379646730714693,0.00482713573029162,0.00754495773899372,-0.0042385812397679,-0.0115010111617356,-0.0040704783414018,-0.00641071679527488,-0.00697546882142731,0.00470760758487697,0.00431600586847791,-0.0831544953314223,-0.0901755675090271,0.396967105683509,1.0254888981601,-0.386421247905355,-0.0820053018215422,-0.649603916985932,-0.131445803269866,-0.230486088377749,0.00897014930194423,0.00655320174520454,0.00928004045233259,0.00669919042179769,0.161948809313509,0.218256856079859,-0.188447347622507,-0.375579476460337,-0.0429561114404954,0.227154590403013,-0.1766980960372,0.123942627096742,-0.516118217219495,0.0443057845058811,-0.127572493009065,0.67035216137874,0.0870562616127428,-0.0373143798491766,0.0386009443814589
-0.0121064468330766,0.000532869920524873,-0.00319856403906672,-0.00433796331309858,0.00526244200692568,-0.00110518861381959,-0.00268187038220574,-0.00307472113497265,-0.00772553816250869,-0.0089482252731544,-0.00434529325584376,-0.0017346545333635,-0.00463982176619131,-0.00532954695074109,-0.000813383685246723,-0.00242779319820232,0.01620224466618,-0.00922849712406726,0.00715357621424146,-0.00973648262190182,0.0141106553954283,-0.0397908454548407,-0.158645751498397,-0.145130234742776,-0.340275674207571,0.017983553005782,0.382595364107572,0.338954944917679,0.109002894561531,0.107310842129448,-0.0168450536518981,-0.0161118548318191,-0.00880530378129544,-0.0758695471537901,-0.105113247490849,-0.338200641002035,-0.2603185102522,0.141382368861654,0.0834716127235135,0.319288375267483,0.465743348185074,0.0565759352176408,0.0141404015431883,-0.504756321048717,1.06154722797758,-0.736410471071412,-0.0864842019104657,0.0179088861836462,-0.0537752891481164
0.000338114254175514,-0.0171601971287557,0.00599865190577312,-0.000709008311190785,0.00366753036625109,0.00322086538625587,0.000906665081364519,0.00266512350553005,0.0225976501460936,0.0136659801739723,0.0158410955470069,0.00196893728944893,-0.00501306232260016,0.00216789574824708,0.0045520067025493,0.00292483808805279,-0.00537505218004954,0.0139844829174722,-0.00511217769669954,0.0165991886184312,-0.000858071114110431,0.0989224287467733,0.288308803297634,0.151550179966133,0.326169753888898,-0.542199463766263,-0.42327552885425,0.0127193620774465,-0.221693584608603,-0.00712722003255922,0.0364275087089355,-0.00544465050894193,0.0234089603952918,0.0160724045257072,0.11085473082455,0.124855312746014,0.404307481938591,0.115624674092104,0.028377099741846,-0.12459237397355,-0.977549531526365,0.152022452878397,-0.331984399504385,0.664575207364106,-0.547938859077345,-0.505937084999427,-0.0988212763762192,0.00942911261343649,0.00753351956585129
-0.0112841937115451,0.0252641512144597,-0.00435176125876327,0.000953821830391986,-0.0180360268906784,-0.00579876364361171,-0.00428168604752185,0.00638378299781617,-0.0212022759827193,-0.00266676112344089,-0.0116366470768667,-0.00794092868629209,0.00774096638888773,0.00115445239522003,-0.000325604688577234,0.000943954103638866,-0.00778229520949976,-0.00817638051741132,0.00486498904098629,-0.01015807006677,-0.0175154394984177,-0.0389400908407284,-0.0462421012008994,0.0872037288609483,-0.585903416326442,0.749144439981302,0.0952805895613433,-0.275217612807256,0.100463608895804,-0.0436928238397042,-0.0591385364269246,0.0142752816028131,-0.0156148288371105,0.00746980310606463,-0.15864454828378,0.106914812959688,-0.201806375717767,0.0246505298481466,-0.119200820608995,-0.377116215860071,0.841428687053998,-0.335583809858854,0.907880384268308,-0.159037410851295,-0.125575560266188,0.865791744459137,-0.0966001602622754,-0.0236767597502585,0.0268986672123846
0.0221946941804563,-0.023416115237968,0.00308024393497701,-0.000224423554336152,0.0215919594754504,0.00713148309627338,0.00109412715917946,-0.00626926302354635,-0.00608433221896802,0.000846042088365013,0.00686396433234814,0.00579444941976263,-0.0076691686686997,-0.00279226610659879,-0.00435146345539561,0.00168806243959676,0.00910107690275816,0.0024206983269248,0.00383991084823076,0.00985502026062384,0.00352812336414441,-0.0237231311158383,0.00684139540630334,-0.259813839652922,0.45570394032812,-0.382801648551889,0.10171751156009,-0.0257828582691411,0.0933308993581436,0.0280487289853512,-0.0201175138197542,-0.0113076623715975,0.00164827641703072,0.0244719610229152,0.00348880650479436,0.0186143417154734,0.0625039802714379,-0.00691636640356228,0.217193538112169,0.494715496532475,-0.284003350927273,0.249207330722188,-0.82922329863282,-0.225785715756495,-0.127025033505164,-0.455646031275329,-0.094818013340979,0.0427010865837905,-0.0168535970236164
-0.0301631419364719,0.0210076208879219,-0.00853169903407162,0.00267498269095718,-0.0205997925067877,-0.0118909739961748,0.00757344029050524,0.00535208477644094,0.0157450973121606,0.0120812704492693,-0.00290119776245723,-0.00322581112620111,0.00592150451263701,-0.00364990619138709,0.00270900651029642,-0.00368620542353145,0.00106980017525884,-0.0112638191892926,-0.0136190132556658,-0.00704013578167666,-0.00852661313279545,-0.0124355481668969,-0.0368296735121475,0.286163712278824,-0.159722669683739,-0.11901071738338,-0.137011803434539,0.12630125146708,-0.0426466766299094,-0.0637466714368823,0.0307859708001578,0.0136459337507893,-0.0176937701451598,-0.072143066776968,0.170543990490979,-0.232581147582303,-0.201563621150206,0.0269404625925846,-0.176367919585686,-0.184528174273955,-0.32966176306123,-0.326173838974944,0.798673447502965,0.158598927296221,0.106277457842186,0.156941404963343,0.0887752835877627,-0.00160352616571166,0.00579936662985979
0.0179650911560885,-0.0141562616844116,0.0202813610383724,0.00186983199354299,0.0203463963167969,0.00328018356802354,-0.0164066958603819,-0.00975107727305416,0.00155237474175401,-0.00339620582980893,0.00500461870541338,0.00269162122754184,-0.0039936273363715,0.0106806947538,0.0038784070558643,0.00146231609072935,-0.0112633334998875,0.0206934686061304,1.46900014308922e-05,-0.00104736395423988,0.0114958395635024,0.0426197205495742,-0.00159858548776485,-0.21070308941367,-0.203660486339522,0.219496305466805,0.00478070737527458,-0.079198670097759,0.0181581774079684,0.0705162905324467,-0.0233540311305841,-0.03155279502556,0.0177314875860547,0.0787606978585239,-0.180515736257818,0.208048634842998,0.0404068488331195,0.153893831247569,0.524276647911896,-0.443368792260852,0.462634843368797,0.442812624120799,-0.344712221642248,-0.111844198688238,0.143234707471263,-0.169157113727825,0.0310171909115625,-0.0582354926950487,-0.000495044955613052
0.0143786867242931,0.000346461741628548,-0.0194823445233685,-0.0117067076568315,-0.0135984335088703,0.00247262126973121,0.0184451837039926,0.00854755088058777,-0.0176987544319708,0.000449777285167726,-0.00753183408627164,-0.00503888255779533,0.00311156019322016,-0.0100832313317547,-0.00761470690513333,7.70408114901837e-05,-0.00343116281548365,-0.00584130665378902,0.0110288742047935,0.000195666520842604,-0.0143010833460431,-0.0197504486290609,0.0413971997077143,0.10491364202157,0.256605762108307,0.0949600752977032,-0.0208383000159572,-0.0118512985517253,0.0335116910566448,-0.0493238411584776,0.0179371286486068,0.023992104564914,-0.0103946143142825,-0.0140171690479101,0.00989424813164672,0.0495943003653326,0.118057037991749,-0.0330344205167828,-0.677834726693859,0.340273317366438,-0.15837835876943,-0.347049243639554,-0.0949206949076022,-0.153792642574186,-0.272409035840463,0.077715196705159,-0.023029064042295,0.0166187826820391,-0.00838588520550132
-0.021911375974462,0.00200570796026803,0.00205699427127653,0.00574115332029298,0.00724308057874364,0.0020745435589256,-0.0116944174712894,-0.0086268156968333,0.00508343543344179,-0.0181038275911282,0.000948916273233884,-6.64759226870395e-06,-0.00126969780220415,0.00767878002211285,0.00657454868785796,0.00557313353287499,0.0150663498606743,-0.00282437235510794,-0.0127471861032175,-0.00103175371565697,0.00436662667283911,-0.00664115066792067,0.00621858649318682,-0.0545361186790412,-0.12712837734409,-0.0783634889791529,0.0314023813208497,0.0266014608732909,-0.0424354839349362,-0.0117811187152686,0.0572225822675486,0.00234306968996714,0.00446286067866454,-0.0416070994513771,0.0195569775953009,-0.147003520561156,-0.198807076120013,-0.372828834478768,0.0375966697702371,0.189203551940784,0.0317241307027727,0.00872012726070402,-0.193339277880284,0.209190690685788,0.162532293807641,0.0148157023119496,0.036772632700568,-0.0155679585133764,0.00923487335010476
-0.0078463173961867,0.00897565844705571,0.00782529522710162,0.000453706644871203,-0.0074493423418239,0.000446655631093292,0.00957686129048034,0.0117079910357346,-0.00141480583498898,0.00120484570225643,0.00738138932672572,0.000570853561803207,-0.000152357527005781,-0.00583628472635392,0.0112915715199485,-0.0060780419820801,-0.00804702543613139,-0.00481269866542356,0.0015268095013654,-0.00133001463153189,0.0105709570562722,0.0206345791966857,-0.0899242555983652,0.0733871618925128,0.0168570491117766,0.0722281885078633,-0.025619060347631,0.0340357494633814,0.00630877364840683,0.0555693597307992,-0.122173920804645,-0.0235370544173215,0.00452126277979675,0.0131968540425921,0.0662705306384946,0.0318245298464176,0.290162613012737,0.268643758049447,0.375690150156184,-0.177284874973576,0.0817209123675653,0.0542059813483033,0.0797812438786022,-0.143660337326577,-0.00665221419030459,-0.0738614905685195,0.0240569768782434,0.0169793998779002,-0.000160643507444079
0.0328231306222916,-0.0132087989229605,-0.0138541638556429,-0.00584199610096658,0.00263046505175738,-0.00162941048000537,-0.00466898663410873,-0.0079969555662074,0.0116681472935337,0.01579090345684,-0.0061011886192787,-0.00452405408672256,-0.000948168019943611,-0.00276044781791156,-0.0132115910108886,-0.0010201716783312,-0.00359259043129936,0.00411822743134417,0.00925113689733151,0.00729154079543542,-0.00746565935892381,-0.0243999692315304,0.0736766287869277,-0.0081506373016213,0.0407236300181306,-0.0703422774699628,0.0339827658266879,0.0011339395051298,-0.0317596687601379,-0.118303609161527,0.0571625172971825,0.0106396803776018,-0.00442758985644209,0.00553577384717113,0.0214075598619262,-0.019975270113917,-0.246649071235675,-0.0776895815180401,-0.235631412364074,0.0301441423868234,-0.0190302187095232,-0.0309148812185546,0.0225338871717903,0.119461480193246,-0.0603314834295364,-0.00295172079702754,-0.0667755960271069,-0.0244074806643192,-0.000271002598277844
-0.0206605119617143,0.00420607187862388,0.0048157924450421,0.00511726976451217,0.00305228548293757,-0.00302051787672137,-0.00193951600445631,0.00170388068095224,-0.00590616104757692,0.00320322145766518,-0.0072323856839677,0.00565241383869195,0.00467066962200846,0.00682307110649439,-0.000553722387124741,-0.000995708072576408,0.00734829874070614,-0.00122642061025959,-0.0107706844693484,-0.00633620227293694,0.00645202714852828,0.00746333022452333,-0.0483027075500373,-0.0198439008989579,-0.0439302108839269,0.0243273965624732,0.0401048505102261,-0.0589138957229227,0.031544623706887,0.124640274419522,-0.0193184344538369,0.0207477818633274,-0.0155503306560188,-0.0165536345683543,-0.0178670649913456,0.0707541648421102,0.169242844584838,-0.081678653698317,0.0490473087015027,0.125721701877993,0.0574571334183217,-0.0154971253962514,-0.0505174027420721,-0.119227340768163,-0.0501628797256028,0.00581679099104378,0.0210460595797798,0.00358980808359957,-0.00640745620962532
-0.00658534219206523,-0.001486681919747,0.00381410946753826,-0.00959718904613789,0.00272275275007727,0.00160926931791821,0.0070778558251158,0.00801438211016663,0.00294158257784501,-0.0169637536229532,0.0130837353475578,-0.00142635139370392,-0.00659387516343582,-0.010501882923235,0.00273950958557392,0.00514588911718524,-0.00472186760834077,0.00190138763185328,0.00379909441035272,0.00529548840455951,0.00387392756406438,0.0133555611282649,0.00699444807710173,-0.00601819754641462,-0.0262979630239736,0.0270756727466598,-0.11781833600284,-0.0358113392514941,-0.0842761145955192,-0.146963483116182,0.00425511959448904,-0.0235292288608816,0.0207928970111108,0.0915926997185363,-0.0865580307757661,0.0212432573770081,-0.10739835033812,0.108536505010267,-0.0322452306212451,-0.141465025435541,-0.171941285511054,-0.228579207478924,0.0836860847191567,0.0837499650605355,0.250107953510383,-0.135899308676048,0.0183430305857978,0.00686876791733767,0.00847790296388186
0.0238338032457539,0.00589716406859145,0.000664789183512654,0.00582270057652953,-0.00495313794321097,0.00167946468651079,-0.0036300352160526,-0.0109744988570099,-0.0190261310968147,0.00700381933815184,-0.00737053936408622,-0.00165567337071983,0.0104311913217703,0.0109413040270583,0.00298598941040734,-0.0120191158331236,0.00295025482465259,-0.000225515434046317,-0.00176738825165848,0.00293367022622191,0.000222206147698452,-0.0158469566497457,0.00345027375003023,0.0963944454561145,0.0814813359302028,0.0591740385750322,0.0749078439071061,0.128547119611404,0.217819459182424,-0.027893851789277,0.193963090653216,-0.0329405269218331,-0.00769552303921032,-0.082726417661651,0.0459954424802215,-0.104889086868273,0.0206650047228117,-0.0224165672719832,-0.0181753959755501,-0.0131756043538957,0.165167916363237,0.411408939706944,0.192748907274101,-0.155842585168515,-0.174665043643693,0.154659461503795,-0.00590530496247016,-0.00488815156649182,-0.00294435029390681
-0.0131610963086923,0.00428035282470709,-0.00425528118881863,0.00408143613422678,-0.00201525416474945,-0.00133139797560199,0.000718062890852781,0.00286843281961602,0.0162326548734822,-0.0147057462856029,0.00667581107404272,0.00289692822311306,-0.0091728992481666,-0.00577179125868024,-0.00542309685230853,0.0136331015987444,-0.00531278085783401,-0.00276587595285448,0.00652645568381494,-0.0114366396976285,-0.00439273016357432,0.00539903083430726,0.0358747563690121,-0.167538145944731,-0.12821763043301,-0.0757077168101341,0.171406494849875,-0.0180509277982088,-0.171108394082617,0.262148023794256,-0.372013566113911,0.0805382859601241,0.00863609595831971,0.0642634134551518,0.0219073477939551,0.0511684273562878,-0.166571175743202,-0.1470759451818,0.173287219568154,0.0236996263708826,-0.0311601201899045,0.0653197946509795,-0.386179071114609,0.156022084701098,0.256854212884636,0.07880299998081,-0.0860047576968714,-0.00438809378729813,-0.00310064772683613
-0.00854128792065106,-0.0101870928629929,0.00397695359246594,-0.00145876783101512,0.00163244911532447,3.91246034679681e-05,-0.00162910842380774,-0.00248056324302484,-0.000499960287182979,0.0140920790667167,0.00220061699620136,0.000678823454925427,0.00441178586654026,0.00160282724346464,-0.00336072191470238,-0.0101849933172424,0.00646165832552359,0.00242131094844205,-0.0141778791794796,0.00830857760061281,0.00355151487862313,0.00468348862276469,0.0220706275831326,0.0577760127279031,0.112215548087277,0.0661040300730741,-0.0651937874415439,0.0476371860913559,-0.248376246592573,0.0153644500544737,0.104023477786294,0.00689486823263812,-0.014949496946968,-0.115852070375824,0.100919413832923,0.0647270761686933,0.528340377273859,0.0612112820428114,-0.169184519455889,0.0203053046687877,-0.0515167418509605,-0.336086348471055,0.0490793263292851,0.0392646164541674,-0.323670956807338,-0.260819377905301,-0.0547366956326722,-0.00208401076611587,0.0118301936814492
0.00849486436391034,0.00709589940051787,-0.00271969724413555,-0.00236981294413401,0.00162534444078674,-0.00210033417866296,0.00287821532557778,0.00121624155989078,-0.00101358471049266,0.00185734088895435,-0.0034500968893342,-0.00377485086042889,-0.00468393116916326,-0.000910422079418094,0.0109677362196094,0.00785871248277868,-0.00874040503597709,-0.000167989287236132,0.0131494578511941,0.00986548331158653,0.00467261469336484,-0.0125258397254886,-0.140982999629334,0.0398708064509778,0.120902244906437,-0.136113748764366,-0.14226813112877,-0.63645943855496,0.302107255684448,-0.311112214686356,0.0265521758098129,-0.0970183919705521,0.0191010956922569,0.0783084709730681,-0.361681192281046,-0.113939713437663,-0.741741644306862,-0.0712652394636054,0.0684852949773659,-0.191307004126305,-0.252227840765505,0.151468208321704,0.308469960574665,-0.0616158395878888,0.192939763915172,0.00154557044148959,0.356434766238997,-0.000957488942897711,-0.00757941108848259
0.00261217807854069,0.00247408207526709,0.00247556413560715,-0.00371182225355026,-0.00373220075876112,0.00172579103358302,-0.00362532261634558,0.00968054635687817,-0.00174484955761442,0.00618356535567379,-0.00023353439937758,0.00684120807008448,0.0037666710745655,-0.00210542047657811,-0.0133627062976528,-0.00528734152611249,0.00408024136930682,-0.00797290436339749,0.00320148395453087,-0.0165919582555673,0.002335984955348,0.00284614498049744,0.119164733334884,-0.110658937440619,-0.208006967410626,0.455463872702545,-0.0720594143372348,0.76106367118417,-0.389919505264657,0.347198824913728,-0.0232606557725556,0.0595120088442806,-0.0239736272761392,-0.0357704676404289,0.457716624948933,0.0867323891862605,0.683785106607669,0.240975190496612,-0.0296959563093082,-0.184756248469763,0.121417619568456,-0.206029505023168,-0.0785918222583239,0.0363269829590609,-0.300275748064052,0.0205609738302445,-0.455269050400608,-0.0211070291664041,-0.00127543788054533
-0.0135381524046508,-0.00854583844558301,0.00778702209117546,-0.000247812898713505,0.00166772110190456,-0.000905506714635247,-0.00187993925577378,-0.0130597920517834,-0.00325574696948682,-0.0178604301442111,0.000793001136806112,-0.0110749770960917,-0.00723623741337137,0.0043886661264149,0.00878860755025866,0.0011049995890418,-0.000622509492614527,0.00686319051365351,-0.0059164306707869,0.00362369274676794,-0.00893870000589739,0.0196329352045015,-0.0525781484400201,0.194979342440618,-0.0645553047824594,-0.358619444097757,0.6532744192377,-0.57154432660881,0.476977134018792,-0.186082331375069,0.147532255481946,0.0928391419546267,0.00516780825467848,0.0404205355781828,-0.336819551143345,-0.131881091994605,-0.409868380812916,-0.318039335063603,-0.0955376686678161,0.730957016601629,0.206323983608477,0.318106496762494,-0.166022278496249,0.0238266055850463,0.595860136341864,-0.104613709067047,0.340755100027321,0.0396050135483011,0.00507936282573357
0.0128708724987669,0.00671828801516277,-0.0162137835248163,0.00263884239538289,0.00175746433317576,0.00483943485880832,0.00110662264700979,-0.000972870249670425,0.00273767537096422,0.00801145954214279,-0.00126249634791385,0.00785885362627688,0.00953066307549085,-0.00993206038441803,-0.00306098216355255,-0.00116769181708072,0.00150514684690682,-0.00483324134768771,-0.000579406449278533,0.000985143650645583,0.000246618119592039,-0.0106902510960959,0.056844392575689,-0.155706706721243,0.278373975996295,-0.272090788472537,-0.846309149849831,0.34340714436779,-0.306003842951198,-0.337202186790128,-0.557603530406871,-0.166684453790106,-0.00947249579313596,-0.0957600688634458,0.100937376411872,0.107633491064902,-0.00228613745261472,0.0731689097386922,0.0772000465236771,-0.469035765402471,0.437233560863572,-0.0972016806909187,-0.079592424538893,-0.176004600054606,-0.737008667326672,0.223568736219803,-0.0213511083163081,-0.00103438288469349,-0.00545698586346028
0.00278027239926058,-0.00986017876943685,0.00797937205478268,0.00664285189663246,-0.0120618633019963,0.000725227542144899,0.00323819653131308,0.0063873801258464,-0.00203503441580101,-0.00280317539492369,0.000948447268148408,-0.00274269508210968,-0.00613681770612468,0.0119444471661542,-0.000831751303105117,-0.00240674617709184,-0.00548251912360707,0.00851003139399509,-0.00112204983373869,-0.000684766174766325,-0.00865770229110362,-0.0311778280014519,-0.00903235822937155,0.437273925178433,-0.00454257447909001,0.332848944027716,0.0698010355238803,0.30030036622435,0.0105688484006594,0.280210842654317,0.398030255636409,0.117404851036729,0.000852638590642517,0.0640051731201635,-0.0752102321831819,-0.0683168441602884,0.274338524400127,-0.114224507394625,0.269115226655767,-0.12010044344985,-0.448153006548428,-0.345414655098577,0.043394623618113,0.279069070986474,0.432323757935939,-0.00425223119908446,-0.154272696993532,-0.0249744398196293,0.00429016596704887
-0.015111179332312,0.0113599515191562,-0.00285074186478327,-0.0092034327196286,0.00584834758649995,-0.0101160766615719,-0.00445676491460724,-0.00447233885242144,0.000613357713420744,0.00811478975242048,0.00075342181302989,0.00743122258886437,0.00179942276370745,-0.0112285470756283,-0.00660954607468731,0.00570464451034011,0.00544926697136834,-0.00767702056301657,-0.000692715534785116,0.00166890042854845,-0.00409876893039886,0.0656024599802294,-0.0894747065984186,-0.608853100197027,-0.39645388075864,-0.158188975860342,0.0831515115022484,0.117025951984507,-0.048784356851879,0.183206858483868,-0.0206971170265623,0.044031291014037,-0.0528017586828606,0.0525803493122981,0.39570742556884,-0.016624423961769,-0.502473780185042,0.419832055879395,0.225457472306609,0.367420587468459,-0.167661549597083,0.328534305792077,0.224616081891964,-0.426403899899248,-0.1896685911854,-0.0309277539109182,-0.0685292738311559,-0.0122160648979222,-0.00136574991239833
0.00928693518005689,-0.0113690893361044,0.00447987757502435,-0.00113229141074782,-0.00104687021740635,0.0112833804394233,0.000667547264501242,0.00134312809768345,0.000501845340667629,-0.00822561359761391,0.00310706883731028,-0.0079874268109669,0.000334181768195353,0.00528072299418616,0.0129688746950162,-0.0112726227286884,-0.000394233060916974,0.00650929864470672,0.00334676552414375,0.000195860704982774,0.0130835605470981,-0.0821257928128946,0.000388508031022181,-0.00716444502959285,0.185288366114546,0.0741009078388135,0.249740123697932,-1.01230341028561,0.207458888712854,-0.204519358814188,0.192306793317826,-0.171093191331206,0.0357631007866987,-0.0122275906800855,-0.201634670025769,0.214439835288414,0.458030087404873,-0.283182110785861,-0.523087352905041,-0.190257654597913,0.425731094595484,-0.360751250380829,-0.46572770722879,0.460775627510965,0.341875347497885,-0.0842497408571146,0.168119987470209,0.0414917288888713,0.00907231500704602
0.00880632244752829,0.00728479881230415,-0.0031227573811894,0.00532667757217983,-0.00475005136701597,-0.00489911120240757,-0.00707115839888301,0.00685025293076662,-0.00208975270135187,-0.00219143197858208,-0.00216353213778123,-0.000323119549661866,0.00471762260698485,-0.0061803310409622,-0.0030993365510984,0.00257077906194014,-0.00312959372750862,-0.00475208278246379,-0.00384379809560542,-0.000870663560025742,-0.00788965649699894,0.0557268515811556,0.152218764697418,0.387861884689779,0.277324376890545,-0.181353997940588,0.078286368277135,0.755554436985283,0.0759670839820078,0.135736106488702,-0.257179403679024,0.127902688051285,-0.0667013412189164,0.0197002310771892,-0.129963854670533,-0.250024042647351,-0.251851544582186,-0.236242202102304,0.484060621688392,0.0542332351895913,-0.0981333815386021,0.215461333692452,0.418285298686352,-0.205051428460403,-0.257068836433593,0.0184515444404413,-0.0464310390904857,-0.0136644078215878,-0.000798488993664897
-0.0216809223521589,-0.00384411358386741,-0.00114175804771398,-0.00512541911659618,0.00888795685829173,0.00333736672553595,0.0108542811219233,-0.00762692394377146,0.00266794181178245,-0.00235844781947408,-0.0082228923204262,0.00663198998913246,-0.0088557704584311,0.00265313408722038,-0.00599676020250702,-0.000195360715540127,-0.00070637139570968,-0.00595384388382715,0.00467966348255261,-2.10967630516392e-06,-0.00587081323188681,-0.0723313218309474,-0.00232703528164065,-0.010620845151678,-0.113234095080397,0.218057204378243,-0.517944951268618,-0.136158258149603,0.199891568114071,0.183505002743359,-0.109672910597181,5.19335193099879e-05,0.070946521823553,-0.0063852768912414,0.0592423796328985,-0.221534684566616,0.240003145747205,0.452469013945797,-0.471416889278297,-0.0279972808939615,-0.268997791442557,0.105817453103063,-0.0236134726032243,0.125820504774356,0.186281556945846,-0.0602240462067958,0.0516223412270027,-0.0130832389538508,-0.00899030543703842
0.0183947964150012,-0.00355033722922382,0.00103652658393489,0.000974268642349761,-0.00620248067699142,-0.0122603256255562,-0.00384649039563207,-0.000255675117759571,-0.0109105297521608,0.0119558632384013,0.00615183106993793,-0.00522689659298231,0.00761998684959531,0.00343862579640315,0.00403396709301708,0.00119499659840022,0.000146822084638565,0.00937741871231692,-0.00889375539925238,0.00181283995901098,0.0105077482573884,0.0850121669927221,-0.204783176777015,-0.207139945295206,-0.361477149594009,0.229664939975054,0.809202849433058,-0.43384181624521,-0.32771686100262,-0.349320897039534,0.641783003651738,-0.120039993561267,-0.0410248672405494,-0.0524320563720363,0.0732230970960711,0.433317436495113,-0.342850185153968,0.254519317195727,0.329765338635602,0.150980840666554,0.334747499456983,-0.353843815613812,0.0657308287270025,-0.0139670853417968,-0.235784445888096,0.235372709556063,-0.0538577866070095,0.00959571388274853,0.0052380692019474
-0.0069290687425419,-0.00438305414642871,0.00252339749577596,0.00160564847748593,0.0118630932814225,0.00751353599922113,0.00615740632659729,-0.0050574899160874,0.0169302895277284,-0.00981686619779883,0.0028969904311086,0.000543904776272877,-0.00562172533811307,-0.00251013836804634,-0.0013549627004238,0.000303879715984234,-0.00476735278663347,-0.000814033526651906,0.00784637812301433,0.00270829946886947,0.00144518918323531,-0.0253798377322048,0.142326390848369,0.308674271447938,0.488361815729707,-0.323204589050658,-0.341573157799267,0.594424559332929,-0.121398171131958,0.173752341596914,-0.391680162108188,0.0992029963411449,0.0559175565940126,-0.0258559720103948,-0.224860779755906,-0.319350705142863,0.234982364583052,-0.580863888260379,-0.234159279693835,-0.256611842479044,-0.197691223615121,0.501043833356776,-0.244724776713209,-0.256576421215185,-0.0252377788595353,-0.0690067332340531,-0.0055918525571858,0.0147594579675932,-0.00167382784445875
0.00841495003622204,0.0115653605626775,-0.00701506926755591,-0.00234451344024266,-0.0155836859986037,0.00331294360705102,-0.00486430851416976,0.0126598398735027,-0.0112860939615004,0.0100073426312019,-0.00827673596023111,0.00764773172557178,0.0090839304314098,-0.00121092088132166,-0.00542773918409845,-0.00231346554037225,0.0146924342421687,-0.00646075820199263,-0.00190622566669598,-0.0102390100846128,-0.00497843518783591,-0.0156611321757935,0.00536163900158412,-0.0604621472122171,-0.105883987224755,0.284595574639132,0.104635488029089,-0.149552585852808,0.320818291147846,-0.193284144312178,0.149816337198522,0.0599051381865416,0.00507615998550454,0.0671291417930003,0.404113411845744,0.418620491414217,-0.00311560807155939,-0.18366335802632,-0.15395452343721,0.319933830396257,0.0540762880356987,-0.337939388445419,0.198594224876912,0.173478058407239,0.111772709919662,-0.140510608967213,0.0219497800037936,-0.0161810781999112,0.00741169706099205
-0.0104617442354165,-0.00693419035906069,0.00116966214732333,0.00210606935060946,0.0124081304765297,-1.10587657001469e-05,0.00296197910810184,-0.00928247025742844,0.00381305960665801,-0.00112785454064668,0.00958072707505182,-0.0147753638292061,-0.00626663124915937,0.00937707135146863,0.00176078540073309,-0.00560500345492106,-0.00607555519100962,-0.00321234517252438,-0.00534261069084764,0.0142904050081056,0.00456104215656353,0.00895244721914556,-0.00531870200030059,-0.019177788788749,-0.0896170570787057,-0.403145161930978,-0.195590675415598,0.0968741907899847,-0.154297757889279,0.331049574551083,-0.192278118270366,-0.197752282529375,0.0201914785830984,-0.106056201908762,-0.430934657425565,-0.0756680065405238,-0.0531190217129535,0.384097271268096,0.526378140065027,-0.349873838468591,-0.0121109614142443,0.184485868403989,-0.115332958209175,-0.0713054935902726,0.0229555805256099,0.0934415945591333,0.00247370969564485,-0.00290429756070955,-0.00551723165660602
0.00299642323602833,0.00869102730699713,0.00696988294979458,0.00210878508710875,-0.00866341140142599,-0.0113263809127657,-0.0135036547109027,0.00101133787735572,-0.00866686265098333,0.000133836717024849,-0.00602353014908433,0.00518739409670062,-0.000561788604573458,-0.00692202655354366,0.00605556391851306,0.00802264649934375,0.00516848836253842,0.00938326198664065,0.00639102592617217,-0.0080636132873391,-6.64590448532128e-06,-0.011552261911947,0.00769695988431864,-0.061699141482126,-0.223885290766644,0.383655023834876,-0.185324833706424,-0.332193936918306,0.238475942849322,-0.177486257965331,0.176157342670713,0.0840411036479596,-0.0437408926555945,0.0314132722812278,0.278717848658389,-0.175273178412221,-0.289869514940009,0.353954117846668,-0.251584382062903,0.2805822356707,-0.29816327930602,0.0939164560674457,0.181590533824626,0.0715084175278757,0.0803167990233819,0.0746073958680486,-0.00153719497199485,-0.00562510685296621,0.00101322479652446
0.00200150789391286,-0.00469746276214173,-0.00822301401782142,-0.00409824690124828,0.00164649277351315,0.00782746575020038,0.0131761528091901,-0.00175933546879365,0.0150489139078076,-0.000498238470925564,0.00232920132324894,-0.000513002364461231,-0.00173943321572461,-0.000526986728953565,-0.00301807759844936,-0.000799550608751822,-0.010681484184542,-0.00677663489470869,-0.000138182394452229,0.00414404707388602,0.00747726559331642,0.0125226399111623,-0.048594724163391,0.080156279260336,0.331770251909688,-0.238342597389666,0.65057046782718,0.456713694135757,-0.188372221008888,-0.00890529368791251,0.215580871891992,0.110664520926093,0.0279694883954053,0.0491123583550447,-0.134634524623744,-0.036671964709193,0.345069457387788,-0.939768398873402,-0.139765402253914,-0.488970556772772,0.518824053004514,0.0625978841232227,-0.154218184023632,-0.0948822248355155,0.0160960317519456,-0.14036019356626,0.0177227589980024,0.00736281101298305,-0.0114000767254722
0.00578012724759744,-0.0028271886365197,0.00815768314353378,-0.001479662493779,0.00420142415946381,-0.00498095551278105,-0.00312063470222549,0.00607156942977824,-0.017609114777684,-0.00843581613384127,0.00460578701117836,-0.000137094433331369,0.000464555447711167,0.00560109859517418,0.00417815605179231,-0.00413111475234078,0.00648190990528642,0.00942291043431213,-0.00071540614774632,-0.0117734459204367,-0.00119315813612543,-0.0182246785219439,-0.00649118794121395,0.0174585046353329,0.0239043763930127,-0.0467461657083489,-0.949649831088232,-0.380098485555702,0.0192818261422477,-0.195214739184699,-0.303079151721023,-0.0971360957716244,-0.0122147464085699,-0.0869651326598401,0.120328652742338,0.201828263484172,-0.166937265966398,0.837522674416277,0.242668477745592,0.355935818211832,-0.196464910912721,-0.401083316841277,0.0906563047121038,0.0713991325201019,0.0307668914211375,0.020681721078022,0.0199811960984125,0.00340916302092295,0.0132264913652619
-0.00538283982333382,0.00245403558052038,-0.00580444171515161,0.004395867976139,0.00121070615983447,0.00967360182275037,0.00150352842906548,-0.00368718778024548,0.0100213401226045,0.00587183895379349,-0.00930411869284809,0.00566217616286345,-0.000312571440417052,-0.0105464096967017,-0.00212432465252942,0.0047443995413191,-0.00261514573261043,-0.00606195619393203,0.000233748132613735,0.0139202704129565,-0.0137202636467408,0.0182997552055184,0.0438347422105374,-0.0839348335811936,-0.271910191866451,0.20447845789604,0.501680949610402,-0.0839357123200283,0.032008393513464,0.390018366953522,0.152916396631491,-0.037057858273654,0.0176928969844531,0.0654872283952203,-0.0300052636456755,-0.241196865737285,0.428383756850973,-0.141747951655991,-0.111182683614684,0.0445872230340388,-0.137363630575674,0.20149267214445,0.0524637346335388,-0.14030481682,-0.011320599209379,-0.00671199575759414,-0.03717344853668,0.00183048738952348,-0.00451155033530776
-0.000652321689902739,0.00135306823464447,0.000782096212147726,0.00224664256109437,-0.00809268435987244,-0.00970529550996544,-0.00271323926698932,0.00519124207085474,-0.00586208807243018,-0.0123425075270806,0.00725548909511138,-0.00581908422681971,0.00358235204830456,0.00326309171900438,-0.00189778765434021,0.000266249221661823,0.00353967325487327,-0.00313077184977838,0.000544086542991288,-0.0075172000278044,0.0114232978276216,-0.00806952811012577,-0.0252282278674125,0.0680627197898712,0.182892637654638,-0.395686083163029,-0.0086952100034462,-0.156613099902807,0.216183928741482,-0.324126246426839,-0.214619869355312,0.155738195991531,-0.0255855500404053,0.0607775180699047,-0.172168604173326,0.258220813027051,-0.437733364293627,-0.00630697985591709,0.15476603567349,-0.0997919484513514,0.112778900172889,0.0580114214961052,-0.120365580451931,0.411619927151148,-0.119189474374704,0.171884876289456,-0.011895510260612,0.00545218667293905,0.00207131143687746
-0.00899518062725225,1.15582043322315e-05,-0.00139216327682174,-0.00379957790234744,0.00767457686372044,0.0102669368261259,-0.00365932267506794,-0.00784595540835813,0.0100089598381065,0.0155455344664037,-0.00700950350565491,0.00678870548245089,-0.00371772554527237,0.000870099525791564,0.00640254596257104,-0.00208591168623608,-0.0029676367442749,1.00840574944498e-05,0.00175395648704421,-0.00135211927351882,-0.00766390655197881,-0.010350226752177,-0.00928153417785993,-0.0102366629196269,-0.0295442585394764,0.50156725551271,0.0736670084625081,0.754221793644923,-0.0263261046186746,0.187186159500079,0.32091345964437,-0.106421989575287,-0.0171296308706851,-0.0766754255969066,0.215334382647738,-0.183090011844833,0.000254873552686993,-0.237451226982127,-0.195333382176892,0.0406701596104819,0.0247565341298814,-0.134008132729754,0.0946262882878154,-0.415373646350787,-0.268119297416199,-0.187723626970505,0.031849594705568,-0.00471753047058,-0.000881106404074129
0.0238333466789487,-0.00224297156072928,-0.00582741156931445,-0.00423982611300677,-0.00956027748896462,-0.00763616948604433,0.0108852411247822,0.000591865011447783,-0.0117458271263399,-0.00533401934469666,0.00798794470211078,-0.00489785264516353,0.00391465472920233,-0.0019362666387808,-0.00758892405428467,0.0022664560778642,-0.00473164212521555,0.000450987152151401,-0.00416001974334544,0.00865902200477401,-0.0015561710256644,0.0128343155335161,0.0132526529070394,-0.0013966011204438,0.0736827284341826,-0.298228922993352,0.170050702463961,-0.630158750950769,0.18344620684134,0.253787100905677,-0.114392122713513,-0.0377036916559291,0.0350373020848429,0.114571440163012,-0.098672160701643,0.236970126139985,0.114327626107,0.419818308970615,0.0680877774145637,-0.0904950505731244,-0.0328985799263413,0.155730567581462,-0.270874999589047,0.0201372860150941,0.394478142722915,0.021775462890049,-0.00523832222811321,-0.0166287629331117,-0.00639646889258823
-0.0150399679447603,4.50374873611618e-05,0.00904858781444518,0.00943861180619182,0.00764747020035555,0.00632638546891996,-0.0086401566046706,0.000966382047697782,0.00211656930544484,0.0072940239509325,-0.00888904753260639,0.00313065641438475,0.0005544504068393,-0.00140216390450261,0.0095611051763518,-0.00363925832136829,0.00434350938015503,0.00580984303542186,0.00251010779374231,-0.0130255962005243,-0.000982155196305591,-0.00924465223285107,-0.00397019239207916,0.0126527322239844,-0.0962623668904097,0.108362384434397,-0.286963562394204,0.422813731205931,-0.343933450284277,-0.239416872030128,-0.101515602047759,0.134996132682774,-0.0411356272987435,-0.152448262832485,0.202469301932498,-0.310031968250668,-0.0808086987198422,-0.575632677801701,0.118881359417579,0.00449987721549682,-0.17029273520851,-0.0530778560277897,0.357196506881165,0.00486103439373341,-0.0891419588216566,0.0792922707001895,-0.0705563267894389,0.0137484776352401,0.011085442057228
-0.0159151854469149,-0.00227434481142709,-0.00353557250210571,-0.00840787679690681,-0.000758369565918447,-0.00592860296317901,-0.00149725771624205,0.000593037379475646,0.00438498913725673,-0.0116258469196338,0.00363608267829521,-0.00563113484803857,-0.00520165592265111,0.00564284598479229,-0.00715499933707624,-0.000380308532808407,-0.00119799357855665,-0.00795836272667898,-0.00446783489908995,0.00918749510904981,0.000180842134908388,0.00169064139149328,0.0192755253898134,0.0121414765146891,0.0675143481143985,0.0216516817488193,0.260191112218692,-0.192710036245151,-0.0257150690805338,-0.145647667166376,0.0683357790032422,-0.120735105781034,0.0135489810598415,0.0544785285066034,-0.23985939300497,-0.0183779436610174,0.141615820978342,0.567030869704494,0.00301023336173008,0.0795744334207978,0.133307329307468,0.161434475209109,-0.0416130021087903,0.164699846169569,0.01198433880811,-0.122073118386728,0.0530398392338833,0.00228280584275809,-0.014982430382226
0.0407514785096602,0.00661710431793379,0.00110802234042394,0.00349935339615049,-0.0032161280925276,0.00885183105752339,0.00613465572215095,-0.00271518857169932,-0.0117030582766493,0.0011286464062669,0.00283813071892981,0.00810179128880689,0.0027924691969354,-0.00332131106904889,0.00225614768882222,-0.00198721557971146,-0.000462166268693266,0.006569739159841,0.00129403228752241,0.00282757237457017,-0.00823531421739563,0.00491979697254137,0.00392227035369997,0.00339715645509125,-0.000957802658085871,-0.00562070870905857,-0.213007043810176,-0.203154055070358,0.38460017770118,0.118931708521899,-0.0635971106485737,0.0394220987087465,0.00791751719445911,0.134383181417347,0.0622431144435052,0.15751958641798,-0.270784416064175,-0.376744590896985,-0.0449604365360622,-0.0549472289838969,0.120246515518594,-0.180635511437607,-0.139166079009781,0.0244264311964697,0.00187641044294309,0.052691806857492,-0.041406515931516,-0.00903328081901899,0.00733728958804683
-0.0332759259608252,-0.00443471765024054,-0.00519989252165901,-0.000181766118845374,0.00229387083263117,-0.00620609978655706,-0.00556682488386272,0.00715328148378716,0.00686482094149595,0.00710099642179236,-0.00455501753938447,-0.00268665918408465,-0.000981063756450624,5.78283665100467e-05,-0.00140517968982273,0.000689780650391039,-0.00166973480986713,0.000571920214272079,-0.00154167684938478,-0.00405629912508187,0.00104102668231047,-0.0033582715605175,-0.00713477716117461,-0.0116990506493749,-0.0305292438920239,0.103679518119836,0.102651575712798,-0.112406157802392,-0.200345652697167,0.0132280694713843,0.0788670997527001,0.0143183471928995,-0.0151402873655843,-0.330216886411689,-0.0354831221735358,0.224900375228122,0.235082333877163,0.153459011869968,0.142333596037909,-0.119234277560986,0.0256846376896197,0.00844161370494529,0.0245387224069169,-0.171872956839527,0.0288028361001405,-0.111202522006727,0.0536144418714181,0.0171860391641094,-0.000487945855283133
-0.00514412342087812,0.000570331337143011,0.00363034095894195,0.00291831915629961,0.00150631970117144,0.00266567173111057,-0.00549053994271312,-0.00789541369887738,0.00291906884691045,-0.00381514971440691,0.00285875790248967,-0.00457917622352278,-0.00172101156264466,0.00461952789010557,0.0069588836022594,0.00187579541380204,0.00312294934831428,-0.00457627983601645,0.00186490220048828,0.00141364683063947,0.00438799900256537,0.0030966961178669,0.00831851141162577,0.018243330591419,0.0074425563657098,-0.203582056159829,-0.00732018469488739,0.393135594520535,0.143000785011439,-0.124047262511345,-0.0237732872717086,-0.00858359367915375,0.0242224493818027,0.286856485769701,0.0694674811911228,-0.302252198899063,-0.230800713261323,0.00264514402077791,-0.259926941993706,0.111161927798164,-0.0370275343717515,0.0475574271293213,-0.0297801533512021,0.146415289386682,-0.0426418292586594,0.0897629768140007,-0.0157996336779564,-0.000336579765327799,0.00361324102505491
0.0266224079768991,-0.00485150519018314,2.6277207692506e-05,-0.00300079195716114,-0.00716239866735116,-0.00726417250770249,0.0117710514085238,0.00145354991680762,0.0038387493754451,0.00149970837417537,0.00139848208791632,0.00015328799193776,0.00200444211552567,-0.0038908065093017,-0.00795289459058938,0.00360202431622111,-0.00128558864341361,0.000925089743070083,0.00258072370563286,-0.00113611399184807,-0.00574530015542453,0.000479775823515885,-0.00500353373524316,0.00490873546408277,0.0072092659319134,0.128842159121491,-0.0689161668325859,-0.213123074873874,-0.20832592066606,0.168660339296067,-0.011449609575532,-0.0291013777797906,-0.0131151983036819,-0.0917201645041899,-0.180574845191463,0.0527955314744738,0.0974279482508778,-0.117931224206747,0.118376291266323,0.0269741855456974,-0.0467677715244934,0.0118943969221431,-0.0420447126165983,-0.111436027023091,0.0192372270616953,-0.0326484228043378,-0.00557038011720957,-0.00114493723015366,-0.00393021829478489
-0.00911830440462936,0.000631641656575422,0.00260041700418458,0.00153475371643431,0.00990797628442223,0.00773995251688057,-0.00220005963979555,-0.00152655896119353,-0.00990755109381922,-0.00451607210403412,-0.00210966282906528,0.00247248684772497,0.00057764648822621,0.00031538702827748,0.00103643920169922,-0.00638669639278413,-0.00238813871056908,-0.000629233429390288,-0.00545586915623439,0.000672043588608533,0.00700623010312935,-0.0047492890898715,-0.00116421650253432,-0.00268051907068223,-0.0511481654214963,-0.000478975493081624,0.128068381723785,-0.0182870756076837,0.0654316820591263,-0.0834144710940403,-0.0346477224079025,0.0303127660153771,-0.00734542482960725,-0.0580203367298733,0.217907402906519,0.143732968564025,0.0182271004531929,0.174856964753648,0.00305320729392052,0.0500410722174707,-0.0203092267164457,0.122283455237452,0.0227589314254053,0.11117406339176,-0.0492178831314012,0.0313120535526381,0.00434857988041072,-0.00122839293067116,0.00524097110949456
-0.017913067611118,0.00138797740449816,-0.0011901903087719,0.00391895246526659,-0.0032122023967899,-0.00416997055864779,-0.00601504007987841,0.00181061196930879,-0.00258844793090852,-0.00698555963096301,-0.00201812631712839,-0.00229354567934575,0.000647460538660449,0.00199723198657273,0.000998779795352682,0.00345452397093759,-0.000152031022656231,-0.00150919331319946,0.000223171981947488,-0.00521951959337082,-0.00277574112464778,0.0091923532585082,-0.0067615198168975,-0.00300257920491327,0.0543266813115546,-0.058108164494601,-0.152193996483616,0.16332712667662,0.0997021546006421,0.105418375662955,0.00563775453567173,-0.00712727708835823,0.0047248206026833,0.0415311212030364,-0.151814336442821,0.0618455037107622,0.218055377993672,-0.207313331877271,-0.0824310921907552,-0.123717779935419,0.0633754687628151,-0.0902335053459574,0.00261152906042504,-0.117569421611521,0.0566419641089699,-0.0454517621857595,0.00981181601798529,-0.00426246073246183,-0.0043039454354329
0.0278820594013168,0.00188466924979579,0.0016726727931686,-0.00505389225872242,-0.00576365101573757,0.00419160854129204,0.004724041156723,-0.000544570400262582,0.0109626019448326,0.00244948554495025,0.0077961172214951,0.00318513596789058,-0.00549301481799475,-0.0027866366460446,0.0012313344116359,-0.00104068893667079,0.00343808298928801,0.00328142593582588,-0.000838373786195867,0.0053387700176297,0.0040046277432371,-0.0106042479804388,0.00245310495049016,0.00604224962856378,0.00988846870002867,-0.042579742738055,0.107805117241495,-0.162046712458958,-0.0248725016449364,-0.130868630917026,0.0183788232524697,-0.0065837948309137,-0.000805322045752139,0.0816545946858103,-0.0788755841943212,-0.233800933506481,-0.183317400594137,0.198361519863554,0.00894409027288129,0.0196772275328344,0.0455153179555329,-0.0514755504692846,0.0628041476997342,0.12400446027732,-0.0216018960706799,-0.00369157521739864,-0.000117116853960689,0.00742228548997518,-0.00119460857312979
-0.00791574199336624,-0.000390900712360846,-0.00675622648496736,-0.0046912197532601,0.000115748486361118,-0.0034193076603821,-0.00204040549222358,0.000162098797971064,-4.35782609345121e-05,0.0138425524653631,-0.0102166976212188,0.000416795650376185,0.00845156266284314,0.00269167443449043,-0.000529739754255712,0.000178808899575451,-0.00178858528024389,-0.00234953520220656,0.00679864570545762,0.00260242024796393,-0.00113541279206638,0.00979110288504957,-0.010261961033105,0.00174402174178784,-0.0534135809681017,0.0677781332243641,-0.0713716225308011,0.0578077453133538,-0.0229901428005652,0.0945546754557889,0.0212720153778783,-0.00307539757531235,-0.00025449276013634,-0.0556239276933941,0.0513134739990426,0.244918378971238,-0.118647890570387,-0.176025638113825,0.0873688946431571,-0.00606225486183461,-0.121724725942998,0.0503451719658268,-0.0201762176763637,-0.0698267946005982,0.00355851536278425,0.0331825438019143,-0.0315886878022984,-0.00463052704017476,0.00392159668532864
-0.0173812646357517,-0.00160577446378647,0.00576455735675258,0.0039332750315545,0.00480172206167757,0.00313667068285775,0.00457529949980048,-0.000108197505923282,-0.0057307510914986,-0.00529331353271321,0.0105000935232103,-0.00207202578567058,-0.00570166476720478,-0.00306910663014917,-0.000166749089751037,0.00136536770839494,-0.00301266678931691,-8.34751622091293e-06,-0.00850830402803182,-0.00696493764294866,0.00931290298911991,-0.0110089100616727,0.00508916805333124,0.00506203721080195,0.0416317790664036,-0.0191312255945413,0.0126145475356602,-0.0966529311169174,0.0361399206972417,-0.00416626928327905,-0.12198008210735,0.00265950098929305,0.00713440291583669,0.024518052528076,0.237763164461025,-0.317564523959769,0.251962918875516,0.100390588510674,-0.00108458389809551,0.0436665015634573,0.107111171070081,-0.0191557991917804,-0.0402566988142702,0.0148441355207876,0.0502714500429105,0.0253132046132566,0.0508717351615309,-0.000383257763343431,-0.00268363295657861
0.0213928596097724,-0.00588502911761206,-0.0019778436326293,0.00152947998094979,-0.00101876255092462,-0.00511514781561032,-0.00433965461125646,-0.00055563544190359,-0.00293526775978023,0.00446970917151395,-0.0100875544326247,0.000237959138166266,0.00533315063406368,0.00167331106531536,0.00178165556609152,-0.00387004994134029,0.00721143243666035,0.000280023058705422,0.00999233707078118,-0.00373433793943003,-0.00558627078113915,0.00168445144349055,-0.0061525804246009,-0.00815747295127327,-0.0298999927599089,0.00398846987237761,0.0559766891235419,0.108840146379967,-0.0967995384184642,0.00402961871531755,0.070882661371084,0.00771705176630672,-0.00807408490502593,-0.0376487966510855,-0.327552046113583,0.205718629152336,0.00118988620060442,-0.114764246181086,-0.0859496973570861,-0.0159631076389039,-0.0694458645345924,-0.0382514765448816,0.122284139820225,0.0148423570808335,-0.0594079996244416,-0.0573422168062604,-0.0366751534120335,-0.00945800625101433,0.00204133352778139
-0.00661399773777416,0.00640903554319347,-0.000636539978051655,-0.00148596166445852,-0.00474234635042972,0.00438521380774746,-0.000949202545739322,-0.000469903088124639,0.00517620767196357,-0.00782859150212831,0.00995376868234042,0.000195154250446522,-0.003642850918186,-0.00184910443055726,-0.000947990942413353,0.000682301753051009,-0.00708881031605818,0.000574457278968109,-0.00435389560224419,0.00915182277103499,2.60911873659615e-05,0.00381083277787809,0.0083516274204086,0.0161397284303695,0.0274788982117047,0.00470207878283729,-0.0642569958747434,-0.0855938258398811,0.00299716686779269,-0.085049578688737,-0.0201238272658494,-0.0144038260364059,0.00741444872211574,-0.0216313224002972,0.0626062055158282,-0.148611012422694,-0.194535300639354,0.125619696195233,0.0127330599360622,-0.0663702484209684,0.0330937929183637,0.0998065106808386,-0.129413255193746,-0.0190641901977195,-0.018565247097613,-0.00711927048453977,-0.00398507855874482,0.01192486467733,0.000962032129056612
-0.00682001568958651,0.000735258993232257,0.00072105596252809,-0.00469938655768106,0.00427223176308647,0.000958005023795047,0.00361705188389952,-0.00322006767628081,0.000859767721384878,0.00025570901778881,-0.00983079019933275,0.000251712404067871,-0.000308752575258493,0.0073511484943709,-0.00261002068184428,-0.00118398322568658,0.0024085887027927,0.00164399590308248,-0.000700488714804787,0.00307983976208919,-0.00205417114521561,-0.00517177144865546,0.00104726889371405,-0.0025540105701661,-0.0181040281294333,0.00428915601838548,0.064652155526306,0.0231759160988745,0.100466718036792,0.088246381096096,0.0269044325588141,0.0119772772961487,-0.0038136232294353,0.00985615299162597,0.146477146581277,0.0472455256040892,0.158372671343605,-0.0257162150605937,0.0757389098562792,0.16057492821111,-0.115412766282199,-0.0282404382530292,0.0624463037016281,-0.0205154948198841,0.0282269341320743,0.0365132870056397,0.00903019149877736,-0.00428998390017953,-0.00653708525997517
-0.00245372150186532,0.0030693889743,-0.0061286677743997,0.0093906398858686,0.000139413002056223,-0.00483157565966896,-0.00336945843002824,0.00537051086446365,0.00458276211701505,0.000519576097917238,0.00433096215279357,0.00160124427232595,0.00325854298343431,-0.00791872362228649,0.000187001839982628,0.00498941513345085,0.00124215714835749,-0.00652358961513744,-0.0014510224130662,-0.01348526544691,-0.0037090479119497,0.00210085427592185,-0.0135011290351645,9.32265408635849e-05,0.0215379277249067,0.00856312570988131,-0.0491374892179439,-0.0120705443525848,-0.0799701476866591,-0.0375245007472916,0.0090935659467649,0.00155473951754783,0.00133419116546657,-0.0136024202447634,-0.125335612513682,0.000444500824898979,-0.175568950396145,-0.00375455257617093,-0.14466604095983,-0.0904919784569868,0.145681913722664,-0.013378563438826,-0.0236894523171334,0.0339083016633499,0.0158133659801705,-0.0274346994676189,0.00991295545482051,0.00839084197107395,0.00351820968911918
0.00917567108377608,-0.00856210171842652,0.00517193563500653,-0.00531910313314826,0.00169233049966084,0.002143227177867,-0.0021655278788369,-0.00762065462877496,-0.0108229139446866,-0.0028611531111919,0.00359356202632363,-0.000872855705734057,-3.60910467912265e-05,0.00559109445079592,0.00154693441630542,-0.0068297413930009,-0.00560805425174774,0.00342541852854333,-0.00310561442593812,0.0106557111924332,0.000984866023247093,-0.00571767877865985,0.00466139151907562,-9.07643276813561e-05,-0.00975498423216689,-0.0205103586583486,0.0583090366133272,0.102254243767665,0.0141670009138905,-0.0307745618907618,-0.0582903367171214,-0.00397585857286531,0.00175960140158615,0.0455531309263209,0.0598795466148538,0.0137418304913326,0.201360323570515,0.019818539009701,0.122827929358662,-0.0151295046767802,-0.104400112074198,0.0258904638775051,0.00888783906623603,-0.0152767967553954,0.00167488871202995,0.0289229302958325,-0.00240549628847787,-0.00799490365707041,-0.000676648494335678
0.0012897574710881,0.00739295596144243,0.00223697603706066,-0.00126403041764464,-0.00859176895601954,0.00147279029800783,0.00279377866009662,0.00401589986160821,0.0104327086825946,-0.000687032771506108,-0.00755342315000372,0.00184572945703177,-0.00416032905578277,-0.00477972934887965,-0.000461407742343121,0.00453685880552565,0.00221681696414592,0.00443850891933004,0.0010072982120573,-0.00379818719459474,-0.000975547986998995,0.00130740013446154,0.0377309897114822,-0.0183833713590798,0.00984176894335803,0.0372628653260393,-0.00322713896355735,-0.129487680272317,-0.0181587224578843,0.0618554525871997,0.0451954152771359,-0.000579187124686076,0.0010550257378576,-0.0190085190902439,-0.0376242278472824,0.0834791110766323,-0.182073903637725,-0.0556125039878461,0.0306192619136671,0.0292755056912751,0.0143659514046912,-0.038183681710796,-0.027489010801664,0.00294112722912415,-0.0232161968271351,-0.0190165309006125,-0.0169108585193774,0.00283381888257379,0.00020783800177364
-0.0132913721774793,-0.0012692788341888,-0.00552367125182748,0.00139875771022813,0.0107335106617703,-0.00171736050292737,-0.000999092473201242,0.000276136793730749,-0.00488202923203466,0.0011757114077205,0.00991928662293779,-0.00625259275153332,0.00115829088039909,0.0058416838590898,0.00170131328601469,-0.00326707701190983,0.00545384583388827,-0.00722461796163391,0.000747753987730168,0.00114160948486093,-0.00400880458775418,0.0013043203727464,-0.0345757037649551,0.024075170611429,-0.00816421863973919,-0.0214479930231906,-0.019346934948424,0.0563039176800073,0.0132081444844241,-0.00993107371474078,-0.00607494638385583,0.00513910764185878,-0.00391220245503424,-0.0169935370167598,-0.0367462133065017,-0.218693366248926,-0.0552930038376163,-0.0427854219103651,-0.0983510135358947,-0.0880534202634956,0.0744568568525591,0.0970645797629113,0.0126985918107781,0.0162109291174774,0.0340505561726395,-0.0152189624079996,0.0107769098134376,4.47758728912505e-05,-0.000568821630160688
0.0118870508856948,-0.00217243907801345,0.0131131466995549,0.00155118361954991,-0.00885567978205606,0.00289536328624418,-0.00349914550469878,-0.000928729050355587,-0.00327866912425868,0.00176941225136896,-0.00657647692163508,0.00741068077965745,0.00382530767184742,-0.0059741727636219,-0.00579744695800679,0.00471448808074881,-0.0126089676272297,0.00351999618071671,0.000693461166302104,-0.00372369582094761,0.00223852230418389,0.000995267794247677,0.0157729401761088,0.00264690382106428,0.0109605592105931,0.00465827516288633,0.0308880702279497,-0.0112084484463181,-0.00615012345702017,0.0126143129556218,0.0140882701341303,-0.00396293056542681,-0.00167056239019429,0.0421101237260297,0.0150208121430896,0.115495496215197,0.0589161770012442,0.0772551539814889,0.0441513398179777,0.0290465869444275,-0.0503651409503514,-0.080521164014775,0.0119081730975681,0.00100075370778705,-0.00910636690178329,-0.00805404884060638,0.0132961693470986,0.00375605363372603,0.00431346515402211
0.00457193250303894,-0.00391022432321187,-0.0194089688982462,-0.00271957172109904,0.00470995052376337,-0.000313197386056083,0.00481459223399002,-0.000352651717231282,0.00117244161066347,-0.000322073906414181,0.00282282849038224,-0.00120442120037687,-0.00881358309041252,0.00121526586962022,0.00713232046166149,-0.000148180351522245,0.0066244147942963,-0.000144651186852353,-0.00111858799135521,0.00679442895343832,-0.00383255990309183,-0.000410299305542231,-0.00780105552416402,0.00990273109035718,-0.0267244571638085,0.0217826725355601,-0.0263129143437758,-0.0535507889659832,0.0269988839174565,-0.021299537178304,-0.00493150590123845,0.0021502327702583,0.00288581308154734,-0.0205898522360015,-0.0210012372788032,0.0092790552022764,0.0703632260269142,-0.108690941569967,0.00216533010070195,-0.00741127108915318,0.0082819309626913,0.0474970958248341,-0.0328899187279203,0.0031624610322764,-0.0180981391371395,0.0372570833029709,-0.0228565195039018,-0.00548988590013362,-0.00623430251795212
-0.0107547712661067,0.00280474724572623,0.0137413376048412,0.00433505769133338,-0.00084867390352636,-0.00102686738287635,-0.00478365384492337,-0.00191073247419638,0.00326397256264035,0.00123649692314537,-0.000255819489826818,-0.00484573515269173,0.0048388780238582,0.00147335176215049,-0.00431634872035713,-0.000869483284544621,0.00215427168918086,0.00340886955898004,0.00347087463292225,-0.0109178762818126,0.00442329854294953,0.000271494496005513,0.00942895307149075,0.00458408204717534,0.0185617055919117,-0.0096513401988499,0.00995095967715137,0.0450803164385518,-0.034258065189366,0.0180392044986041,-0.0325508580717043,-0.00427813629776162,0.000259479376448179,-0.00533840665993884,0.0208621542647524,0.0563357340217906,-0.110262580477361,0.10781990023467,0.0309540705775981,0.0646049632435788,0.008758399322129,-0.0096829554298878,0.0176801548326641,-0.000896034039784697,0.0181385141976829,-0.0356057861203485,0.0189865553870752,0.00943066101189665,0.00636322183220356
0.00559310866675513,-1.56964964626289e-05,-0.00805211393625166,-0.00435619173653678,0.00325330226891976,-0.000111035630960921,0.00870174494652909,0.00129995501617181,-0.00502469893933535,0.00456827023450821,-0.00014541073016684,0.00613163863318231,0.0049094200400614,-0.00418546292893529,0.00451199929012865,0.000145413317728949,-0.000614239728669855,0.00452413257307115,-0.00523862170103995,0.00891642439812118,0.00109058622468763,-0.00121203865967269,0.00224974877478081,-0.00304315566685607,0.0107710192985934,-0.0214460226461634,-0.0092279302045555,-0.00325843466654308,0.00971358622108233,-0.00842871842250287,0.0429968251679593,0.00756468949967566,0.00163641732721948,-0.00608182775995227,0.000886273850269709,-0.124176210459073,0.145035531068392,-0.0317075376133473,-0.0611763496859611,-0.100791354764728,0.0237593770549717,-0.0388185235877414,0.0127599499636206,-0.000892525530590677,0.0110803223631276,0.00618493237343102,0.0148257144195769,-0.00489514756620153,-0.00321102268035638
5.09723912446337e-05,0.00093349142858571,0.00315294525658015,-0.0017212147657901,-0.00483992407607173,-0.00377082404110698,-0.0039964681399604,-0.000525159813390004,0.000991638989393007,-0.0036779534861594,-0.000879831408177463,-0.00490423989585856,-0.00790020511952744,0.000455649254680779,0.000292953739793412,-0.00595048421354822,-0.00565561375154872,-0.0112889846212018,0.00112111370064874,-0.00245984332446451,0.00104682626229546,-0.00260355652038494,-0.00738501894111744,0.00123861754865748,-0.0299360396642284,0.0116832634626352,0.000646276454549864,-0.00322148079565676,-0.0366797335463218,0.0170556133378187,-0.0130953073530079,-0.0146698416954499,-0.00283295853893473,0.0163720267627271,0.0363412396640814,0.034736111438339,-0.0867246885570236,0.0394433671316023,0.0112232740033441,0.0738300424276863,0.0221122457349299,-0.0186536864640222,0.0142084278609136,-0.0229572514074846,-0.0233078974116912,-0.00379975955958328,-0.0112089517099371,-0.0149462941469011,-0.0031683283745836
0.00127896863718329,0.00127640531037706,-0.00240936783352192,0.00308627785505591,-0.00130653541385001,0.00124699967164696,-0.00795458125014332,0.000156609104246947,-0.00172147874270244,-0.00275202771616821,-0.00629191910371371,-0.00192062725977134,-0.0017384599888899,-0.000311496980178644,-0.00490381669734572,0.00369075576241187,0.000799161807527389,0.00448844164719424,0.00232054818174167,0.00147572536735261,-0.00150994979689416,0.00331215345297062,-0.0138402185696139,-0.0173357356798875,0.0102826225883836,-0.0121345475275694,6.03823705822501e-05,-0.0141388345293654,0.00998890992778508,-0.0339885002709836,-0.00147182812063537,0.00684825346812954,-0.00057838094512471,-0.025995025205997,-0.0665345618097509,0.0539118811767979,0.0128411321650724,-0.071987557189462,-0.0275299153599162,-0.0780777666407002,-0.088658065739958,0.0802088359859926,-0.0701084107812094,0.0493873921423678,0.0306858422549435,0.021806309856446,-0.0088752716849477,0.0156702791524618,0.0014016372213274
0.00396727443477573,-0.000428906548754693,0.00342122914295952,-0.00300824644961687,0.0041164958232621,0.002032827085045,0.00815477665270196,-0.00342557809465044,0.00670719700238617,0.00860705834065411,0.00930753083655043,0.00252909380708877,0.00876991457744023,0.0048657720124549,0.000544207972147292,0.00589540697621045,0.00270920277282447,-0.00122197414214776,-0.00287076376315104,-0.00610531271796354,0.00716339912498368,-0.00246871983707265,0.0153794182862201,0.0324288451896393,-0.00253179938820584,0.0123761140889794,-0.0113675711077637,0.00738872027263351,0.0185678485609945,0.0318884075964542,0.011930671976346,0.0053596945833496,-0.000784851880487411,0.0110636026084443,0.0394563788458348,-0.0489430262973125,0.0041366498280977,0.0530328522035353,0.0332542375093952,0.0784366216706618,0.0527961645757544,-0.0652952752896766,0.0675482595061223,-0.0489655590178739,-0.00716484057313882,-0.00926011857195775,0.0110390479801888,-0.00302173481592492,-0.00194397861162095
-0.00627592595525015,-0.00330175071816042,-0.00541435999985901,-0.000205440657639849,-0.00161899232197815,0.00270349083718336,-0.00135609382007125,0.00790361673726223,-0.00310266636896669,-0.0100726454380835,-0.00234426214054555,0.00300965018612085,-0.00749196880150624,-0.0042204266742091,0.00152493950541322,-0.00853191244469379,-0.00534313542942449,-0.00673682247703051,0.00158661383413426,0.0090101925405858,-0.00959874286940474,-0.000556243594149318,-0.0120956395908071,-0.0111995146674099,0.00900138164743019,-0.0105472237351709,0.01695333210433,-0.0123179911426552,-0.0212775836123458,-0.0118613708730427,-0.029536279551522,-0.00687383835316904,0.00415089052861634,-0.000941680725754018,0.0337370879210342,0.059174067477943,0.0264231932852672,-0.01302561791753,-0.0355445599318633,-0.0376634308568802,0.0360270502273231,0.0989096273371229,-0.0380628717262757,0.0804277970506071,0.000565760658583906,-0.009649952070596,-0.00976745718183377,-0.00766605409071452,0.00138235763090819
-0.00406760231769355,0.00636522003258651,0.00733608016622554,0.000237109555278186,-0.00301871489224717,-0.00360012079509871,-0.000153873849152745,-0.00169335776724481,0.000902115661936231,-0.000635375095476653,-0.002532303724494,-0.00629011442445798,0.00694974383293775,0.000316729908130961,0.00431922225979913,0.00833034820864426,0.00390107553547798,0.0101764659586192,-0.00181730185276432,-0.00939801938386275,0.00673893508915926,-0.00150982281462645,0.00697822125504566,0.0101724097249796,-0.00936730759589051,0.00686501462697606,-0.0110489473957745,0.024389491172789,-0.00695087585586641,-0.0154910272772299,0.0240505587935943,-0.000912717753047756,-0.00414401369981148,-0.00836336022723022,-0.0990156380478758,-0.109980185226986,-0.0106234320192755,0.0404225522083954,0.0071428480374763,-0.0246743754235413,-0.136317667150406,-0.0911283940807684,0.039117245888671,-0.0790351892803523,-0.00631438009779832,0.00300996497845467,0.0105751498982095,0.0104897377840136,0.00222561326455882
0.00774243923195455,-0.00342855900709003,-0.00739578175008442,0.00172832720479653,0.00368530758286482,-0.00129916681404341,-0.00187272560292757,-0.000280250106856059,0.00126609823184928,0.00262633252810286,-0.000385214946707369,0.00751138283546411,-0.00188706537555183,-0.00466135906015223,-0.00339127341080029,-0.00530322755823044,0.00158787546107809,-0.0094761630974618,0.00424895906781445,0.00534618603849059,0.000944614069871401,-0.00213400934678487,-0.00949986011324171,0.00043267750169834,0.00914352141994729,0.00879642735297834,-0.00204824654536803,-0.035646830615137,0.0010609829192012,0.0217940272102023,0.00361829451970024,0.00927280372301905,0.00296472815191731,0.0411428454395103,0.077011311998795,0.10338765889901,-0.0100351950784677,-0.0206776763818014,0.040727804746597,0.0533643505510175,0.131750329533346,0.150675059836855,-0.0753758092590487,0.0206997144269779,0.0012278466610538,-0.0214625212547466,-0.0102392756633938,-0.00285554896433274,-0.00489155478533885
-0.00783219753682034,-0.00407335943582903,0.00539942829551451,-0.00481086978787971,-0.00198671345379166,0.00190644922105343,0.00311851733304797,0.00249775619485431,2.70778119517388e-06,-0.00135716977414597,0.00182872175847383,-0.00394269167377867,-0.00460900564246913,0.0025939183369559,-0.00446946916671282,-0.00139676807605977,-0.00163531903548621,0.00856953962475686,-0.00698865618085954,-0.00325784209026762,-0.0067898532165184,-0.000730865382195652,0.00322870336889234,-0.00293175017245288,-0.00270533648003769,-0.0101126911975867,0.00234895926674099,0.0143265756738867,-0.00989547424722209,0.00509872508559889,0.00416305864839192,-0.00284492005639492,0.0027966601193433,-0.0513735170012287,-0.0343518278019036,-0.0757972267542353,0.0274884082186531,0.00592457599109876,0.0101392475686702,0.00523657881549661,0.000715820368656966,-0.105901917477709,0.085751651394805,0.0274263448835123,0.0216586125544018,0.0602729848638322,0.0287315737733644,0.000365670775085691,0.00428513693602271
0.00471784564293889,0.00290350010252681,-0.00375915468619778,0.00574350848363277,0.00125960398883487,0.00283537745385684,-0.00219382730528854,-0.00827418226149258,-0.0020622556762473,0.00604842352030588,0.000968728832440903,-0.0010156773601768,0.0027238105742058,-0.000823179104257696,0.00288630730330325,0.00382356664227134,-0.0012276620591116,-0.00343811025271914,0.0054592355948963,-0.00104509367390602,0.00323062307860796,0.00467016212741641,0.00300633001588563,0.00249569225012243,-8.0689478021586e-05,0.0199905390804099,0.0172482736710772,-0.0124475148235622,-0.000794292161422148,-0.00186515370874869,0.00325599793309228,-0.00680159927599626,-0.00918000136625591,0.0261828596219415,0.0115157497052171,0.0533984364208436,-0.0249545086009283,0.0302558919095162,-0.0843723212370955,-0.0675021118642299,-0.0669411628083568,-0.0223078177750284,-0.0911493316682747,-0.0286524340954895,-0.00623226018966107,-0.0765223255940913,-0.0220585709736025,-0.00334340791346524,-0.000215261156871323
0.00560774804532887,-0.00238319807371606,-0.000268000913113492,-0.00572365590790852,-0.00172637930192091,-0.00355127404570424,-0.00291267602311383,0.00614715412371693,-0.000160000759891611,-0.00102450818154562,-0.00609828816738325,0.00204121033261047,0.00163884886337064,0.00373351626141637,0.00322477578780538,-0.00593051107254766,0.00116451155359013,-0.00364678905048315,-0.000720488380251884,0.00185193739895763,-0.00046801594324211,-0.00558265144134572,0.00517156170116844,-0.0092739848004308,-0.00249755556683284,-0.00989137447447636,0.0024136082330864,-0.000716229726665903,0.0158476643450987,0.00171048962117148,-0.0182352110707443,0.00936616153338599,0.00794955063982922,0.00820295094501507,-0.0278278305673996,-0.0349002662983689,-0.0565693823577617,0.0125121680444278,0.117000052756779,0.132200299882188,0.0424607783747194,0.0996262991120754,0.0878549504976592,0.0245841746368267,-0.028712138809481,0.0381486744006879,-0.000696708761871227,-0.00196071557873386,-0.00284344507972346
-0.0128596834578604,0.003486785724109,0.000677909256221305,0.00153174059335067,0.000433550605278442,-0.00167184756670255,0.00183859155863571,-0.00459019056165301,0.00227294003344915,-0.000609763542781398,0.00846073699027484,-0.00138048254291543,-0.000384201009615177,-0.00265496133735912,-0.000494199838931847,0.00624103324297285,-0.00385707421395682,0.00364760975821671,-0.00199985915890439,0.00221216230913597,-0.00152205608757025,0.00239536615343063,-0.00182893626046015,0.0167326565229294,0.00883913961267043,0.00669200167533206,-0.00650523162756694,0.00497837073402597,-0.0174981862352492,0.00947660521424801,0.0285763479773607,-0.0079703208882464,-0.00542389056534727,-0.0243397803811249,0.0487342191132456,0.0626951318347944,0.133641409408613,-0.0465505743256055,-0.0442436002132957,-0.116411797096787,0.0174775183639541,-0.07952813130152,-0.0474113701195578,-0.0202576457904298,0.0110372881534572,-0.0333843653244337,0.00693246969036291,0.00644784843471095,0.00202655274799439
0.0088514789386094,-0.00142691801399374,-0.000461289180937156,3.96453680366717e-05,0.00212530058431486,-0.000900174627513175,0.000920884746215904,0.00301173779914416,-0.00677826003652887,0.0026563578221914,-0.00530163919101325,0.000447804435117158,-0.00460843139258776,-0.000735317181383776,-0.00269429794571346,-0.00474307063476581,-0.00146018006231798,0.00191703333049115,-0.000401165318556574,0.000811976332346924,-0.000211305275329359,-0.00294274359911975,0.00493918820420569,0.00283179597781094,-0.0189206794865467,0.0100556782500388,0.017955052227511,-0.00514853381026336,0.00246900475674691,-0.0101239667699957,-0.00981988588331918,0.00356353885470016,0.00293408551843891,0.00667154670732362,-0.00528864594353647,-0.0908375487775244,-0.0969144690530156,-0.0189830229876871,-0.0134894451288455,0.0566575041844625,-0.0435646087838065,0.0885681500560343,-0.0504329387256144,0.0238876698192042,0.0278563435314853,-0.000751706712223028,-0.0131342320398119,0.0008692443737724,-0.00104709375903613
-0.00116345375950092,-0.000185017640728555,0.0011698923151423,-6.76981684466123e-05,-0.00458802438623348,0.0054842411974883,0.0029774018883222,-0.00347732801547217,-0.0010770921929754,-0.00423702641964754,0.00230006489740727,0.000114675489937566,0.00744316851252698,0.000974447829355678,0.00412594312821432,0.00175871571442282,0.00576481776661876,-0.00329798500027287,-7.6411383446598e-05,-0.0061970164887209,-0.00165225341775167,0.00329196115086398,-0.00422152564050541,0.000483005165573896,0.0136209205829975,-0.00929519653402527,0.00210065058977534,-4.41970012366802e-05,-0.00604565537411965,0.00810830163390519,0.00424540939362815,0.00297359208869579,-0.00355782109391318,-0.00146677119412188,-0.0255533736993735,0.0274620252693288,0.00595005081746401,0.0685580239949862,0.00152466593427117,-0.013336299822897,0.0661759377309443,-0.0732730527145715,0.0651514140905116,-0.0290487752003552,-0.0294294532916943,0.00520567115652514,0.0124169879648891,-0.00339073568750547,-0.00589522598001887
-0.00547397165467699,-0.0033162337173602,-0.0033591762645012,0.000166355621204441,0.00703313222006156,-0.002287909150335,-0.00373079818532019,0.00250185984388878,0.00808673379097053,-0.00423554043967254,0.000794695984946049,0.00261421000985439,-0.0023675547895977,0.000102334181545931,-0.00633037781022341,0.00095733119775247,-0.00193721636683234,0.00273273905931852,-0.00335297223925595,0.0018175797125497,-0.00310120131345504,-0.00138553898031322,0.00393296652033456,0.00351035659140122,0.0126753784357964,0.00512976203388564,-0.00635199630742705,-0.000621086519620395,0.00254652985001337,-0.00312733795461405,-6.54402768532208e-05,-0.00438806216646928,0.00333682648494807,-0.00463581822748963,0.00477801268414036,-0.0185832809648948,0.0267230215295767,-0.0645315479926641,-0.0295200380624164,0.00239107641196171,-0.042525920178069,0.04785461497518,-0.0208530859741434,0.0296236011665778,-0.0129291143464622,-0.00144568885817741,0.00360123922007978,0.000765343483587345,0.00545826271362536
0.00889266350261069,0.00325006628814459,0.0036706588579149,-0.00091163078105841,-0.00626741675832016,-0.00107271884451258,-0.0020408515350387,0.00026086034069592,-8.35395855310378e-05,-0.00232046136441172,-0.00354085359160483,-0.00526842699078762,-0.00157406614187386,0.000383534163469871,0.00216211348667707,0.000767344802567216,-0.00320133611657188,-0.00371490988701636,0.00325774564436019,0.00288086220797226,0.00687823265542713,-0.002004042364048,-0.000605520826231591,0.00549801632922255,-0.0150644158580468,-0.00209444913113332,-0.0035080631201605,0.000465728650808916,-0.00717604774492099,0.00584117669241902,-0.00445768005243099,-0.0022592562767554,0.000161766805550933,0.0195179976363688,-0.0300762104320757,0.0431510843505106,-0.0124035291148901,-0.0187122100272427,0.0821869984499178,0.0381107067390851,-0.0363922920662578,-0.0577215967504646,0.0110551625962835,-0.00372183134000639,0.0117198980546941,0.00199860629820339,-0.0166013606979562,0.000809646315961582,0.000442111476806006
-0.000624478158229325,0.00269902343793324,0.0010677890883382,0.00343967637076256,0.00429771492973321,-0.000231497709196788,9.28766755577415e-05,0.000972369129255073,-0.00681495822631707,0.00262276337639995,0.00268949464414843,0.001318167587484,0.000215715291163257,-0.000899180808508111,0.00673920920157265,0.000154353803376294,-0.000774140040979146,0.00312395415017378,0.002435405347053,-0.000623811413192251,-0.00610453622000758,-0.00150267323849916,-0.00498317878846349,-0.00184781544194772,0.00978170584874595,0.0003614089833021,0.00409599796316009,-0.00494302147651433,0.00209099422293224,-6.49581356765589e-05,0.00578714570852588,0.0013151236802691,-0.00127474987644108,-0.032424003927746,0.0584652331061685,0.00208574106897719,0.0172151523242493,0.0694618717007058,-0.0273092493024712,-0.116412588973339,0.0512762033175518,0.0070100038190035,-0.00260711589931262,0.0106070634647889,0.0114270321325624,0.00690580598699233,0.00957030383298835,-0.00180163057471673,0.000425448535216326
-0.00796734221249711,-0.00481508549817998,-0.00320152451489213,-0.00191809074798145,-0.00279210460866309,-0.000990875122344811,0.00477605726229581,-0.00450778198213751,0.00180070691976671,0.00207097636727285,-0.00371963630892798,0.00180082956673986,-0.000759181991917427,0.000193043603753083,-0.00816696855160637,-9.4654182988935e-05,0.00504291761744279,-0.0033568746348091,-0.00301573918862812,0.000165077729646151,0.00640682553094608,0.00290597010357401,0.0065854721829482,-0.00101526048548395,-0.0100403569502818,-0.000856202494701308,0.00550617459851255,-0.00742526384492518,-0.00666472463065763,-0.00496658463194983,-0.000459948984502936,-0.000600819890486168,-0.00546779034157816,0.0349390705449475,-0.053930412204648,-0.035509132452047,-0.0247814261970688,-0.0573349126313976,-0.0293958687169412,0.066619497979974,-0.00939459215207446,-0.000708516020172977,-0.00796703235836088,-0.0374861398594168,5.65535010889767e-05,-0.0145651826780663,0.00353122407166704,0.00232224332578732,0.000760544500158672
0.00572343324027761,0.00270679578365714,0.000185108514652234,-0.00129475927996274,-0.00294160944029806,0.00411473265976647,-0.00111024573856548,0.00525548873209196,-0.000933776294247976,0.00703908146628368,0.00281009003237936,-0.00212658278778291,0.00376647004375318,-0.0015932154022737,0.0070156389589671,-0.00272959950028089,-0.00379121771250258,0.00224712637819953,-0.00161391826575356,-0.00138208493062214,-0.00151063215723944,0.000936824936994604,-0.00628927570575149,0.0109096427490903,0.0121102483406632,-0.0031289323078455,-0.0128048414562625,-0.00182840903727804,0.00245824225496049,0.00849882812982339,-0.00519982661105317,-0.000291396008435339,0.00993326116065953,-0.0186457596341742,0.045178548697309,0.00899791628175111,0.026950147190553,0.0317860399850608,-0.0252139029160143,0.0225640817814259,-0.000744389932529064,0.0364597094001531,0.0231725433702253,0.0481418626914383,-0.0122779662094825,0.00817587310129938,-0.00772359229587245,-0.00416759563948416,-0.00488274633013713
-0.00251332621073337,-0.00242179457534578,0.002024134243652,0.000943102951600528,0.0038321623562574,-0.00536581638550382,-0.00233880362940803,-0.00140192406033687,0.00631245334822231,-0.0107747936636146,-0.0016472567172141,0.00227288772109487,-0.00390013214695082,0.000121152399502051,-0.00791438941534251,0.00154286254325116,-0.00152690665663961,-0.00131687216925324,0.000684337458201931,-0.0031036824686464,-0.00229394454434752,-0.00848972754624827,-0.000692879319210619,-0.00169399116297043,-0.015888756409438,-0.000560233948993016,-0.00198408006305184,-0.00254088923096091,-0.00493711417219651,-0.00274741305994375,0.0106580305431041,0.0021191040821267,-0.00343901396542403,0.0135821712812958,-0.0182420427643981,0.00975753668458798,-0.0172538322698126,0.0466746493060243,0.0534970851240875,-0.0353790660726686,-0.0502409462696613,-0.0400413003942188,-0.0306589211378541,-0.0259322601880209,0.0278000440156082,0.0154314565863669,0.0040857668067713,0.00638009328688875,0.00451961326460255
0.00197860581260034,0.000344921256312928,-0.00514643161297271,0.00164091558203015,8.21358858980954e-05,0.00148586793693293,-0.000639775005459531,0.000261724894494883,-0.00433322325471788,0.00937266419626465,-0.00102394446666818,0.00135160845470712,-0.000281174026150204,0.00167392421677614,0.0044553781243061,0.00362008348205465,-2.13132653283871e-05,0.005288136973686,0.00158387523665625,0.00299592684708814,0.00667032556801444,0.00688382249533358,-0.000538052123990973,0.0041794509415529,0.00329779688620145,0.00202797516985255,0.00283971730760586,0.00341626733120465,-0.00668169644746655,0.000463979573518744,-0.00797371612986025,-0.00153590923296686,-0.00433761982135881,-0.025941728596368,0.0204755492959449,-0.021079729513134,0.0671926434682734,-0.0895578480632027,0.00266327073624538,0.0203455438003105,0.0327977344822042,-0.00207482098249485,0.0356640919114425,0.0146496522574853,-0.0136620084064954,-0.0204031594766353,-0.00567696013427588,-0.00487201205349711,-0.00100606852862892
-0.00125686898345546,0.00255031546257,0.00560428730411493,-0.00169890288092483,-0.00134727527832828,0.00228637832030587,0.000508433284834947,-0.00184157093712316,-0.000350782766850343,-0.00793137165480777,0.000552412367327869,-0.00235222751348215,0.001718097301536,0.000575368120908161,-2.26380331913119e-05,-0.00346893966697245,-0.000518962914536565,-0.00881395806340082,-0.00108376169640633,-0.00255304107884434,0.000639772030929424,0.0017233611011723,0.00157299667670478,-0.00260938306965509,0.000293583733817909,0.00534984943454058,0.0019511699065725,-0.004653087622226,-0.0024727975212469,-0.000623259479905772,0.0102531854325896,-0.000152316998636435,0.00373158648319752,0.0134971011866304,-0.00768764334207848,-0.022593959398797,-0.0991451036937747,0.0708522519353724,0.0121982005494832,0.0189934240662609,0.00307543082599591,0.078644766847146,-0.0324996482725685,-0.00507561449572097,0.00553633157061585,0.0206262918229752,-0.00160250463479906,-0.000422164628339341,-0.00107773720592186
0.00236030219397604,0.000625602875619107,-0.0010146440315393,-6.78179128298181e-05,-0.00108163875815726,-0.000967619567789484,0.00540758471037502,0.00337864436685674,-0.00303466118008149,0.00243905006238792,0.00250006881845654,0.00137336770969684,0.00163983909292496,-0.00267533808025894,-0.000678643226502237,-0.000556198695017526,0.00385986396446907,0.00409328461269634,-0.00251893178508935,0.00501791069922849,-0.00535130631686993,-0.00264517733855606,0.00303057104994363,0.010019799568303,-0.00602476798564064,-0.00256114400549133,-0.000650277223094754,-0.00368404645831164,-0.00349834322137152,0.00448253418838349,-0.00834618765136862,-0.00116912685216009,0.00204105697958488,0.00154854712348496,-0.0460603125048586,0.0334707567183728,0.0557388040105175,-0.0225487653916322,-0.0346212934878816,-0.0493651148531137,-0.00676620922029034,-0.0976220572382462,0.0686978286680535,0.00128932459794627,0.0161839779022665,-0.0223877901911553,0.0028704574300028,0.00217047587432144,0.00103457113061516
-0.0104025006543821,0.000406016120527249,0.00145347647347493,0.00128225110026392,-0.00138259885618614,-0.00493275608472186,-0.00402666082730463,-0.00743129318793395,0.00660228596847028,-0.00379258639658444,-0.00306474795013656,-0.00166749605538735,0.000374151864716079,0.000527398728835272,0.00245830422994222,0.00163851260724657,-0.0017165365559099,-0.000451209301411499,0.0023205740285447,-0.00118476549590271,0.000774111644039127,-0.00465103421453113,-0.0101469548695745,-0.00176471924281475,0.00455136304530874,-0.00227065053165565,-0.000479370000176484,0.00715920668896954,0.0016569552532956,-0.000334603674221445,0.00229489776858234,0.000800196994235837,-0.00219955094491372,-0.0048813913235473,0.0712770256654489,0.0160387982544105,-0.0251870345396542,-0.0183665253863976,0.0276945807453796,0.0393319772016246,0.0467176292018222,0.0759353891249981,-0.0864769407228719,0.0119089683247712,-0.0320568048017317,0.00416189095907143,0.000594733480450268,0.00311957397869179,-0.00486607911597626
0.0110591302659616,-0.00297101077582815,-0.00100602925201768,-0.00127096835518335,0.00223371472206584,0.00681947131202479,0.00140911902765729,0.00678066851750667,-0.0030061945411226,0.00792394876320936,0.00379697571725933,0.00120344889957129,-0.00567385007664883,0.0010213847954111,-0.00202559364579561,-0.00255326311401692,0.000176433479324553,-0.00178964888367639,-0.000989797178897506,0.00299873776629651,0.00159917680797341,0.00327985297875646,0.00786259788745866,0.00591646717083562,-0.000671797569594568,0.00701270873397383,0.00414283350346421,-0.00821996311929529,-0.00669769417854084,0.00212131498727607,0.00478558643064474,0.00134262488898144,-0.00228396031287596,-0.00285831653287674,-0.0672288003700714,-0.0758102920300318,-0.0274846397750744,0.00392255814137904,-0.0805613683914855,-0.018643434572275,-0.0289558991269722,-0.0257528521564818,0.0324670706580755,-0.0227958661977893,0.01469466624349,0.00478685225953845,-0.00160004092154592,-0.00330445151375148,0.0050958372887861
-0.00487518189118048,0.000725371245235125,-0.00223659713680989,-0.00114734870893091,0.000276511927733204,0.000943826685986871,-0.00177520777537634,-0.00122103912582494,-0.00689252312573685,-0.00798676743784613,-0.00119672986350264,-0.00173804992772806,0.00846222140302112,0.00179413328348609,0.00119505732846088,0.00299546538081352,-0.00168982265553767,0.00126447368599511,-0.00241006367704898,-0.00580255597673646,-0.00210970871057233,0.000307846592876813,0.00347673436950003,-0.00857979516399199,-0.00395511652545292,-0.00220701571596398,0.0079959928786999,-0.00781654467988886,0.00454518690291984,0.0038418284483216,-0.00304169359799238,-0.00169734995272908,0.000783178908612412,0.015540244730646,0.0529016155501238,0.0853859578192332,0.039073561585155,0.0345762013467513,0.0486092279716239,-0.0477694790950808,0.02181571893725,-0.0335210967794551,0.020194088577839,-0.00432164927193559,-0.00327163325026279,-0.015983444840472,-0.00227712993833557,0.000819661873302539,-0.00146135090851671
0.0040660216669544,-0.000366023288451454,0.00166165682057265,0.00082558026052347,-0.00380526967913065,-0.0029224672525067,-0.00176265987044869,-0.00243569812223308,0.00717482771394924,0.00214004652526874,0.000457935516042798,-0.00223679023841198,-0.00763406387838632,-0.00338162717406088,-0.00270483679596915,-0.00466312400552284,-0.00012101102386498,0.000480819820649861,0.00264766647513484,0.00126568409499756,-0.00118685152421234,0.000957505391347344,-0.0096199335686765,0.0109610362168201,0.00644252235801382,0.00537348642293496,-0.000521637676986958,0.00527754197142311,-0.00472638969330096,0.00051266541934776,0.00816854409544872,-0.00184679136489093,0.00159917487014951,-0.0201556663476485,-0.0510460870076099,-0.0641008684071935,-0.0583473275110817,0.0133032992806623,0.0635317225754713,0.0662920193534444,0.0088219262728553,0.0936891182498396,0.00313338585458125,0.00705683155545733,0.000910157167049501,0.0149596832582781,0.0102431273051584,0.00118602875705132,0.00158905959895034
-0.00426447100213424,0.00418892017748456,-0.0003377268288469,-0.000556421827386572,0.00354271676554068,-0.000837498141289074,0.00255992133852012,0.00384243493825865,-0.00160706428866671,0.00205985607790554,0.00075564132647539,0.00484396529061244,0.000840768403520174,-0.00354942097918171,0.000840954598483152,0.00119771368226338,0.00105903108064799,-0.000394396590123014,0.000221576457604751,0.00217951122997497,-0.00184747600231382,-0.00324788951531711,0.0106388637003932,-0.00618142922307201,0.0010063717441593,8.8679929314342e-05,0.00740790715201751,-0.00365493320205009,-0.0025624692246918,0.00455447096933174,-0.00519555316697954,-0.000254756294694514,-0.000628764135573848,0.00795499462235296,0.007586539264644,0.0117387803530446,0.067921392207615,-0.0533799341116321,-0.102649275872718,-0.0289824833032792,0.000493731043096666,-0.073524350625457,-0.0163638000898357,0.0370090594867549,0.0129882570888634,-0.0107330999591099,-0.0081464758987656,-0.00268849703296596,-0.00291831630598588
0.00175027706929457,-0.00469248052993194,-0.00410963061901857,-0.00108712522791933,0.000507503724062982,-0.00207084949014764,-0.00325972819763113,-0.00192607062637306,-0.00465007368986222,-0.00099933940172814,-0.00308342276184172,-0.00538252511631949,0.000274899815820509,0.00349085997889408,0.000412650797311081,0.000953190320502568,-0.00161463231067255,-0.00243529644377147,-0.00373155134272953,-0.00535513439055714,-0.000740520598928942,-0.000555665621068625,-0.00312582437494687,0.0052520389999471,0.00330149859871501,0.0050068408561082,-0.00313795605330117,-0.00382239340535702,0.00386612674212942,-0.00194175880224787,0.00258526554395444,0.0024440302246365,-0.00293430729321838,0.00184196528589628,0.0143613351533712,0.0486728705853593,-0.0633845000167134,0.0398300969468166,0.065800935358158,0.0222304380349342,-0.0108784767552471,-0.00381311933614013,0.0204134018844677,-0.0356366500164151,-0.00651503838962727,-0.016547430035446,0.00587765216091515,0.00128438776114912,0.00419969655620548
-0.000517699087421437,-0.000214164007946702,0.00483226990670566,8.8128499566521e-05,-0.00262392892789481,0.00356121579074633,0.000879239600789352,-0.00155743673095582,0.00516936382918379,0.00197170098089239,0.0037223403531302,0.00387912309933884,0.00130454478303333,0.00161717667538571,-0.000236966239942153,0.000368255318377959,0.00150097853054722,0.0018306157737419,0.00184109202833596,0.00139808478983439,0.000118829221886593,0.00669502256779875,0.00123157098229543,0.00264714045185811,-0.000210978637521286,-0.00327699173716844,0.0107297936725081,0.00462878905705626,-0.00198729917366702,0.00611127270036059,-0.000296048802656823,-0.00234050179385388,0.00263263212010981,-0.00731014906891052,0.00653438405410742,-0.0627093596022498,-0.00540666009986698,-0.0617922640515785,-0.0153757489582861,0.00309910268850808,0.000702783529111072,0.0547502536742316,-0.0259670888417687,0.0100960015857128,-0.00730939658360313,0.0150300104900634,-0.00204417409435316,0.00108538480578022,-0.00313863824116179
-0.00187404983187158,-0.00232488915473194,-0.00691045422399813,0.00174806757600361,-0.00123749119759224,-0.00211575100330729,0.00128811128926036,-0.000996541518217044,-0.00517974346567651,-0.000250665676500789,-0.00365132915469835,0.000751515389283643,0.000176818202782673,-0.00522146067812523,0.00451812340867667,-0.00045286158472429,0.00133725170825625,-0.000562466084989272,-0.00249401130989225,0.00212827072717759,0.00115407265444879,-0.00584560243776582,0.00696812090419459,0.00482742299000355,-0.00252620863587938,0.0080268439296417,-0.00682912568368111,-0.00659731698160872,-0.00013103301997025,-0.0057436298056745,-0.000123602026871162,0.000450576168055113,0.00156541815782809,0.00677609667933157,-0.0304833451417063,0.0590079358280147,0.0542326041993289,0.0381450679722507,-0.0232965857039148,-0.0123855221877017,0.015682504585701,-0.0430758869953106,0.00729802395461405,0.000680011101534261,0.00116685881704606,-0.0210167572218668,0.000754750122576905,-0.00543355430562762,-0.00158960720700589
0.00197016087194726,0.00460882790180815,0.00506506737165734,-0.000336628112839387,0.00325385828385653,-3.56654101838153e-05,-0.00194098910541857,0.00117869126688227,0.00273263902606558,-0.00401972244230927,0.00285956575135244,-0.00226807085704945,-0.00345240874335846,0.00271689759233153,-0.00288348465296734,0.000732033875275878,-0.00487591824138388,-0.00121757838119858,0.00295477947039237,-0.000672346596276482,-0.00191615183343566,-0.000932298694388246,-0.00627505942199049,0.00328344151261552,-0.000658436662621775,-0.00449646500231185,0.000216152078308857,0.00150456131902353,-0.000837959077660606,0.00396434946429268,0.00383186717268155,-0.00227220637213696,-0.00266180671666243,0.0117521751312546,0.0219528798440164,-0.0525034012768997,-0.0440691912623891,-0.0294900051267651,-0.00741975223382148,0.0151885142481027,-0.00897565837673572,0.00381577957791891,-0.014338802124059,-0.0127379962390135,0.0164555376482713,0.0139841564426562,0.00207451380393898,0.00347606723173327,0.00431443078792887
0.000239529818346565,-0.00157126838033493,-0.000793230447632749,-0.00134419003761851,-0.0026369049564688,0.00213547588523044,0.0029802957953717,0.00235780620452192,-0.0010863288281848,0.00159733661300384,-0.00117668106979837,-0.00118650850382886,0.00271268337638228,0.00153841058784894,0.000717524377018923,-0.00323799167716892,0.00189197933146857,-0.000674122859788359,-0.000790814519870143,0.000904898191097887,-0.00118752709205319,-0.0014388369743435,-0.00282117912292348,-0.00792862556070954,0.0024570595711525,0.00604442587926982,0.00319292504351901,-0.00338285650735282,-0.00557379109914057,0.00204942840501285,-0.003721318762854,0.002813815224719,-0.000404973943552465,-0.0221416494470271,-0.00841897718014704,-0.0253566210679605,0.0216866582524639,0.0398592009454367,0.036208918654719,-0.00412265692154955,-0.012566743109688,-0.0063203149800515,0.00241111256628329,0.020353621774333,-0.00816205810453327,-0.0107888161587589,0.00259805946040701,0.000788656062446399,-0.00355769497544455
-0.00185703586409339,-0.0019495426660802,-0.00381817577311154,0.00101391074244607,-0.00046078555196751,-0.00170039726474874,-0.00445252348949221,-0.00448642945158333,0.000531366031093766,0.000653687554514999,-0.0025327460924651,0.00120336567342396,-0.000687083864790402,-0.0022607349502309,-0.000821181721238275,0.000520261465913167,-0.00212023683006115,-0.00299216711809688,-0.000877558449638021,-0.0030284594089782,0.00538274946650647,0.00233818707283479,0.00228164815961796,0.0145613979712951,0.00158256346897932,-0.00653924163522467,-0.00436260467270239,-0.00399096301118301,-0.00332406560874057,-0.00162449497638373,0.00188447439385922,-0.00252590128203823,0.000401846588757366,0.0109066716711952,-0.0208252615247044,0.0916016985786013,0.013239522126896,-0.0531053718272764,-0.0743537720841334,-0.00949343929801861,-0.0070825910936194,0.0145586109190906,-0.00909666584801438,-0.00891438314675194,-0.000333929650248773,0.00659006814192679,-0.00760354208821576,-0.000834847353794329,0.00280246992700613
0.00489738829714137,0.00590643185512831,0.00307249095938988,0.0011430989346987,0.00167129918357082,0.00326716046706204,0.00389801367209891,0.00429265430273622,0.00033861325185581,-0.000239048500135511,0.00503913673780105,-0.000573975632196109,-0.000978597494812924,0.000860456122581614,0.00218850800546068,0.00174392845273832,0.00480609237681405,0.00646979376529848,-0.000529764025707231,0.00377674495848933,-0.00214188350591614,-0.001694231113848,-0.00356108170859608,-0.0101994614267339,-0.00747922990921559,0.00533253101235005,-0.000704893053797995,-2.59583421222047e-05,0.000269793918597898,0.00376546341774763,0.00128564223988586,0.00166936809539837,0.00183471397498748,-0.00908760213195507,0.0299699849423561,-0.0560575592664635,-0.013782545967253,0.0846219017279781,0.0768457676562056,0.0339854446342848,0.0176577738513837,-0.019241884166822,0.0219130245126531,0.00167324233805469,-0.0108371933709184,-0.00194839492195041,0.00552779028569,-0.00031349367620765,-0.00220145417797188
-0.00224092870469462,-0.00597872776654893,0.00144065471455081,-0.00125104194084324,-0.00160169036453093,-0.00277666515235768,0.000533465328204496,-0.00168108371666514,-0.00154517221253508,0.000437756349500881,-0.00401505258333352,0.00306582326043815,0.00151032963608272,0.000113737878123397,-0.00059351723850556,-0.000270814926992034,-0.00288913203433483,-0.00460951963911072,0.00281063433019053,0.000653215920084041,0.00214501646499307,0.0013018648472151,0.00122227547915339,0.00566059820192812,-0.00186914174939136,-0.00320749651346068,0.000150125883705721,-0.00367594701470414,-0.00709556332035696,-0.000968687004603841,0.00044555754107059,0.0010236866352046,3.024268765344e-05,0.00392020480762737,-0.0108079694741729,0.00266893312717403,0.037747335758538,-0.0631891417797843,-0.049864044623917,-0.055461798315455,-0.0389614389791089,0.0140834856430195,0.00624680671121568,-0.00107080792223906,0.00626612880135319,-0.00786837969109399,-0.000975216879496522,0.00220440940983183,0.00206083889433579
-0.00184849542354373,-0.000349624725523128,0.0016606822914569,-0.000787589252829758,0.000412126578150417,-6.17542028179168e-05,6.76876827300746e-05,-0.00120789305780909,0.00429409705168467,-0.00090856178152421,0.000862672149709973,-0.00289822851717846,-0.000884316380299728,-0.00149754706229418,-0.0026718928135606,0.000145225629069117,0.00191565475523624,0.0028228607367789,-0.00112417291574625,-0.00208348821553756,-0.00127867839312276,-0.00337823315359803,-7.60739764290863e-05,0.00461853656692973,-0.00150818717841805,0.0013218694231075,8.31719154099908e-05,0.00267132882824489,-0.00114518340327251,0.00141486366126717,0.000453226505782424,-0.000225146720766969,-0.00182587282687126,-0.000174633069196505,-0.00628916805523926,0.021448241841564,-0.0718111997879736,0.0279530503715008,0.0512662407749508,0.04156200448047,0.0493856563503837,0.00342071044500109,-0.0133685725630287,0.0123954949577873,0.00195050161151443,0.00285913469974401,-0.00198827104290054,0.00210755326650657,-0.00213663811741369
0.00238960389867996,0.00296743584036988,-0.00447903810526471,0.00155246900735179,0.000721061809327588,0.00209394406383907,-0.00500221650138965,0.00264526688056933,-0.00392113666211337,0.00281366946835253,0.000527481697429695,5.3816689183151e-06,0.00189817556916504,0.00210166175421095,0.00172378039594543,0.00171893171716105,-0.00329677515451285,-0.00266086895762539,-0.000465626623914874,0.00110504040087976,0.00206434959463626,0.0015551561804935,0.000225776995118441,0.0025672670554391,0.00111833433402098,-0.00356749592747721,-0.00800602861865249,-0.00610341071396568,-0.00199130318494945,-0.000704642619547561,0.00116219141090337,-0.000613933575861671,0.000594803953329438,0.0058138900974155,0.0298601407668775,-0.0315205634848939,0.0393778169227359,-0.0057263951625857,-0.00571889218960412,0.0177537199697718,-0.042091575129062,-0.0416786863665752,-0.00740140749614817,-0.0146548216173029,0.00414707033938277,-0.00214658839409368,0.00647549849346465,-0.0024224889989187,-0.000868142076603389
-0.000368014364411596,-0.00061884446675202,0.00495544998378526,-0.00284592282685701,0.00100622537079379,-0.00200084652773263,0.00338222075032434,-0.0034915466340766,0.00320130062411812,-0.00250927181983346,6.9608195482069e-05,0.0024876058005039,-0.00129207595169553,0.00159212032761476,0.00235918393349728,-0.00468579051243367,0.00210541510611367,-3.48600512394028e-05,0.00117716967881283,0.000475767199917655,-0.000722657614012367,-0.000528555728561926,0.000704820747561109,0.00206150751762077,-0.00584052455687958,-0.000805248395514657,0.0074751547052298,0.000390038249148829,-0.00448216132460094,0.00698085171236401,0.0027070040738729,-0.000656008898950719,0.00165738458833814,-0.00919560329443947,-0.0293108173690353,0.0107545902266744,0.0133235016355409,-0.0140866225632569,-0.024214607141217,0.0070249432069119,0.00974254490355157,0.0326596352721846,0.00732447419738235,0.0086777191023697,-0.0118526584853793,0.00207072448214532,-0.00173435842702117,-0.0013036868164402,0.00281964881419216
-0.000528492925305377,0.00159500795517132,-0.0028462171821762,0.000199283494130747,-0.00236992749307465,0.00114967478037403,-0.00291497535642604,0.0028019444295451,-0.00247251516526837,0.000343405398970121,-0.000456868660926851,-0.000693684626706074,-0.000403256630460973,-0.0034273280984126,-0.00237105801502142,0.00130758635554514,0.000841065084962459,0.0010380847494839,-0.000970294545439933,-0.00256487735090128,0.000252507011336807,0.00295101863487846,-0.00706652213681519,0.00111108548954246,0.000836266785109618,0.00714597891822055,0.00101349389505045,-0.00254807672000619,-0.00323279212067085,-0.000958559038387499,-0.0027063642843021,0.000217693403520324,-0.00305131205126648,0.00439833435740933,0.0244456862082235,0.0035321268600931,-0.0183619767078844,0.00898920837863514,-1.22883991363143e-05,-0.0314351383342817,0.0104297197286802,0.0110759483742447,-0.016931487010688,0.00378449197199696,-0.00485260163625423,0.00132699006654907,-0.0026711866484272,0.000856131675831242,-0.00177364491593628
0.000646900849195646,-0.00376585392823967,-0.00229429549965852,-0.0012066928017942,0.000307340977897786,-0.00151684198802639,0.00236178758371347,-0.00350133897606993,-0.000188203795392931,-0.00177085321395857,-0.0001708693279163,-0.00106103298321547,-0.00152271877884458,0.00145951085743307,-0.000310847430460428,0.000605095455020996,-0.0017197172213379,-0.00031928203440267,0.000788158024260987,0.00169213778753728,0.000202703723282273,-0.00416090633961647,0.00839231054723472,0.00140451805859741,0.00187339567571235,-0.000876601950401235,0.00125855332037986,-0.00296079661320457,0.00229383419519934,0.0001285885161528,0.00287373643130951,-0.000304698266408089,0.000583079805192424,-0.00653229955526416,-0.0227738362854225,0.0320227563025023,0.0144607486996034,-0.00837541976644754,-0.00475906365858098,-0.00308290165273137,0.0131688333620271,0.00332464962118938,0.0163232658089664,-0.00938712868772497,0.0143352885276142,-0.00117243426559283,-8.79860882356327e-05,0.000429648058168397,0.0011521415358792
-0.000984407428127117,0.00184367100732168,0.00251097445282289,0.00267414875961964,-0.00068256326973235,0.00150434254659657,-0.000490307988667172,0.00301904555828395,-0.00244314735779462,0.00252645508944525,0.00184809090641444,-0.000858053631193113,0.000252514504249168,-0.000553533854529603,0.000841496712939781,-0.000762166252155443,0.000605199832245479,-0.00248075154916434,-0.00104682719628877,-0.00166768671402392,-0.00332097903950621,0.00182951816560444,0.00196129975020873,-0.000649965884026486,0.00537851684057566,0.00879534404818351,0.004080191171651,-0.00215873837811577,-0.00386992009217815,0.00398326984614664,-0.00277689172372412,-0.00146874695175152,0.00124223629689831,0.00389123901090681,0.0111301228996631,-0.062173411967501,0.0265869077411274,-0.0247613026335709,0.0209975016291204,0.0549530041434951,-0.0435077922158596,-0.0159917953254156,-0.00111281001344838,0.00990078777986565,-0.00620239753209862,-0.00664527784079543,0.00425122443259872,-0.00089796976958433,-0.00138029251119728
0.00313605442871989,0.000979542353198952,0.000192235790307743,-0.00201076909740902,0.000118837352918439,-0.000455772547293181,0.0015611543597717,-0.00218152545581069,0.00254030874592223,-0.00203302303535716,-0.00341744708016266,0.00131507334182629,0.000986432788949429,0.000743429836525658,-0.000565670133510538,-0.000618791113955746,-0.00129367886287368,0.00360014658309142,0.00018482523827228,0.0019768237044067,0.00267184823566113,-0.000720479202646458,-0.00803439183331242,0.00135303922199806,-0.00216794491209804,-0.00247858349592117,0.00319833309641637,0.000792760038019036,0.00156253677280643,0.00156280388189553,0.00320045608991946,0.00182803750511566,-0.00153879366720606,0.000705737342663515,-0.00564052056786139,0.0518359710140403,-0.0305277437986638,0.0059020418245896,0.000557454630881826,-0.0736843195721145,0.0434071133035891,0.00182687955505882,0.0075600073968819,-0.0143371163966143,-0.00777635220281458,-0.000134706796083676,-0.00141699847026733,0.000492828961180059,-0.00178206526692046
-0.00401936193927222,-0.00154919221185853,-0.000997912519448064,0.000842738726797457,-0.000176461584223485,-0.00128783549895958,-0.00296998411214108,-0.000726664795852266,-0.00101204178215931,-0.000128537741889332,0.00045447986105471,-0.00121225173498804,-0.000714451556775799,-0.0022017423958646,-8.29724154123382e-05,0.00250498288079033,0.000649927766062974,-0.00368545092402259,0.000263413268272722,-0.000402013292419074,-0.00417237508438572,-0.00283971746102538,0.00568745239283608,-0.00067002784774995,0.00684056062306868,0.00264612442515477,0.00606481866318651,-0.00260406679973073,-0.000264141979978039,0.00214504257244247,0.00232793736490282,-0.00201417616162806,-0.00100309295834313,-0.00235387164467083,-0.00544519901357338,-0.0201686482609088,0.00299107519965403,0.0174930489361167,-0.0212933142605316,0.0624110124328883,-0.0301901641679768,0.0157034659954986,-0.010279178967473,0.0103670938084475,0.00390089536000512,-0.00706472578477611,0.00216287159529414,-0.000196724973374424,0.00285222478023304
0.00261958586550831,0.000663347878289224,-0.000505442441910156,-0.00152213658876479,-0.0007834161292359,0.0011289030395189,0.00179525736633661,0.00184304458086936,-0.00220176877868552,0.00139419431201655,0.00126244551578276,0.000180624865835236,0.000274731926594484,0.000768705862408185,-0.000204284617418573,-0.00167732257209373,0.000816956513820787,0.00115397840173467,-0.000885088593503288,-0.0023167622735589,0.00114244759196036,0.00188456177208906,-0.00169161181976498,0.0067628470856336,-0.00859250243719513,0.00636804778911737,0.000555889801151531,-0.00163565519077173,-0.00334939318882888,0.00152891439445146,-0.0017887916683977,0.00253980903137611,0.000142017936677039,0.00043843245196752,0.0160820284165375,-0.00666401510411435,0.0211018877187175,0.00553996559547602,0.0089774740680983,-0.045890223276163,0.00769914601541202,-0.0103586718232465,-0.00166491606406956,0.00023161233920926,-0.00125780643371593,0.000291753034056136,-0.000962467943253636,0.00080407067184424,-0.00397001388730969
0.00109256198566213,0.000754400810463598,1.52075864459334e-05,0.000371100644224983,0.000153367184482673,-0.000761490639319518,-0.000716325511600115,-0.00105572453884476,0.00130350106632395,-6.87214810989453e-05,-0.000739509089727141,-0.000721176757090477,-8.72761515871364e-05,0.000634677194960703,0.000249367154423654,-0.00105363155561734,-0.00365871545329264,0.000534764995307955,-0.000206290936542071,0.00047931544297976,-0.00121919618930631,0.000146442985360621,0.00496458145128724,0.0042596837518796,0.0141837832656875,-0.00153208628283653,0.00172464261474067,-0.00139832195251541,-0.000469361434194324,0.000625648855657066,0.00190007561593608,-0.00317798036700386,-0.000719903765935069,0.00602255777350145,-0.0219541640588579,-0.00460684951532839,-0.0469788308176855,-0.0208048781095864,0.00177255270313674,0.0102174930721056,-0.00350085751756773,-0.00610750517030608,0.00579014650877965,-0.00335049448341168,-0.00505239863633965,-0.00095041012594064,-0.00188398653256018,-0.000803114697585058,0.00339333495639705
-0.00112325813956514,0.00011370053870314,0.00144615638671153,-0.000954095613403308,-0.000824358877739902,0.000719879544372897,-3.88780091390584e-05,-0.000744761267085693,-2.34351311315995e-06,-0.00171004381182819,0.00125136313649499,0.000165902441440391,-0.000881557594650568,-0.00103093644997984,-0.000332183205828881,-9.57815862338447e-05,0.00333434023318793,-0.00087307151300567,-9.24512949287758e-05,0.000545695152783066,-0.000981406332453106,0.000839381502691798,0.00190683375695333,-0.00328831398045209,-0.00561180928026966,0.00282894064339928,-1.24824352416009e-05,-0.00228259375912118,-0.00187988090177659,0.00188873315749422,0.000123612932584144,0.00137611709054065,0.000498283362375357,-0.00502462195892164,0.0157808681845077,0.00528505383857956,0.0239742339209591,0.0024752150543582,-0.0177427040702098,0.0159876551673566,-0.0050193804717144,0.0136584781239298,-0.0120034407221315,0.0060813293445983,0.00703662060076318,-0.000861981691573709,0.002396646765612,-6.69706866656058e-05,-0.000736849995206199
0.000590390888776995,-0.0012241902886391,-0.00145215519322469,0.000815259596792227,0.00103777091327244,-0.000152287073614897,-0.000777898529225177,0.00114689711295229,8.70756374959617e-05,-0.000536668206105298,-0.000887335924426857,0.000905669840967418,0.000226862980005752,0.000825833821152365,-0.000482085336160066,0.000260659534621187,-0.00012518517154467,-0.000325748474888429,-0.000148636224107461,-0.00116380201956332,0.000976418950955196,-0.00148653555535858,-0.00579782342524452,0.00504875457921115,-0.00523103738117262,-0.00194697867855513,0.000360473744074108,-0.00123924493421904,-0.00182008475951522,0.0022462846141189,-1.84237570482887e-05,-0.000459710454762032,-0.000683518490966303,-6.44446767115118e-05,-0.0137180678789138,0.0108842451254608,0.00759556721015422,-0.000431368851081589,0.0131915954976018,-0.022142117878637,-0.0175082567175054,0.00212038713347516,0.0114699267595569,-0.0035197234176813,-0.00572822701446126,-0.00303545100218578,-1.91553376724168e-06,-0.0007115225805584,-0.000686126897867713
-0.000181030969248824,5.00022463640321e-05,-0.000222639804658968,-0.000794226029488692,-0.00140702302621067,-0.00098760058624571,0.000759587159766715,-0.00151749824483615,-0.00213456111376089,0.000378474054829625,-0.000673311530787623,-0.00162681677386361,0.000721935705587955,-0.000678973609723582,0.000952840590697364,-0.000371017978579738,-0.00161816687837759,0.000203846961364602,-0.000978960256446563,0.000666804823383216,-0.000187530269094032,0.000895602207915569,0.00294074180889184,-0.00208173225001981,0.00123368608802323,-0.00136396811685169,-0.000595465421901475,-0.00381216213927021,-0.00212578716117864,-0.00143342259195649,0.000813499491055783,0.000578384033265759,-0.000187258219316487,-0.00051115712790344,0.00807234518450844,-0.00322636598918961,-0.00106410724154738,0.00275295805622405,-0.0144739573519377,0.0291218745830517,0.0244450138285094,-0.00517149683552275,-0.00494489121564593,0.00196488397505779,0.00477034095269098,-0.000349775043362536,-0.00119901903855583,0.000614966394755532,0.000306006744590308
6.45554654328208e-05,0.000738381292906222,8.36315550989434e-05,0.0008821044472517,0.000277796024666668,0.000617161704928829,-0.000354761505270672,0.00198048607449458,0.00166569723850239,-6.54753997379161e-05,0.00153224380951581,0.00132145900946412,-0.000623746511572171,0.0010693305509921,-0.000599893464592014,0.000219484677030413,0.000382823259832765,-0.00166087595324128,0.00121270584681663,-0.000494882561339127,0.000331080573291261,-0.00117283517738422,0.00125051482326967,0.00322347196476696,-0.00415860143824275,0.00246057141112198,-0.00315573928656239,0.000436619079862893,-0.00451829952678438,0.00277505124213585,0.000298663195100968,-0.0020914260558115,0.00096743487644561,-0.00226041961302352,0.00239337924887787,-0.00186747224341631,-0.00590636893240398,-0.00523263604914363,0.0136278422408414,-0.0236514859898592,-0.00711895079093147,-0.00467852937716691,-0.00192016795430439,0.00265403408987556,-0.00270138945616922,0.000218741094823139,0.00171993084068369,0.000132320971730312,0.000276317735182226
-0.000398270079029075,0.000477352212595838,0.000272518780972478,-0.000673806440242847,0.000331734429423765,0.00019276951801339,0.000209493341275282,-0.00104609490500008,-0.000596253004036241,-0.000242907448874451,-0.00154334305727554,-0.000643902787035862,0.00055337495924611,-0.00126160349130963,0.000711676495444728,-6.94546522296297e-05,-5.36620635600987e-05,0.00157561534703764,-5.8811747468291e-05,0.00119183940973215,0.00106184980019268,-0.000783857879529832,-0.00269699245391449,0.000944724788535168,0.000654720781080496,-0.00197348363060009,0.000739043334320437,-0.00167030113635819,-0.0032179750331861,-0.000537361595847413,0.0010390081262823,0.000648902274346053,0.000169515355414795,-0.000943342012446898,-0.00209175490822631,0.00317878361321158,0.000120675994690087,0.00693756154923965,0.00621621164389185,0.0031775889862904,-0.00873863634422909,0.00549575096565666,0.00379967644173261,-0.00219221830354643,0.00266414081462523,-0.00294127799450369,0.000271899956268401,0.000801228001330089,-0.000541811601368004
0.000522166766639361,-0.000595918271392082,0.000465336570689625,4.67412762652564e-05,-0.00106207110320685,0.000353634222481317,0.000720137444480861,9.91704867415015e-05,0.000394128292303263,0.00102838608086788,0.00116149309303518,0.000843279106828316,-0.000495411814408328,0.000168258801003145,-0.000316138541858001,-4.1425298276362e-05,-0.000192208773015106,-0.000726296605010675,0.00015927838236622,-0.00102232167473558,0.00136984853731988,0.00123964490960992,-0.000558554486051618,0.00408388597867374,-0.00742847676476228,-0.00167950784271458,-0.000568832827509996,-0.00208703948728212,-0.00209683299178497,0.000901524616780662,0.000142760199394618,0.000280692785110819,-0.000768379346911683,0.00291711045218952,5.34414180973757e-05,-0.00552669056602359,0.0164084998161047,-0.0111667007587296,-0.0281270547548558,0.00921997602110231,-0.000579186974045538,0.00610288414184167,-9.66568319278535e-05,0.00211706381082914,-0.00114049846518435,0.000434710748295314,0.000974575837578796,-0.000340641392866528,-1.55391173797167e-05
0.000278286945586598,0.000544382800959137,-0.000370494561440494,-0.000296080184467669,0.000839364278493677,-0.000743371383018175,-0.00120403709719555,-0.00027550402131324,0.000191241248751423,-0.000217854139117243,-0.000604612262604545,-0.000936016404323213,-0.000112634327229805,0.000772025720197965,0.000129053055100217,-0.000280456704471687,0.00027051234674604,0.000458081515409223,-0.000129727214383837,0.000733053361206699,-0.000879595446474659,-0.000149909213111393,-0.00205011807559305,-0.0002950005982904,0.00201598249620684,0.00128469598376024,-0.00278286346264489,-0.00225312040103992,-0.00337728258944056,-0.000134173080688129,0.0013169933326971,-0.00025878759796743,-7.592990163378e-06,-0.00496083650963556,0.00427429958654895,-0.000559771153457505,-0.00165478611717534,0.00818856902408203,0.015549458467962,-0.00294465640230754,0.0103889351890129,-0.00963416812135994,-0.000318320473339673,-0.00177684238573279,-0.0020232755076352,2.8314370567304e-05,-0.00118512850067235,0.000982175490632159,-0.000677280696201728
-7.29951533810043e-05,-0.000928255840067523,-0.000282775593429813,-0.000288274186772715,-0.000580496469108566,0.000717911046486249,0.000756168786703892,0.000725144657716412,-0.000526164458184205,0.000192245448717151,2.66266571198663e-05,0.000429078893230104,0.00107869533966012,-0.000366668064343595,0.000273932145140528,0.000182332785534905,-6.3151704687794e-05,-0.000531965321035465,0.00035097614238597,-0.000493654440377997,0.000943830364415511,-0.00096477063913295,-0.00116778322522511,0.00108745816927826,0.000720786500280707,0.00197652505267788,0.00219526579923401,-0.00082822819684078,-0.00178020234022218,0.00248590501511751,0.000458563632305412,-0.000767134285845125,0.000270141021515423,0.0014048843613803,0.000230265986338167,-0.00254509852448311,-0.00971627620488959,-0.0102592031855529,-0.00802458625943631,0.00659641579938762,-0.00913516152381865,0.0110384938074988,0.00022740003339226,0.00376934358882477,0.00173597048970861,-0.00185495468043908,0.000483839269335815,-0.000425898271002445,0.00130900061453271
-0.000511762273238869,0.000990557639409198,0.000572035476249512,1.60941018395695e-05,-0.000159186590829162,0.000292654141384492,-0.000292075172328743,-0.000649497100631407,0.000756703810312779,0.000181071808460887,-0.000515090504093349,0.000295392218573946,-0.00108409832797829,-0.000129667856959122,-9.5387358352235e-05,-0.000309272074201286,-0.000743164922524235,0.000446181364567407,-0.000840275992864136,0.00031158170941871,4.6458623191714e-05,-0.00032221391642371,0.00175497106779554,0.00321912353033784,-0.00150392807570404,0.000975822339619958,-0.00127353860746954,-0.00202300574934342,-0.00285260774557976,0.00148989667933581,0.000235579888379495,0.000340312166690789,-0.000842797166228701,-0.000735765905730936,-0.00358111370704936,0.00410897097703621,0.00239557163516057,0.00861145844832168,0.00633854382715325,-9.09171012177627e-05,-0.00210222820984824,-0.0051495948327675,0.000821912202900534,-0.00293595017691727,0.000825380175630899,-0.00190930665789276,0.000320275300382133,0.000460133536982587,-0.000723683959566633
-0.000226090006597351,-0.000326411865090237,-0.000591890308983726,-0.000675702536677287,0.000217160254534973,-0.000805734386430992,-0.000126240087505365,-0.000281754261482113,-0.00062445612401683,-0.000972633980976593,0.000177286663853745,-0.000502530829232447,0.000229890573004819,0.000159746727655083,-0.000209489032339445,0.000101377629453935,0.000412705610033634,-0.000192198102651612,0.000249868725909822,-0.000765197673732656,-0.000907321705715766,0.000114250978166806,-0.000578109231521618,-0.000730117963217564,-0.000293174823775583,4.405554782351e-05,0.00425561723178119,-0.00208201206267536,-0.00214902467833661,0.000967735253566956,0.000352769248050611,6.21620749054284e-05,-2.67189215385271e-05,0.000125762364975014,0.00253038084425762,-0.00226088857051605,-4.45016241809038e-05,-0.00539222603597117,-0.0113916017577393,0.000472372222109857,-0.00139997739248303,0.000362160204453003,-0.00211243861351416,0.00349508391038597,-0.00090449481968198,-0.00206812260490759,0.000383998724835824,-0.000130166140791675,0.000287034873122955
0.000757872845552537,-0.000183554654404325,-0.0004433055379174,0.000224778326892983,-0.000650665549715761,0.000644558057873063,-0.000191513846525239,0.000280888826658624,-0.000876166335469829,-0.00015563259747292,-0.000389778882336556,0.000200710406509074,-0.000126090101370659,-0.000558738922965911,0.00046981262374922,-0.000469005179932064,-0.000179968614700277,-0.000399421610130176,-0.000535964294989893,0.000279341234405539,-0.000525052919796111,-0.00107995610987243,0.000581930948448463,0.00361903015247395,0.00151103444105392,0.00268373613813733,0.000849370823768715,-0.00103336845745451,-4.3514346056317e-05,0.00195061543374386,0.000946262615889107,-0.000769051464900562,0.000510737701068003,0.000174337042803204,-0.0011364360861588,0.00101437469072961,-0.00337676955594974,0.00132644804963417,0.0110989531464583,-0.00191239933154357,0.0105115649535222,0.00737674163540857,0.0022075143101141,-4.15241888479072e-05,-0.000728776201616786,-0.000972147200305929,-0.000360796947392203,-0.000204015518001244,-0.000410914500926947
-0.000336420917753846,0.000139165416159384,0.000450946319695494,-0.000903333492805907,-2.8012511909294e-05,-6.72121320723382e-05,-0.000284579356535011,-0.000451347381074807,0.000169540362546958,-3.03360728378008e-05,0.000401648916858845,-0.000443228007841964,0.000162750646995194,3.03152392926048e-05,-0.000613145629150059,5.17180619188243e-05,-0.000435572758278349,-6.82314950170362e-05,-0.000117684992923599,-0.000726036125888691,-0.0010938273368309,0.000218382645986292,0.00153430131725754,0.00118894495008174,0.000795911628370921,0.00260655473265148,0.0033245554334813,-0.0023208917708218,-0.00123443614861285,0.0019688320863534,0.000577835987191879,-3.8708951892643e-06,-0.001248001468244,0.000290825897787647,-0.00552517157240088,-0.0028233701179114,0.000505323493136944,-0.00209498214587604,-0.00285246375602261,-0.00279670086744042,-0.00719032567834105,-0.00569140024132744,-0.00343160423150378,-0.000225450735945255,-0.000440561609125825,-0.00190662321165445,0.000115851321844874,0.000132447683490767,-0.000180165189296175
-0.000170167502717977,-0.000246418078467968,-0.000480241916350423,0.000457818786093556,-0.000114633185943262,-0.000158428927389159,5.66714268870287e-06,-0.000275688139814753,-0.000799932450097119,-0.000509704553377758,-0.000333305936962808,0.000107427534300319,-0.000529019836484324,-0.000361787843592854,-8.91757982961179e-05,-0.000498783442809739,3.66120942382579e-06,-0.000197650618135949,-0.000218747278934135,0.000271668239738156,-0.000717746449243606,-0.000587967685821901,0.00111744145457955,0.00171341107762821,0.000904148529326493,0.00118380722322074,0.00302805161029014,-0.00180278671917654,-0.00061144802023947,0.00189340343116558,0.000972298539594324,-0.000517038641187025,0.000184098667954028,0.000115675001793047,0.000910217902965714,0.00241262860349283,-0.000763206915643778,0.00067182540619358,-0.00309045920577748,-0.000887950146607697,0.0041824712011197,-0.000116640013140679,-0.00014636440560023,-7.62243907290738e-05,-0.000602973185449884,-0.00241109409685783,0.000309177834214008,3.95411117397769e-05,-7.51453495414552e-05
0.000368130928352919,-0.000176292960443766,-0.000188795349907997,-0.000557632760534174,-0.000328951909926516,7.62603817911606e-05,-0.000108107455698495,-0.000534206287055388,-0.000691356234240301,-0.000200659767409707,-0.00014361244448099,-0.000225093350746212,9.81367264145912e-05,-0.000464462429765656,5.47751291489536e-05,-0.000134612738148076,-0.000400758202110493,-0.000197094941748667,-0.000453450652112024,-0.000350452941812937,-0.00102410598793787,-9.97307550624285e-05,0.00107621022884045,0.00211734380284903,0.00187574397206419,0.00240443640916216,0.00285583360730707,-0.00144376179857,-0.000626281440426646,0.00232325280796179,0.000404326468285879,1.60899755264118e-05,-0.000501399908418281,-3.84527211901697e-05,-0.00365235647671007,-0.00311431950155067,-0.00522204947936871,-0.00538786126383907,0.00312520449838753,5.71068622146897e-05,-0.00420626626286745,-0.000328365174385356,-0.00374993127709571,0.000936283338939609,-0.000848230110081755,-0.00184281661050374,-0.000252716749098388,-0.000390196963289537,-0.000134084946553468
6.76315956864679e-05,-0.00025272605083191,4.63131500719471e-05,5.43212155675802e-05,-0.000315010433520715,-2.86071264084514e-06,-0.000185240046618718,0.000106752540905854,0.000254048989405026,9.9689996356872e-05,-0.000234235201174322,0.000141964274588565,-5.64732448752698e-05,-0.000121910572521628,-0.000119618336256178,-0.000125158300384384,-3.84941304271335e-05,-0.000185213521067734,9.31727846544082e-06,-0.000358104480451888,-0.000863014097842508,-0.000653901771137822,0.000950482640248579,0.00174557391783747,0.000835210501011902,0.00143283544396666,0.00277953827975896,-0.00172076412856288,-0.00108037836690794,0.00134197636366526,0.000483861513531358,-0.00056540272545178,-0.000150842657734355,4.44572547194317e-05,-0.00124088511702819,0.00244167962088495,0.00247812923598077,0.00275253716380909,-0.00182146830500048,-0.000926805753196758,0.0024134716659384,0.0023349895765546,0.00148638103884551,0.000136686904627996,0.000114480509326914,-0.00171561439703598,0.000182403909986832,0.000115154910913102,-0.000185358234341527
-5.41385198803632e-05,0.000227521383716888,-0.000363706278461095,-0.000353698789912645,-0.00015540418411543,-3.53867823214373e-05,-1.38204764241015e-05,-0.000360102237526522,-0.00046441336822048,-0.000307170693871281,1.1702499950114e-05,-0.000244048858662261,-0.000105455358236767,-0.000143682447931559,-1.28199928495524e-05,-0.000359692986636967,-0.000132067642275512,-0.000188157789010426,-0.000582661975812847,1.05670914957614e-05,-0.00042034502259713,-0.000122161700980764,0.000343006105401278,0.00181566449893049,0.00069888114924016,0.00209792390838709,0.00153044373564432,-0.00177343689844375,-0.00167738851029726,0.00162022308121965,0.00059870663466928,-0.000154401292311103,-0.000106445317678975,-0.000282358837850723,-0.00124282218368243,-0.000650282029456958,-0.00104188745829976,-0.00132915123504674,0.00181536010087969,-0.000910873187620231,-0.000269956248486754,-0.000813584080256766,-0.00185385787648855,0.000125204513660791,-0.000545705967405621,-0.00194283111684623,0.000120844464623099,4.11071530424106e-05,-0.000130001435888758
9.16492678030636e-05,-0.000234089245967174,-3.28759703712546e-05,-0.00019018687239503,-2.25783912630477e-05,8.66007075213237e-05,-3.08900316754778e-05,-3.75866835620031e-05,-0.000278672375328551,-4.49360317473814e-05,-0.000128794228620538,-4.02769584752459e-05,-3.25720299032325e-05,-6.65427312546386e-05,-0.000146107402018641,-0.000217486998868154,-9.3910605792143e-05,6.51291045572402e-06,5.77471141189169e-05,-0.000174631993492175,-0.000234405291769308,-0.000280220013920968,0.000309471353315965,0.00185638422860397,-0.000554219770184494,0.000681676022221078,0.00112868101733442,-0.00170293873831864,-0.00189602756039552,0.00132450651972568,0.000641828751322793,-0.000122203772330383,-0.000305446184080754,-0.000219196791050467,-0.00040726833382991,-0.000108868167105385,-0.000957840034357598,-0.000200845791534968,-0.000841211326318099,0.000331465936353262,0.000492993143124249,0.000562582560710862,-0.000867190207677102,0.000627306520428285,-0.000127444066263804,-0.00128420140599931,-3.69957932747078e-06,-7.44039623255285e-05,-0.000105334145796211
-7.03523889269055e-05,-1.075987100084e-05,-3.66624532687609e-05,0.000143080534743311,-0.000325593291581159,-1.62357702418285e-06,-2.93553721627923e-05,-0.000127043521966536,-0.000110892387563104,-6.62911704043395e-05,0.00015145028147126,-6.97439174374582e-06,-8.36036704310317e-08,-0.000114804902411388,0.000264501401122337,1.04886924396333e-05,-0.000101719887645018,-0.000231036391614595,-0.000144955611085207,-4.35791430717508e-06,0.000287680546416008,-0.000215913068843367,-0.000296348154968248,0.00196222806341856,-0.000795263593731221,0.000297287871771579,-5.64151479766975e-05,-0.00166577367003043,-0.00228926673664324,0.0010645770052477,0.000543737780201718,-0.00039276080306214,-6.71474441965849e-05,-0.000678633357249374,0.000203982019952521,-0.000317698819089992,-0.000175816287388718,-0.000628164824619727,-0.000817855550251295,-0.000286141730343081,-0.00182910576650801,0.000458609364006976,0.000217684992223841,0.000809431243187948,0.000199334199036491,-0.00123315490571829,0.000368997104728867,0.000378258189980607,3.07372974443724e-05
0.000174746740391089,5.46679478824405e-05,5.16052049511148e-05,-0.000414722966900531,-5.09536569082564e-05,4.64628664486461e-06,-1.52409954176872e-05,8.69162575554625e-05,6.61735508567379e-05,-1.70038319870225e-06,-0.000234779695607132,8.11970522874754e-05,-9.69333841167319e-05,0.000193372479469683,-8.21093486394779e-05,-7.95563065314753e-05,-4.23056861439796e-05,-2.52555218877848e-05,8.69593746672809e-05,3.51392224728145e-05,0.000297536683617618,-0.000215362217999254,-0.000531692731332259,0.0015226572124695,-0.00197791189060736,0.000143631876533171,-0.00078409986457903,-0.00173453154466521,-0.0031817970919215,0.000690715300460994,0.000423722238717263,-0.000129761297873541,-0.000167109796523606,-0.000610105572518074,0.000536195126775871,-0.00184712444464544,0.00164539048096041,0.000102640639694375,-0.00102559545723357,0.00108010539961568,1.26390823324326e-05,0.00170173071979065,0.000396663163917343,0.000639870717407322,-4.91452939757851e-05,-0.00106378283469289,0.00010356248704497,2.92692060888805e-05,-9.02118524317361e-05
-4.78587937534358e-05,7.9395930731585e-06,-4.27178502762637e-06,1.16935679356223e-06,-6.28432045671201e-05,0.000190294370004847,-6.61313395595442e-05,0.000157144777307661,0.00012811863123402,-0.000102328921424755,0.000153846815253829,-0.000130400549483004,0.000108571972594673,-0.000108230595163905,0.000155836963111389,-5.91617714950643e-05,-0.000183734665057556,-0.000168423652863292,-3.32445206547849e-05,-8.87471027543052e-05,0.000663201960605042,-0.000181072404532717,-0.000752540134717067,0.00178532902929862,-0.00168381963899206,-0.000442401116853869,-0.000965824935444171,-0.0013602562941088,-0.00308729626600757,0.000965614856124189,0.000572156799759305,0.000107266123995128,0.000140352246636638,-0.000746097621926206,0.00110747553300483,0.000327803091083712,0.00209640270631745,-0.000648494237054209,-0.000634946269789605,0.00156788491452978,-0.00149728994863996,0.00049583939512482,0.000148027276450025,-0.000106782478138889,0.000273007398929492,-0.00110332847239256,0.000330695027080552,0.000242852028346147,0.000130273545540599
-2.85522761839241e-05,3.95695496534509e-05,6.91553736369421e-05,9.11103679023806e-05,-0.000161859162918193,-4.77032621443996e-05,0.000209696894644007,-0.000184218615223997,-0.000286714712110725,0.000110833162613733,-0.000163931154163161,0.000250554047098075,-0.000105585341667269,9.79688903894327e-05,-5.53272994499032e-05,-3.16529211662475e-05,0.000173834174215848,0.000173812395950712,0.000162801648091349,0.000165623898392642,0.000770398255840243,-0.000228194900261103,-0.00100742341978405,0.00179905677925873,-0.0022781664236296,-2.13058319076809e-05,-0.00141138815661951,-0.00193662585619325,-0.00354058477732871,0.00025038099835549,0.000565729426028116,-0.00049201000799437,-0.000197100278253814,-0.000848736928274141,0.00120664119972802,-0.00144603388186726,0.00127053328254134,0.00024077699774061,-0.00125507844559647,0.00103173562463899,-0.000447994898912119,0.00142595930977918,0.000222368073756529,0.00102968527515396,0.000205375612982617,-0.000512008858913393,0.000273974999040749,0.000450613644840114,-0.000204293081928153
