0,0,0,0,0,0,0,0,0,0,0,0,0,0,0,0,0,0,0,0,0,0,0,0,0,0,0,0,0,0,0,0,0,0,0,0,0,0,0,0,0,0,0,0,0,0,0,0,0
0.124301748752801,-0.00234157759285844,0.0737248557768128,0.107940323357456,0.107421565730971,0.0602222200413696,-0.0290677548888812,0.00218410473699468,0.122849733702029,0.267458516096986,0.0731222994330862,-0.0333829595710996,-0.0736471983374696,0.0657178149123619,0.138165410645697,0.0733598050767369,0.0312864981221895,0.02991304207924,0.151789270844811,0.0571863952923276,0.155096817849921,0.0242100180946101,0.0638562385143383,0.0805603594342822,0.157559943964113,0.0407414374507612,0.029556543810477,0.079775248482454,0.280171384946017,0.106149915209059,-0.0631342517629328,0.0191370020534983,-0.0153273149016185,0.0800549012079445,0.126688133443533,0.0828759925873725,0.0658411660706301,0.0638835776252303,0.137428176501124,0.0599138050375534,0.173753813746553,0.111156718124626,0.130136728587342,0.0667976859774371,0.0601278110711639,0.0457802329265305,0.011821436870174,0.104516098713767,0.10289994271835
-0.00684780092019946,0.0720267863292427,0.0494051438245746,-0.0522641324913039,-0.0362261684653147,-0.0217480219409415,0.0268871167766644,0.0401898246890713,-0.0282896527822858,-0.125317415912964,0.00784922407903988,0.0746553878329013,0.0609953515836661,-0.0459639493986923,-0.0871137834967848,-0.00988579889425847,0.0299524601349576,0.0710524231324226,-0.0687579973181097,-0.110497744182166,-0.019102429514923,0.0881864282196196,0.0635488302626505,-0.0285437138959931,-0.0986076163041996,0.00822040491531197,0.0521050398704322,0.03060724565337,-0.135550487853983,-0.0609360875032234,0.0461271382015717,0.058982462480309,0.0339391504862774,-0.0557824382520619,-0.0428656640748271,0.0123093382143506,0.0598442267580389,0.0462668534829633,-0.0541868831344097,-0.0630655491327951,-0.013924190272506,0.0300466567692488,0.0249395089496956,0.00398771401939815,-0.0527311093738612,-0.00871851572854958,0.0580733108706641,0.027174439010718,-0.0392341899469734
0.0086511784520071,-0.0245007582384722,-0.0205691520030516,0.0355941289436963,-0.00822580313624581,0.00325692423575988,0.0038207310418601,0.00238002743176305,0.0200928609464818,0.0392057955567165,-0.00566504776256664,-0.0549711778755217,-0.0147601172367001,0.0298602675307387,0.00805381590971337,0.00611580415037434,-0.00913002244398017,-0.0348673183785058,0.0302864847961912,0.0442976861711915,-0.0347606153453748,-0.0126527824344246,-0.0352297813232056,0.0028711286142844,0.0394932424153923,-0.0242764183832496,-0.0226076330723821,-0.0335772867963995,-0.00201340941807923,0.0275557717719732,-0.016817036505702,-0.052748576025045,-0.0283435287357366,0.0372735046758689,0.00355487978314458,0.0270744861116895,-0.00711130633339455,-0.019466581791876,0.0111314907947185,0.0491237086778881,-0.0162136082388416,-0.00625935216781953,-0.0129445563636251,-0.0169466501279193,0.0148041797178008,-0.00124116223706162,-0.018098357995326,-0.0193793284693525,0.0118062119311281
-0.0169240730052082,0.00675109953762602,0.00688481203784337,0.0037207119658856,0.013319715956722,-0.010904872542492,-0.00973164594566361,-0.0117010402767313,0.00134160668200221,0.0207713889944562,-0.0102968522561667,0.02681931588245,-0.0103079623891053,-0.0175035863690637,0.0180501767763089,-0.0121271219657897,0.00910101747804017,0.0078703050559034,-0.0171070677648821,0.0121874199414776,-0.00385595133846064,0.000494087478498127,0.0105187964740803,0.004791608853289,7.61886086413921e-05,0.00890726741722844,-0.000218996169360497,-0.00620605534153005,0.0135109376454883,-0.0243280255475815,0.0137268149429859,0.0146493397368356,0.0177661182837107,-0.0176087921296469,0.00426506822013161,-0.0300362270579356,0.000793357990975893,-0.00548166552183232,0.00234847577970375,-0.00821198187500655,-0.000141309085279602,-0.0116446803971618,0.00892806612695133,0.0158177445926198,0.0122086961179613,0.00472964775549979,-0.00998883321023434,0.0190089222933182,0.0055609931165237
0.0114768551138857,0.013113785272015,-0.00778816321622401,0.0115367448531614,0.000436253934101879,0.00523327429067396,0.00399626991543756,0.00900889055008309,0.00817310970934968,-0.0341897401310046,0.00682773077474749,0.0084563150904106,0.0231859142592893,0.0239275875520231,0.00131643856723161,0.00779905505715496,-0.0118506322366735,0.00209905702611752,0.0186985237563402,0.0123885959363301,-0.00716521701148746,0.0227509475478551,-0.00015679126647547,-0.0050407111010935,-0.0213852507765709,-0.0514132158264902,-0.0430051398737946,0.0705851333472408,-0.00425650290361262,0.0854778203230175,-0.0588108111199678,0.0463648842345779,0.00211879605367517,0.0151185112516148,0.0171685446600951,0.0151119740952934,0.0165289397319632,0.0214233493588418,0.00673528722635016,0.00679634993218706,0.0069805878706094,0.030322725211365,-0.0129992031164456,0.00696061872247223,0.000544771413836562,-0.00290046922573847,0.0159318725131403,-0.0117291883876925,-0.00388007377202773
0.0170349964986053,-0.0102355985452283,0.0099305627285693,-0.0133400352714162,0.00785819247965725,0.00818391614068332,-0.00578422856258249,0.0138040950630331,0.00662992361816166,0.0293640360666346,0.00187625043169531,-0.00866849787466102,-0.0100547381290013,0.00260149078334917,-0.0130099413054952,-0.000159958503179825,0.00859786422968672,0.00139105794212323,-0.00501574000311594,-0.00983305344439862,0.0104349090035909,0.0431679995827691,-0.0896597025589265,0.166026411006713,0.0816042706161552,0.146240667249685,0.142279425056687,-0.0476709868647682,0.0248216418600548,-0.0419109911370529,0.0762591417124156,-0.0568401273980428,-0.0129096747427069,0.0155970630310363,-0.00206181065354347,0.00792592979233515,-0.0256892553210997,0.000470112318268046,0.0124285202857859,-0.00767835357297384,0.00597243470914399,-0.0114903986083766,0.0219877576762697,0.0107206308491888,-0.00561977448934461,0.0146602811397427,-0.00203127816147441,0.0187419531486473,0.0117496194124626
0.000968886858091531,0.0144188405891228,0.00850226749388155,0.0153238858412149,-0.00388000295983198,0.00196090898958334,0.00443027715875313,-0.00923388212965088,0.00217694657456637,-0.00885057471919831,-0.0102406764293903,-0.00253865942467649,0.0147379733524076,-0.0018291988412158,0.0284801691764171,0.007591484451594,0.000824710573385507,0.000462957179730604,0.0225849695880846,0.0143286838274514,-0.0141546579129378,-0.246445266092892,0.317429655887329,-0.33472503738031,0.0265588683967162,-0.0711016754087636,-0.0760279698140571,0.00878334523030744,-0.0272920819063428,0.0198984904948946,-0.0238720969140377,0.0199185220248079,0.0320061426350293,0.000477090470691634,0.0101118601692456,-0.0013359141603045,0.0258808310496618,0.00323007719667337,0.0134156323020595,0.0253937327914716,0.000443499227162719,0.00309516606717705,0.00540295912278992,-0.00946296310444532,0.0150579188853969,-0.00297647310344937,0.000691268456444082,-0.00108493343461333,0.00773572185203426
-0.0145562520745433,-0.00155835237573227,0.00277196693384497,-0.000241489014794084,-0.00130456387915214,0.00483014163434947,0.00666352633154786,0.0205136085615646,0.0104528363155118,0.01724287808839,0.0161468182600848,0.00940127752968446,-0.00495026869907913,0.00381787447955067,-0.0198561484758324,0.00436668214376067,0.0159112101366797,0.0151243133997034,-0.00782488759804868,0.00564275438398561,0.105692058404459,0.27047817052798,-0.192247019675389,0.150400658571583,-0.0450536427623508,0.0172281726171787,0.00753994974365291,0.00573674347538361,0.0117137106526706,0.0024396608169222,0.0110743041022807,-0.0211134192948481,-0.0032586114557465,0.00228137281325464,0.00476426880203251,0.00714399540252576,0.00392212484041863,0.0121649303553813,-0.0131469085725407,-0.00243351263962773,0.00591313117400042,0.0213796893723856,0.0101815408434997,0.00909970951925239,-0.000479662031128009,0.00278748394832223,0.0077725642396722,0.0129825205300128,-0.000694880535207826
0.0188832209070836,0.0114567053284754,0.0155417192445997,0.00806797222751443,0.00478263514877242,-0.00619340348713117,0.00799829585803922,-0.00343862546084975,0.000560673687362234,0.0022506722279212,-0.00339866380087205,0.000387484088216589,0.0046561633013149,0.00922085501105966,0.0241600660730156,0.00599289878612566,-0.00286079885356325,0.00242154531561351,0.0113609423755326,0.0075291120928047,-0.0908015934192384,-0.0269599132156923,0.0117754833926538,0.0154863644196633,0.0105647764632959,0.00768504412335139,0.0106666632765622,0.00535475138771591,0.0247998017951279,-0.0151745358434818,0.00926991039994995,0.0428571638677857,-0.0113271461459478,0.0184634687136792,-0.0036255760460141,0.00381662733086813,0.00549784067588069,0.00618104850621723,0.0275761580481211,0.00304967571961499,0.0138035041649255,0.00849727127304675,-0.00310828582974253,0.000508321668709446,0.000668307160495787,0.00511739109058046,0.00340132642975213,-0.0049112496809209,0.0100440619619649
-0.000124434587191568,-0.000218692311872376,-0.00499664409731157,-0.0103480226064962,0.0104702198224839,-0.000888469254171154,-0.00590577639922578,0.00182078387662295,0.00747571097550607,0.00179530996170407,0.00204768074951997,-0.00188191428647522,-0.00366927635293546,0.00207017889200496,-0.00882270789434091,-0.00611992159690536,-0.00303883911092267,-0.00223487482080561,0.00459952071394553,-0.00543945144451816,0.029534546785291,-0.0359608607324912,0.00907401685937289,0.0123304718886249,-0.00691937947925122,-0.00250652790499059,-0.000238175117897147,0.0170382438206302,-0.0384143448756317,0.0915650215626603,0.0161414785665681,-0.0175325659661422,0.0157851043209159,-0.0132236331422391,0.0123885788922298,0.010051155499548,-0.00157194814887951,-0.00187945919125418,-0.0157890660399707,0.0134739609892988,-0.00906019697611505,-0.0105200986410061,0.00696848402992511,0.00707327994569341,0.00466832500788695,-0.000795064128791378,0.00693563102940708,-0.0016777850372968,0.00294656802176069
0.00829553633101333,-0.00377171035291312,0.00647223911186591,0.0111650250671263,-0.00930665703368363,0.00656127830637298,-0.00204443215286979,0.0078685323059751,6.61051822094254e-05,0.00128153060604045,-0.0170968692750878,-0.00429523611529801,0.00616662384424487,0.00499669342790324,0.0039963880086044,0.0064201000824122,0.000417325909041439,0.0120260707516048,0.00168699446409356,0.000333827655127969,0.00213689352981443,0.0486895931374134,0.0214567464941466,-0.0067242587190575,-0.00919930316396259,-0.0885759762072003,-0.0071711956915991,-0.0646871583337725,0.168535402102006,-0.0817291165352138,-0.109352191632614,-0.0326631244779095,-0.00853117486922635,0.0102252714571253,0.00198643450679035,0.00292907260386979,0.00562759233843674,0.00366650778748001,0.0161124985078533,-0.00544379002006835,0.0071911686711422,0.00831466976074405,-0.00375399331257809,-0.000536860071555045,0.00134381341011182,-0.000794494453243307,-0.0026346412740778,0.00937668005498429,0.000549948352345449
-0.00732620132964792,0.0115115374406574,0.000429070212891841,-0.00619342241291299,0.00659209786982753,-0.007794489056337,-0.00107933200633472,-0.00810645028929142,0.00788660791809609,-0.00145405917451884,0.0229468878428525,-0.000534499364580383,-0.00965798665335713,-0.00806259832800118,0.00216148045400332,0.00226011745040035,0.00576681222145541,-0.00428671679044623,0.00123415840356146,0.0020775312355032,-0.017753130735903,-0.0172455014975992,-0.0397124603550204,0.0128049671008748,0.31584984400745,0.513963254462474,0.124606392112418,0.0184184586053023,-0.148574487116795,-0.00913067053448192,0.0289107557192326,-0.00488355721660521,0.00320567090322799,0.00799396216285762,-0.00339502945553732,-0.00053836205210916,-0.00163829535777471,0.000814432388417389,-0.00107979938489091,-0.00241389901502962,0.00460545010764158,-0.00203237549355076,0.00184040275673355,-0.00203311835479757,0.00382754231057362,0.00213455746471489,-0.00134238736804923,0.00101587798981919,0.00629810302244812
0.015334898409748,-0.00523374534987122,-0.000282406801039036,0.00881257357351475,-6.66485855648404e-05,0.0081810116091505,0.00708042941365948,0.00821724672835887,-0.00133500662916126,0.00193816099939922,-0.0106023226568036,0.00386432750473522,0.00866066433895345,0.00444496071339712,-0.00089588517200143,0.00451556025473682,0.00148239606732286,0.000553989670414472,-0.00112392744059625,0.0109374591201534,0.0169583766365126,0.0207823573269501,0.062793590779139,0.305944712757298,-0.947239828655462,-0.416607674727472,-0.168140159798449,0.024063360423699,0.046394073658184,0.00601601738185414,0.0128213974246741,0.0880239613202765,0.0237171894449841,-0.00514337689634174,0.00600311656392266,-0.00139911680023227,-0.00297500036618881,0.0126239649587183,-0.00179590224473687,0.00891025673852687,-0.00397399353777197,0.00504475118279121,0.00428792271551736,0.00292464958882487,0.0043733339562728,-1.64344273420047e-05,0.00378767578151653,0.0126529784269045,-0.00807646983229595
-0.00529023938871967,-0.00107655289946956,-0.0025553870529361,-0.00187741287532451,0.00308968237045395,-0.00288723452345953,0.00265745326139968,-0.00258356493205587,0.00373161728312832,-0.00115275314150447,0.0068673274765818,0.0029782343274211,0.00106124044431068,0.00365198126017692,-0.00405680196743439,-0.0067233033419785,-0.00185545600904891,0.00192414224926715,0.01054310149967,-0.00606241822746259,-0.00131387895544759,-0.0628389440238911,-0.210805567651006,-0.637072272630025,0.687527637456023,-0.0472972466919467,0.0344885383421444,0.0259563240927051,-0.00940969727173654,-0.00371184468432694,-0.0327202784182876,-0.0565799593509441,-0.0209505144401601,-0.000234086156440506,-0.000566672737790328,-0.00221850421437493,0.00210021475187134,-0.00609944071795082,0.00587744200124484,-0.00465629894351711,0.0144415521451572,0.00505875589807439,-0.00277016208282275,-0.00113399372213065,0.000462991332246906,-0.00104193446974288,-0.00501844219926448,-0.0141825180487671,0.00337887442789578
0.00131539610723295,0.00469104480708512,0.000598598556353061,-0.00215418892925196,-0.00511060361036978,0.000300851471273756,-0.010756794405989,0.00980863121484779,-0.011716585526259,0.00634767748713781,-0.00857955727553727,0.000858036081992059,0.00362015323607492,-0.00559878310185983,0.0165988872371959,0.00341150608448675,0.0017832891307821,-0.00679896079672572,-0.00700543883480094,-0.00448546747923538,0.00663595315686268,0.0779881817423619,0.198908095330361,0.337945089749968,-0.0552971733291383,0.00472758714049422,0.00971305226917281,-0.00629305663779234,0.0508195365709478,0.0983939954583316,0.169503911150646,0.00874190662325143,-0.0257326831961145,-0.000576534829062938,-0.0038950394523247,0.00313342557755276,0.00762973129684637,-0.00289352662632633,-0.00133501202471999,0.00312343245615169,-0.00850680178804088,-0.00678924324197783,-0.00275743617814864,-0.00104515400898885,-0.000608091918312883,0.00359181941155548,0.00472961578247134,0.0146809236173233,0.00342286591920589
-0.0066992658790668,-0.00973558992975429,0.00747288641231954,0.00517601431011822,0.00160597262510639,0.00609332541285013,0.00778005275801711,-0.0146109294392702,0.0117139971671332,0.00501406197185618,0.00209357033632496,-0.00612480859158035,-0.00628013165078244,-0.00190096260443801,-0.0136931121246979,-0.00983463534028417,0.0016626061121449,0.00768934439882951,-0.00311243234931101,0.00522964546741744,-0.0163220256215695,-0.0371170429643229,-0.0286907409331001,-0.0257202045620341,-0.00516289362234215,0.028438145426142,-6.93136819267045e-06,-0.131105982215655,-0.144281286954986,-0.238542742331383,-0.236010108875858,-0.00154076032678627,0.0639509146693847,-0.0163848887417311,-0.000886748912951288,0.00653752463046207,-0.00442158123514404,0.00247434382457754,0.00549859264507728,-0.00513647793914454,-0.00359084047024331,0.0036204582902337,0.0116499782670118,0.00555088948594725,-0.00286269178072228,-0.00113219111579254,0.000508688572278913,-0.00835703624111841,-0.000244686920763756
0.0144355905691044,0.00523559960499063,-0.009028609742791,-0.00501499071186878,0.00322691168259151,-0.012279878076914,-0.00845669278705653,0.00534896793525384,-0.00698810142232424,-0.00593929541390569,0.00736028575504353,0.00442658510834062,0.00382422710998894,0.00294208355177823,-0.00382321215400443,0.00862099212889714,-0.0141616384113814,-0.0062013820430782,0.00623563006471865,-0.011356493726591,0.00457304791195923,0.00598139035044615,0.00474155044822666,0.00463240675421475,-0.00805271778821672,0.0048641939046498,-0.00471560647607448,0.760239390417656,0.358388713011407,0.0778307199328438,0.0780031902775605,0.00936745346596379,-0.0768661820576951,0.018890723256503,-0.00204867650739161,-0.00864960953191683,0.0106043093648292,0.00302100404611267,-0.00973705026945971,-0.000905956642395952,0.011104668250894,0.00315989397753397,-0.0026576708769279,-0.00289972292386727,-0.00163599218789855,-0.00155561262799909,-0.00335113151487563,5.41060266480925e-05,-0.0039731079150413
-0.0178621111080616,-0.00275863274115591,0.0049899785879588,0.00591372409115548,-0.00264437833370974,0.00758835608602595,0.00521864572963067,-0.00352981105865036,0.00896202325597484,0.00723721640798725,0.00127800103131769,-0.00511740042977609,0.00146680260467629,-0.00220335580887156,0.00395458434472809,-0.000995058031163635,0.0188211545927209,0.00457601121036064,-4.36217125302394e-05,0.00913447806592093,0.00143888773567494,-0.00310193657091747,-0.00545018451400901,-0.00686065110411993,-0.0396711144697152,-0.511000158384029,0.235657418518695,-0.677654509560297,-0.253140705312709,0.0401140178187776,0.00615015499643012,-0.184565810716394,0.058680856950281,0.00676258240659809,0.00315752084364497,0.00306903144533001,-0.0136956367385982,-0.00290176852441529,0.00471556844231993,0.00385477371532609,-0.01250097187532,-0.000203383452995864,0.00625733426213301,-0.00101476999381896,0.00212633973059152,-0.000488220065820272,0.00439990017193587,0.00425186128464469,0.0063891785912038
0.0185154761613924,0.0114390553630587,0.0060838061843058,0.00467231438214504,-0.00633335395412843,-0.0013937955729251,-0.000528994686302134,0.00862550742793996,-0.00637316527750219,-0.0124675229848567,-0.00109057919780799,0.00166424916079814,-0.00205461000444575,0.00829646066204754,0.00368832984252899,0.00576155547936197,-0.0118159568340106,0.00205751545541513,-0.00035352990311141,-0.00599432758055765,0.010945272052658,0.00250171604729052,0.0072256246285102,0.0103158286388249,0.274483004656111,0.876998642710651,-0.220940760155277,-0.385203050446962,-0.0511346839936768,-0.0163499445455708,-0.020054668135386,0.263610925842409,0.03777080047323,-0.00609366590473693,-0.00378603810353106,-0.00119658003979515,0.0130567544459758,0.00423035777251078,0.00851635263116137,-0.0049520088114198,0.0055999107111234,0.00225149235627225,-0.00443408842130118,0.00185564936089924,-0.00433098227499446,0.0123472146776386,-0.000178857608025788,-0.0042576660829442,-0.00177195422934068
-0.00728136775069587,-0.0108233989434771,0.00427040523668324,-0.00355087221081,0.0165598486972277,-0.00297052242756879,-0.00278183009722171,-0.00699434262371757,0.00487126573087692,0.0150624860068618,-0.00641700036644128,0.00774037608648535,0.00139328597630064,-0.00785900915449033,-0.00121824589706203,-0.00811978761744196,0.00146106253743,-0.00808510971101132,-0.0010650801721077,-0.004275342064349,-0.0150560041069996,0.00725638615859901,0.0203625770502737,0.0896717994504598,-0.237915671179601,-0.324428240774321,0.0334384614599455,0.246915043627744,0.0161191684677326,-0.215774031403228,0.183045877327312,0.0320515334410273,0.00950540763359173,0.0210222001140569,0.0103723753349246,0.00675389516399772,-0.00318075463550018,0.00480075213460768,-0.00986158727734655,0.00289773458550039,0.00538171074788353,-0.00154804228094757,0.00800872136437662,0.00120879576393589,0.00601125416006179,-0.00791511262431969,0.0011677673131929,0.0154271049139526,0.00586030535205726
0.00229457771845403,0.00477961248647926,-0.00667140471462473,0.00241954610705418,-0.00301511865554538,0.00641226463423793,0.0065432989240396,0.00460913996729237,0.000225809541133274,0.000963687008787287,0.00784224396705739,-0.00919463973799274,0.000466264603112675,0.00195322570834681,0.00336810240684287,0.00773699118353878,0.00608362664340719,0.0147653884209281,0.00642650448553092,0.0154459890747451,0.00371305188958405,-0.0262246797932769,-0.040707632700538,-0.13915585047305,0.0312741507434922,-0.0254157167885065,0.012842156117923,0.0329205316526883,-0.461925753339168,1.61120547783311,-0.953050755970153,-0.478434687840841,0.00394590975103437,-0.030160711719769,0.00344654068892053,-0.00928073831852265,-0.00402337982672303,0.000164479972681476,0.0129890214736107,-0.000158934806622153,-0.00331207238543932,0.00296717319267453,-0.00464328409456,0.0101222412153094,-0.00526653806567989,-0.0067540210577973,0.00319993725840935,-0.00454397843104417,-0.00250564720171818
0.0145016563062568,0.008882639801057,0.00192940425943038,-0.000471328762544206,-0.00507358816704673,-0.0102788467845171,-0.0072795516589286,0.00266022105866518,0.00427110939722528,0.00121392348163805,-0.00256236629448391,0.00700199192055556,-0.00275325119271928,0.00369047345260554,-0.00038709812410858,-0.00496843693945116,-0.00169378080718183,-0.000244353992025013,-0.00237381644942579,-0.0144454235978346,0.00871949699922776,0.0646796223504668,0.0409294009722434,0.0256943405823347,-0.000135777709744954,0.0145552150749956,-0.0106648742018773,-0.451449823083866,0.935913202596029,-1.63763645475226,0.707002026156452,0.30086577269867,-0.0154818617232305,0.00137785591985785,-0.0153584961003582,0.011141244840979,0.0131729557657705,-0.00304687637769583,-0.00736665791920988,0.00241830987812704,0.00534600821300606,0.00541723369763709,0.0139522575216978,-0.0115045696791078,0.0111503720422674,0.00829492013321578,-0.00749140245702359,-0.00450500657819984,-0.00250931309326804
-0.0162413649191661,-0.0126288299373178,0.0113217906967737,0.00483120969209327,0.00144085974551968,0.00569917280906399,-0.00123768621014602,-4.81075501179407e-05,0.00218948482850896,0.00667871858368627,0.0043809636153659,-0.000718482679097396,-0.000122219449935478,0.00082109472021149,0.00397362623627526,0.0107406649851228,0.00307047027739322,-0.00122830511410064,0.0044248480383308,0.0132818396107742,0.000296137255887854,-0.0504702725030892,-0.0244576548844057,0.0141340631617224,-0.00654911045643164,-0.0106883284240959,0.10302063336612,1.25766298648697,-1.00750878311306,0.0477395027677878,0.0049452479636885,-0.255168594645056,0.0101750831613478,0.00629616587716645,0.0103503644211242,0.00307309233530425,-0.00093590672941735,0.00937859146220701,0.00722924562668463,0.0114158825850956,0.00166937856407104,0.00454050600075465,-0.0138319546302335,0.0136528740621272,-0.0129897467985442,-0.00022079223531643,0.00810990874791199,0.00793929905414546,0.0029701825294545
0.0137287415256865,0.00316021137269949,-0.00689812569521091,-0.00145476852919666,0.00398162137835472,0.0111502101454415,0.0106889570618469,0.00762452405601887,0.00425409663406183,-0.0107239158502203,-0.00530815366810411,-0.00354554273844624,0.00787104951370063,0.00567940211730163,-0.00652093553496174,-0.00188104001811214,-0.000649652745072583,0.00153214316094357,0.00139493976824868,-0.00129874601986718,-0.00140952335592045,0.00779286587111143,-0.000549247188205121,-0.00049678085177593,-0.0120978618651929,0.00514183387213087,-0.386676932241602,-1.02188482645901,0.440677665779383,0.108716834651222,0.125240727676764,0.138526105684329,-0.0265045618531544,0.00825142754264154,0.00454640436068411,-0.00204839366845824,-0.0109002834551211,-0.00668741591527072,-0.00320177747321883,-0.00559963317648288,-0.00455961433779004,-0.0101073878663114,0.0178155088972081,0.000405090216653709,0.011395208685594,0.00432042358952386,-0.00070297126188569,0.00354446205060679,0.00117882795925082
-0.00289416418526036,0.00329239666911986,-7.52997280420104e-05,-0.00116973621275924,-0.00128166760546877,-0.00700070084515637,-0.00151057800180917,-0.00077393583381464,0.000685558330034328,0.00842314176133957,-0.00450208517633044,0.00314760855735771,-0.00391075938399416,-0.00316467270010574,0.0150171235232151,0.00483727559639017,0.00755516002978889,-0.000324157610061497,-0.0004468243157228,0.00290775050469634,-0.00199694302222324,0.0142419366511643,0.00777916903578793,0.00785335415468483,0.0451978872760118,-0.0506966400654901,0.270601971466593,0.170235188970989,-0.0297802161735891,-0.0374402690971997,-0.23227213317288,0.0833656760173549,-0.0244033068374544,-0.0121592403464283,-0.00258950788768414,0.00213784786004782,0.013287053373785,0.00365623662682268,0.000894901978653891,0.00640617001439406,0.00992317406889123,0.00555850339655476,-0.00996423562894113,0.00100489124417066,-0.00657229510737371,-0.0041088107963394,0.000190429815230441,-0.00087611564383884,0.00589556963085566
-0.000517600162049697,0.00192596060183686,0.0015071340165063,0.00591556645342306,-0.00191680860151784,0.000758581468842618,0.0066703362916562,0.003391638755989,0.00135785749426481,-0.00630626826869954,0.00437121503559237,0.00278406509136361,0.00118294817268628,-4.2746285480972e-05,-0.0121311553418649,-0.0111508990384705,-0.0049770302721766,0.00207080448984373,-0.000491564413618755,0.0094256488457811,-0.00086759961049086,0.00125901409019974,-0.00610753113123834,0.00114201878870576,-0.0255097543148098,-0.0305587548403511,-0.00233161626357076,0.0261949201926824,0.0255543273693449,-0.073518499528708,0.198902244095226,-0.00628938153289392,0.0385655979769589,-0.00542168273367715,0.00443297594721184,0.00296081441123964,0.000201246516979267,0.00712294425245582,0.00943603676940874,-0.00333748234947614,-5.60431455650309e-05,0.0024801657530742,-0.00433468806223004,-0.00292976233133046,0.0142542675393762,-0.00162727261709327,0.0111613750923659,-0.00116852046972676,-0.000302988800069489
0.00378624634747662,0.00692504503750874,0.00777596625802769,-0.00375983021021326,0.00801973979697744,0.00249139631085748,-0.0135316567634218,-9.66049795888292e-05,0.0021695872359595,0.0156514999191774,0.00212143015864027,-0.00083278408229507,0.00270319206338172,0.00703982216808861,0.00962338485053426,0.0099504600400294,0.00467038586871408,0.00441863842350005,0.00613204916836704,-0.013140245345579,-0.00154568538166516,-0.00293942645498651,-0.00468497003530199,0.0124246590393804,-0.00736272912429359,0.0236904854040805,-0.000725398622426585,-0.0170854525582327,0.0383277551777332,0.110910251070671,0.0062349166529504,-0.101406584403186,-0.0260603079737402,0.00989415092965693,0.00609858773993907,0.00991770393736253,-0.0020362656955908,-0.00830442840889428,-0.00440987024648589,0.00454577834583265,0.00176030398167161,0.00306364499750965,0.0101604588450444,0.00430749306669227,-0.0041465962128671,-0.00584534702607996,-0.01948706184696,0.00519835276107193,0.00301340153204166
-0.00157490496326226,-0.00247694531589863,0.00262507193091004,0.0113292049283838,-0.0102640194641973,-0.00848593591807954,0.00841067377923341,-0.00053767292664889,-0.00447215825362753,-0.0147366751516105,0.00161162544876436,-0.00218920795689487,-0.00366719775965071,-0.00106382659629685,-0.00538759488115174,-0.00516830410835973,0.000124029161989061,-0.00154087000660887,0.00365785328155932,0.0151544982633568,0.00664530819037029,0.0131360661726707,0.0299469765371857,0.000716374188014512,0.0117874621492257,-0.0132959773007014,0.000328186882884322,0.0777098886025085,-0.0802639709903846,-0.021044708627131,-0.00716229617498415,0.109252988471493,-0.0257025631260131,0.0054509479627274,-0.0125266996886164,-0.00908095624092272,0.00112614641312862,0.00221747392427919,0.00349972224019225,-0.000131325339001197,-0.00530906610563654,-0.00843161572166585,-0.00309271199325529,-0.00927182524309075,-9.57864991830877e-05,0.0151570436757815,0.0131529253407564,-0.00572151646056403,0.00296561809210029
-0.00394402457006248,0.00469464577985971,-0.00892890185249116,-0.0116933538712596,0.00618933394340463,0.0110917356737242,0.00496410725998656,0.00032602914920697,0.0152393257377488,0.0132063124316906,0.00172400919416052,1.80990179566177e-07,0.00431456300480051,-0.00426470676116238,0.0026547238608842,0.00541589903782299,-6.7080216147881e-05,-0.0021452400440476,-0.00541922197298283,-0.0171012541039528,0.00352258298128063,-0.00649857751681225,-0.0421450283817608,-0.0123757977652096,0.00304737215296884,0.00465692929515969,0.0134045744169526,-0.190634188410791,-0.0359522977169409,-0.00663900170557054,-0.0189069065601096,-0.0207992751710249,0.0248016056234223,0.00267997059599594,0.000558240764740099,0.00883455260069109,0.00244595894077971,0.00581238162237756,0.00301914716942951,-0.00500793264645017,0.00675415303988092,0.0124368800199563,-0.00246649678237278,0.00700597108937938,0.00256349424253666,-0.00903713335963521,-0.00560211523330344,0.00785892677662523,-0.00724050445216898
0.00612669035482785,-0.00205136758308816,0.00326478525428605,0.00203529174475468,0.00443224242411628,-0.00483222377057724,-0.000453776417780087,0.00204024025162005,-0.0115810453463841,-0.00837826431733107,-0.00484342875005004,0.00226192626417414,-0.00103914157800359,0.00426432701092033,-0.00126529510671846,-0.00142064827305586,-0.00804389552115836,-0.00402952294692097,-0.000559009194555155,0.00967455324508386,-0.00326175637626937,-0.00683929483456634,0.0126904747573515,0.0110789207495823,-0.0114763595700003,0.050565594743923,0.0196811664002049,0.13763319312061,0.0136524600383497,-0.00726840244372147,0.0147783646515759,-0.0161490356096157,-0.00901074127461478,-0.00234696133111328,0.00746862214652124,-0.00339317343479218,0.00110187292682684,-0.00693575122826454,-0.00504334219529334,0.016229497229039,5.46194567764384e-05,-0.00617055354313501,0.00656430727094847,-0.00472849524657699,-0.00160695132291566,0.00437942008399593,0.00637441407900086,-0.00139443117462,0.00201268800417956
-0.00310229144723325,-0.00403003074887999,0.00659643022302521,0.00647781806416074,-0.0103613640901059,0.00397234917258098,-0.0066256743346182,-0.00168596033864613,-0.00241108770554262,0.00758776473159951,0.0046088629802441,-0.00282256001558312,0.00269472485917331,0.000152642882315953,-0.000111052682572225,-0.00252880254431549,0.00437926419720638,0.00436601366127251,0.00748413662742266,0.000968993551954079,-0.00503327289665289,-0.00115978758136093,0.00431228318908476,-0.00135352550894802,0.0113956448770847,-0.128345984063693,-0.0411181161549434,0.00317506457201219,0.0082359588012009,-0.0782203144414269,-0.0243565963000812,-0.0319365918317617,-0.0334506589147174,-0.0121846342990938,-0.00479016049231318,0.00215968242761513,-0.00708763269369229,0.0058786623132919,0.00475637183309798,-0.0179138100495081,-0.00110408423832395,-0.00328955943370446,0.00412149317353048,-0.00215325812128075,0.00192588339979788,-0.00884405770650933,-0.00351731579175263,-0.00265771017218543,0.0027314982220344
0.00932811537408024,-0.00526514168892059,-0.000949716906008101,-0.00162026115368378,0.00621805248715709,-0.00251671406411236,0.00226000822553434,0.000113189475669214,0.0163632102971203,-0.0023508388070069,0.000478348114338311,-6.31800703907075e-05,-0.00657473865900993,-0.000680815744877123,-0.000843440535435856,-0.00144678964077629,-0.000769584868901693,-0.00119565222968231,-0.0048937841732988,-0.0112191762752677,0.0188991304064882,0.0167775635261941,-0.00101499203056492,0.00173929884127633,0.0256682248748283,0.0823982287871272,-0.0010618577112848,-0.0201085521992577,-0.0552795066161447,0.225405470921352,0.174843038864144,0.0726281365146241,0.0463335604115635,0.0150640341668987,0.00745629833483391,-0.000417749827930566,0.00821225924467479,-0.00272200995268844,0.00213732510875583,0.0111110194838779,0.00126493940371646,0.00733272904655409,-0.00400924665116221,0.00359621573591095,5.81165982370844e-05,0.00401551594910202,0.0028994636000946,0.00692648438059274,0.000658204540194962
-0.00593147534876191,0.0130872360419579,-0.00752692908167917,0.0012418824588069,0.00112730563828951,0.00152071633211069,0.00171467562621864,-0.00191210799879881,-0.0175370987824497,0.00818186354069357,0.00229348547853148,0.000808176644315331,0.00555928775869137,-0.00201787974228208,-0.000748556334946355,0.0083334010996282,0.00219279616197293,-0.0010474946737901,-0.00506698251810547,0.0106022972289125,-0.0152982477513648,-0.00593341973354601,0.00142114281674938,0.0148022274352112,-0.00604368565794522,0.00621520469888936,-0.0158075583709037,-0.0260681866273958,0.180666681150601,-0.201268819523413,-0.0866902971559851,-0.0150723105054544,-0.0467834089341185,-0.0038999173708687,-0.00287244803384097,0.00705956150909481,-0.00142579874657853,0.00871368206632424,-0.0107947817906584,-0.0094052197700779,0.00161525681038885,-0.00208011151431987,0.0027308047310143,-0.00511803888445655,-0.00750280543874979,-0.00607840940904979,-0.0105912268663779,-0.000350381321664251,0.00243186668501919
-0.00606310452185451,-0.00682209777220532,0.00733981114485929,0.00120757834970613,-0.00393946503561542,-0.00262077631066019,-0.0102478871486028,0.00645425477346896,0.00702421802341085,0.00735214160867301,-0.00860402052292879,-0.00403934317152767,9.88756628753475e-06,-0.002108962317511,0.00143570989589111,-0.00805397132583353,-0.000297384057269113,-0.00128984404108281,0.00465312928839438,-0.00540733438601059,0.00346467513624139,0.00318605448739276,-0.000482033111019936,-0.0396057567523497,-0.0202787150462672,-0.0053976896999756,-0.00880903608403072,0.141241450839816,-0.157350857080676,0.0303294305131813,0.00321064742639232,-0.00949764580824129,0.0155710550665139,0.00428532418591992,0.00818652686701189,-0.0134500296745028,0.000964245538736766,-0.000199646011292208,6.03394230331063e-05,0.00318900867894115,0.00212777211107332,0.00315061492426348,-0.00915639446914537,0.00966828117830656,0.00871516068369928,0.0015927196956966,0.0134813298392283,-0.0046197629439117,-0.00419260730119925
0.0162009294331768,0.00249095021919794,-0.000673612856616435,-0.00217988634346597,0.00554970022255046,0.00346578794063092,0.014179750197459,0.00162160673208886,-0.00229692564709801,-0.00930304238262968,-0.000346504440935469,0.0061468785002474,-0.00325122049526367,0.00253779578892987,0.00258274429882257,0.00273209025857707,-0.00270740441108323,0.00836982677809651,0.00503728250004162,0.00598231254602917,0.000664985741505923,6.76735996728885e-05,0.0150248543076617,0.0376070659904553,-0.000171335029667943,-0.00361561680070722,-0.0411604557947542,-0.189423537307902,0.0259242169837717,0.00782492803552788,0.0335433762700675,-0.0359463276434994,-0.00597109273030288,-0.0112075965670074,-0.0211567309109855,0.00809667670395263,0.00258086551540265,-0.00255515759631922,0.0175142483358524,0.00197966841922432,-0.00338922351243599,-0.00752451067327158,0.0141787526301112,-0.00330525415052785,-0.00114345692104634,0.00521478539153733,-0.00489430018635707,0.00756942932764468,0.000421250527084065
-0.0146264922430046,0.00333305422547181,0.00848320262213598,0.00696866331435638,-0.00860914856244892,-0.00260517388188113,-0.00504202991753541,-0.00467440032127327,0.00300042686943083,-0.00549332851847846,0.00650296534224354,-0.00454779162968828,0.00137355880642842,-0.00138358158955767,-0.00529080574554205,0.00188013995777849,0.000205040621337141,-0.00686977290195185,-0.00122524693244779,-0.00439725575216572,-0.00365578749327318,-0.00495849276381539,0.00124320376210765,-0.0226278865437801,0.00292678070762886,0.0105999538686204,0.0478276230293213,0.0165215972202272,0.035688636411863,-0.0328175347080748,-0.12618287627778,0.0779735890883884,-0.0122938710415481,0.00652272591083205,0.0100237170810117,0.00141348560965566,0.00381485434254701,0.00336584090001261,-0.00593524196518354,0.0124143817517138,-0.00458763978446471,0.0150620054137308,0.002240874482156,0.00126770000022236,-0.00615760912890006,0.00235891866845503,0.00378375642855175,-0.00405783508878558,-0.000329635888713982
0.0167539131461553,-0.00661946830279862,-0.0104105576347805,-0.00102514516912501,0.00247684721055236,0.00390924076483817,-0.00522355966231721,0.00128373243790374,0.00679404065848059,0.00853236235994874,-0.00262802108616718,0.00279076488039041,0.00304437119831204,0.0109939893119578,0.00470890381369697,0.00579833153054912,-0.00344583401041874,0.0025469761872497,-0.0031049322076496,0.0112065998194487,0.00904088109037433,0.000321113278188444,-0.00157196755808833,-0.00424735658566881,-0.0232922077915597,0.023406861209827,-0.0524964245908457,0.0350445814459723,0.0169387085200378,0.00498728807459368,0.257745861918826,-0.0386467111155638,0.0128551613764896,-0.0106429995545768,0.0140701940771766,-0.0201774845743771,-0.00681748599308459,0.000574658022010243,-0.0133178522134604,-0.00899404252808587,0.00754730543359318,-0.00647264088057573,-0.00166361089309421,0.00177522249296597,0.00675410370149047,-0.012272257262904,-0.00118979843559907,0.00781685941064634,0.00840392086383712
-0.0206103809031319,0.00692740430185137,0.0086937306284266,-0.00482776169129456,0.00434090442517742,0.00985717426141886,0.0113922033755472,-0.000986657959706858,-0.00106553413237344,-0.00158209980455292,0.0047303526328369,-0.00159980647239541,-0.00184165257765784,-0.0185335216466238,-0.00292646644516184,-0.007019885945759,0.0043956529041154,0.00319896739251109,0.00196511146996058,-0.00967386908839029,-0.0102435739932027,0.00419383097607039,-0.00187964236855366,-0.00441283782038968,0.0845582933765015,-0.00082642664727367,0.0345877417339869,0.0197387066995716,-0.126045112613072,-0.0731090466057915,-0.143992525117109,-0.0484069594563036,0.0164692564059434,0.013557659622428,-0.0153513476390012,0.0279750916246336,0.00509741984950288,-0.000577608558962234,0.0150514636347824,-0.00161233319871956,-0.00180151026753229,0.00287850776833654,-0.0052343406443506,0.00214047492447211,-0.00824753763785776,0.0123893279418943,-0.000672737241704868,-0.00763880956738345,-0.00661460700353213
0.00632232055741153,-0.00405235863602617,-0.00290968954644311,0.00703110127609165,0.000576253078269939,-0.0186138294221313,-0.000353067399221062,0.00986881630057745,-0.00591869341824811,0.00971579095233393,-0.00942247540840199,0.00598644228301453,-0.00624182252235181,0.0173536297134731,0.00350949583479093,0.000711062227154533,0.00755027702377473,-0.00518595566412814,0.00233806506273485,0.00927318473092251,4.01191676777622e-05,0.00164366776590489,0.00474463004076657,0.00321694360513725,-0.114828293871239,-0.0243647546679715,0.00272994471595117,0.0454085285918559,0.175180528497951,0.0988445525940598,0.0127561316372956,0.0730770333952812,-0.0321505096157512,0.00749234102019269,-0.00165531683996652,-0.0128709615074117,-0.00814931082156878,-0.000146674842359254,0.00217438742563993,0.00249046313612769,0.00572033446470512,-0.00643858500434614,0.00485083752520566,0.000460205892021198,0.0100433951026333,-0.00221206518915464,0.00819893792397614,0.00765052482935671,0.00356424196402181
0.0373499070087726,0.00225599258045838,-0.00519098253291335,0.00257395668092304,0.000440314483613258,0.0108204431659056,-0.0052859914803874,-0.0102116638379124,0.000873213873210399,-0.00193010058304886,0.00793687896476463,-0.000980732583878306,0.00590164438365755,-0.00257658691560523,-0.00305397134651847,0.0048666193541524,-0.0041837192451659,0.00713729790274436,0.00654310207711719,-0.0135168071071366,0.00556599789480845,-0.00278490673835018,0.00126006073777354,0.0210297252352819,0.0616796547916442,-0.00127147448287324,0.000982677120244697,-0.15786655779809,-0.14965187069739,-0.0196503186929038,0.0407955900605685,0.0190418989334872,0.0164692962393186,-0.000168010121332135,0.0152600078478166,0.0105941247979134,0.00712373394329915,0.00406930727232387,-0.00290011230327223,-0.0017895619840264,0.00756975345883002,0.016751638533358,0.00541600255451884,0.00900799331752428,-0.00950809981021285,-0.00939633353704707,-0.00394918167929588,-0.00138217558815025,-0.0014873843667206
-0.0611812400106607,0.00392179650845068,0.0140209374495632,0.000732198284522966,0.00221802213952843,-0.00304292238334276,0.00270209237689732,0.00417891861248824,0.0131044506992727,-0.00239297965641772,-0.010971544084039,-0.000908676266205403,0.000896661548320576,0.00538105548847114,0.00748425679270356,-0.00564457326369872,0.00264102018535351,0.00460758302492444,-0.00212900803412845,0.0148444628883132,-0.0101099307646138,0.00422297791673644,-0.0114472431079788,-0.0379769876671314,-0.0189778442869575,-0.0106296201488996,0.0350137176606883,0.179714989159472,0.0232435631143379,0.0150094634921389,-0.0874914150799443,-0.0659764184315568,0.018108580773183,-0.00886389283834246,-0.011962864583205,-0.00627580404245266,0.00216879956518952,0.00176816564767437,0.0105930481579111,0.0123028339357929,-0.00634602734978363,-0.0145518567040199,-0.0104754053169089,-0.0136573852599512,0.0136219290490914,0.0152138713141464,-0.00123079117527495,0.00140166506109564,0.000912009110398294
0.0527063139174596,-0.00183439689910324,-0.00544701753722594,-0.00619754601759801,-0.0100710544016161,0.00152875524492875,0.00133271280097533,0.0062783898817113,-0.015573163036023,0.00461899518512831,0.0210839717789989,-0.0100703746106391,0.00536898699677206,-0.00778319448934647,-0.000401168887727416,0.00853860837094193,0.00119578691100309,-0.00414129017149172,-0.00550680526474303,-0.00509150067631974,0.0101439380083129,0.005552214529621,-0.00136096734914914,0.0344154274210744,0.0181647233946008,-0.0229306738521027,-0.102983667934915,-0.0541395757025795,0.0193413655274574,-0.131193979003822,0.148121461470427,0.0327280116661951,-0.0277433375144855,0.0110540128192798,0.00927708263646759,0.00673193487895052,0.00113885943055647,-0.0014233791703566,0.000825482462138052,-0.00611458979153048,0.000183144734794152,0.0105928600123962,0.0129950465005349,0.0127432712772956,-0.0153939759787393,-0.00709588437002664,0.000805980886622089,0.00813649798444968,0.0125603099878142
-0.0181549343999969,0.00532260187370026,-0.0013955287248265,0.00625990815159465,0.00859679593178874,0.00478274366756712,0.002056110445146,-0.0072940743149574,0.0100744804508308,0.00428237636297091,-0.0146724173926142,0.0167670359795746,-0.00595967061253565,0.00878024168672479,-0.00281363090186221,-0.0101113231541714,-0.0078061268598749,-0.000823706020457395,0.00359121256553448,0.00138293156731513,0.00248739031635296,-0.00326880898653842,0.017701639505689,-0.00503321613292843,-0.0203633946879736,0.0963142168836091,0.136490339321676,-0.0291788673954136,0.0427477586290143,0.189722913911198,-0.0128897198424048,0.0324145358382555,0.0108750426315046,2.64308673290723e-05,-0.000374371146483369,-0.000174950711371687,-0.00653235271481734,-0.00143600030599899,-0.0111359365773841,-0.00883595620744385,0.0011016271374659,-0.0109798109999145,-0.00729836493195237,-0.00225997122588355,0.0108798938848097,-0.00285505476293428,0.00598352444131086,-0.00557599209532093,-0.0157570642967615
-0.00310371311668163,-0.00326020695901486,0.00798155609907,-0.00194754097727927,-0.0014401551191773,-0.00107289700906701,-0.0035622679301752,0.00783922781281679,0.00527877463452279,-0.00524651292371928,0.00405910622154662,-0.0161911688786807,0.00412138346237279,-0.00700046456092059,0.00471306746110504,0.00529238563631213,0.00926230897410033,-0.000933596369506688,0.00629119312587114,0.00142956749879855,-0.00175039362443721,0.0165092554216568,-0.0165501948155001,0.00128740448302143,0.0398605091144851,-0.102200308412265,-0.0630116317319065,0.0248466976937661,-0.0550037860241008,-0.0493145448764594,-0.019204056184776,-0.035545123872675,0.025983745481595,-0.00749070155659722,0.00208499612755442,0.00374989436200157,0.00579650833375795,0.0011369964204872,0.00762934353107935,0.00742058812824428,-0.00240655621627935,0.0112151310872787,-0.00308119111013628,-0.0175387622558786,-0.00268210064210315,0.010652563135822,-0.00155708557722416,0.0019818339092094,0.00759714361576069
0.00460472920933815,-0.000839204066438007,-0.00743700871267133,-0.00306365681636734,0.00266110740619517,-0.0118296456289273,0.0018546576242788,0.000420228826933416,-0.0149369771862131,0.000135190065938633,0.00843049362905696,0.00565043971141786,-0.00258360174163202,-0.00157180653097326,0.00426436573796874,-0.00231452762077534,-0.00184161885201339,0.00119165049881822,-0.00340028649756926,-0.00474656748858629,0.00468706262648359,-0.0192906205554031,0.00205493065492962,0.00648845007123005,-0.0411358333347547,0.0123088474318115,0.00804856549379188,-0.055647069925747,0.0744575158120584,-0.0236389442128882,0.0427609463141525,-0.0181482086203366,-0.0329086565985677,0.0133008872441302,-0.00370437933261569,0.00114033726967881,-0.00788912579957658,0.00631232547192193,-0.00576878864596595,0.00889266454051102,-0.00293232379713451,-0.00337031734834044,0.0137116973621976,0.00950875178987251,0.00555114609660212,-0.0108946762833102,-0.0155839826517398,-0.00109144916898145,0.00373169856257495
-0.0096511086842861,-0.00239481186304635,-0.0017642283569846,0.00258052201200901,0.00186271745460428,0.016446510599333,0.00674132583303546,-0.00202942858944437,0.0124625969824483,-0.004418228438978,-0.0153975826586297,0.00104610109267461,0.00558829900121271,0.00608260246633897,-0.0156524528914814,0.0010764531117211,-0.00241389251224393,-0.00533709376350572,0.00217551504031863,0.000389546961224922,0.000924217771460143,0.0198203564551139,0.00335386830094202,-0.000440784903744357,0.0383808957516404,0.0126312589766003,-0.0130087144082606,0.0577725493811936,-0.0884845288915975,0.0129847394798869,-0.075998154699139,0.0475092631368649,0.00354931137338673,-0.0241085959465268,0.00282899999993418,0.00308823680430584,0.0148854942667753,-0.00476795934025135,0.00199996833625861,-0.00784674196276676,0.00656159309232438,-0.00901928260260636,-0.0135426481914019,0.00500358627548083,0.00855561188416884,0.0063376590216543,0.0121620761483861,0.00689053173619646,-0.00142836906065092
0.0167316666748766,0.00166441481674002,0.0049641621775679,0.00502763672825891,-0.00831087450352195,-0.00639776838054029,-0.00645301800654637,0.00353079366316581,-0.000809556908554863,0.000815016038166302,0.0154823628837206,0.00147661734826943,-0.0078931963652674,-0.00110255687293115,0.0126283796212812,0.00401223116751071,0.00125490466666882,0.00469094272366771,-0.00454014166471,0.0121241323414224,-0.00893579564244994,-0.0043211640708905,0.00185576029546161,0.0103671831740461,-0.0223873505447274,-0.00814563144702182,-0.0220869606068511,-0.111321847927026,0.00917179183574965,-0.129332107341839,0.0975424545728271,0.0117275779892722,0.0381824496007726,-0.0110343566622703,0.00338739954208662,-0.00540214656787537,-0.0105842250643085,-0.00353115853886651,-0.00215115662334406,-0.0112016086355024,-0.0104540067218424,0.0101256524866736,0.000453932144744021,-0.00231594660928761,-0.0100561974271933,-0.00924392719274711,0.00217026933520051,-0.00977004172258675,0.000802447395009277
-0.00966199489245958,0.00342307805140244,-0.000998697617373259,-0.0061775738183446,0.00236471496611782,0.000330936886482484,-0.00436759543276672,-0.0171389381900265,-0.00214122298544599,-0.000105724636979571,-0.00947885602401844,-0.00300554869189245,0.00603897745982139,-0.00510908364307072,-0.00870013265248485,-0.000889502441516986,-0.00344298662898677,0.00172736142414813,0.000996940333212246,-0.0090016748445881,0.00171545904179219,-0.00516803116943067,0.0019271382226372,-0.038242221751044,-0.00934001668240384,-0.018641498615862,0.199637475770089,0.0921403090979758,-0.00709446913937748,0.257751599280826,0.0651339990318047,-0.0252495469372921,-0.0367170456052674,0.00889220234934366,0.00517351214009038,0.00670125636825061,0.00205702109734165,0.00525852795862642,0.0126766977814714,0.021611154195243,0.0130363166823129,-0.000457790873266695,0.00897794024875473,-0.00110340356390447,-0.00318190352398779,0.00486669584096646,-0.00333862422998381,0.00810287318677321,-0.00206247884615266
-0.00148503057485572,-0.00565445377495851,-0.00298760612350365,0.00466095195306855,-0.0042667057249178,-0.0148845353545192,-0.000981039342144382,0.0174708675011811,-0.00539362329346926,0.00196459245717844,0.000699560193104585,0.00809165073896312,-0.00358912623991512,0.0065292653597587,0.000785633788568994,-0.00388092304277177,0.0057334407701426,-0.00322499572995822,0.00361183170460239,0.00195908529227255,0.0074413896194474,0.00711711142122007,0.00107087485981321,0.0260343217968674,-0.00807915510342926,0.023250486995756,-0.295141560072243,0.0143471634128158,-0.0527443328450462,-0.256291905790468,-0.0644809171531785,-0.0286213049951343,0.0308999200825538,0.00193793841527805,-0.011042079581733,-0.0122919396457829,-0.00200226015843304,-0.00329919007332574,-0.00794435824746727,-0.0128024069138455,-0.0137769506170433,-0.00815310542027974,-0.00727112576020897,-0.00396695547025957,0.00666490736143083,-0.00388815566017275,0.00012234935369625,-0.00121727023223092,0.00268597032710988
-0.000539707606404863,0.0114268763223518,0.0117963317474043,-0.00390022630471655,0.000493217263276529,0.018434143958058,0.00179658211007735,-0.00981053665706585,0.00758703701862413,-0.00142691743227663,-0.00166759552843759,-0.00393018573792797,-0.000684911263301904,-0.00225335232830373,0.00233253847805633,0.0021700180343269,-0.00224727069861852,0.0087957060031641,-0.00644386976565058,-0.00827957877461009,0.000246609943821913,-0.0128760738320758,-0.01412971553431,-0.00631198064239566,0.0081752343186173,-0.00842451469940922,0.106200869815021,-0.0223052917738928,0.231730682593997,0.0650129903900257,0.00033137803367652,0.103902354748748,-0.00655232614516367,0.00996648755371917,0.00605029396352936,0.013512147683757,0.00602807031099406,0.00223947917527848,-0.00231883984008309,0.00292922057092024,0.0125155088695862,0.0136545620330166,-0.00158507811056775,0.018975835001121,-0.00533066992828209,-0.00522868122424662,0.00311633967082713,0.000639988471666566,-0.00168068928691539
0.00420487370215205,-0.0090978980502018,-0.00810877705148064,0.000229953369415233,0.00527496077241613,-0.0040264289770887,0.00467422410078525,0.0132177814719856,-0.00327033488270642,0.00528564071851145,0.00438787277352808,-0.000433888365633456,-0.00301941388641422,-0.0062842947399,-0.00120247548042225,-0.00314398726093514,0.005699177504265,-0.00974467097812648,0.00367647050381755,0.0189430038308338,-0.00176995763476884,0.00853747914527992,0.0209371284715961,-0.0132390210580201,0.0521273315967627,0.0480814446476798,-0.0121117602952642,-0.0904188469880134,-0.101861511158151,0.0613514769433746,-0.0996814820853503,-0.0696130788603575,0.0058102899911801,-0.00744701873097981,0.0020890521000761,-0.00546981485868696,-0.0043995681985603,0.0049999798309858,0.0145688241411573,0.00495429643036877,-0.00700599121181214,-0.0152800623598111,0.00961413206199732,-0.00872252343993841,-0.00526850729447057,0.00659625388808777,0.00880504000665843,0.00699678672404273,2.3328492184083e-05
-0.000516636924856522,0.00249502654194639,-0.00252241661500748,0.00881927442794014,0.00062838827413466,0.000930550232543703,-0.00508030656876926,-0.0105506395727891,0.00755207620799405,-0.00482338526401246,-0.00278085373035809,-0.00196148638162726,0.00595093521506729,0.013699563262845,-0.00172462394579872,0.0101503018438898,-0.00515749685796938,-0.00135929759708323,0.00113584720904616,-0.0211526448765985,-0.00160903174406569,-0.00711414624758846,0.000507249888388368,-0.0034893323804644,-0.0749883282357742,-0.0014668044751364,0.00036946458862306,0.279697422428135,-0.0849479269881885,-0.0589630037512941,0.080448665195461,-0.119989192788528,0.0189196981091388,0.0101701272037883,0.000888029606551745,0.00857096907006745,0.00156153797932016,0.00572300011142945,-0.00932866346095493,-0.00918604579988796,0.0129627948759153,0.0224964985778947,-0.00821054209902154,-0.00533366187813378,-0.000126915608365061,-0.0011794412847745,-0.00666442333633936,0.000836008457504841,0.00142392123464878
0.013490606096845,0.00111600836694232,-0.00225007138832983,-0.00748398236426962,-0.00318957408362515,-0.00224312849671864,0.00306973231668147,0.00546387916997995,-0.0025492002584072,0.00357909265434716,0.00823827621368322,0.00779234365744218,-0.00715779550265746,-0.010342865227734,0.0023136916881539,-0.00337951227274621,0.00366565358026712,0.011519460084456,0.000903534830065732,0.0138090215830709,-0.00416744394057369,0.013369098281261,-0.00500538254845033,0.00997833444014534,0.00210939238516109,-0.0198738627107769,-0.0260391514464677,-0.204922701219248,0.0295147394471958,-0.131712517360346,0.282141765241402,0.198066362861506,-0.00500013295199237,-0.0156584599287405,-0.00627519655743664,-0.011768749702933,0.0034785375255157,-0.0163087403522771,0.00378253166058856,0.00859282119203325,-0.0161345107162158,-0.0106696612660541,0.00850616513316336,0.00899980979132449,0.0322409106085077,-0.00629612199612899,-0.00822045803098742,-0.0113809471897529,0.00120646345634421
-0.026873471849428,0.00632921826487508,0.00935183300470223,-0.000215790235722886,0.00163031445823481,0.0017762811821251,0.00147631994396866,-0.00176554503139795,-0.00784298713324198,0.00224839633883743,-0.00759382686171131,-0.0057882082123026,0.00493808165057261,0.00264548011815643,-0.00146465756956922,-0.00078484450200982,-0.00579275052780081,-0.00739592355900451,0.00174869651912078,0.00187007086259611,0.0018577094089083,-0.00902765897213712,0.00550355762748689,-0.0157196133662016,0.0208329548313269,0.0105677666343823,-0.0840833918226361,-0.0330764796255372,0.0251065911696025,0.184947072459661,-0.203870675270318,-0.0695591680871414,-0.00319655604641331,-0.0232070556337153,0.0042783506858831,0.00826122343407438,-0.00387253246324524,0.0209325855537117,0.0115675992920198,0.00228365437594129,0.0138931040359358,0.00499399728122944,0.0109315341799817,0.00392879992683335,-0.0346620221932756,0.00412042751501542,0.00413867622058373,0.00642518365741376,-0.00637681569137911
0.0303216432192856,-0.00551113927699157,-0.00278718893920735,0.00672960226707315,-0.00345861711924706,0.00439445842366356,-0.00454903439487052,0.00680787803072376,0.0136472900417957,-0.0116484132948345,0.00795868062169639,0.004110078447202,0.0016820533817582,0.00934775233502176,0.0015312650578461,0.00380084351136732,0.0133727950396385,8.35919953314874e-05,0.00127546304636556,-0.0121524546470005,0.00850579242527527,-0.000391225537245604,0.00400940367959113,-0.0100856459882179,-0.0109098533857284,-0.0706322536227249,0.142239633105182,0.0130757473283211,-0.293429848152899,0.0513717907050716,-0.0214238609738313,-0.0541109727341071,0.0254689464722968,0.0309728184116149,0.00550157752709203,-0.00249800216222947,0.00432346270345985,-0.0176105843546359,-0.0150666102134931,0.00785161964161527,0.00563384915074789,0.00242951789949115,-0.00247111167265006,-0.005536039117637,1.7549065673441e-05,0.00655110156739726,0.0038693234343388,-0.000492042406246858,0.00554660181803983
-0.0161807675321787,0.00129129125475355,0.00227709095390422,-0.00299768371831818,0.00424278526199085,-0.00208103903931605,-0.00789021698718212,-0.000719740422541887,-0.00265968135350105,0.00712669719728755,0.00235951417198548,-0.0102160657716387,-0.00144647609329486,-0.0111183520000563,-0.00746841291515404,-0.0108866022660813,-0.0135009459798102,0.0105397997845027,0.00124637086512081,0.00645110084461322,-0.00440204184431326,0.00783956931046143,0.0015692909185528,-0.00337114682225523,-0.0176551229481097,0.135128037825797,-0.0179450109051497,-0.0417124889867003,0.365162442517792,0.0430239619721026,-0.0653371727681243,0.180262984547036,-0.0375537950407944,-0.0495547383015398,-0.0133062656368368,0.000269444034457102,-0.0124470780890821,0.00418675960056983,0.010048229114089,-0.00216771725164898,-0.0115347231285764,-0.0319005788939061,-0.010654002124586,0.0188049402958155,0.00461830684944252,-0.0123614633908148,0.000502584563539884,0.00171493770503018,0.00575529788801656
-0.00645578936569957,0.000800410091090468,0.0117335645584005,0.00772513039481468,0.00385948630507891,0.00682839209879593,0.021672833332599,0.00144534566412967,0.00142562631435658,0.00103388503596121,-0.00483229627777492,0.0125577030300338,-0.00317725187836497,-0.00217214733274491,0.00706435074160456,0.0113469507615177,0.0133528298650258,-0.0108211979268008,0.000614904912682243,0.00758344732458341,-0.00295334991447643,-0.00281367816713778,-0.010628031670416,0.0291683287728053,0.0809017869853865,-0.0670403880177271,0.00669530829648511,0.269054292431591,-0.0491204063688926,0.177397727728777,0.224078217080864,-0.0459269544965036,-0.0180794837870817,0.0453559822895969,0.0196272120040253,0.00157158209995604,0.016981522110131,0.00683999673195304,-0.00588499297588433,-0.0171839395441171,-0.0170988545923306,0.03973099027735,0.0189810924749898,-0.0193082904862863,0.018975891331779,0.0130427154651119,-0.00291283967318754,0.00714796365156806,-0.00226001626906557
0.0262701953027329,0.00112417880121977,-0.0208014915848331,-0.00296474352188555,-0.000583125579368526,-0.0131074271269162,-0.0155818768764126,0.00119946441759996,-0.0072326066596269,0.00432292938663503,0.00038440440111295,0.00244936162533989,0.00249959658669891,0.0106986582389275,-0.00461220529920098,-0.00158432308928684,-0.00321237893889636,-0.00433964460781571,0.00347754612160428,-0.00311618477604488,0.00824703916317475,-0.00309686119027253,0.00978071507545417,-0.0153296522272588,-0.114083841772167,0.00490111735535279,0.00388282616804174,-0.505939956088531,-0.11362480731053,-0.859684995277154,0.446466558065931,-0.256247779873409,0.0672521374713834,-0.0122441931823437,-0.0220400157545316,0.000364737285283086,-0.023230048956074,-0.00781378194879065,0.0197011529956542,-0.000314571382718606,0.0378414404725112,-0.0341627611058007,-0.0185180161942024,0.00214608623082179,-0.0113881115202836,-0.00984530978556688,-0.0048293073212355,-0.00707646391243386,0.00120843511259964
-0.0353113153318557,0.000148988336385535,0.0156689529011628,-0.00571773629551052,-0.000939776086827299,0.0118984376360111,0.00156330616864957,-0.004005822394347,0.00445060523946894,0.00959590647593726,0.00505272230698969,-0.0063713474680458,-0.00241801349998959,-0.00320758344990925,0.00393474730762934,-0.00349178331928841,-0.00116556506038597,0.0120251295545076,-0.00551623870976272,-0.0099047047254005,-0.00154005529827095,0.00215402027139737,-0.00482521128534193,0.0222439183217335,0.0696968865469253,-0.0154947212511971,0.123558563931939,0.322209793090557,-0.304792643277704,1.49882323847511,-0.574398074943164,0.247710509405668,-0.0479316898835638,0.028802467839889,0.0112549824174619,0.00548414222513264,0.0308699034407183,0.00767896816224894,-0.0146431121058942,0.0217141982288039,-0.0221865933253856,0.0113176079373871,0.00586512285991318,0.0156373655163498,-0.00127389095195294,0.000348824653704703,0.0147572922405733,0.00807748055343722,-0.00389182814682587
0.0274664378056427,-0.00394286178875625,-0.0070625564897252,0.00490584744717017,-0.000561551802783129,-0.0120042051800973,0.0023877121467534,0.00564387734089246,0.0113760843506831,-0.00542695921861556,0.000376632001933235,-0.00625238437286454,-0.00451235567757332,0.00610531412509016,0.00646743394751928,0.00761850546151256,-0.00181217364122399,-0.000842080837732607,0.00944868757445311,0.0169255062860081,0.00396595726199174,0.00535384520793875,-0.0159687640018747,0.00321436765626022,0.00530243041734702,0.0275248050500496,-0.141436347328407,0.0244560263548904,0.922509672646852,-1.30307947645101,0.114148639853655,0.0468622992169495,-0.0368381690868852,-0.0247423294520689,-0.00374565722412156,-0.0148214715928998,-0.0151924033059626,0.00688569211150662,0.00485741092768471,-0.0132082211623125,0.0168905439089888,0.00397456402015479,-0.00813081531452168,-0.0170927661100876,0.020278697602262,0.00641976198197618,-0.0262126019125237,-0.000639494260348371,-0.000545428208035039
-0.0165151949620843,0.00791383706635775,0.0030250867094633,-0.00253960799636809,-0.00160247791762571,0.0114639983540488,0.00366668421886975,-0.0151614854745181,-0.00375729420452777,-0.0120648544558797,-0.00156993373626899,0.00588374740666617,0.0149309684710607,-0.00477864603493906,-0.00613970214900065,-0.00901447598144521,0.00438375871263453,-0.010814592187852,-0.00335843003469375,-0.00152342426757671,-0.0154266221540754,0.00557182749645137,0.0112380274044709,-0.038285458258612,-0.0242133952020519,-0.0945383011443628,0.115760030820039,-0.0371693508376749,-1.04882525587007,0.00399561818862059,-0.108013428956487,-0.118796981376202,0.0063980128982505,0.011714137744933,0.00626184462355752,0.0124047247983623,-0.00929975575777437,-0.00319266532428803,0.00120025057560983,0.00858121344931685,-0.0175531259862367,0.000324264510426539,-0.0193162354129182,-0.000224851967571741,-0.0164286565374544,-0.00605629689170832,0.0214317691086606,0.00372726204969483,0.00703868359705609
-0.00768758332286067,-0.00567732856639045,0.0115912528389724,0.00294852497588915,0.000891552483236227,-0.00991325688926957,-0.00519877100560335,0.0119073013731539,-0.0116304948872139,0.000483308851130485,-0.00257567336364226,0.00954510253642499,-0.00893450677747876,0.000181554533548275,-0.0057328125265284,0.000398423763391876,-0.00729257448901701,0.00551532521913247,-0.00453574213464721,-0.0178096770455313,-0.001885163599444,-0.0071605992515844,0.00184052579073684,0.0503130698020382,-0.0400684314348862,0.100048179755392,-0.168427220086547,0.102766222216479,1.37490462915445,0.193965523974034,0.20091545051438,0.0702027729783631,0.0357745983102614,-0.0279107024748064,-0.00509878616496701,0.000111887361934713,0.0153820816049622,-0.00607249606286228,0.0068619456194756,-0.00588044530011716,0.00570515766240154,-0.0053266846999432,0.032615622785717,-0.00918990453173065,0.00707942929521571,-0.0051014496430038,-0.0126971988153099,0.000367730481259307,-0.00900835734111733
0.0272426802689056,0.010498017926838,-0.0228502383075517,-0.00121274410545714,-0.00678664054071743,0.00938162977081366,0.0146130275704384,-0.00292617950202429,-0.00580875383113432,-0.0021005665831813,-0.00115404345371117,-0.0085816403648067,0.00341846438688286,0.00262382964493939,0.00337774794048492,0.00285619178101033,0.00857002670355781,0.00619417054587414,0.00887721449764388,0.0135050488831916,0.0134131999663116,0.00529653925439718,-0.00192351844643736,-0.0593148734360976,0.0685129159275024,-0.110745838541922,0.0621967419745996,0.486824284026955,-1.06620298975101,0.232738734664713,-0.328104784137043,0.0323820636275481,-0.0344264670878487,0.0346746579696616,0.00177906518772775,-0.00627048008479966,-0.000215859520655155,0.0109260011928054,-0.010265797956445,0.0180117215614922,-0.00552572686325308,-0.000349281210105776,-0.0220195957282441,0.0224378904397819,0.00816292046007052,0.00328038518524244,0.00749476292065825,0.00386690808294425,0.00434356944084266
-0.0130685645892862,-0.00836030426845227,0.0220109907159457,0.00193242300816753,0.00299346926875161,0.00331087646666453,-0.00698405481803511,-0.00201497730123495,0.0266673137498103,0.00457492055398145,0.00278303055406521,0.00586078502716862,-0.00372823692551501,-0.00538200694741441,0.0117027000999538,-0.00567981255727346,-0.00817162902147069,0.00036723269731442,-0.00938934844960652,0.00681022481928742,-0.00992310201685273,-0.00907263236792543,0.0266138204498173,0.0387065336629342,-0.00907017724204812,0.0563832909290749,-0.0836345095988296,-0.99997856087126,-0.126543208188837,-0.420601149816106,-0.0247664973624725,-0.0719830724944553,0.00200283801129041,-0.00493817111989411,0.000344284612833916,0.0016272002372973,-0.0122115712783185,-0.0105123474363967,-0.000802432433428747,-0.0259041135466563,0.0120105486439717,-0.00192371683513675,0.0134344912982558,-0.0259654626432002,-0.0216411143968231,-0.0098877907243644,-0.0118971673868507,-0.0042862492622457,0.002344693022971
-0.0245773338265058,0.00941891222504902,-0.0103617491891275,0.00225826029828247,0.00839901551646534,-0.000789609225010047,-0.00227119161409869,0.00311008181367531,-0.0133250475043762,0.0199772240832971,0.00114090896575236,-0.00693605515006703,0.000100495017426978,0.00293026858094043,-0.00278482379608579,0.0205865471355311,0.00847929649992786,-0.00369289505009725,0.00892423279707121,-0.0196838979757986,0.00850193100575514,-0.00568844311847555,-0.0398996032536107,-0.0138383133773462,-0.0136706623998676,0.0450640636947163,-0.239087591370782,0.109215296719938,0.243935046388803,0.481720375467989,0.0773292490507071,-0.0339672005457283,0.0185985130905418,0.00372723380423558,0.00987149552243267,0.0108849340553324,0.00787611987072705,-0.0106480837817023,-0.00887998237558658,0.00568423503378991,-0.0175615327416035,0.00774608893079104,-0.00778365960432557,0.0228432157286024,0.0171621491107042,0.0120766798177902,0.0184079257089876,-0.00294444751811903,-0.0127596977533617
0.0620081513715198,-0.0224473374416539,0.00636545152492529,-0.00376638937039871,-0.000914374706588629,-0.000784002173207145,-0.0169719939558636,0.00406199572627717,0.000192058933300977,-0.00825886724830412,-0.00199470482736202,0.00651922548014956,0.00256226066091573,0.0052472602584436,-0.00937073002314916,-0.0202373149954021,-0.00204362643459317,-0.00216872843662381,-0.00538861863734318,0.000737273821037297,0.0124960970426202,0.0172420441129152,0.0271224601782065,0.0165633486432451,-0.0737313514789615,0.0190991922738732,0.570494578393796,0.018889545571104,-0.498565359761879,-0.145540958525638,-0.00291013701300608,0.0633878296107717,-0.0121847028573101,-0.0125595634637347,-0.00950416399926204,-0.00490377840604967,0.00269028230870117,0.0202261100577071,0.00190307055242735,0.0154641705770487,0.00212043114421314,0.0140908772794966,0.00153846202181765,-0.0197993100812678,-0.00519456936657708,-0.00611214533739365,-0.0209211954337709,0.0126884842877482,0.0118817698446755
-0.0476462191294858,0.027590513344401,-0.00355134155731014,-0.00407900865137662,-0.00720508394259933,-0.00459001662089486,0.0190909359521976,-0.00756107545651687,-0.0181090436784525,-0.00442259063554789,0.00720088902023948,-0.0116375129133064,-0.00674802653186987,-0.00542564849311119,-0.00166700297337774,0.00720838385632962,-0.00260124597503894,-2.73205518657943e-05,0.00370296027736006,0.0145175604048309,0.00197651555638279,-0.0133575692087664,0.00849598401600062,-0.0314360744673818,0.0350749835263401,0.140533514437132,-0.568247963449475,0.28298432705963,0.587102869169091,-0.0672877782337436,0.0719419484740153,-0.016119147278057,0.0132742195111115,0.0121116460636386,0.00378037300392135,-0.0126296065729586,0.00411402539267241,-0.000270640349736011,0.00558428452465418,-0.00331628735499319,0.0156888469209453,-0.00850422727101568,0.00539644286090204,0.0237470413618424,-0.00578119583090554,-0.0125172257210264,0.00726724484801784,-0.0172154373580589,-0.00471736267060713
0.0019530243507809,-0.0198002298330338,0.00493588178227793,0.00601959583669338,0.00466127085220383,-0.000675620437033074,-0.00960580709858699,-0.00106176777461481,0.0188546020323796,-0.00050685415416114,-0.00248020614907801,0.00865786301031495,0.00738689994216746,-0.000672881541288837,0.01086164022358,0.00450636352525204,0.00314636938222066,-9.65102634258421e-06,0.000455287535191459,-0.00134798220794573,-0.0108041406115078,0.00574491438474332,0.000384675080802071,-0.0505167811089946,-0.0346791866268186,-0.497706323320793,0.462345091232685,-0.121871858674109,-0.412768184453469,0.00654412247591019,-0.0451605912255845,-0.00290447076427048,-0.0128736331297174,0.0106525824700837,-0.00890541868323221,0.0185855049749769,-0.00671967229897699,-0.00445343496571493,0.0110998206256835,-0.00286152682687634,-0.00440635928906724,0.00242138315623508,0.00466527166692247,-0.0139512216253295,0.00405672043130356,0.0156641595437335,-0.000557957099162634,0.00842524915061356,-0.00132283851233161
0.0316519537332682,4.36760141252024e-05,-0.000653388373110958,0.000795105488935869,-0.0113205480152173,0.00790737273233964,0.00636017290030896,0.00121546328128055,0.00715912859005737,-0.0103784255277166,0.00202960642648478,-0.00296731700417275,-0.00111582538947295,-0.00435565060932248,-0.00499568794403794,-0.0101841282761125,0.00466263079810282,0.00636866597049059,-0.00575921651761942,-0.0104518916576908,0.0010162744880706,0.00322046458086564,0.00165819037987299,0.0812418517142244,-0.00344750619564752,0.438557470730939,-0.218320341857667,0.494510794084998,-0.152878562589328,0.0538888962684214,-0.101896551434597,0.028224081268134,-0.00437384074043952,-0.0113998781456841,0.00702316321524002,-0.0114232287120973,-0.00490211350917245,-0.0103760564709981,-0.00327654731043903,-0.00750449741403085,0.00562152132322276,0.000982581992927974,-0.0056539617228215,0.0101831640237078,-0.00838395818200937,-0.0109663217256829,0.00192790732247303,0.00071933359911589,0.00407155498430416
-0.0242633348796167,0.0235689198581195,0.00472741069608563,0.00326106647715533,0.0172403009959274,0.000943877482659526,0.000802346046197863,0.00852055091723473,-0.00754801520035809,0.0133409471168643,-0.0124056590892798,0.00166175590388023,-0.000857632003689023,0.00702317104932287,0.00585353603221707,0.0135829328667698,-0.0070930038471644,0.000124815958110627,0.0103769937110416,0.0105328449400668,-0.00237536098299175,-0.0174295894467395,-0.0149553755389463,-0.0879185189521142,0.199430733468976,-0.0335193354429398,0.0777862071970961,-0.335806283928679,0.133596825498563,-0.109806117883987,0.0849402492117976,-0.0114990004060311,-0.00360535063032956,0.00646654255641006,0.00231447549679925,0.0092323396287177,0.00359802242931549,0.021111877409806,0.00433037564211306,0.0168427983650678,-0.0118289448371852,-0.00377786653108917,0.00726840850106357,-0.00324702797179854,0.00377745249815648,-0.00189410840218406,-0.00291679166292911,0.000834640517172909,0.00117450044963685
-0.00308586714940216,-0.0219509841447711,-0.00825437345814765,-0.00201749239389937,-0.00675304066048152,-0.0117262637376197,0.000414739629161182,-0.00562616277979825,-0.00563447233566365,3.3642441072543e-05,0.0192483781279448,0.00242356948978234,-0.00108314889118613,-0.000329636189948572,-0.00387246286363751,-0.00579770239155862,0.00349307696865272,-0.00709286295625686,-0.00397423966443194,0.00603685158291568,-0.00203135239732515,0.0192685742783432,0.0295232192233348,0.0234879971856271,-0.284415676780108,-0.0645079389635889,-6.37679439866993e-05,-0.406169818511158,0.158491440301659,-0.0573530381909483,-0.0444223316786652,-0.0125823688081009,0.00326859252149994,0.00349219996013753,-0.00920609209883984,-0.0116896652970334,0.00248593648358187,-0.00808575246836783,0.0138072540292329,-0.000665136161659913,0.0144127283226088,0.00306982975753294,-0.000366407938093425,0.00271643012015312,0.0112061476046261,0.00811800844729665,0.0052115045879327,-0.00112046493307947,-0.00230337344766579
0.0236845810431537,0.0141617517907562,0.00787966285974174,-0.00574577248577105,0.00470108738272737,0.00328823478254807,-0.00496284739502393,0.000676733273408566,0.0137774300000149,0.00792581438119755,-0.0181943829408723,-0.00754540613606599,0.000405540573248197,-0.00117941737731586,0.00819617717562777,-0.00361977664735315,0.00304082288592211,0.00933989747164845,-0.00198694782336569,-0.0188353562924421,-0.0056878657439356,0.00222489352501931,-0.0246211099681146,0.0114100226476952,0.0757293985265429,-0.165846133430022,0.72710423140495,0.216257396465462,-0.133142414515162,0.0213625792995302,0.0215914116934179,0.0163807712187943,0.0321326645656713,-0.00949670315005447,0.00588031939156648,0.0120244496950803,-0.00992318971851618,0.00291501939587465,-0.0406032935861572,-0.00679350838996064,-0.0079213531667043,-0.00767050766937335,0.000270568517258901,-0.00336717273146649,-0.0112994369664978,-0.0149451251658485,-0.0130543181169465,0.00767803792027804,0.00858301503985713
-0.00939857765935252,0.00209697458646965,0.00237240818117711,0.00359627053661764,-0.0141081110340172,0.00580899094361984,0.00115881176125163,0.00362447838137469,0.000210911705445621,0.00202929604896745,0.00548555070873014,0.00346758700541633,-0.00227681828092892,0.00604594740147862,-0.0146773267012733,0.000934360948182493,-0.00971344082233653,-0.00340358926854563,0.00956554625320052,0.0063357524301494,0.00489312084416191,-0.00245963680745355,0.0213320520160865,0.0339088017772214,0.0807956332364432,0.558080611071945,-0.667661559929435,0.0212898122593437,0.0985003456911201,0.0110106143165346,0.00108955609993096,-0.0101434059869943,-0.036269965426789,0.0129307899701158,0.00486475563757867,0.00130679277136898,0.00658515758027066,-0.0236990927809591,0.0272507365154795,0.00844422501653545,-0.00286624315808273,0.0110458827885395,-0.000203413978401094,0.000725172622218911,0.00175154409425839,8.46866464160687e-05,0.00955633146695408,0.000140811854170604,-0.00789883492698553
-0.0153820581619143,-0.00999571670565274,-0.00791040388897749,0.00246690487830535,-0.000353107330857081,-0.00431051473403459,-0.00214078776904244,-0.00142449880900543,-0.0143149755391336,0.00870162505034867,0.00463063456614022,-0.000694196236125013,0.00288666441333731,-0.000272282253949232,0.00988849376391432,0.00524397309183978,-0.000583222016464354,-0.00373651433468986,-0.00996545555321164,0.0174461484989706,-0.0102992662495871,-0.00845298023876395,-0.00713094948022491,-0.0813946262508911,-0.0629214313203313,-0.259170116886645,-0.365098141358069,0.340789324112431,-0.0699398787425835,0.0640083321291586,-0.0606739233837056,0.00579261404318702,0.0261367096000351,0.000135108918995191,0.00376385037517204,-0.00592062764659619,-0.00922769624714579,0.0235988375821977,0.00976010675698843,-0.00514457156854396,0.0107073262459188,0.00832447888993507,-0.0012975058776025,0.0119322271790553,-0.00208298393924641,0.00213185778213541,0.0007065640162668,-0.00260647480415133,0.00286452149378427
0.0407671049605899,0.00679412131967391,0.00759071663796221,0.00473729492997334,0.0171606081308022,0.00783294971799008,0.00608517679071247,0.00625817668660507,0.00327453149253562,-0.0173359556819421,-0.00266931472138372,0.00064825167115561,0.000563369661634004,-0.00209415208519672,-0.00775971105651218,0.0045601372260118,0.0173081313698089,0.0132677653578678,0.00587485592795342,-0.0248995013154626,0.00846754233840587,0.0190989443584304,-0.0260731402680973,0.0250806670265007,-0.230502802865591,0.365036928931949,0.201503997543468,-0.652180776602884,-0.091216450068768,-0.214518502593631,0.00690654315841095,-0.02057766393869,-0.0185687458020343,-0.00429670234974392,-0.0112883520918428,-0.00969409627599722,0.00931708749125891,0.00636471258247956,-0.0345768442818863,-0.0199937661070189,-0.000228512418932479,-0.0217174922796846,-0.00600629969267317,-0.0182565485139728,-0.00746576583134531,-0.00209165819930986,-0.00676378265243173,-0.00163908960898224,-0.00331909662773582
-0.0458861849026429,0.000631669845117878,-0.00141695147282285,-0.00597462114334226,-0.0131844424932362,0.00175196366183109,0.00737365163537842,-0.00502231285070796,0.00686151912217052,-0.00225411442539557,-0.00465213131307467,-0.0021300125522624,-0.000962220367302395,-0.00540334214456848,0.0111579501272709,-0.00888151659333144,-0.0118265636708377,-0.0109365742672152,0.00354906613619158,0.00639286934140522,-0.0060011261424771,0.00254000619861732,0.0213580710676517,0.0852218638909474,0.843668745526674,-0.673686951548535,-0.0494430451569446,0.706873500885343,-0.113321575670547,0.139103892755847,-0.0387256284877225,0.00907828001052369,0.00807240405276862,-0.000523677948919787,0.00439530525909034,0.0272655217944071,-0.00203258847973212,-0.0204982583819898,0.0408500959098844,0.0178557953303367,-0.0172234963767426,0.0188301976133864,0.00737957937650937,-0.00552171554860502,0.0224748054529458,0.000978761979235063,0.003108871993983,0.00140068297669809,0.00279755897454199
0.0216067988127248,0.000697284905835703,-0.00393328367054849,0.00481867413629772,0.00184968275280496,-0.0156349548077363,-0.0153687974021318,-0.000839573516471835,0.00652813705944655,-0.0037920502629019,0.013063619444735,0.00401695976727433,-0.00122114855055695,0.00630637706659088,-0.00551305824085207,0.0109790886759674,0.00404760325029301,0.00850757975431047,-0.00181655183009992,0.0155132337606653,0.012147788745662,-0.0355275742500518,-0.0132834351371298,-0.0046865992469545,-0.909730686477714,-0.150292976588585,-0.237685032972149,0.0647241002485712,0.0858064794558764,0.0818846508798731,0.001312283344596,0.0399818224237249,-0.00509673138083228,-0.00139705673924902,0.00807119545288441,-0.02770898137533,-0.0071573514255603,0.00787788917133728,-0.0184094124566527,0.00287810135207902,-0.00681682531384737,-0.00587151971263099,0.000640825336198061,0.00638503009560884,-0.00018800048679133,-0.00574868903545331,-0.000915346948845927,0.00408212116137928,-0.00450680067628084
0.0109130412084078,-0.00624764964830899,0.00819106890110789,-0.00337744619852565,0.00912917356008492,0.0180135692146449,0.00234823703649933,0.000447462947487668,-0.00447674184578222,0.0160264121407208,-0.0134054729563586,0.00178369106562309,0.00271584525910126,-0.00252359017566456,-0.00224954575664362,-0.0182511747228075,-0.0037001388075582,-0.00579936361075577,-0.00616022681134389,-0.0173876146079807,-0.00676885661201353,0.05912300309913,-0.0901675486778667,-0.0987756321994862,0.785556300452899,0.19619048706685,0.152496935934372,-0.242323694659242,-0.00713412104368616,-0.0442248208038702,0.10850277257566,-0.0336903691421354,0.00135329349655427,-0.00172088963584317,-0.0084295455528469,0.0169452710665603,0.011110355990754,0.00943092929303869,0.0226556642872826,-0.00212472888154116,0.0318298942335435,0.0168782690798919,0.000470803440021238,-0.0114275708800009,-0.00637832912456785,0.00909780501046366,0.000266558021179105,-0.00378885446483446,0.00428654825085883
-0.011859042612516,-0.000527088306304529,-0.0107162226320412,0.00312913739568557,-0.0118577720687789,-0.00981991209638625,0.0071125916008309,-0.00222031000000644,-0.0139754723219967,0.00236932035617031,0.00689109949181974,-0.00470008732812212,0.00342190856090592,-0.00562020422185844,0.00625625939515703,0.0136537845268135,0.00923237525674794,-0.00424792004801034,0.00901287839617688,0.000672276463336173,0.0158971379288943,-0.0293429761322942,0.236041779675384,0.0895307914170505,-1.00606674630457,-0.106851042450512,0.392960335576883,0.108391159975185,0.13139269346078,0.0804804423224607,-0.207541088202634,-0.0193055723943451,0.00534531529423135,0.00361580830679486,-0.00356081132092317,0.0069092292042252,-0.00729662139725398,-0.0197090583039383,-0.0391227464292621,0.00506024240197037,-0.0276428302654228,-0.0288379827220615,-0.00349118072336367,0.0130414729522426,-0.00545641449288519,-0.0106428097526015,-0.000942452447325537,0.000790327232497074,0.000620719544572634
-0.0278940683716512,0.0068933614135322,0.0138715267158202,-0.002300982622812,0.00211564934943545,0.00145852951532406,-0.00383762617165363,-0.00474517279341091,0.0109936996307802,-0.014612307620957,-0.00534175469735679,0.00599087808466973,-0.00621087019409229,0.00795920931039927,-0.00224488938949296,-0.0111474445560055,-0.00370263030493893,0.0117765826017611,-0.0029260058744102,0.00657030210356426,-0.00550383669248847,-0.0310745711994675,-0.176413051920463,0.119131217483533,0.45218236944783,-0.305570417411299,0.26523686413079,-0.413046294235142,-0.344224112479371,-0.134866595127757,0.0470668989978024,0.0595752841839531,-0.00537280084277981,-0.0098839854118144,0.000207279253713805,-0.0131355563087911,0.0150898156510753,0.0155951284227183,0.038541406937658,-0.0271050229568645,0.00778477400274044,0.0400452115302457,0.00576332427928136,-0.00148875093413921,-0.00640513222859064,0.0109365806905675,-0.000160992122835117,-4.98960556487237e-05,0.000435490637905444
0.05936702037004,-5.94586731611523e-05,-0.00900960555608986,0.000227227395662195,0.00226541648347835,-0.00104858719525425,0.0019520689048794,0.00214119999585481,0.00583639673943507,0.0214765698285974,0.00351255833905862,-0.00384158722240276,0.00307059976505679,-0.000477246033110539,0.00433427105875742,0.00476884412948368,-0.00891676742104139,-0.00922377310847585,-2.30674955434907e-05,-0.00438239284564703,-0.000106405199731581,0.0404329834956002,0.050597537254622,-0.459965075772193,0.233975553851632,0.687712157313297,-0.444167820136259,0.425050227725164,-0.043067381813417,0.20752616739396,0.059268995504442,-0.0263545241961933,0.00424385327274795,0.00618769375204646,0.00546061911878762,0.0150186072158144,-0.0151019891760673,-0.0107333718993621,-0.0184295982353092,0.0263626865736305,-0.00214771452108906,-0.0233286935966289,0.00912028183037623,-0.00608983646437653,0.0231450953505439,-0.00444032127533425,-0.00378387693922956,0.0053590412371733,2.88111383514909e-05
-0.0423949532956736,-0.013724780796582,0.00508508194231074,0.00600444419117258,-0.00813707187772465,0.00535365518157277,-0.00979394869301218,0.0120443145626988,-0.0273244405940559,-0.00466947968932273,-0.0061506614263346,-0.00422011132195037,0.00682137683377856,-0.0102101620044058,0.000167647248349799,0.00201747499521055,0.0109002143673353,0.00461418740930473,0.00593720807347801,-0.0145612949572729,0.00981275882669834,-0.0178219319012849,0.051848011835996,0.0340664238029125,-1.60280443778883,0.964186857442794,0.0894642558318103,-0.62599427568743,0.162794392196191,-0.170186702976221,-0.0368497278467402,-0.0534337427223215,-0.0129314274506213,0.00136072018510026,-0.00788492399591343,-0.0102405899047623,0.00613597351857733,0.0246796860165656,0.00215378410002939,-0.00963778568575979,-0.00530695627236257,0.00707031204227815,-0.0104292704905735,0.0058925043862084,-0.0157768298839689,-0.00348160533561303,0.00665280549908597,-0.00382203034133129,-0.010148563471651
0.00947004220001444,0.0129251345894089,0.00302154613059529,-0.00873012523471759,0.00635262199211229,-0.00589818643575793,0.00284664306271193,-0.0104499049012926,0.0202379202459638,-0.00014281539933332,-0.00185952530558263,0.0047480613935368,-0.00891641239054326,0.00245650869453006,0.00658425014841422,-0.00163087941058162,-0.00496492060145692,-2.51704279641517e-05,-0.0110668869257594,0.0284138215488508,-0.0067592280618227,0.00663051470313675,-0.00904287230753681,0.342137523666476,2.68629612600342,-0.475049384445856,-0.00994688640456023,0.474515696323537,-0.335368051303533,-0.0338982171559189,0.133768610494742,0.0382431703406063,0.0180249652343755,0.0184676882467241,0.0191358949895239,0.0100557812099512,-0.0271721815222688,-0.03043003068752,-0.00338896569865245,-0.000813408300938411,0.00723664542276314,0.00248615888634861,0.00158422941118987,0.0141765386463546,-0.00245080482584854,-0.0124703118171437,0.00400672013294573,-0.00047093240294855,0.00896630347855497
0.00342552592627926,-0.00508422545243347,-0.0115377236784525,0.0112856999671577,0.00264402940775618,-0.00116181864165588,0.00639188128377365,-0.00434244369407358,0.00119401505903647,-0.0111663487013559,0.00890650168808503,0.00159186535183085,0.00457594003579431,0.00868949389932157,-0.0122232136423978,0.00305183044468145,-0.000482946145266837,-0.00699995586196139,0.0144021858877766,-0.00761218417967752,-0.000788534432268362,-0.0419219975594727,0.0867484123097717,-0.101481074337738,-2.2554142037529,-0.418314928779972,-0.162444444345362,0.137644215690512,0.34554463586506,0.0184023009560985,-0.160068304844902,0.0725206322336343,-0.00923524319848797,-0.00925170300686522,-0.014251272023244,0.00549142003857408,0.034216457761055,-0.00280368093893058,0.0201326172967706,-0.014211814172305,0.00445665891052257,0.00947862274914542,0.0172658953099971,-0.0185539379927073,-0.01179319241457,-0.000216119488015823,-0.00983413968584644,0.00739140559613025,-0.00362546791491636
-0.0103515175944058,0.00261818801092164,0.0150133105869341,-0.00737106998939694,-0.00382395184350453,-0.00241800271573225,-0.00864976012190386,0.00621380790042174,0.0118574200233976,-0.00973277241386796,-0.00519346848808449,-0.00036796535298267,-0.0148721533919762,0.00153234929062673,0.00543270925065548,-0.00857387102209186,0.00288262137634351,0.0116570236778134,-0.00880458328728326,-0.0184477647954312,-0.00159497987070718,0.119844297520067,0.0113700500437935,-0.405518547467979,2.24931928456691,0.239389317665262,-0.101593865718463,0.0686245890331799,-0.0434274925717678,0.161946318079582,-0.0750101896952879,-0.0839583141200723,-0.00200785056709697,0.00763735694764909,-0.0153943595121187,-0.0119801678743497,-0.0351574605759546,0.0250495526078465,-0.0324688361081611,0.0398189242563388,-0.0188247428608377,-0.0362624572684378,0.00232228071685635,0.0104438751755344,0.0153848404879336,0.00079296006916104,0.0144778432500397,0.00175940224968962,-0.000935525956125253
0.00199293570454223,0.00735979347838617,-0.0108982065877577,-0.0104332576189686,-0.000206660740949515,-1.24650496930003e-05,0.00148022988187373,-0.00252808329178684,-0.0277486325016806,-0.000640642444645031,0.00082704023574627,-0.00364127505847875,0.0239812876596152,0.00256429173457356,0.00520366463351922,0.00693131821069584,0.00357247514008253,-0.00359179191701343,0.00517784249990684,0.0190357812678078,-0.00722563549487476,-0.133662779545428,-0.540199942744184,-0.140852148211918,-1.28053539757836,-1.36488936033802,-0.702192652311096,-0.464146966857483,-0.249817957546151,-0.200846971274248,0.0696559791461646,-0.015126515503062,-0.00470632768589673,0.00241061732235014,0.0273064766227559,0.00235699553495377,0.0311799519916018,-0.015419025181819,0.03205795394376,-0.0240166111817386,0.0241138387832627,0.0613149411857976,0.0122756675347418,0.015175942215493,0.00430972884781463,-0.000150507571168542,0.000538352265340568,0.00397904930381372,0.0127898371381153
0.0208260851044695,-0.00231711035118051,0.00171345587135708,0.0212784825346244,-0.000865036647703073,0.000428322620748606,0.0066041629671283,-0.00715701018284091,0.011605586927019,0.0117211228283963,-0.00146602977560572,0.00207477577131625,-0.012044743283054,-0.00808186980592547,-0.00381669677880722,0.00445706460551889,-0.00149216218980108,-0.0032283637215552,-0.00640706438153577,0.0117391085580224,0.00103932709555237,-0.0425960888566847,0.566388500736523,0.918124745012286,-0.293354249770709,2.09413092758184,0.578485443502361,0.863884646172762,-0.0782788130744486,-0.119732760166979,-0.0417098170609239,0.0887418467921228,0.0111556372900434,-0.000265883982232719,-0.0120468856439423,0.00104485569411085,-0.0191928484661178,-0.00847721595160099,-0.021610444759136,-0.00275388770197921,-0.0115600625372617,-0.0463850750310937,-0.00707377512949769,-0.0143816945460019,-0.0275548870261743,0.0017537637219096,-0.0116580218929799,-0.00385724583492247,-0.00449965393748921
-0.0218882466208884,-0.00844449795126731,-0.00345548922632495,-0.000743760759819019,0.00141525396581811,-0.00122080128005726,-0.00663574250390726,0.0153600395679218,0.0102056740909507,0.0122971825324686,0.00713885980591216,-0.00428022114258164,-0.00314054811738031,0.0087083823769292,-0.00774026321335413,-0.00105372247345163,-0.00313167263765524,0.00909410488946958,0.0126443145520354,-0.0261628883956079,0.00122475717685555,0.156815162327667,-0.029152554285872,-0.0414415652705742,0.128126858088497,-2.27995126047904,-0.167959812443336,-0.530927299247517,0.47301464761934,0.181667641533162,0.15324626258665,-0.0462404780662656,-0.029387113711382,-0.0135990477133937,-0.00518148780342544,0.000126122275981244,-0.0189956616140511,0.0310401685219238,0.0317553657623268,0.0155686502056719,0.00650708353749354,0.0187335034369388,-0.0253532565988444,-0.00902803215938467,0.0378134753386072,-0.0169034698619625,-0.00683584199204816,-0.00325817479255477,0.000420727924330409
-0.0122983732874477,-0.00108255394110003,0.012610068807405,-0.013031297347417,-0.00250422898733392,-0.00678145760953241,0.00482401975733976,-0.00326398936113573,0.0047249033776983,-0.0189564581108649,-0.0124739265883333,0.00963878695495103,0.0103728812577035,-0.00664657301493325,0.00498196106744693,-0.0116745235840322,-0.00222820164308798,-0.0119898572471269,-0.016796246201132,0.00647313724183596,-0.0255147589089303,-0.0513084048629519,-0.26047687683345,-1.60445668785584,-1.35930017150744,0.55369947659068,0.0485897204213619,-0.263748884447986,-0.768864866353561,0.0287220799171641,-0.195237223038934,-0.0543054472493201,0.0386542449085991,0.00172507307341811,0.0157141974143633,-0.0123734476737952,0.0246943930150672,-0.0388394258247587,-0.00886502579006144,0.00817567356076352,-0.00280865890810141,-0.033178411031385,-0.0135670382519093,0.0113867933803539,-0.0142519182038489,0.0247681214366131,-0.00352609901501409,-0.00610140044579043,-0.00198005981195394
0.0319799234224067,0.00128535192996443,-0.000455917094528132,0.00870548503467085,0.00624285336973703,0.0135659757942745,-0.00381543128203776,-0.00540077767272065,-0.0183213592745634,0.0180765814391267,0.0144971978584288,-0.00860156541805443,-0.00362837853191467,-0.00815473077381208,0.011421060908194,0.0025384505577062,-0.00194861001652642,0.0170253394865952,0.0153416606258986,0.027957541629877,0.0323012920663512,-0.0768232190613478,0.233004764332287,2.21430538850105,2.85909621654773,0.44888311887851,0.346403565427613,0.122806565675263,0.865293102425569,0.434979609947372,-0.253659086399416,0.0405287661881781,-0.0324810157739901,0.0246820547106131,-0.0176269946929453,0.00433855525697406,-0.0196780845823493,0.0230677458911684,0.0136589373917942,-0.0126787292646568,0.0124162483641544,0.0160620336627622,0.0241760284862402,-0.0196206865651594,0.0233274990040344,-0.0200157340858404,0.0211919631592975,0.00494194324229469,-0.0041862501618537
-0.0223831312095895,0.0150435651553824,-0.00494269331797801,-0.00852620619538372,-0.0261332342183444,-0.00135234360169839,0.00998586857145734,-0.00268657311963847,0.0208977269712998,0.0104063492070172,-0.003385704190038,0.00519725403970836,0.00305701655018445,0.00826712961986779,-0.00324247573478887,0.0129186887783219,0.00983387546330949,-0.00844029537275949,-0.00728608838740427,-0.016734220569332,-0.00934138345319016,-0.125642273613948,0.232307764522127,-2.12611580332636,-2.06469630871981,0.153947447700861,-0.256863793551547,-0.574174682713751,-0.211565260515913,-0.831683190349532,0.213451890259996,0.0927919861032116,0.00654644117086721,-0.0357399720163118,0.00186156986329447,0.0303875115213636,0.0176244471235145,0.0156293483287127,-0.022114682340074,-0.0109006643209636,-0.0192600897111645,0.0402160512373536,-0.00704105222893206,0.0189275501375252,-0.0261603438219645,-0.0204186028517006,-0.0051370398823406,-0.00375434161077084,0.0122796053057079
0.00931696737150183,-0.00853297395100209,0.00818936140533003,-0.0054421206647395,0.0332935457636555,-0.00474045333151005,-0.00480432166866071,0.00808376267998011,-0.00542886952453641,-0.0184790871126473,0.00111583093642985,0.00615849769927877,-0.00782117037630101,0.00710574987957608,-0.0101363817383104,-0.0132039859825803,-0.00521292918780825,-0.000454115438372651,0.0126988067957421,-0.0186137470676034,0.0030257265288536,0.83933320488177,-1.11238303965229,0.531524084702583,0.870565876703515,0.661313590987546,0.674259573330952,1.53630389652274,-0.496320000934086,1.22135411642827,-0.0522721558779776,-0.135259040279837,-0.00963804502807264,0.0203874109283405,0.000546753295586018,-0.0490747701567575,0.000519673419921041,-0.0276884894352493,0.0199195789197037,0.0166420063410039,0.0101981413014577,-0.0567469973799834,-0.000537751153874853,-0.0297273755395902,-0.013252641606916,0.0321225486109218,-0.0199691433727337,0.0080956224143745,-0.0159850653061511
-0.00313877506461645,-0.00923071536406628,0.000777164322723328,0.0113309116031055,-0.0165682900872545,-0.000305625377344502,-0.000532682008548394,-0.00275023929857541,0.00179945130747231,0.0048971551704082,-0.00725325955105443,-0.00711487026864878,0.00910459972869485,-0.00967213438776155,0.0133766328158747,0.00490144078344736,-0.00377746110462087,0.00880784918168099,-0.0155583558654476,0.0224980404598053,-0.00813691548281812,-1.04850221054751,1.94362070120869,-0.0718292367481786,0.223742502887556,-2.19780584092432,-0.40252190194382,-1.8240159752092,-0.469875793583637,-0.427883913925337,0.372496694159227,-0.00521360053064479,0.00806623796456726,-0.0453183952826668,0.0349516335957807,0.0369538156604783,-0.000478183429017009,0.000422360115047871,-0.0227304955051119,-0.00319895579593295,-0.0251580115801496,0.0233552437356985,0.0340862744700279,0.0383580547269085,0.0328228813311865,-0.0143430253044324,0.00218160581687524,-0.00464432300288213,0.0254624618821656
0.0159844507178019,0.00920608444796504,-0.0153225780100665,-0.00939987090885687,0.00845694817850966,-0.00313129574341036,-0.0123385167811402,0.00117124701688009,-0.0129225008048735,-0.0153939391893707,0.00319043305065081,0.00899195278442055,0.00221698620956115,0.00803214082609739,-0.00675603045821335,0.00331699690691484,0.00839789951190714,-0.00570341494068979,0.00155935410017697,0.000131116303098251,0.0231057725947211,0.495648088721879,-2.11551085721444,1.02990394982574,0.707357110269362,1.9283856072143,0.219040137579368,1.93490942437935,-0.177873708114956,-0.821558895552875,-0.857502418680347,0.216491247936916,-0.0387492640563299,0.0639649671455317,-0.0168558440273397,-0.00301284029321728,0.0364600802906361,0.00198667507687084,-0.00866527442727298,-0.0308301432504454,0.0507629428281707,0.0764897265324956,-0.0137170351084213,-0.0274100117250007,-0.0540430476525412,-0.0244292619704119,-0.00188992727680819,0.00813545024273964,-0.014586740727642
-0.0228913745220527,0.00197058282317867,0.00795615198818307,0.0102475434203817,-0.00816462975085517,-0.00016901646904075,0.0238583890846822,-0.00462737502103537,0.00857660195396288,0.0104412154703846,0.00853467275275689,-0.0146698711816751,-0.00594680596036383,-0.00208951535554695,0.00365706702169833,-0.0051357878089805,-0.00646978200770534,-0.00748275806423034,0.0123303610474105,-0.0311699478393907,-0.0129224724375984,-0.262780282897569,1.12761539588447,0.0495204293049306,-1.52980637788839,0.269661601979788,-0.0296879484572684,-0.192455367657377,1.20804044160792,-0.591756302743562,0.154581245745911,-0.319369517295658,-0.0322461743539477,-0.0550987472403595,-0.0179916259566012,0.000462109099567918,-0.035395086772096,0.0240615237592781,-0.0444036013950486,0.0433052343564189,-0.0225266662041999,-0.135273073275633,0.0279532097975404,0.0332726241806096,0.071578698345969,0.000332891871448984,-0.0184927584616746,0.010191390193483,-0.00301852283654161
0.0182145392952797,-0.0073914088622707,0.00278356265591659,-0.00511287508420549,0.0026911437573214,0.00301027978336074,-0.0155602749669004,-0.000423373252360961,0.00610598744473511,0.000167150936400764,-0.0159948475174181,0.0131647838370073,2.87799543909637e-05,-0.00668507798111247,0.000883078915757719,0.00496302704322765,0.00814728893514216,0.00875108004349028,-0.00375299970406897,0.029616801892512,0.0116945043528299,0.300685767296805,0.0105164029101785,-1.30752105369235,-0.0155540628630207,-0.518076539416237,-1.02001628246094,-0.863246771442533,-0.6682649903099,2.16422047942199,1.25901584875393,0.0894287910674327,0.0370142187189367,0.00646708706377883,0.0564100799349626,0.0072078358848048,-0.00992540332719449,-0.0206516637121953,0.0944854190619365,-0.00850268630911493,-0.0294167774978588,0.122775335585062,-0.0463981167165771,-0.0501830355710621,-0.0626907077788472,0.0587616160207474,0.0240728094632117,-0.0106957331983657,-0.00247820942852717
-0.00362398485331462,0.0055012490723742,-0.0102631298248544,-0.00191368495167749,0.0101857594200552,-0.0028563021515342,-0.00272804119458561,-0.00462072922643048,-0.0143607241017045,-0.00381372511320892,0.0147278639952025,0.000975110143380586,0.00331951016770001,0.00646864686848828,-0.00470938094902151,-0.00257855336271524,-0.0106651080278793,-0.00666860554513137,-0.00419031985971645,-0.00465384221946671,0.0198222363578924,-0.103615023234693,-0.278025008262722,1.92708580254173,0.227755189792221,-0.743889771166627,0.654641084903257,-1.65885223951171,-1.3567095404837,-2.38987554977252,-0.647186259109398,0.109424128507124,-0.118946612831568,0.014808856924723,-0.0587863588117774,-0.00175302771115863,0.035741876560884,-0.0096288953110702,-0.0525743972449636,0.00538606750990686,0.00994385215947835,-0.0734256247327638,0.0271388265654688,0.0224338660989379,0.106766235885707,-0.0502232071750801,-0.0382510077533346,0.0150929522553774,0.00739079080266904
-0.0106089162568781,-0.0123672920232296,0.0188216672469778,0.00262191424490077,-0.0184395341225287,0.00919201730928589,0.00725160533199877,0.00825993917112811,0.00473178577839557,0.00960757388901864,-0.00253914406542915,-0.00808687947083342,-0.000894386588943664,-0.00151176370204657,0.000632393759971022,0.00510805112346115,0.00595778596598779,0.00448121730243377,-0.00324419770821432,-0.00544078558308511,-0.0044096364974694,-0.116396725696029,0.284306000087195,-1.99649597362787,1.32029740215398,0.36472742398248,-1.76831314252254,3.36683508709927,0.112497265911999,1.64633150446706,0.325739311090294,-0.368970928383525,0.235498394689289,-0.0330292361102141,-0.0135757456382422,0.0173965501414773,-0.0363560818259561,0.0509842431014556,0.0105239617521909,-0.0285212927458148,0.050293304513811,-0.00474461203731022,0.00255137387483248,0.109912298711113,-0.134126260400508,-0.0228713218750632,0.0736400629274417,-0.0346500504403186,0.00191421690014742
0.0179987131119145,0.00839413179964535,-0.0110193475959876,-0.00245004250898554,0.00636012205808156,-0.00434141368238821,-0.00943823424036162,-0.00143446190664051,0.00455239131410713,-0.0118139272597394,-0.000259525913820855,0.00304014017465972,-0.00650674106295177,0.00306160067816674,0.000679564155302968,-0.00595713112014657,-0.00402519445672162,0.00383635226104032,0.00974640611966015,-0.00809885282680972,-0.0362996034172836,0.208431536494761,0.235293168787498,0.671346718492355,-2.16115766839794,1.95287488651103,2.42779282812182,-3.67481587259909,1.61343177168847,-0.12451456602212,-0.582061609200032,0.275350482432765,-0.125022449888236,0.103280071250594,0.0199445861572738,-0.0265787265293992,-0.028935593255842,-0.0317457651362338,0.0521462148393073,-0.00267440298834716,-0.0746061486657119,0.077013456934095,-0.0250673239459874,-0.167160124019237,-0.0543754283410094,-0.0382768327402713,-0.0610420795909386,0.0273157707430588,-0.00182621838236429
-0.00842998874865185,0.00455397755115586,-0.010621561984353,-0.00056593195126487,0.0117561370739766,-0.0126348325512052,0.00237836044046099,-0.0113269298065979,-0.0124795872828615,-0.00550328819460741,-0.000613984974620909,-0.0226004815577223,0.000303212088442061,0.00727647546887775,-0.00365372460870405,0.00711268046141567,0.00433593447617935,-0.00791210611182175,-0.00170918306223409,0.0418956867470324,0.00411700734130564,-0.214191435386659,-1.27035366402297,-0.228471619488025,0.583569201879026,-2.70436267835247,-0.485784899796243,2.45092781568904,-0.735836790418959,-0.280265544786814,0.752319288997831,0.00623052144160478,0.0915049211354282,-0.100538938435383,0.0229877146223758,-0.00565164825663309,0.0516301723769161,-0.0438475760649559,-0.166136503794103,0.0259452903666695,0.0171273608437463,-0.0879448161531044,0.0888825513522417,0.00560071176974829,0.0939200158902748,0.0680521163637523,0.0299386687630586,0.00167667951884996,-0.0131800550690825
-0.0115788017722159,-0.00650779503984521,0.0142744754008405,0.00778736511830419,-0.0133592862244105,0.01540758602101,0.00404876540953609,0.0241533824625626,0.00444561848286959,0.0275908110692039,0.011245268332805,0.0354781288191063,0.0107466179456277,-0.0150593381899221,-0.00381158220316522,-0.00422453014808123,0.00384190998158148,0.00729246965210951,-0.006497562982993,-0.0427502714820077,0.00303753266602697,0.0968362758673899,1.52306284852917,0.961750540880291,2.28374412287082,-0.879038103449896,-0.644637973720266,0.240655997605271,0.669713149024601,-0.570395626948842,-0.17527140696951,-0.0553650978748325,-0.0708615733749764,0.0713855129031091,-0.10000117018023,0.109990506074844,0.0331304094196459,-0.00242074307864096,0.111708694382059,0.0772784752044206,-0.0414288933815076,0.0682091028337496,-0.0585911511686565,0.148339933623489,0.0145095216891209,-0.0346487962999428,-0.0462698936028606,0.0208051875324861,0.00557700539830999
0.0250439113078751,0.0118761618880651,0.00313383977877173,-0.0135129837617543,0.00898343088770375,-0.0134993367296632,-0.000580519351823361,-0.0112343796638262,0.0248276143031919,0.00932271617700346,-0.00348256983962367,-0.0191468464334539,-0.0114017208234545,0.00706360133755549,-0.00888347403269748,-0.00977103832444168,-0.013259371094503,-0.00652987491023199,0.00526617495072138,0.00775513889117087,-0.0168800091654048,-0.10575402148947,-0.998822042646384,0.487488066174838,-2.30474424603523,1.70391088093475,0.644628649421956,-1.07812840260143,-0.963130720604202,0.826395663500913,-0.0496083314552798,-0.0565569194046956,0.0468529648350442,-0.0400289379954253,0.121967931883086,-0.0848020953977149,-0.163818875794627,-0.015822929696009,0.0346213898953029,-0.0601388404979064,0.0852910039885442,-0.072474389431077,-0.00916583360046775,-0.128596878846345,-0.0787490237060988,-0.0710447458606256,0.0355588449810036,-0.0265423674166871,0.0103249091811842
-0.0466918868542333,-0.0204698770447767,-0.0145371388822124,0.0230206638288707,-0.0135813999451638,0.0038223999896154,0.00688243461318929,0.00738833981310951,0.0162213545627293,-0.0198958579260593,-0.0201791233297128,0.0127979457521426,0.0132779465841756,-0.00903846138292776,0.0105443652546106,0.0114094201175875,0.00956252457292578,0.0105315120637682,0.00363572499527712,0.0167163089957795,0.012996343945332,0.197782306167509,0.044563066647171,-1.70303796531094,1.31876439554846,0.623230747519128,1.51643626300339,-0.402079128593641,0.306459929546866,-0.385021806378788,-2.99104279862655e-05,0.16241737598872,0.00343823159795757,-0.0252051300680606,-0.0493062171369999,-0.00720943799053118,0.110679901145405,0.0161293505257306,0.0472019104472475,0.00389539084814066,0.0178650595759352,0.0563943569972835,0.0428788599742736,0.0367008622387565,0.0349500755508365,0.121464784770278,-0.00945372038208188,0.0286110191420192,-0.0073395254377753
0.0689949010875952,0.0223670186944032,0.0056193702411927,-0.0108086764461535,0.0215623220921568,0.00296849057573023,-0.00956565602129577,-0.0127020653111794,-0.0435277157263334,-0.0416119743016659,0.018714469548999,-0.00791508474235487,-0.00932463379972341,0.0121163119158583,0.014324203802291,-0.00892410809139589,0.00351536351831181,-0.00876436322964351,-0.00649565222593383,-0.00924868622117967,0.00445390400504007,-0.104176516119925,0.316163504275009,2.29284448008636,-1.87329029982504,-0.829342135970232,-1.90350741724928,1.02192755742305,0.186153859860693,-0.291109236674363,-0.190762628488248,-0.0469001815904986,-0.0221062504363145,0.0474154575349375,0.0104094292052436,0.0234293843483529,0.0780001263085693,0.0494814578684337,-0.0664229119856924,-0.00448947439401981,-0.0577196757343481,-0.0472685595934184,-0.0144558984304094,0.0164773672810534,0.0546253102310861,-0.0678723794047915,-0.0214041941767659,-0.00143730559837582,0.00123320959365842
-0.0292701174743103,-0.00136638386885638,0.0117797357899249,-0.00192248243903426,-0.0219540369793143,0.0017933895348857,0.00910817002612274,0.0201796720351655,-0.00765693419191163,0.0054757166143879,-0.0094058547730973,-0.00491389661501352,0.00470851727869272,-0.00416950698413118,-0.0252492275349316,0.0185988622592697,-0.0139242834252009,0.00125938111092321,0.00447897029108765,-0.0151220989882045,-0.0224874570034732,-0.0201593674920943,-0.249707947236605,-2.37763292590855,2.55474954624488,0.0563623290117236,-0.154034294889042,-0.865508774816819,-0.379301402682297,0.205157307256261,0.375884234681771,-0.114478110432438,0.0348373370300823,0.0159677019523007,-0.0298488950513555,-0.0230647346395851,-0.171479378760977,-0.0349984844426039,-0.0366470492526391,-0.0485701960821815,-0.0661786125701335,-0.0407343217676293,-0.016295415210345,-0.016132325997746,-0.0804094462102888,-0.01882084213496,0.0199687528327602,-0.0175205714518157,0.00323233635450235
-0.0367901953689675,-0.00571800549646778,-0.00849975029968925,0.00732265522555922,0.0102112350600062,0.0014521585232494,-0.00155985066646553,-0.0245949014614194,0.0248970107785613,0.0200361246013892,0.00486812406151355,0.0149946614637559,-0.0109098238049277,0.00138074882336422,0.0223993971856346,-0.0162670852696629,0.0085398123765626,-0.00534025158969866,-0.00285235873318839,0.0292831120368295,0.0251954483129368,0.169875605549528,-0.141801327560437,1.15121066397233,-1.56873892934667,0.41242256517884,0.593530190219259,-0.427195328290951,0.635312627095937,-0.212605506596094,-0.0956397404257991,0.108455126265912,-0.0111641765081138,-0.0820886168846617,0.069214702427259,-0.000268392035629915,0.194104093671154,0.0254296407373669,0.131155729188096,0.0523016276337795,0.0723145228346358,0.0948789591159812,-0.0473718201837906,0.00361359447343543,0.0789838994705647,0.101705212577689,-0.0283184620407933,0.00122618425683105,0.0137815373671605
0.0605348756627607,0.00903868761122326,-0.00434411300384276,-0.00398702003123122,0.00324101288973785,-0.0097052918125761,-0.00381442426838897,0.0113387034858795,0.0177680696179432,0.0243786972126712,0.000281624179163808,-0.0151071526647124,0.00163717681816671,0.00775694718410964,-0.0105873659370988,0.00538719789269129,0.00560121325405827,0.00951914572713559,0.0070835057314031,-0.0204707281101088,0.0318541149860477,-0.256287315125056,1.1962446836701,-0.292443372009788,-0.298305135371449,0.997979250270454,0.280301212661236,0.615175790037816,-0.205860421016183,0.367937399512881,-0.0413946132893242,0.0221993956658923,-0.0146787058421845,0.024733317060624,-0.0644077802806624,0.0238167305166153,-0.081615825230349,-0.0292319103558318,-0.164273093713226,0.0250300018204562,0.00842928565549789,-0.060075864782661,0.0929538174942302,0.02492475156581,0.00210022046494464,-0.0681775541942213,0.07719213502821,0.0132333229554832,0.00311893857840907
-0.00235411030254436,-0.00843622704313001,0.00419164583249182,0.00348177753675174,-0.00635170718983247,0.00660484683380962,-0.010155567348013,-0.00621657806274735,-0.0250998963429669,-0.00268643792705148,-0.00349239333179428,0.0101934374102698,0.00796988968768929,-0.0140416202763807,-0.00178861608159937,0.000119942479580104,-0.00518280305241417,0.00493313067141064,-0.00408346715434495,0.00804522418337657,-0.0296630881386289,0.121192788075447,-1.67848142405416,0.4687453890213,1.5168089177728,-0.962986477666364,-0.444185138089589,0.0541828115326543,-0.398537528333235,-0.446745542714114,0.0454784349218098,-0.0846166816657538,0.0195609732773759,0.00821801315903979,0.062471492282197,0.0865329543195288,0.0158355946151235,0.077822539907062,0.0687637640685756,-0.0509893127436221,0.0244689121007288,-0.00498358129942217,-0.092057887503025,0.0301243838949419,0.000585982543313237,0.0080100426472749,-0.0544817772208352,0.00484310365394555,-0.012039541939159
-0.0620058096941913,-0.00339706388131474,-0.00320748259031436,-8.63280612767013e-05,0.0128705945855078,0.00189787624879143,0.0139737495394957,0.00780587242848436,-0.0111464498563752,0.0116235841601928,0.00829617186965558,-0.00380916348357876,0.00112738988771678,0.010384960495581,0.00612087124538671,0.00544903290366069,-0.00579696199416792,-0.0130290520725327,-0.0126345354546323,-0.00242552869537563,0.00388193477375561,-0.0888365929735223,1.13712004410714,0.608462840776918,-2.51926769404921,-0.102849686186606,-0.741571181212506,0.729982105527091,0.107891024056208,0.33666677544985,-0.138875307463739,-0.00726628635642531,-0.000769394658627479,0.0121278018879193,-0.0819817952122893,-0.108029814475779,-0.0352593138267314,-0.141466099696464,0.026912083080723,0.0120601881573428,0.0251552858368701,0.0113606885821274,-0.0141763532574283,-0.026022651834472,-0.0648325224765618,-0.00105509580490936,0.0145563150697331,-0.0188716746292256,0.00618162556360029
0.0512646028200365,0.00836680612597066,0.00698549722981635,-0.0103823099869623,-0.0145826196404879,-0.00864990336310256,-0.00420084054145485,0.00225299426703379,0.0115456654181028,-0.0197852704094717,-0.00667181390543999,-0.00757138120749942,-0.0137554821351766,-0.0119524991474033,-0.00186657344100385,-0.0099704196181682,0.000643450959159313,0.0170989454884417,0.0217360005527133,0.00662446144875155,0.0146138802592674,0.295544597375601,-0.0828208882338953,-1.18472128977651,2.58050407743819,0.382522583408008,1.15704245951393,-1.18274098151111,0.618947084094012,0.215117743326294,0.313417527537554,0.0914824207392217,-0.0148429471251737,0.0133180075448991,0.0794889449839042,0.0815846011459329,-0.00760578194864062,0.122169047805406,-0.00416314380435989,-0.0358344248218993,-0.0859219880549836,0.0684352509858364,0.16123144851272,0.0500799430942845,0.110499209875081,0.0181014036452107,-7.39078467953264e-05,0.0183505916966551,-0.0181909031715074
0.00564742920985505,-0.00458100169211994,-0.0117961577904798,0.00744355083072828,0.00252868064155392,0.00820452187314948,-0.0037092286692135,-0.0049029909249806,0.0255712204421086,-0.00137488838715399,0.00142803626743522,0.00756012262922231,0.00468729182780869,0.0050903824972292,-0.00573525904281983,0.00298750395239573,-0.00395135295345336,-0.024819206933478,-0.0097736294259278,-0.00797414377772109,-0.0218030895691553,-0.278695029933167,-0.385037588625857,1.49709812391482,-1.48399135558626,-1.5995820900928,-0.0619966994241149,1.12873692456892,-0.53920966370867,-0.086687710564942,-0.140258233430688,-0.0305507108847597,0.0202567838981311,-0.0277297226523274,-0.00121432941790258,-0.0354401954131662,0.00652636704295731,-0.0871178014077604,-0.0448741486807347,0.0715373561810932,0.0327587513806541,0.00711731156676967,-0.165794858741797,-0.0545454732358213,-0.0562690493109666,0.0121871604037939,0.0470736034479417,0.0103462105071552,0.00135490727027841
-0.0335947328596383,-0.00960086822347558,0.00993613373013435,0.00215057066643262,0.00349123091603259,-0.00280849174484684,0.0135359155856215,-0.00240998215068713,-0.0341918091648313,-0.0068467468305123,0.000229436801565315,0.00483869001828863,0.0139299862321866,0.00619843970515765,0.00511859291594877,0.00770683294783833,0.0134122785526736,0.0149148080188335,0.00406012334232251,0.00305894028805918,-0.00778436770916534,0.04779872858872,0.291709376592638,-1.69683572393051,0.255517237797941,2.25646129025123,-0.363348595916495,-0.562607972868558,0.645168142022634,-0.403714730282422,-0.0966618268975748,-0.0681974173544498,-0.0251688324210429,-0.0205923036680735,-0.071299837981413,0.0271644526507688,0.0419659766553916,0.0770421322993708,-0.149780896625345,-0.0179301262785831,-0.0238485406929211,-0.0689815293107172,0.0689492212029628,0.018694986538398,-0.0960433540629728,-0.00303308506602478,-0.0866052506223193,-0.0225283893308511,7.97681088502726e-05
0.0246097360325338,0.00664971946597647,-0.00084100866865925,-0.0049451636769479,-0.00214102713937231,0.0103977973297112,-0.0189007518067817,-0.00140358920047667,0.00898808847016176,-0.00587569491323534,0.00194116265865164,-0.00262263356399976,-0.00988190744935356,-0.00149561356379874,0.00341532567854079,-0.00779905310893731,-0.00857254253020216,0.000396964252307109,-0.00412621197441996,-0.00420909045455617,0.0145826525814772,0.208999167699337,-0.0192746732483173,1.2246614012487,0.114737830607631,-2.5102791001018,-0.0741615986074209,-0.63856062326808,-0.461188094705358,0.562562381166702,0.0456734470981331,0.0554616655975668,0.00683620870698182,0.0261981623272818,0.041232295906396,-0.0947321825765737,-0.102757812470231,-0.071133820814074,0.281420518166702,-0.0607814941388962,-0.01320916879357,0.120992899425698,0.0574774887843701,-0.0474642624853242,0.0974249755763422,-0.0316310011206987,0.0777334741252735,0.00453136453927997,0.0199266985267663
-0.0127675822130943,0.0142886919589596,-0.00783272905988127,-0.00100223467839068,0.0108085268419221,-0.0163191350204744,0.0181624553066403,0.0157702189416236,0.000694352841058456,0.00512929259875887,0.00829085421968516,-0.00370617215381838,0.00343100582399572,0.00140282351327977,0.00301974284386989,-0.00922643243654631,0.00419403156104562,-1.55084829457641e-06,-0.0121295265214043,0.00736508110805751,-0.00824402995369232,-0.263275768565186,-0.960906239213973,-0.367874760137243,1.12295962956885,0.8433236678086,0.449331380060523,0.292765646269113,-0.125551745419623,-0.283853936959822,-0.165551505137578,0.0429059604743311,-0.0036062530146677,0.0374045775434084,-0.0204170504675931,0.0517733652854955,0.142433905058223,0.0813001521823516,-0.128978629834923,0.0541442828963237,-0.00781076414511103,-0.180519938343748,-0.00291014304881886,0.106763188262041,-0.0623093178551769,0.000344282825032058,-0.0745726520945836,0.00992710752613324,-0.00930284227592911
0.0130253273798764,-0.0174662318643158,-0.0045600761964053,0.00190323356771958,-0.00980228722343588,0.0122511025319809,-0.00856205846312691,-0.013014186942915,0.011857796326353,0.00544410907965261,-0.0157777947153784,-0.00144182394339159,-0.00391414844609903,-0.00512763933500781,-0.00103414465923061,0.0186908254150652,-0.00596189549406998,-0.0018816537188919,0.0147738108342534,-0.0123930228266289,-0.0133225743545858,-0.0412132774841639,1.51179096136246,0.108627117012937,-0.249000902413475,0.605438125247792,0.617929012884697,0.648269045200156,0.123263846324801,-0.0999627951393447,0.208375663862408,-0.0833504888865564,-0.00138561482828723,-0.0458963711333103,-0.0369409520407603,-0.0275013592409353,-0.127297135375885,-0.0542717579787711,0.0556675829211474,0.00380640871988336,0.0417152816303501,0.122614626607483,-0.114154908677741,-0.145185040706824,0.0264812352846728,0.0594701543860048,0.0387503056298647,0.0080400493709778,-0.0155411405710176
-0.0299648045712171,0.00930331522334624,0.0154930902690029,-0.00427451162246766,0.0018454893445592,-0.00974541636407918,-0.00452971950803572,0.00501123229113866,-0.011392416454888,0.0232991349341185,0.0161800045997434,0.00046287626356711,0.00365649774520837,0.00539252011556234,-0.00870366614934635,-0.00958800037874461,0.00990389222511986,0.000626773223140752,0.00477715403271431,0.0151951574460227,0.0152791497529471,0.131102073052582,-1.21016398866557,0.68332274864635,-1.07065238439086,0.13865793373717,-1.04167137233064,-0.801630452382546,0.469759801514521,0.153304642982347,0.0255597232598308,0.0282974406516131,0.022740662856998,0.0356044333632358,0.0391346009659871,0.00402974480929534,0.146041651591336,0.0214845890723089,-0.102132324481313,-0.0692592019858902,-0.00601661590617971,-0.130074714759751,-0.0357193626873149,0.110054415371497,0.0599549648240207,-0.154076087175482,0.0509088409062594,-0.0116062188168371,0.0230711176477421
0.0653690055612244,-0.0110689754481905,-0.0128616940983395,0.00493142916851198,-0.00459996139335241,0.0127247758601261,0.00742803925560768,-0.0111085132454599,-0.0130885222659385,-0.000203124219806349,-0.00774000976140145,0.00285713640191478,-0.00658267718642192,0.00635605428112918,0.00459490782552148,0.00428643394128594,-0.0146897214715785,0.0057284025362419,-0.0192451985975555,-0.00529181938615561,-0.00299486061734878,0.154921806132558,0.329043786123344,-1.02543379708234,-0.0487895536835293,1.03440314478535,-0.376190777695885,0.276254184840376,-0.242825859178878,-0.384539456048987,-0.290005460725818,0.0444751474650661,-0.0225081122140381,-0.0353080370367721,0.0227372814215281,-0.0481613190198216,-0.0831883223949513,0.0277303819360581,0.055133185147032,0.148693128676009,-0.0663083179379327,0.175041030685101,0.221170189011977,0.0313779652076332,-0.131590788249758,0.141500768634653,-0.0482468584476729,-0.0208468461493687,-0.00348047030148812
-0.0618085226643278,0.00920406888687719,0.00396372083013974,0.00333957958149424,0.0164134954833613,-0.0104341808628529,0.000362225561074426,0.0163756585560509,0.0244351246379784,-0.0119181517812285,-0.00219810454772359,-0.00323634833823185,0.00463916096533111,-0.0108428524358171,0.00367831455033029,0.00577929096276705,0.0178382908372915,-0.000537188897441243,0.0136174455037975,-0.0102379001551083,-0.00142664930346542,-0.292053465980261,0.271133795009874,1.15277659660165,1.01877147567822,-2.46537157545546,0.846086723565226,0.677500540514615,0.252997757652764,0.277896475446318,0.131559339673806,-0.0757401072461844,0.00547307108639539,0.0311001275571114,-0.0111992990571386,0.0494518533578074,-0.0256878292278035,-0.0751709369227366,0.0531576456382522,-0.166463396210557,0.0255934905245869,-0.102905275102345,-0.212033377350997,-0.188848012571222,0.200988792846941,-0.0494183225769287,0.109812401341162,0.0613285884821967,-0.0241121521135204
0.00823683206676041,-0.0100899542944709,-0.00411448077312872,-0.00404129391008775,-0.00224282215413063,0.0046677852109177,-0.00748506623565656,-0.00655601729887469,-0.00998723982701876,-0.00464594872966745,0.00982445189895589,0.00109379986152108,0.00189763177546475,0.0103328196421561,0.00219107787167327,-0.00866225852911524,-0.00255723816856888,-0.000354547114564876,-0.00105261937838916,-0.00285509127986195,-0.0046531666237886,0.173028468428337,-0.117256396339209,-1.13108816383327,-1.12094585952784,1.9453928297573,0.081589393597309,-0.434466441740415,-0.539429341917337,-0.277802851714686,-0.0632237655589729,0.0412716615632209,0.00729024763935264,-0.0189199568058335,-0.0355515923488724,0.122240117630877,-0.0747821862406534,0.0364563676990349,-0.0110433573710556,0.120173466881304,0.096820833779857,0.0883920452868789,0.156752871716826,0.154904838309942,-0.168440987738416,-0.0116379198870754,-0.0900886599505236,-0.0147680061685435,0.0206068089161877
0.0566922046925351,0.00897550883433938,-0.00511215594080704,0.000419681009527573,-0.0152510332928315,-0.00331727118121365,0.00671941216958816,0.00308936058156377,0.00364854475038084,-0.00138015895168812,-0.012021801583191,-0.00221863029410691,5.16301191950722e-05,-0.0175230254391033,-0.00601066771500395,0.00833789790110104,-0.010760438926772,-0.0114958408521507,-0.00149212270816504,0.0157480758045135,0.0283387597888901,0.0143486476466687,0.115704789306834,0.753529637900613,-1.09912397500173,0.411807728898732,-0.434745318451156,0.326339160467859,0.13783441004112,0.195077371332667,0.133544417202668,-0.0123217801349099,-0.0244139424437484,0.0127113030056321,-0.0380225142972095,-0.125806818377261,0.0845296585323585,0.0869224123132103,-0.111244269719018,-0.0312918432746846,-0.0913560450235777,-0.211431694996011,-0.0377710691803041,-0.0158854378139665,0.0986522141701192,-0.0994752233329461,0.0712174931765928,0.00373529218252482,-0.0148882629822879
-0.0537431423536508,-0.00204924295528807,0.00681464626825514,-0.0062790020350026,-0.00537011349287912,-0.0184564650109549,-0.00477698168759752,-0.00320064183238161,-0.00614878023665473,0.00473176852328425,0.00652273579444219,-0.00836576639296409,-0.00615980270579719,0.0102279093992974,-0.00032357360785167,-0.0140489468197103,0.0045618092597268,0.00469351820248599,-0.0060468253705526,-0.0125796600716938,-0.0209823281561703,-0.149672267496552,0.295286054565037,-0.0464782852434598,2.69633854101704,-1.29901529124551,-0.436519510462028,-1.40757267664263,0.62207588312674,0.212741506034425,-0.0596835264507144,-0.0422447125834796,-0.00119612426499474,-0.0313355276911317,0.0886646291320951,0.0577480625150587,0.0363864351577301,-0.051296842812276,0.0465263478387527,-0.014501055766536,0.0768330870012552,0.23304403263806,-0.0867495862867855,-0.122017595382162,-0.0674482330421874,0.214384644741989,-0.0671037925739439,-0.0480755415834319,-0.00900994542472555
-0.00783945245332903,0.0108529017849788,-0.00607713827281381,0.00260867146022018,0.0102536707145152,0.0234456960171565,0.00678837908163237,0.0024304055958878,0.00481491248685022,-0.00039401893360792,0.000310866144782871,0.0134828554088041,0.00474020582814289,-0.0016522709317627,0.00336266370764372,0.00688802285072682,0.00601783906458612,0.00613094371793773,0.0108453404664694,0.0129120773142867,0.0056958520533582,0.0277696628712015,-0.889073675433892,-0.284769449972045,-1.36411030561,-0.589198875693876,1.32502665841993,1.25220880456517,-0.491012062743245,0.118753669678796,-0.219183069501599,-0.00309330712840518,0.0448654905489482,0.0247668407235553,-0.0971861366187085,-0.0302005097847143,-0.00430275369870943,0.0131583593530211,0.0716411722834711,0.00267024169444206,-0.0922234555911877,-0.0558406271184334,0.0836880700491994,0.102732967107315,0.120654354380036,-0.19022225816467,0.02357795235598,-0.00474243443434044,0.0349155404126891
0.0447749213126553,-0.00762911435748557,0.0125022040513819,-0.00111857479548565,0.00613860234748524,-0.00357915263340869,-0.00210942980974417,0.00887846939211472,0.0112841599259522,-0.00604918298363215,-0.0065949840628374,-0.00364059203279319,0.000981024585890088,0.00188730201950298,-0.00372285069694971,0.00631301207447063,-0.00401163776040033,-0.00498339602310039,-0.00579259521300607,-0.0135926050844442,0.0244584743673482,0.146004207980711,0.792337117179322,0.668265412063313,1.25842389702218,0.304343086866064,-0.0726381096679405,-0.942923897781745,0.56261560307889,-0.532180651316769,0.172263833038423,0.0117514747151038,-0.0377991787575229,-0.0352094822495257,0.0815491928245995,0.0585939587297522,-0.0828494262609234,-0.0555980255156684,-0.0253036782655312,0.0352029478226725,0.0921227299423985,-0.052883951872823,-0.0205251632894368,-0.00616496658298943,-0.098517119063663,0.093042779720467,-0.0704784905313563,0.107093334952411,-0.00486947998262639
-0.0381448402770481,0.00711163761271607,0.00145482699268662,0.00739488423653655,-0.0037427921193858,-0.00108308466707728,0.00404599170168415,-0.006734259708132,-0.0158120818323207,0.00925570428830608,0.0138911402651094,-0.01541186462867,-0.0025934984562757,-0.00204229311261347,-0.0087508604877692,-0.00993463364659284,0.00780152546064319,0.00144878404394729,0.00867582871402699,-0.00178894995214478,-0.0424261824884641,0.0563025569585829,-0.0913310402067155,-1.02182513567882,-2.28434531538081,1.10098173968804,-0.42197373602718,0.522285664858621,-0.173189661944453,0.537702563673726,-0.0784081225655413,0.0374130838843747,0.00198672690324813,0.0324477605299448,-0.074176345165819,-0.0110757376859117,0.111221960897558,0.00457884752855756,-0.0864460909336137,-0.0340472275789418,-0.0438935629553629,-0.0734834621032563,-0.287625041656462,-0.228155032181248,-0.0687021450830354,-0.05453521810522,0.0800828831725001,-0.0871647069299593,-0.010344853826799
0.0223429536342463,-0.011752336649554,-0.0083655656718751,0.000546070967611275,-0.00415224494045604,-0.0018998662752392,-0.00859711655275,-0.00568705321755443,0.0150189290567636,0.00148884994281718,-0.0208781029300441,0.0205500917639426,-0.000286008452815555,0.00169731375399468,0.0217753758510001,-0.00359328801789165,-0.00812710620694789,0.00872808649741839,-0.0026033055117248,0.00506391084196931,0.0227275619893641,-0.269055881161444,-0.460923587319661,1.27928012060688,2.49828391795799,-1.42416322300926,-0.38095646229246,0.846497617929058,-0.543511222458783,-0.250629622383667,0.0599133149247195,-0.0235879522407475,-0.00615207299210069,-0.0299222381543761,0.0848946264487178,-0.0398161293627916,-0.0945031164459905,0.00824761405328549,0.115364005416491,-0.00271941780573819,0.188452316375307,0.0347158581206659,0.453431518948664,0.376596227250883,0.156945771120894,-0.0439131092330574,0.0261901100720034,0.0154809998024388,0.0121343077496628
-0.0268732606281695,0.0063528384983093,-0.000380402720650882,-0.0154635290657779,0.00320594742680852,0.00873400969323472,0.000164050144299034,0.00394427947296199,-0.00665888547910432,0.00446918244148533,0.0178624517859721,-0.0106847367387021,0.00616180165941406,-0.00716114716476192,-0.0230164450730612,0.0104256644215677,-0.00596693357469829,-0.00626563064168267,-0.00392974081820505,0.00504008022981239,0.000969550556207275,0.222484535098262,0.232056992865534,-1.36856690372273,-0.865613661682981,0.170725667765362,0.515763828805226,-0.303372557085987,0.371180559228381,-0.23025879139404,-0.138052405613728,-0.0818738527494852,0.0855656230332964,0.0412859398026409,0.00104814275560534,-0.00625651909559023,0.0197891147037637,-0.00556924474739026,0.00291044918636819,-0.0546215876989428,-0.155966994445202,-0.0214125402181245,-0.166000632380453,-0.0474042049032552,0.0908488203488233,0.0989663801655841,-0.0961799144006191,-0.0322458235332046,-0.0252256942184445
0.0378377160500235,-0.00727566349069284,0.00300872282735919,0.014126258978258,0.00637679807124599,-0.0228570681268825,0.0137063032067495,0.0031361096644733,-0.000767166643478739,-0.000889618098348671,-0.00906261221525557,-0.00758859482253321,-0.00871167022226876,0.0167838783814081,0.0123662227271224,0.0010566291709732,0.0158841104314243,-0.0103657878344257,0.00778376251825293,0.000954004124959006,-0.00914020550068417,-0.071155466669835,-0.120717398517517,1.39615403171367,-1.46392803722138,0.73429781919354,0.434737122506095,-1.09801600378149,0.521499500923805,0.0958231793115001,-0.133171546124037,0.147632941552513,-0.105984525892924,0.0217531340887773,-0.139756993081445,0.147984343159739,-0.00204897032354719,-0.0810729068326835,-0.214190013931665,0.156883274246329,-0.0493952841918935,0.2410782240147,-0.0352575637664461,0.0585303522278454,0.0266707427868365,-0.0788515250618357,0.172754560390314,0.0568445471694433,-0.013213036579664
-0.0259826435544915,0.00975857961696058,0.00585676692941758,-0.00988736552944791,-0.00479602839881446,0.0110205785913497,-0.00636695063699266,0.000231084271391513,-0.0160544615888222,0.00198359008092161,0.0124362284003996,0.00905243384220845,0.00423108015327982,-0.00809266810302417,-0.00520244747968318,-0.00213738392071541,-0.0164522412830928,0.00715844475002686,-0.0027678096937517,-0.0123930824532003,0.00102457745847567,-0.0980930216113495,-0.282977078702773,0.011996564517124,1.8933078942297,0.65878430647507,-2.16699924978688,1.45263545133089,-0.148481894151273,0.0657617195685509,0.133518604441266,-0.155907922221534,0.0530533581177948,-0.0176618100186593,0.103098963671492,-0.169850360178923,-0.0341365327424934,0.239921637881231,0.281765641474005,-0.0283388400727727,-0.0257305772186398,-0.158570288460125,0.0195576283479758,-0.187882256429675,-0.421638820938914,0.257031259790455,-0.28193984962529,0.0841998942795006,0.0640295683827525
-0.00225808633101421,-0.00523290716551578,-0.0123636691430888,-0.000337683277031441,-0.00151990550435356,0.0132442099873177,0.00305868590448498,-0.0070209654876751,0.0130915786398257,-0.0112795570294854,-0.019658007984446,-0.008839975814556,-0.0013629221058243,-0.00310692833778601,0.00931253432974798,0.00410510537662056,0.0137713167068973,-0.00213535212796203,-0.0027068555940107,0.00582093809061592,-0.00234714931630553,0.00699795506985818,0.985893765207305,-0.853991559861596,-1.71359817390164,-0.63215535988772,1.85219458653955,-1.2278102656816,0.138777366361813,-0.158390826909126,-0.115506300498419,0.102156540045105,-0.00963116621869155,-0.00469526757444357,-0.0575057097587609,-0.0294088591554215,0.143800338292243,0.0709053078706376,-0.0524946042858031,0.0138976070816362,0.0720264826261292,0.0146076820192106,-0.0329771661502903,-0.0602186684400962,0.359973767599283,-0.588309232617789,0.112876008970629,-0.111885257343508,-0.0568406749134275
0.0267241879282959,0.00788791161200774,0.0122839019256167,0.00829584534629577,-0.00308451273757736,-0.0174120263742461,-0.00041387418435826,0.00707669244031152,0.00993614476450762,-0.00409629983994685,0.0158997706920087,0.0143803243348911,-0.000394022501093069,-0.00331636909444255,-0.0107067925337682,-0.0107711738105103,-0.00994997871206705,0.0160383687614143,-0.00245107940553173,-0.00353301713391299,-0.00341821026491125,0.221322164614885,-1.03789936997032,0.238416280209494,1.79077266274591,-0.174740231928891,0.0495457010068481,0.0593098832970181,-0.501567489439304,0.0909812338185373,0.152910887084896,0.00446394582269252,-0.00279050372119979,-0.0980368480442865,0.0487894766125999,0.174988975906799,-0.194731127610698,-0.293074090430284,0.186278269203832,0.105170125765558,0.0835955735970266,-0.0339080485326041,-0.133201633102012,0.191115670567153,-0.202480749077091,0.406465500264631,-0.0807030963725265,-0.104355779579215,0.0149005677755272
-0.0199100197365122,-0.00421529893957765,-0.00933009257040112,-0.0102220311350827,0.00734369157232258,0.00746871978025691,-0.00206221441764056,-0.0150507758865105,-0.0116214532624409,0.0159734751155391,-0.00405493057873632,-0.0148607255860001,0.00576099545367912,0.00762234167742943,0.00128163329104221,0.00633966345831655,0.00233855536740448,-0.0290727721916122,0.000245948805942192,0.012282514233252,-0.000739082488689619,-0.110241732186756,0.475912950774863,-0.0408696547011742,-1.17149120787814,0.440726368337736,-0.107073761836023,0.449284256292424,0.469879505718867,0.195715756183684,-0.154714209928084,0.00672432378936579,0.0131902228712998,0.236686034977908,-0.0717232052841079,0.000137246588111796,0.130056961892233,0.0868663273546776,-0.619737420910084,-0.237719676695476,-0.189672995630944,0.039542539415052,0.414075809381174,0.00968791086164417,0.27309360150952,0.052137034761429,0.286406699400742,-0.0125766842981657,0.00847156561444072
-0.0136957547624357,-0.00316869178166284,0.00444249591952516,0.00910905468660217,-0.0134346952770479,0.00487410776998552,-0.00782076885118282,0.0182045977478415,-0.00593433812497683,-0.0173824403116972,-0.00361941069215536,0.00945377797333045,-0.00353899496638516,-0.0102351642072498,0.00667073309141042,0.000987891548604601,-0.00273512472837135,0.0212389487169647,0.00281402093204215,-0.011421919648332,0.00269177026038921,-0.110450106797973,0.140924091682351,-0.0651743365232391,0.613804374532951,0.261070221470621,-0.150506606998359,0.270438766143686,0.468942451990666,-0.158883536924649,0.0252813267715943,-0.0217334757605776,-0.00598282805773446,-0.228409236318614,0.288960647032996,-0.137268872686863,-0.0523018097624619,-0.0754034777952672,0.424884348776263,-0.360202711090768,0.0999878892002834,0.161104285563341,-0.208183660652183,0.331186802416138,-0.0407535954821881,-0.0152388290936195,0.0122736737925761,0.0915435278224205,0.00403601584705474
0.0313254707299565,0.00949422447338287,-0.00483574651292644,0.00329130274319436,0.00882643481861254,-0.00970769327709928,0.0158422445094699,-0.00193122572613183,0.00450244791684051,0.0130661841374185,0.00714319485908584,0.00178219274117443,0.000870828624588105,0.01207795846737,-0.00726837377333629,0.00574554066861318,-0.000963386393374384,-0.00233349052046356,-0.000131170105974781,0.00625838986284959,0.00679537408517463,0.125111531942414,-0.187270624298632,-0.166462205379821,-0.00353469324351152,-0.829344316029044,-0.50219171733738,-0.600452617158097,-0.483829636005753,0.0370755646648751,0.159407342044662,0.0121513402249901,-0.00777715926591781,0.08933772128829,-0.0900448831351212,-0.00564202139685724,0.0499043997944141,0.252669512227126,0.143085944518828,0.350229026517824,-0.257853283472805,-0.254428985166679,-0.286388445096945,-0.20348211642127,-0.244005207361533,-0.228481837078014,-0.0936042617765137,-0.0148799332130583,-0.00410216796073603
-0.0192578740466796,-0.00600412732126428,0.00887397587321932,0.00319371406370189,0.0072626185190354,0.0110165623559141,-0.00177227539038805,-0.00038184387682824,0.00725993645695122,0.00486135534839053,-0.00754264592184807,-0.00576504130098761,-6.03393696441417e-05,-0.00609290669150323,0.00724913225276662,-0.010116779637397,0.0143817026126867,-0.00873514246913723,0.0120347511724537,0.00527022756982344,-0.0041156807326095,-0.0853412555396255,0.115719376092726,0.556552935641919,-0.501522693589521,0.103161101552726,1.12507942951068,0.299837905039032,0.161495616696505,-0.0800794373605919,-0.0519182896341017,0.0104953588404042,-0.00709630402410812,-0.0417203382870764,-0.203611265668706,-0.186375924304313,-0.0295529796748277,-0.102570959928412,-0.0212457065776807,0.116918971954781,0.372541884647875,0.0572500556203629,0.0135574335552824,0.179072586802288,-0.0207285922017614,-0.0578279845938136,-0.105452723504671,-0.0141781117310634,-0.0151782981480915
0.0100181988364366,-0.0085142192635783,0.00182717564420685,-0.0132488841011674,-0.00131852043156043,-0.00805403758047541,-0.015029802672134,0.00017971237112632,-0.00294876330071152,-0.0126816756956672,0.0190312603395245,0.00398289251623169,-0.00430826149429951,-0.0103651622455895,-0.00633824237911692,0.0149143434769212,-0.0113444584563611,0.0158109468311834,-0.0212622040971525,-0.000916508530371726,0.0205515077456625,0.0594367070539273,0.0309171611100287,-0.0535159085814693,0.735976588055517,0.378936875564398,-0.937835523561332,0.0730595550404838,-0.170860501792488,0.0950290485365074,0.0209355657074573,-0.0332523616324869,0.0132257621217561,0.0736472533922723,0.125732874499792,0.196420906535347,-0.173035561979631,0.134382013752129,0.163105928388887,-0.074942072970614,-0.324514747146924,-0.113326811946855,0.452254145772889,-0.217101619248954,0.899127730553557,-0.469017662848354,-0.141878406633125,-0.00549825876448964,0.0234635063960169
-0.00803273507862812,0.00871132528394525,-0.00756927861825981,0.00993399096724207,-0.00917839877135849,0.00826946788438048,0.0120739604912288,-0.00163574517767437,-0.00465345906873399,0.0115893357900816,-0.0112071641604411,0.00193411659743109,0.00585264482089676,0.0178522519955211,0.0157590958279175,-0.0177546717819564,-0.00104503864948298,-0.0094967426474568,0.0135863639992063,-0.00433075754609016,-0.0171432503939734,-0.0709493033087411,-0.350636544456826,-0.423376508929237,-0.673143018009242,-0.421385298344094,0.0369192548135088,-0.305212512613429,0.0155093876464347,-0.0974814581906743,-0.00478246894810729,0.0179615839676355,-0.00269712396104618,-0.0186744843890419,-0.0801488921485424,0.0525158129235887,0.0566241354547194,-0.177054233116649,-0.565986172186716,0.187925603460783,-0.109129087142089,0.229934887902021,-0.471518645216067,-0.176166094892617,-0.87002481593125,0.955325445254467,-0.0328799455501046,0.0313999070902938,-0.0109011798825305
0.0136617335370559,0.000582411540301885,0.00306054170727763,-0.00568035975740819,0.00134595666842838,-0.00692295690797013,-0.000194158099907196,0.00393931175689692,0.0133867043637884,0.00732078482828148,-0.00284539136027111,-0.00939411963492753,0.000611875366779997,-0.0126936611064452,-0.0157003495500378,0.013853594478748,0.00301404442516176,0.000577979217342419,-0.00383816087462433,-0.00658767674722624,-3.33058843010438e-05,0.0955307826038858,0.361192563224245,0.0937595074692832,0.238585640269216,0.352967913542862,0.0278270628599112,0.0252139801335187,0.115323921447739,-0.0168129453327689,-0.0557825391698453,0.0182160654282555,0.0131155679993936,-0.020644654825812,0.187181655077592,0.0434095933879633,0.288005347030439,0.27054326937816,0.574552895760376,-0.533304400943084,0.691551912381192,-0.24879626262907,0.172964877876438,-0.417581065280876,-0.143773175976289,-0.82005365386183,0.0274941901411891,-0.0291157288549122,0.0203355634841395
-0.014892699041567,0.00241336420854233,0.000114223991492728,-0.00805036790302946,0.0229742860862921,-0.0108851690420448,0.00163212971899266,-0.00872423892340529,-0.020452476993488,-0.0150906109165002,0.00672479895993862,0.00955325393535664,-0.00530294363171804,0.00372004718428723,0.0144937680719966,-0.00390306990841988,-0.00181558135261214,0.01239634003953,-0.003266882294509,0.0103719324232495,0.010082203153711,-0.0438405070496066,-0.208579222603709,0.0240564952931912,0.0487272503756352,-0.295775823642123,0.0987380677896277,-0.0752659003769307,0.0366324359687416,0.0510020387712204,0.0644692135568611,-0.0090729469709997,-0.0182988773040949,0.016944698252561,-0.202895241135055,-0.0290178095287136,-0.40316782753086,-0.463468296369557,-0.348199384029615,0.539686642138713,-0.635119377566137,0.27179032518007,0.450965763420391,0.435374170069776,0.501930678359132,0.466169950892242,0.15118484273095,0.0233574483177008,-0.0216384363545057
0.00573989424522484,-0.0089435275951153,-0.00135850896607393,0.013836856146848,-0.0215233397668681,0.0152390283437258,-0.000697853727616132,0.0120634354760704,0.0126851798567208,0.0181115011062622,-0.00147434545853712,-0.00209388677999441,0.0129727301992858,0.00155071108923631,-0.010575146467146,-0.0103372641773611,-0.00146016188317419,-0.0128279684973105,-0.00190690455771021,-0.00813229290504459,-0.00256950136831135,-0.0125797014936346,0.0114234934086586,-0.0398378849392094,0.103666370831305,0.18210722863377,0.137014500643149,0.255191102253094,-0.0610874515699897,-0.0115537848372508,-0.0213858694420557,-0.0127343992358034,0.0129744392681725,-0.0562804628833179,0.0960771400122038,-0.0105418854899615,0.0428709527201701,0.139066851891218,0.38659491145008,-0.488894207303413,0.503936862286322,-0.883812976308552,-0.486811261862646,-0.0404237497242976,-0.197420659443401,-0.106324474931203,-0.0516414668369686,-0.0674347782402547,0.0145618802707267
0.0104331729940243,0.0115996676836079,0.000712366157875114,-0.00994752560521762,0.0112078677275701,-0.0101159713249876,-0.0051774886827287,-0.010097078595307,0.0073847625300869,-0.022521653161845,-0.00307381055232672,0.00116659992322846,-0.0100553898953042,0.00707057239459174,0.00567630587713573,0.0109615652362942,0.00413664925566944,0.0121412479670749,-1.56811104709842e-05,0.00984275075206102,-0.00208670866457463,0.0257682181824926,0.0550717613037401,-0.068540676661951,-0.266032859383431,0.144557676699425,-0.304128232939951,-0.183395827266343,0.0541171386018745,0.0453858673821965,-0.0169812758261244,0.0242259998716245,-0.0133061128288813,0.0499313040653838,-0.0343699342805793,-0.0274107046725262,0.349310261916803,0.0883468470219325,-0.802863311803915,0.182671768855199,-0.102396513815005,1.3761583478679,-0.138461878844167,-0.210120099886755,-0.133457393189276,-0.0320300889469196,0.0615738728079736,0.00248789832584311,-0.00760286632696083
-0.00628984967452962,-0.00424322069426181,-0.00527845003093579,-0.000939265296684363,-0.0145294477237856,0.0078894898233732,0.0092345720621136,0.00785491344247718,-0.00921586167599594,-0.000710250220148456,0.00345961536065804,-0.00762087467212202,0.00554276065780122,-0.017772137849399,-0.00334410845046618,-0.00440751420827725,-0.00172632544999021,-0.0131876569420175,0.00980852194267782,-0.00537352831719167,-0.00913413785509436,-0.0352807355178665,-0.0130694225937118,0.164905588208303,0.134642486958167,-0.103433610577255,0.296491928672793,0.103540206809129,-0.0127538999126804,-0.0682880772961673,0.0340162734073782,-0.00265341353461736,-0.00437979428657621,0.0130104054529784,-0.0316894157981392,-0.0608195661231535,-0.324377838336157,0.175080880472624,0.125964654182532,0.219267070038394,-0.204348750628503,-0.743558431206535,-0.11432073598275,0.40283478343811,0.174597375791983,0.00747322234341594,0.032871489030574,0.0290663244125938,0.000749231013658628
-0.0212693114651385,0.00323823454469949,0.00255700729185841,0.0107892439051255,0.0169457250674201,0.00373273230106787,-0.00366448073369051,-0.00257124684371403,0.00223443047433925,0.00155231356924653,0.00354088431164695,0.0101599211300459,-0.00518684650635919,0.0162166073847175,0.00514391443039101,0.000305561508008902,-0.00250248982127099,-0.000766315551702623,-0.00837378120776969,0.00181896958247541,0.00186471576514883,0.027219692496823,0.0324790548545537,-0.0690237454838478,0.000378773837356627,0.0686498824516295,-0.0727064145140093,-0.0334930831908268,-0.0255286253379921,-0.0108534825630191,-0.0792993526454653,-0.005244405387462,0.00453282425637563,-0.00839117785186172,0.00219116787089369,-0.0029314237812639,0.0882685651940364,-0.208884029761553,0.645305859622653,-0.0870930565267828,0.253298616721668,0.0925863638410812,0.390232660171887,-0.178462669686234,-0.0498257619028793,0.107441719712898,-0.0210602184016072,-0.0050638808854341,0.0136452323209376
0.0386647631457765,-0.00634785751636069,-0.00189614213431635,-0.0140100301359278,-0.00860959875165199,-0.00612715524160252,0.00103567587459646,-0.00112720026524489,-0.00762414555813492,0.0101825715811531,-0.0114164242568252,-0.00731485670580532,0.0037767684916754,0.0017024741735458,-0.000353501044969048,-0.00117938147213797,-0.00600515893783915,0.00268975699027031,0.00216938082932676,0.00873014853723591,-0.00162064665699486,-0.00275343538498049,-0.0148956762349376,-0.0393155714933146,0.104059306193856,-0.127463270046485,-0.00694019363934301,-0.0279893238432204,-0.0390497234730533,0.0432112217230505,-0.0150580667558435,-0.00763698354918075,-0.00373159087383845,-0.0295074923707298,0.124993172560163,0.0104678989567061,0.239510506169377,-0.0991519887385018,-0.115820818120012,-0.120911126516928,-0.24542197262063,-0.107690466163303,-0.223498972236873,0.0419797672551833,-0.0567943887254485,-0.0863845455554339,-0.0340436290368293,0.00104891612765451,-0.0209320170613897
-0.0137158151126762,0.00473414815243091,0.0045185685915997,0.00660857727686732,0.00344294220384243,-7.13932106241387e-05,-0.00848455558424021,0.00132952213360235,-0.000101244466753601,0.0131106278082103,0.00803582297294167,0.00734407576360149,-0.000303534662440511,-0.0197611193798437,-0.0115205758025937,0.000592134362988786,0.00959620824293575,0.00358791505825205,0.0035575634731448,-0.0108733644919334,-0.00926579992397595,-0.00309062651667215,-0.0164898673716395,0.025262143985705,-0.0708923525286435,0.043830550387671,-0.0425223990153067,0.110653354798469,0.173096363063065,0.064933129061538,0.0720293837907855,0.030108927026778,0.0145870508672013,-0.0176043809860642,-0.120387429356511,-0.0660449549117648,-0.327593229403766,0.000989606224205353,-0.259786281679171,0.00010273975914649,0.376622163326049,0.219060970103924,0.0961816980086119,0.0251227104041218,0.144624732935165,0.0569548643462518,0.00956108234220638,-0.00349526513289544,0.00786433652632725
-0.0158238801869905,-0.000213068557514143,-0.00503811477282923,0.00249295085681958,0.000319134221433292,-0.00240985312045494,0.0065832698617779,-0.00642669173495033,0.00282547319361999,-0.0253486793881662,0.0027973511418594,-0.00129419317509507,-0.00782222693781667,0.0154604268399853,0.00529383195740918,0.00575770855694773,-0.00281957459726827,-0.00338967061749848,-0.00802377023741243,0.00687921251853604,0.0104383401728542,-0.00015008320910076,0.0010726070511389,-0.0535164567268246,0.0488136659584739,0.0140857934140726,0.0723955257241377,-0.187645894695219,-0.118392039820804,-0.0687336400711803,-0.0429361410537614,-0.0235311143036047,-0.0251015928912384,0.0163084621222097,0.00897380809226996,0.0955397858021661,0.094243153808247,-0.000903538253218907,0.185370387609688,0.0662119903500501,-0.429183556139074,-0.18743127370405,0.118443038977252,0.0204057306892439,-0.17619313100213,-0.0430218648139702,0.0125376011140138,0.0107538617352369,0.00793037801595513
0.0111649900032307,-0.00144422546184972,0.00773353950987125,0.00243441542502982,-0.0057980016903812,0.00692380911838697,0.00133310561625811,0.00574950249730664,0.00983169422920583,-0.00990331807497936,-0.00406643964314309,5.83640611011892e-05,0.0122243932254198,-0.0101510250305302,0.00745777357179116,-0.00700476319250625,-0.000113864633159621,0.000832148306784689,0.0137837243035721,-0.00315287315239724,-0.00266570824470902,-0.00426781397503349,0.00593682457467301,0.0585618473189468,-0.104745097869808,0.0123286890692952,-0.169094832331197,0.125399720343696,0.101142219319479,-0.000950357527792461,0.108519276574818,-0.0071422479614434,0.00893206281227408,0.033290844108106,0.0519795732309479,-0.113034871103312,0.069708856746625,-0.152600169639267,0.00142180998026009,-0.0618638589321778,0.114774366696835,0.153869388510936,-0.090222264897501,-0.120944211618966,0.276155138852451,0.0302292077219117,0.0099891832254547,-0.0100412588795353,0.00142636414628628
0.00711496012809606,0.0101053894313893,-0.00817012380167422,-0.00243072986062097,0.000263204730076166,-0.00851965453291571,-0.00377437369183568,-0.00201356545244755,-0.00282435157491077,0.020123858862789,0.00814109476178727,-0.00156065893610431,-0.00674668864295264,0.0045259742082054,-0.0116583185697129,0.00277671106842251,-0.00535546043354986,0.000131930128834052,-0.0114778916740381,-0.00427611914106557,-0.000892590640113202,0.00230423646821514,0.00945311979104345,0.00488136538205582,0.186604290607181,-0.00174987503412349,0.283551562681675,0.0205495078362856,0.0438405932668415,0.10863692029266,-0.143312235842636,0.0239614127906325,-0.00424473786403249,-0.00844915589425417,0.00109991764615391,0.07718256116006,-0.0567315645822556,0.260432872372362,0.0929842671752705,0.179435242049283,0.117528410021248,0.00775967564561375,0.101201217882282,-0.0564583582368174,-0.328972335210496,0.191230126063773,-0.0681890611822685,0.00604304088831139,-0.00590618437347096
-0.0127485619046848,-0.010675580858011,0.0102162602621866,-0.00272672979031421,-0.00297223981404267,0.000808612926413944,-0.00707844226947968,0.00139325616200919,2.50554929077072e-05,-0.00205858212694375,-0.00562884877307874,0.00285402022955694,-0.00388174000820248,-0.00196024099680443,0.00194936664455422,-0.0023664815609574,0.00465745912674941,-0.0017532292024543,0.00318138317176101,0.00162029021184929,0.00687631798096068,0.0172127380512523,-0.0368602261985482,-0.0574730542821997,-0.102368152884047,0.193838138133244,-0.131051754875845,-0.253291821869298,-0.0639096597633149,-0.160683551802573,-0.060155413137707,0.0425024192242117,-0.00433525668291977,0.0360516781921686,0.0716197792892905,0.00425457724774254,-0.0584769866278736,-0.256576300141306,-0.120592317246575,-0.222831663316939,-0.00740597227949801,-0.212552393487053,-0.374972589726615,0.351208778478762,0.140090706267662,-0.42233669485569,0.00422458053362022,-0.00704279532069119,-0.000887381834064224
0.00572009509670026,-0.00387535007851625,-0.00320060275933349,0.00600815014963682,0.00822070238952364,0.0111559829890826,0.0108413356050549,0.000829594736964622,-0.00997738775415427,0.00589993595665862,-0.00264946782191904,0.00295935166461975,0.00968462850146396,0.00144422085582811,0.00643804989172852,0.0067807784020306,-0.00231251734525488,0.000188686108709792,0.000859634003309921,0.00527170702284619,-0.00423705122234878,-0.0138287323731913,0.027953913913205,-0.0824809046937993,0.21617900909063,-0.450665273141884,0.0671078809447854,0.197532493600229,-0.156077428337402,0.228481790304623,0.233058277215823,-0.0618246664667556,-0.000809298436508063,-0.015281040662818,-0.172025143105117,-0.0369314322681241,0.169746750583592,0.204553555847926,0.0878973602442314,0.106082932485794,0.117188463743114,-0.00561347481766794,0.408035598289136,-0.341576977223339,0.283547036426538,0.0152811413637479,0.182994550622776,0.00452036058720753,0.0113941338259592
0.00699616934685843,0.0133188893268996,-0.00506728200089158,-0.0144578433878882,-0.0015856529293661,-0.0128840591095871,-0.00577101612065696,0.00406701453542598,0.0103105536928846,-0.00352978172041798,0.00161916529250407,-0.00447835126027126,-0.00665128823787789,0.00375893703297302,-0.0113663601161698,-0.0064096971287181,0.00368689711245146,0.00989587125508352,0.00618680448290374,-0.0022251573925346,0.00567176705252841,0.0172201311245649,0.084241455333438,0.154738079510057,-0.390792198257224,0.468438888381297,0.0268188780185903,-0.00976776246167685,0.324559341849846,-0.347569234391583,-0.126133707423886,-0.0594430157219583,0.00797780683909538,-0.00605923243947771,0.0248679881476084,-0.081646725935145,-0.137744647370148,0.0520132451988931,0.0195652349675038,0.033856414498403,-0.173519506008938,0.0594833641500966,-0.0972742521015573,0.0679419332938435,-0.428809502687431,0.347195290062966,-0.064063086485466,-0.00179768106297013,-0.00235574398626989
-0.000951918791145593,-0.0089410974032048,0.00355324153443374,0.0175070959673969,-0.0076827999079786,0.00969059840122339,0.00653698248813677,-0.00781008770945697,0.00123005601666993,-0.0100826986716145,-0.00605605124306379,-0.00243697397317804,0.00073620479126219,-0.00731470074516796,0.0153270209601286,-0.00333851737355021,-0.00470522265336032,-0.00767416031165103,0.00265997354613686,-0.00217679839195264,0.00708365768572822,-0.0556351063991957,-0.201218167172959,0.0640947800372405,0.478175919438682,-0.200229804324037,-0.223449871722552,0.00315696804230807,-0.173363651726659,0.465061251896038,0.200221451158401,0.211490100600893,-0.00427451983805017,-0.0207005795927392,0.144331670512813,0.191768138895727,-0.0247857147668805,-0.22041384476177,-0.269851890427201,-0.0280646812931081,0.296220213127934,0.43321918720882,-0.162398236589344,0.0658758872536669,0.0878916921870065,-0.252330328384782,-0.229946177219287,0.0205784496836685,-0.0107095359048083
-0.00935057063496646,-0.0025834755370228,0.000355384854267745,-0.0047093844756095,0.00895272743635321,-0.00330506171454583,0.00163950150807257,-0.00468599684252552,0.00383548469626305,0.00233660256951019,0.0161382918636165,0.00403625392103808,0.0105982739218598,0.00638504101677936,-0.00635534226491632,0.00656744699749167,0.00972829699822396,-0.0026569382992424,-0.00813505373309327,-0.00205581449691347,-0.0107823373997523,0.0448054524206712,0.235993177812491,-0.298051038966526,-0.0659935237348646,-0.53971192678898,0.305800406123412,-0.057375959356662,0.380692539819718,-0.508827537692363,-0.456907587534503,-0.180657302487556,-0.00892862762281821,-0.00268737372179628,-0.156980359220833,-0.226331528836217,0.18669613277594,0.229236547309242,0.270321751927293,-0.154157107124782,-0.129813051428634,-0.207490693366911,-0.0103795710606428,-0.116733202625474,0.178305394582972,0.305334189758198,0.417929773038453,0.00913491387715227,0.0165476988131797
0.0155323253994483,0.00242431166179414,-0.00382346213778064,0.000184801133548586,-0.00457909953960728,0.00329041013036895,-0.00588590651932251,0.0109078027470477,-0.00661903165078937,0.0127665784938621,-0.0113521602162432,0.00549116747684808,-0.01022311660696,-0.000236730921667504,-0.00396937184341312,-0.00601401905159699,-0.00816389166171269,0.00599458451543239,0.0030086419859858,0.00303955093480499,0.00824814792799415,0.017405090869752,-0.101493114686393,0.406656265219939,-0.788618082124955,0.344925444681451,-0.42025380333611,0.289252555197239,-0.615076481497378,0.212653030532508,0.366454509302137,-0.0395351013843944,-0.00200240318943463,0.0541043868745525,0.0380256123129768,0.203621889456251,-0.200810257794401,0.163486525575186,0.00752856093840548,0.0427951826494934,-0.0429962402465647,-0.377560479123547,0.0385704488356318,0.0880111294597894,-0.139093696517866,-0.070547041388765,-0.35563078139508,-0.0219181963465073,-0.0146593339630076
-0.0143195667394646,-0.0015733907849154,0.00916573912765486,0.0017891432279707,0.00231704845084629,-0.00299322061428517,-0.00344943233649812,0.00505382613238266,-0.0034143527051421,-0.00504908783666434,0.000719434541145194,-0.00310348710367582,0.0023019253584738,-0.00256188119665856,0.00738405823790676,0.00597754212362355,0.00125858501917448,0.000376405663704283,-0.00694044516424126,0.00927014648464861,-0.00376690750288753,-0.0222283813088945,-0.0170156207772756,-0.22760913434416,0.711537664703318,-0.115103932659117,0.317456013745122,-0.292714098960772,0.0441147102252382,-0.248604293564705,0.196321194667613,0.235445587546615,0.00166236218221281,-0.157074731291953,0.149776836386096,-0.0563920493556777,-0.0887805925357428,-0.139859775795204,0.117086462352677,0.290119658070874,-0.455244336000895,-0.0102008553669854,0.174519198209641,-0.143050947756084,0.0128643791887239,0.039053118005374,-0.0229015635950047,-0.0228441711740209,0.00228388580952457
0.00179253258258599,0.00397151879148058,-0.0102528820154118,0.00029202244256933,-0.000957341158954119,-0.00254366691158658,0.0041699785400179,-0.013739483562569,0.00402010375417653,-0.0020176043205981,0.00118786361480194,-0.00139511581194736,0.00468872645163238,0.00705686219517056,-0.00402916783434118,-0.00283126959338325,0.00265570321734542,-0.00349920405206479,0.00661814971119537,-0.0107320878043592,-0.0163179157126222,-0.0139552914708068,0.0575468617616977,0.102755308940767,-0.477373583753702,0.799119379051782,-0.059936415530875,0.260459031329966,0.965610000123879,0.727072627197062,-0.163432995731938,-0.21888268418276,-0.0167511451284499,0.0521112668668858,-0.125836232827741,0.261932771960449,0.0895279710721438,-0.255134854719799,-0.303431514686083,-0.180357390872529,1.06614488507784,0.513427679070131,0.0895139640004583,0.126941220166138,0.199673234936221,0.0463228450287387,0.305339892144612,0.0489183279397539,0.0195771463229999
0.0161658587562237,-0.00262548379340806,0.00727125878395028,-0.00694567547813449,0.0042379374399164,0.00028328101646902,-0.00301665454891375,0.011321473545522,-0.00487080385580911,-0.00209559553896147,-0.00324868480019933,-0.00196252002108932,-0.00741633383711692,-0.00515404379248502,0.00169832366735252,-0.00758167566140852,-0.00403971919911672,0.00380961409300221,0.000753628187681015,0.0014800705701697,0.00953388518693722,0.00158991222102497,-0.0641685360212219,-0.0103364390724118,0.869362832236421,-0.919524594067554,-0.052853455739741,-0.568266891560411,-0.68015745736113,-0.676823438705751,0.119155124242334,-0.0335977649538571,0.0498440705932786,0.0859772060941936,-0.149901781001919,-0.5675906042047,-0.0372605711587738,0.315196400287045,0.286353198799948,0.246737892895696,-1.00729916183636,-0.299515262903859,-0.121689109390786,0.456249293583032,-0.249992414481116,-0.180817453753068,-0.146353500312757,0.00994040056095765,-0.0190144891305261
-0.020699826576377,0.00392589551875569,-0.00768822772571493,0.00522410482277261,0.00225535285178552,-0.000638344388353193,0.00533957201871248,-0.00402326958130274,0.00183692081179268,0.00849955023458169,0.000211078119423878,0.00428999260516773,0.00445647034327798,-0.000353893998161228,0.00204427299373781,0.0145224218295909,0.00887937387809716,-0.0103627132891626,-0.00431522424733362,0.00512243237042577,0.00194896397272448,0.0410594206215998,-0.233727897999265,0.0457331991842383,-0.786469108724305,0.627453585089699,0.213250343219329,0.589997815006237,0.403969661991223,0.500723117943014,-0.373566011852846,0.191826627404257,-0.0396584537164129,0.00229855450506604,0.259548311048359,0.238612368068456,0.101095270689107,0.0111303161921232,-0.296276106304458,-0.452317514364115,0.385515585573338,0.00162460754961545,0.147348470473702,-0.711618585033145,0.174130957036121,0.0435205352577422,0.0530551082282411,-0.0426582856845104,-0.00547166732885742
0.0113387425475461,-0.00809555474953291,0.0083357188583547,0.00229498332544512,-0.00453941908816234,0.00081305575938241,-0.00504644732044347,-0.00414855775362978,0.0108934704594232,0.000831967839998283,-0.00523673818142143,-0.00309962015672704,-0.00147719520023978,0.00503354138005347,-0.00639119991348039,-0.0062929168744787,-0.0125807232651451,0.01094064915385,-0.000455641175128305,-0.00523076857746026,-0.00876371549278548,-0.0767719387499174,0.407619155238819,0.111493670437524,0.480741916780034,-0.00235713737892856,-0.189608088938356,-0.633305858247652,-0.400908429610627,-0.00931431058786936,0.670363389186821,-0.0997501027446765,0.0104180855392327,-0.0698164912537176,0.0226888133231189,0.236472199881173,-0.107267203451142,0.0708623306073797,0.0060451311079264,0.261345298081009,0.167266045456447,0.226743477343878,-0.289596152519807,0.416031096771074,-0.109930296839331,0.0888853063960334,-0.0559604743566679,0.0111653060211649,0.00633791089287633
-0.0077725399477159,0.00413593335316475,-0.00903804400693548,-0.00294359230172458,0.000667100620548777,-0.00557569640955237,0.00374337543716385,-0.00138584039653566,-0.0105915137223317,-0.0072554952259155,0.0183259359361177,-0.000993496333230365,-0.00132134393104418,-0.00757816715166072,0.00726650146641398,-0.00266221689521051,0.0114382767159223,-0.00455446954770099,0.00799645250591145,-0.000120493191351259,-0.00165237062337115,0.0303218596437632,-0.291913437852435,-0.36489764588192,0.257003441015252,-0.0769502392936652,0.133605854837795,0.487237601634068,0.298898786266611,-0.348487267233034,-0.27208825160314,-0.131492192539673,0.0532862475618028,0.0201363025761147,-0.309913194734909,-0.242914555797016,0.660397916151092,-0.0211748046747664,0.287934845778516,-0.0906052379453708,-0.590129133693204,-0.125474080397673,0.11334831578696,-0.406495014317147,-0.0143070125977157,0.0806739457178026,-0.0392247490502695,0.0149807405533534,0.000519366297634781
0.0175703959180731,0.00779501777691208,0.00554716527159674,0.000886743405338347,0.00694549259161245,0.0109923165318868,0.00383001857936321,0.00444709787555146,0.00354195592293749,0.00544056501915584,-0.0159783043462836,0.00192999233349357,0.00280559471578124,0.00753407182982618,-0.001755576476418,0.00124965293124734,-0.00160035922255664,-0.00134450723536917,-0.00695059747253727,-0.000875598105852846,0.014755451683519,0.0231103563484571,0.194979457688269,0.296036697261724,-0.685043945134998,-0.34335354182523,-0.264630032932082,0.0610450132034431,-0.00454797287644515,-0.111624752398802,-0.201407734236166,0.207198620273476,0.0589884725186969,0.0228744521359652,0.181076227601541,-0.0363870699693923,-0.557822728405657,-0.8370730373623,-0.445723334771091,0.00897884519743063,0.41499061595965,0.298096063148307,0.135637365243561,0.295948606357106,-0.0197006556213621,-0.254547844250905,0.081682297285155,-0.0221476426589649,0.00389495344230593
-0.00919904884757305,-0.00793283712514494,-0.00659467915481645,-0.000117541828393083,-0.0120342489616477,-0.00945165970180995,-0.00799543997045115,0.00333447890193544,0.00245833294293859,-0.00162478436729711,0.000518903812658964,-0.0041206629796612,-0.00175641238855395,-0.00265178960073849,-0.00459531293210583,0.00530968586685215,-0.0018828408780978,-0.00153720599414598,0.00476254353585978,0.00160502425556811,-0.0159481057612709,0.0141607086606131,-0.0525577089672912,-0.3701979171408,0.382645232190144,-0.0430154314177522,0.2314451697398,0.237518683410751,0.0972736982520013,0.351668608656184,0.151952949573421,-0.0817140762266802,-0.076175269586544,0.0237513487051029,0.238387830780437,0.236799074198173,0.312134442815254,1.35669042549314,0.31936848196832,-0.186095052025671,0.0024356096961744,-0.236337597962974,-0.213227042323387,0.155403232823358,0.14596808137728,0.122877169347579,-0.0683191425361448,0.000909116295199352,-0.00248750038467411
-0.0100580523587456,0.00554572954757628,0.00700898605541781,0.00130011961701737,0.0150615236941693,0.00806750487002738,-0.000212665497194581,-0.00810953859396363,-0.00153956044233025,-0.00364893504181483,0.012372563767849,0.00428570441842229,0.000754963786504192,-0.0103381741249397,0.00393551656431803,0.0031697766676859,-0.00713993325225306,0.00342650346120661,-0.00506811510335493,0.00365246620319655,0.0118952128231944,-0.0272810111676968,-0.0449254489095479,0.414856786684224,-0.459512948576979,0.307663001027388,0.146677730391048,-0.983486821937767,-0.112051457344481,-0.261792274045807,-0.193169695420373,-0.0610136698761986,-0.000248926516391232,0.012955916188457,-0.472333232393559,0.119678785263912,-0.977707229930648,-0.904226225745068,0.309819534468431,0.19145464347183,-0.333149987855657,0.0425886473180345,0.301945573568008,-0.496668071172803,-0.0242301399141419,0.0360212390671983,0.0658562619121433,0.0112311475559048,-0.00810900154501001
0.0154837981816937,-0.0023819006724091,0.000528211665838229,-0.0012587385521508,-0.00848243861361564,-0.00671688998781039,0.00677650958648709,0.00627246097549872,-0.00517275821312537,-0.00355866345226371,-0.00790596951263467,-0.000714602170948798,-0.00801768073351292,0.0176960163601936,0.00752466254164109,-0.00444631140526856,0.00920159628513595,0.00838058057651121,0.00788939180973855,-0.0109690415499454,-0.00426972444312712,0.0185299424804151,0.0543567373971891,-0.0747715071416387,0.579237951674199,-0.225260270887411,-0.312904975825735,0.738488805610744,0.107122712079346,0.00246163043316822,0.511913681934945,0.153376052911147,-0.00188422072353103,-0.107290982729387,0.224269141758158,-0.527020916425298,1.0915781984628,0.264779953608097,-0.595220046907659,-0.0412044926800866,0.273221138310287,0.0580020396898432,-0.240918447941817,0.276385788293511,0.0189847152311447,-0.0698316493971869,-0.0176231617219209,-0.00887041354799548,0.00519987161410554
-0.00493660966245136,-0.00260308771441521,-0.0086730673031099,0.00176554340299849,0.00180021251393687,0.00973635824812933,-0.00262876634128518,-0.00242252390183383,0.0025618824953333,0.00502155449580316,-4.05646777946692e-05,-0.000638472207501892,0.0122468394756218,-0.00945501209329464,-0.0038106244136355,0.00213344190129243,-0.0034975655929572,-0.00459943735371922,-0.00786226726497842,0.0127317912682435,0.00300784040267403,-0.0156896147499509,0.0514954535772346,-0.105207237437319,-0.387713209815621,-0.0532949111879182,0.0868499693225501,-0.303421675604454,-0.36051905488272,0.285422390515039,-0.482576161343424,-0.0492935300077868,-0.0202373923046161,0.0842143465339018,-0.0803585033777722,0.496637053281005,-0.85931731218326,-0.324059516704534,0.177136059459924,-0.0255050953802301,0.1013180350302,-0.240813322720854,-0.0273299861736721,0.161868823091251,-0.138951101291138,0.0224164868905518,-0.00135490642450062,0.0141556817803448,-0.000585652778713771
0.00105446466537198,0.00386935494509961,0.01084327884149,-0.00208321910377683,-0.00151409977832477,-0.00568012698572574,-0.00144709203298161,0.00518555071062287,0.00576216736800244,-0.00322876473781616,-0.00400703566870337,0.00130987117832598,-0.00439101783812989,-0.00236659150212872,-0.00403307343657712,0.00206799305399365,-0.00119893374984416,-0.00107267744514578,0.0060573310423177,-0.0036279755134572,-0.000712584182531853,-0.00167439235467842,-0.118742125854432,0.0387437845103262,0.19457194561671,0.182311452350404,0.0628616855948823,-0.214564001533319,0.128128988848176,-0.126271932077737,0.0103394606790061,-0.101974614747908,0.023974314665374,-0.0518616858168047,0.0596733468161607,-0.468957531623166,0.641776326803677,0.835704493848276,0.0754820445315383,0.13278941301228,-0.0236873251597326,0.0450635867902159,0.124597611289696,-0.279638708605188,0.14630844696147,0.00801335538585908,-0.0270306952612182,-0.00567922721310837,-0.000374235706114228
0.000219898036865087,-0.000999544715421572,-0.00590175025206208,0.00718401431453644,0.00294582934462363,0.0014644682325901,-0.00180974959342319,0.00150603248481169,3.2521470488905e-05,-1.29266725393019e-05,0.00589995589182822,0.00635565250717524,0.00456044765100375,0.00556300078271717,0.00709232354159896,-0.0044614838228425,-0.00196607468601087,-0.00279155531078783,-0.00314758207188971,-0.00637335219316036,-0.000975162263092406,0.00900741692786116,0.0869611684664096,-0.0552737033158229,0.0901317776579023,0.273637569087738,0.326846669657736,0.508654658505011,0.492806351032551,0.0356475202441648,0.0909456094451193,0.103308098572623,-0.00199428935542229,0.00746458097411429,-0.0635868777450469,0.402553995999828,-0.316977317127532,-0.616038247620477,-0.0333058688803182,-0.107427663966055,-0.0745888890640778,0.180708062800546,-0.171793934098909,0.160400611804661,-0.229988664424587,0.0856690251116603,-0.00303477332981392,0.00495767227779589,0.00424749023301259
-0.0116237046713373,0.00341603469666832,0.00385060708682425,-0.00637384827137477,-0.00674330917575639,-0.00216281430254212,0.00708364342798499,-0.0095846545862945,-0.00939536650034974,0.0057174321507234,-0.00211923456444933,-0.00698117028055178,-0.0112471583120556,-0.00235361177729371,-0.00179779378610354,0.00780303124836238,0.00138361151726844,0.00213626521028997,0.00437496673531272,0.0088531403473749,-0.00141685685407798,0.00321140315324969,-0.0711353423988996,0.0650573014890513,-0.1819872246576,-0.240516606368712,-0.347114496174305,0.149576124481914,-0.49099882215904,-0.120961534206015,-0.0556691308707984,0.0230250984660834,-0.0537557987831432,-0.0033500049068613,-0.0287527145159052,-0.27595744473001,0.170338775535445,0.110778782603154,0.030388505915045,-0.0101428281823234,-0.0746570894190689,-0.0248976515570841,0.102629929542768,-0.116228527753445,0.0968138677020761,-0.0980427842437487,0.0127556040993608,0.00104886255336225,-0.000962959223878518
0.0186076605165544,-0.00208233611704413,-0.0063946709068579,0.0041821309488629,0.00813575649377568,0.00248432718269785,-0.00489970227953341,0.0111207603347562,0.00639222167659549,0.00610938884316474,-0.00204600210639123,0.000719702182418058,0.0156221884788728,0.00351551733295853,-0.00397402862255624,-0.00505927444382162,0.000609805028346037,-7.72684116441746e-05,-0.00695807165921239,-0.00269114703001617,0.005498027133402,0.00538455100434443,0.0158499055449464,-0.146804407852493,0.0989761158193418,-0.0575581828735685,-0.164512903604657,-0.559814932021381,0.225455355339502,0.154564785328692,0.151691311758488,-0.119137659237244,0.0384015226908837,0.0382340710370794,0.078105662962728,0.412693848342319,-0.0891836248837046,-0.021484295308029,-0.0103764829872108,-0.0504404276065706,0.0800211243578993,0.0292730061419233,-0.010508356754295,0.0559732692723031,0.0663486982219764,-0.0498092060702338,0.0382284834220983,-0.0196777126814225,-0.00522389652391234
-0.00666462607436291,0.00172921097830667,0.0114446775160162,-0.000766446438798557,-0.00363061623748774,-0.00238475631229415,0.00388789555123244,-0.0125235418013431,0.00180944367949803,-0.00763504793324811,0.00416785008644135,0.00631416968869597,-0.00854939246096535,-0.00204345726711971,0.00218864450104229,-0.00463740772621751,0.00013164793518953,-0.00160075177931641,0.00372653062463701,-0.0090471223400405,-0.00841720195004255,-0.016819397442559,0.00685304575455681,0.133411499302716,-0.0336985473296389,0.0556045786225838,0.0924048700656463,0.227804981692588,-0.277722261342133,-0.148880699660351,-0.329729474700879,0.0989807918428232,0.00130305090751288,0.0540833300104254,0.0134275921762978,-0.406150106652146,0.150010314823797,0.146984096140292,-0.161562669128204,0.080213353336848,0.062126310811312,0.0689432154248388,0.043868675045248,0.218284527113333,0.0536593477048918,0.0407510221091485,-0.102997377235891,0.01314348649351,0.00495827424179469
-0.0157494355152277,-0.00906379790532881,-0.00729430895918254,0.00121075515346538,0.00294592510222367,0.0074729129112709,-0.0105854999273267,0.00846844961440486,0.00699779975190374,-0.00221561955417492,-0.00519187119274643,-0.00774654270167032,-0.0039558145135098,0.00260380545383505,0.00355650202715175,0.008457302100371,-0.000974033440029888,0.0101698198293438,-0.00560148910183496,0.0156772219979345,0.00473202109934492,0.0158179784612574,-0.017858963624189,-0.0316988533280213,-0.0301588534343876,0.0499145123616979,0.316480583942805,-0.0525543435228303,0.253269566906408,-0.039105653687781,0.174165129113701,-0.0420777574981518,0.0104177210125434,-0.104962594253505,0.0342344460834533,-0.0589216464291666,0.0642530139254043,-0.33802807106032,0.304410516172321,-0.160427560240163,-0.210424217583636,-0.0106505081832327,-0.107252726417564,-0.188415017324689,0.0496736721941804,0.0119214938216584,0.0542721843572709,0.0161743029077369,-0.00343426322111126
0.0250963134405333,0.00975258609830851,0.00255900487985397,-0.00485246015529381,-0.00364820740462439,-0.0051282601081273,0.00989420197629782,-0.00099557293981529,-0.0110861403230454,0.00257320977595715,0.00389504869277463,0.00869970528442309,0.00440871856792113,-0.00127214507583902,-0.00186419671970407,-0.0107558081791885,-0.00300471625680699,-0.0103878631099158,0.00180526335963511,-0.00501824952324983,-0.00266684721744375,-0.00703933417422986,-0.00945527084117009,-0.0507876200635565,-0.00862805802184718,-0.1258921505557,-0.590685229095254,-0.173777121004368,0.046637524131197,-0.0397371924753958,-0.0510776517163494,-0.0201750176743913,-0.00647376265471574,0.0228361685000326,0.0326112165848386,0.26058026931701,-0.271929303070175,0.308796209785713,-0.263317415984835,0.379436247380834,0.296452257241721,-0.244338127962312,0.0164031117464487,0.129551085563858,-0.245119379661022,0.0343428234522951,0.0312381152914293,-0.0147298404950846,-0.00368504844942706
-0.00634608602707555,-0.00489204826774456,-0.00285079730260058,0.00770093425748131,0.00523384591693913,-0.000421907046634955,-0.00250437193873821,-0.00453172823058346,0.00675438481586269,0.0012607556388003,0.00513427650577911,-0.0105836110784518,0.0013316182079575,-0.00220159515473899,-0.00846971886283628,0.0132417817937879,0.00903546257343555,0.00753036969187381,0.0103847750059097,-0.0100043343995982,-0.00139834390644803,0.00440374965679503,0.0346635732079971,0.0168191332002196,0.0551322902270551,-0.0432701310956144,0.273651559947817,0.281036747958858,-0.113757034280043,0.226254297153804,0.0215560800716675,0.0249551132719817,0.00929114448819083,0.0910268011575056,-0.0539218984491339,-0.00198736774326772,0.266124255079312,-0.164301534281378,0.0820118717915566,-0.280019797137603,-0.25329388275084,0.0534821284319241,-0.0272405432262512,-0.102407688747003,0.141296616452812,-0.125033772608161,-0.00387415746221663,0.00811745986349695,0.00923962660002147
-0.0231493704131323,0.00194598777659652,-0.00315929207547235,-0.00651753459314149,0.00135685903482928,0.000294973924279256,-0.00221296163113986,-0.000838321863229958,4.95207994837682e-05,0.00041755600757809,-0.00562677027638923,0.00733068351513718,-0.00577015165110125,0.00508054245166021,0.0106887636924217,-0.00874835895348988,-0.00781657742828439,-0.0103295352068588,-0.0109329814002183,0.0128155572512504,-0.00081427312302456,-0.0041215017950317,-0.0160746072719549,-0.00150671606975057,-0.0172273042318067,0.159354884705034,0.0544528267770238,-0.240973419174076,0.00464358921635106,-0.240248633745435,0.0497464248962915,0.0101064529892372,-0.017026129958184,-0.0221325367978741,-0.128875648673507,0.00880547437939518,-0.192695266368041,0.179277994077734,-0.0228373443087062,-0.025391273087496,0.211125456770417,0.247621079033884,0.0582456744374538,-0.0849297725729992,-0.00725800071750102,0.113497900295677,0.00410632741649162,-0.00523994625831576,-0.000715481025657712
0.0223963329422143,-0.00123883181864998,0.00580594014151193,0.000319766551272462,-0.0118062710288,-0.0014406533300595,0.00260313999320461,0.0059379145303291,0.00214457249695421,-0.00676137218086641,0.00102561407623928,-0.00947580539622026,0.00722285834519085,-0.00553830337143939,-0.00381090056355061,0.00636535832012911,0.00103794761273044,0.00571434749295368,0.00404555000846812,-0.00660721128918832,0.00405503209317,0.00348557667423007,0.0120188103480996,-0.0115809907188084,0.00237711552545541,-0.0802058483387726,0.0847298822446828,0.243347502141126,-0.0616705835247393,0.1498893876199,-0.104164627739583,-0.053026293225092,0.0186058319217691,-0.14096712492052,-0.175211061901933,-0.262499678307108,-0.0327124796021819,-0.368084172785105,-0.106396552988923,0.144686398265394,-0.155917068698213,-0.214491451134704,-0.0370313714426299,0.168462921940585,-0.020759662932335,-0.00027939775290237,-0.00985020911592964,0.00536274913805561,-0.00179540094536834
0.00803209384655169,-0.00249933148498756,0.00294421721745552,0.00044035617675658,0.011208936044964,-0.00122074155887284,0.00164221269202168,-0.00654989541011882,-0.0079837128663554,0.00469504802682329,-0.0032058860889777,0.00878410311142952,-0.00399232714700947,0.00222017905297398,-0.00567091250325785,-0.00231923326595564,-0.00268308738525843,-0.00065099649465759,0.00305940115222357,-0.00535063503985525,-0.00347920009114336,0.00020969795481068,-0.00311367959566412,0.0057196243765969,-0.00382604179286328,0.0532281891552405,-0.0344350648777231,-0.193498081564777,-0.131179411767346,0.0255742450965319,0.0329654980131822,0.0411653481921271,-0.0111408098286055,0.149604601761653,0.366167146095909,0.125275279091283,0.236875940016636,0.346800864526479,0.155112823700431,0.0460132746727053,0.0335436163504612,0.13097835524286,-0.0454900432018114,-0.151821987771954,-0.0346627178985922,-0.00323882399910451,0.00746766283572744,-0.0124193294968224,-0.000901110596568385
-0.0237859950493139,-0.000538735361345226,-0.00647157133951892,-0.00146235476922055,-0.0014493515944617,0.00309601443949387,-0.00395903142676405,0.0121969942003961,0.0133638427009744,-0.0075411866447071,0.00378925242639856,-0.00409907416336867,0.00418741167831261,0.00457673630852595,0.00574894039031406,0.000279193012568985,0.00239707222678418,0.0015249185704468,-0.00909045824286807,0.00697565339520992,0.000825802411451557,-0.00104662475524468,0.0123400657053328,0.00429041424051201,0.00790204523594681,-0.0511424199486584,-0.0685493744846453,0.162780445264509,0.0926162069201312,0.0342848264576707,0.00166446693530449,0.00823351137308957,0.00653209098782243,-0.0776678278568615,-0.332197979583618,0.00830994736048127,-0.0612455830985233,-0.178370959732696,-0.205201340254275,-0.17754360688791,-0.0679770430578006,-0.014708945137623,0.153008413362875,0.150958777576529,0.0484161681936866,-0.0118140072285031,0.00926778151117463,0.00195542461330565,-0.00136565436266204
0.0182465664187152,0.0070186828187997,-3.91574339876142e-05,-0.00211720304569005,-0.00732674745016578,-0.00356788361615386,0.00160340602617998,-0.0106994448810639,-0.0104965189305627,0.00839231913124802,0.00305777217435797,0.00380957582310918,-0.00773989604130556,-0.00640305106468097,-0.000367872683956513,0.00208635790705043,0.00137194921754158,-0.000606873682729181,0.00764133932998225,0.000198490188281025,0.00252966132303361,0.000272919633834062,-0.0102114556536634,-0.00385671020729572,-0.0202650393479312,0.0105593985805083,0.168320354779419,-0.00666823315935704,0.141020008862699,-0.147858802925489,0.0133170099538968,-0.0220174626274699,0.0085451883022405,-0.0183608306779358,0.0976710082791246,-0.0325838196681726,-0.102130947680002,-0.101344212806147,-0.00179339245807578,0.137077840158681,0.114785589866522,-0.0271543555271655,-0.0631251417397659,-0.112463367428708,-0.0194901433180009,-0.0111115742405846,-0.0171971811682026,-0.0010254241347053,0.00186928464857962
0.00241301898690638,-0.0048587408492699,0.00156809836899875,0.00044505142989961,0.00367160078480498,0.000559339314553035,0.00103415412059685,0.00600454614200134,-0.00128638029637836,0.0092811421264617,-0.0068276149340645,-0.00236221639716417,0.0126578531210944,0.0021919011610198,0.000432979795161638,-0.00264573318273162,0.00108151085469451,-0.00302358408831381,0.000268007506737925,-0.00585696504066187,0.00337178349807123,0.000229511824454805,0.000508825450955567,0.000739423762730139,0.0348935583725269,-0.00419969155195013,-0.0819035341655049,-0.0534532884030431,-0.225012509724244,0.095727863249975,0.0308606364972323,-0.00532371899261556,-0.00902197024145124,-0.000524215490862553,0.189620771982621,0.00708251493372367,-0.0675069124540234,0.146395683551161,0.168612327292155,-0.120773702232773,0.023176515273975,-0.0829853176612774,0.0163583232262256,0.0841464854495051,-0.0414092793291946,0.0581869520388421,0.00125020986736829,0.00166481681201434,9.92879602461105e-05
-0.0199926695855647,0.00447672633556971,0.00686145720189013,0.00581910855956526,0.00256891695475958,0.00318417278686246,-0.000135476895481552,-6.2804852043285e-05,0.00150810950940517,-0.0055248202705852,0.00519406211008842,0.00050066190393839,-0.0107290268769528,-0.00134120332394251,-0.00312661666068399,9.70157081475803e-05,-0.0044500983137239,0.00423555429953365,-0.00386115158952986,0.00187799757036529,-0.0018813614172431,0.00265498572829102,0.00860679487582701,-0.000392028839776806,-0.00677599191344508,-0.0312399616469864,-0.0544988153371047,-0.194541607119715,0.0827441988390609,-0.0268346698120025,-0.0845967279993311,0.0196910337385528,0.00303660385398715,0.0606130699558524,-0.122574696892189,-0.00136196377763589,0.254913525639672,-0.125968944990975,0.0130451122984311,0.0712709877614244,-0.147406293947297,0.0666149998293535,-0.0564453663075744,-0.0691504187924556,0.0802985439708181,0.0141729517999277,0.0102640918180153,-0.00444901991814819,8.48642419275982e-05
0.008444123199842,-0.00591154409839832,-0.00749316824072472,0.000250297126982744,0.00159359584436941,-0.00608905567400929,-0.00182011488943014,-0.00674882638488251,0.011650371335402,0.000279121861172449,-0.00246657358551223,0.004157978669073,0.00666651327024846,-0.000622238295092519,0.00311589920847682,0.00234858620953043,0.00535213844683742,-0.00198380530888607,-0.000518870200464348,0.00451881041622838,0.00209094270911621,-0.00674691501494521,-0.0109314955072181,-0.000148510507336198,-0.0121775249669592,0.0803489771020754,-0.0472279899723334,0.262555020779175,-0.0672389882312851,-0.110485481610563,0.0154463091614571,-0.00336952065959947,0.00558079476413569,-0.0137708595636249,0.0820925992007502,0.00417269141373925,-0.14207186029029,0.181693372465195,-0.191063650528725,0.0528811324221207,0.141707321542151,0.0303721846479409,0.0513834659194964,0.0621086272831286,-0.0196720388942107,-0.0620610516895343,-0.00679762244871292,0.000624518972878139,0.00235293016803943
0.0112066547701742,0.00735439535157015,0.000799171226146258,-0.00185757718519562,-0.00626579156439697,0.0105179583155795,0.00408702472402191,0.00322631414974023,-0.00688879727093386,-0.00906773765210335,-0.000554748261207663,-0.00609002398787349,-0.00517409275476283,0.00294301135808059,0.00112903076227846,-0.00311859603776868,-0.0055453658707892,0.00362693527029867,0.00404827790259876,-0.00677179652870804,0.00124606668922879,0.00283506609807648,0.00095222872405102,-0.00909734247389915,-0.000632194166909184,-0.0668289052995359,0.0255065628423747,-0.102246570846577,0.0679452646535056,0.0943821231461362,0.0675881464242059,-0.0104731083352195,-0.00397606992141383,0.0261420199765545,-0.205144790723526,0.0128023976492386,-0.136859460024085,0.00904964651340079,0.0883665928327684,-0.0493498522185493,-0.196373815361056,-0.0330532833356505,-0.0309254242340309,-0.0406640542084608,-0.0525429189727007,0.0330330441241967,-0.00746809238495763,0.00411000144911081,-0.0031495821454035
-0.00695658861590399,-0.000548836857184172,0.000744164970489987,0.000717310636698287,0.00677699666788576,-0.0105001684774046,-0.00364457104721309,0.00439331209638043,-0.000690885030830496,0.00503113690375859,0.00412847143665325,0.00651056166350066,0.00458808595464427,-0.00344536824211726,-0.00133417586139615,0.00023608292631441,0.00284639149476183,-0.00345577057834108,-0.00171314492741351,0.0108477036383788,-0.00246516915347952,0.00366840371349436,0.00280346853552665,0.0149467987783958,0.0156410328694107,0.025560532801412,0.043633214430439,0.0157647805885706,-0.00145016434760964,-0.0162675962138986,-0.0352812502817464,0.012772306963132,0.00164612303259886,-0.0190705618467263,0.240143279154068,-0.123891181083241,0.20935993772126,0.00459066193872185,0.00110736706781445,0.0203487567472818,0.121480710224222,0.00963910379227472,-0.0456756461202975,0.0348124446079592,0.0751233083665478,0.0150689363145913,0.0176109200873321,-0.00109303059338029,-0.00124684575520611
-0.00915193537322359,-0.000333605536932315,-0.00173877375562897,-0.00249996201025937,0.0012717636765027,0.0105351743071331,0.00242535320266426,-0.00138241137189457,0.00439881221877235,-0.00394860074833882,-0.00598061028944134,-0.000999137123462763,-0.00194541535322429,0.00524940630232961,-0.00560559116238273,0.00779310483220297,-0.000329830322822317,0.00240533346264694,0.000491388033121647,-0.0114707361156191,6.92995745352077e-05,-0.000862010542620207,-0.0126730864166496,-0.0164399775080987,-0.0262859026149726,0.00873329236124909,-0.124507158404357,0.0744598633449309,-0.0252630044244915,0.0310073704291198,0.0320274082181887,-0.00367263793992498,-0.00273940059262223,-0.0269411722513102,-0.0801281859526663,0.0771776007206024,-0.0580938300657392,-0.037520655017286,0.0746822863150192,-0.00937239622405264,-0.0176764804696353,-0.0137227860403384,0.0226140789033928,-0.0744541096383873,-0.0380649655177262,-0.0132721129074257,0.00938887885774475,0.00546079515730993,-0.00012709400713844
0.0141431421510794,0.00161459064826197,0.00135922393904591,0.0026296986044511,-0.00188476331978769,-0.0112546013070252,-0.00105556567496495,-0.00637589939913801,0.00033554550249182,0.00683128532615604,0.0049148120340102,-0.00544065923155093,-0.000956380651513556,-0.00379688802622715,0.00683967389172337,-0.00606963870877401,-0.00233713453337888,0.00217254915817141,-0.000889350732446992,0.00433991463078179,0.005159005490408,-0.00350141056033904,0.00514134580050588,-0.00653904918793514,0.000911209508089303,0.0105149969422525,0.0645462281938149,-0.0729325595432881,-0.0347795401480024,-0.0425204386186319,-0.0671187928413013,0.000552323096246822,0.00485783109134787,0.0152595254532283,-0.0343639108553404,0.0783181548128296,-0.0670143347107256,-0.0245675964576165,-0.142379472757257,-0.0393720751695654,0.0065952434176701,-0.00428268530991582,0.0746996051937057,0.0689263538798399,0.0224132880553268,0.0170690675885223,-0.0125144877493925,-0.0040478024503764,-0.000152343063321313
-0.000245221459356211,-0.0029950755902958,0.00229783802468302,-0.00791363411689691,-0.00377253433765382,0.00557710757841281,-0.00311639009954258,0.00527688448078285,-0.00631305007271757,-0.00378778436348749,-0.00321251604647243,0.00486232817871336,0.00123313637295602,0.0041461700074731,0.00207238544903645,0.00104746582198499,0.00472927261236838,-0.0028588074065645,0.000210028691904687,0.00168623081567147,-0.00542979246973346,0.00668673049275014,-0.0100915128492377,-0.00508942083377264,0.0300995480733506,-0.0213601384983724,0.0114318613187725,-0.0111312902839882,0.0116832462242698,0.0157560271180082,0.0491009583307941,-0.00215583770062347,0.00312338093375083,-0.033853738524695,0.0190763446461051,-0.210711938503852,0.0573361263856518,0.0234809103996247,0.0686042740995989,0.000449528094763597,-0.0329419529788656,0.00651687279423896,-0.103843977692275,-0.0135971481890699,-0.0450054179511102,-0.0179131369762869,0.000896799776747243,0.000356754193098734,0.00383097225084649
-0.00607389648754634,0.0020153517161504,-0.000892136566479394,0.00835883802664797,0.00184178042578732,0.00160229726397346,0.000736940837489066,0.00513597220229223,-0.000165297685455046,0.00337012184283245,0.00410329191802915,-0.00217273413795771,-0.00352674864977634,-0.00489159583557871,-0.00859256209261196,0.00344303267593058,-0.00276897930634591,0.00126682655418795,0.00325012175446551,0.000781315452818809,-0.00129173739246109,-0.00320205119995812,0.000362214573443135,0.00532205863843178,-0.0323809608826031,0.00127431828012207,0.0233574627980659,-0.00741415721205351,-0.0352676669259277,0.000529319163659281,0.013547660606832,0.000575541904060117,-0.00866549092363469,0.0415158938410471,0.0441884718608704,0.177578316176373,-0.0611394887742724,-0.0889605732791286,0.0756073272831784,-0.0136750027019197,0.00836793176663123,0.039754952707736,0.0500621256414056,-0.0158058428427631,0.0441182428985578,-0.00242176078333611,-0.00138317151413157,-0.00650102541941639,-0.00116916802651384
-0.000824138290007695,-0.00711422818167898,0.00341404668647346,-0.0005648400270787,0.000736187703356524,-0.00123547508351257,0.00439611204883486,-0.006065152785718,0.00937001430995552,-0.000916051889002973,-0.00388082624768377,-0.000174397846335321,0.000859121757865359,0.00343053136951263,0.0101758350161527,-0.00401633850312634,-0.00122131628722786,-0.00302848439732491,-0.00496709217624166,-0.00236827652089774,0.00186386664015688,-0.00247739464905435,0.0128028459212805,0.0171454017589722,0.0241297205295167,-0.00612840148844172,-0.0145252696334375,0.0490747652624974,0.0413806014506965,0.038854960746778,-0.0171389966181677,0.00399132380753737,0.00763867528866915,-0.0146359479503871,-0.0508841488963835,-0.0363207618971774,0.103516153275872,0.00870679341594186,-0.116208552701316,0.0194383949386464,0.0315448752195628,-0.02664796237866,0.0308212682289621,0.0427560806526052,0.0020475341195036,0.00977318447800475,0.0215846473732767,0.00918478801239355,0.0031229362598661
0.00800532236008983,0.00672138531201165,-0.00540067843785875,-0.00168367682405071,0.00160161754703547,-0.00232383290697218,-0.00823918070749472,0.000601867864210449,-0.0112802860682545,0.00863874823220351,0.00346683740267925,0.000768683572337319,-0.000517049916994212,-0.00543306262626389,-0.00659934174116698,0.00182598263643193,-0.00163865259316402,0.0062477055219427,0.00440467694114589,-0.00370706595926717,-0.00393467463319958,0.000516230689066165,-0.0133287563950443,-0.0359370829920957,-0.0197999656011188,0.0155542193747584,-0.00983654240206458,-0.0452972429880571,0.0250702968587064,-0.0605412069033013,0.0274158318628172,-0.0151857331133247,-0.0028193264994187,-0.0167034897957367,0.0206827127407367,-0.059929164796791,-0.07382481157851,0.0838581612645664,-0.0017041551706437,0.0547889513670647,-0.0277194246193733,0.00713184472669066,-0.0387507902060633,-0.0385308625849575,-0.0635405596025198,0.0308798763560359,-0.0114854744627448,-0.00531064703628798,-0.0068082532095734
-0.00443781240379423,1.18396172976865e-05,0.00039643299977933,-0.00272139462286328,0.00200707830897695,-0.00195643696409048,0.0135195164209793,0.00558426288565229,0.00252157103285424,-0.0106521628723329,-0.00338096823513098,-0.00242271564158168,0.00430672617163717,-0.000917666784829802,0.00650311889824064,0.00300051660178006,0.000609468314363541,-0.00647711298288587,0.00064178451841391,0.00342609070196566,0.00570127075831382,0.00188174307560506,0.0104930292611296,0.0471342589588247,0.0273697362888817,-0.00489297465843951,0.0438277670404073,0.0252827263577561,-0.05583534479607,0.0431048730590151,-0.0425960500475499,0.0125109168310009,0.000631325836278278,0.0433862168319476,-0.0428552688168445,0.129691155351451,0.0862114243353807,-0.0651750018544344,0.0782099917605713,-0.0287633088800628,0.0407624154828789,-0.0207877442887132,-0.00975349937276559,0.0610701623598919,0.0368402478635288,-0.0380683002441387,-0.00409493496840342,0.000147874584238989,0.00420601401761097
-0.00124939284235878,-0.00190407979385107,-0.00213508924122512,0.00233515364034499,-0.00419692089135252,0.00396915887923588,-0.00792973376433606,-0.00576535395208262,0.0043830958714688,0.00805032939935876,2.92154281432617e-07,0.00157493689772335,-0.00405876129714771,0.003987711165654,-0.0102803727748636,-0.00653557116720948,0.00183802932180513,0.00624984398605273,-0.0021854812016472,0.000145468261816968,-0.00590868632317483,0.000496151388063542,-0.0040927474946725,-0.040134237349506,-0.0206339618530748,-0.00837681881930636,-0.00866550715500186,-0.0229803003332879,0.0203222402898834,-0.00443175458466732,0.0388816413206972,-0.0104911439845955,0.00209323938357885,-0.017608153204287,0.0408501136884937,-0.125993681254003,-0.021596799066477,0.0491509753839191,-0.120433568778762,0.0335043617501767,-0.0365142029870556,-0.00223843057200043,0.0454356538498078,-0.0730920526594391,0.00351818932170385,0.0297641754789026,0.0166111197840867,-0.00100331056509637,-0.00297638772595739
0.000575718623011064,0.00279193616706429,0.00476332130759405,0.000512663549971523,0.00198209607700721,-0.000657761011442744,0.00197230301004741,0.00382350350642172,-0.00111734576516319,-0.00475413404970188,0.000614479137172477,0.000814260747411991,0.00306573047984169,-0.00480619557732439,0.0126098996385636,0.0052159218448334,0.00263065013951907,-0.00835294818896954,-0.0017689815761273,0.00347440586738312,0.00616179966488725,9.88669627449159e-05,0.0105882975764958,0.00478446587901637,0.0253868490235289,0.0125450895708809,-0.00742651423238236,0.0538868637146092,0.00595281123584449,-0.0371844367845667,0.00796717146283286,0.0108043185908734,-0.00216095367075257,0.00033582388916138,0.0281949750357549,0.0596809780639004,-0.0216034756446527,0.0158023680961505,0.0814645714893292,-0.0288336360791576,0.0214511689710889,0.0191782346711653,-0.0442530398697379,0.0542373629178183,-0.0203380813365433,-0.0113559392299645,-0.00850339238674842,-0.0125839156494886,-0.000332900310048467
0.00213143612405166,-5.41026757036305e-05,-0.0038803136467617,-0.00169215645862234,-0.00460919847321261,-0.00085833283158179,-0.00613158645759979,0.00258493299256857,-0.00605443501641362,0.000343069035206641,-0.00301555410282588,-0.00182991257363682,-0.00455255846286602,0.0027963694622823,-0.013011729383013,-0.00164932017988376,-0.00627943468107546,0.00112269203531556,5.80664989034028e-05,-0.00715882980567908,-0.00701709636564798,-0.00141468916884881,0.00227139027225014,0.00668439990913122,-0.00741102788339959,-0.0156099108121753,-0.00649415069679462,-0.0517446958231785,-0.0114231072544661,0.0107625233096562,-0.0209785910347114,-0.0120518188782474,-0.00603828981089844,-0.00299164779004987,-0.0686377550038403,0.0337404459628199,-0.038813704927525,-0.00358891341752019,-0.0354884189494964,-0.0143836003306361,-0.00326495488042761,-0.0345701718123579,0.00577113438440478,-0.0348385740015598,0.00666162304721145,0.0126690790213843,-0.00390824894143355,0.0145866964595013,0.00416615982338553
-0.00198121595769507,-8.88882955580846e-05,0.00145907266874113,0.0013664293392095,0.00670962981138289,-0.00116309847824521,0.00594477040534818,-0.00174463638260115,0.00729652601845716,-0.00154490096851571,0.00375784450099646,0.00013400783994269,0.00446850783136969,-0.000344527324904319,0.0105042467924314,0.000855002685708504,-0.00110218006909487,0.000260179722727546,0.00124035106525674,0.00261311628552243,0.00553819748567751,0.00192585285150239,-0.00632052353288283,0.0049161273534426,0.0107603624499915,0.0263389420304101,0.00550568303390195,0.0246344464373252,0.00682889862604588,-0.00367933800153915,0.0203213855417986,0.0110702967508061,0.0075808765055261,0.0154867524779963,0.0862915175249259,-0.0715753811005107,0.0400832745672721,-0.0226249490583948,0.0365942495038519,0.0618473052760116,0.0163832352745778,0.102544269726302,-0.00143351479897963,0.0496475227853792,0.0222007367835333,-0.0169666961959439,-0.00444976579297647,-0.00285921389018188,-0.00721461063514256
0.00357350628842838,-0.00605726314928908,0.00137183312952288,-0.00170364701281207,-0.00463954465007641,0.00239909156787919,0.00192557911732282,-0.00287364829323096,0.00854792925059797,-0.00128372122037773,0.00110799997073762,0.00185830027574028,0.00394756964962353,-0.000442710748028627,-0.0104983987790818,-0.0017882519651485,0.00515082559858941,0.000274614537850908,-0.00122749996712835,0.00244558477810334,-0.00318464074148226,0.0021807886906259,-0.00559869023934019,0.00365746944720853,-0.0129082513165651,-0.0126432693152803,-0.00834414102432651,0.00395427512947972,0.0108203282662396,0.0133395079031514,-0.0324276775998974,-0.00326535556587726,-0.0015149120972682,-0.0287135065461247,-0.0244220295274511,0.0537292889451668,-0.0362547936755199,0.0311306056384202,-0.0354437764422968,-0.033664501016411,-0.00487767051928621,-0.104639564921976,0.0375168463327839,-0.036371515536749,0.00272375177984468,0.00420924456335451,0.00549745365897693,-0.00549028107034446,0.0060808375003445
-0.0133780951625437,0.009835024479874,0.000469132367795428,-0.000228756773512327,-0.000468782036733429,-0.00300690629711457,-0.00372982000125499,0.000163059864265158,-0.0129744831603504,-0.00800721254628759,-0.00128018690497036,-0.00453310470875619,-0.00754289934301016,0.000367527892090391,0.0126988911805978,0.00519498713172004,0.00230950681616326,0.00291072415018731,0.00187299935358049,-0.0033136413542272,0.00192773979471914,-0.00609677543946302,0.00726341138024493,-0.0175541976068612,0.0227226177635912,-0.0041259682082745,-0.00884783793225882,-0.0286863780720573,-0.0375947245989211,-0.00748913995746558,0.0248014309575659,-0.00645189504874327,-0.000169069944774712,0.0235867476444551,-0.0394741520944302,-0.0292638185660116,0.0570307969839481,0.063915132363105,0.0203075565856492,-0.00282908243930237,-0.0644646394898369,0.0521670026201038,-0.0812695427698706,-0.0298154418764716,-0.0425216033014724,-0.00258015307301327,0.00703536187592835,0.00931346592389521,-0.00314501894742843
0.0142850673533663,-0.00685160883319617,-0.00428301636341148,0.00185588394729099,0.000204984983126863,0.00126654562261052,0.00385837580402901,0.00505792500772415,-0.00258058186096084,0.0106607683013652,-0.00373926568828785,0.00727474311799143,0.00330309577422441,0.0017101278282614,-0.00623734143276433,-0.00275169476831249,-0.00160795627148967,0.000532132444949967,-0.00180587176250565,-0.000204926393322393,-0.000310685844777319,0.00733125793517051,-0.00425390838541378,0.0297977726373063,-0.0318474571999889,0.00343498599050374,-0.012227642550311,0.0121340595758297,0.0227024145342939,-0.0058016003619718,0.00989506937561463,0.0148232589547271,0.00291753785775497,-0.036282223665037,0.0260538717734193,0.0294128569050227,0.0856148458822878,-0.0567709176842442,0.0237670879777415,0.0375141033465101,0.10179343818915,-0.0103487828844458,0.0230668350760481,0.0253066205388554,0.031050202398842,0.0010671973788922,-0.0115324443738419,-0.00437973855403635,0.00197577820404175
-0.000743700296223117,0.00118042459752853,0.00719361866790842,-0.00483570132941949,0.0053699283246665,0.000424904201352341,-0.00326919356168453,-0.00381874727986919,0.0042178551978445,0.00183676687158798,0.00276715283333335,-0.00117824546964637,-0.0021843241881033,-8.13275646478935e-06,-0.00128142194416348,-0.00326306680920622,-0.00221852795721338,-0.00176394554534239,0.00458167452458296,0.00214290456058453,0.0036570569772404,-0.00135192870186033,-0.00604226059335063,-0.0250524545101403,0.00274767502844405,0.0108380080190224,0.00869021219014249,0.0103553399017548,-0.020853898279447,-0.000845980908904753,-0.0216110026695195,-0.0097432394045309,0.000929611463831748,0.0380844405325365,0.0195467309217256,-0.0423814320520225,-0.168978212632408,-0.037850095332304,-0.0158144326575375,-0.0394660953727609,-0.0206039461397076,-0.00547508591645236,0.0421932126513675,-0.0227388204432823,-0.000244191780107654,0.0197058027668431,0.0212320277582347,-0.000699637143770129,0.00550761767729899
-0.00853789533651329,-0.0009520832483182,-0.00466357611074386,0.0093064718212531,-0.00399945702050068,-8.31972788780657e-05,-0.000872751972123964,-0.000354765397034659,0.00885957516348149,0.0013957341228082,0.00047691767768212,-0.00305664320913427,0.00303272263329458,0.00248295209893942,-0.0015514444488028,0.00018943673968317,0.00217930323950157,0.00459250783568178,-0.0033078134260415,-0.000233899113449206,-0.00287953789021782,0.00128228719398385,-0.00393735597253419,-0.00603180024797652,0.0175491299820093,-0.00251013519992224,0.0035102026136422,-0.00824343836220676,0.0229473302691994,0.00785468879281831,0.0156849520013586,-0.00354024476949039,-0.00723481692854021,-0.0140052044984111,-0.00788441501980116,0.0421707340161625,0.171807429205934,0.0512180019330267,-0.0220042398089272,-0.0020510701283827,-0.122989586285347,-0.013155302290196,-0.0164954553015807,0.0294571464418288,-0.0252505787658059,-0.0386895413497519,-0.0193277236970666,-0.00285842840046089,-0.00630936653863506
0.00856436960175084,0.0032793563467925,-0.00050814868325466,-0.0064194846613498,0.00266023478862377,-8.66601685521346e-05,-8.04851655280946e-05,0.00398823825652446,-0.00843498247314199,-0.000765620447413121,-0.000816168132754512,0.000367341772648401,-0.000339857697391088,-0.00426221299525145,0.00498212705076784,0.00427537668277917,-0.000713705933448047,-0.00550075530965909,0.000951492010295058,-0.000849581017339042,0.00686500483996385,-0.0053559034408689,-0.00232938341939736,0.0146362317363138,-0.0235170079716504,-0.00839301101623769,-0.0163233798428554,-0.00182523456953652,-0.0018272470292339,-0.0155861751073874,-0.0239227486418602,0.0034680911395631,0.00972793264224135,-0.00141239263990582,0.0193108449228733,-0.0290666669991938,-0.0795848134564543,0.00943038898807493,0.0152608413601102,0.0729503202706437,0.113309942134089,-0.0398041424173426,-0.0191522811404272,0.00325107763017706,0.00303380279732521,0.0361247891404387,-0.0136863649810563,0.00494980983406471,0.000104233698380744
-0.0061370851491874,0.00151891005322829,0.00634312051421291,0.000738769164019844,-0.00107741107796182,0.00117745138865889,0.000448286602697111,-0.00133136226299744,-0.00491025828795308,-0.00139293890827456,0.00119630138557354,2.50153555727021e-05,0.000885093828416642,0.00308486536526037,0.00100950278484415,-0.00126850156812844,-0.00067271927800804,-0.000254911443375082,0.00123090380648524,0.000434455332047664,-0.000374793348281655,0.00272659363954042,0.0142625193727596,-0.00667881538722803,0.012343630397177,-0.00234122006545204,0.0167749681291482,0.00621664871784302,-0.00780198975976215,0.0157552675513534,0.0220351193231396,0.00170213107656586,-0.00395152205112096,-0.00868774218582666,-0.0230253954346038,-0.0133551774599614,-0.0114376400174217,-0.0894098621961227,-0.0400704575475037,-0.00271940357235901,-0.101212059943867,0.132363396820394,0.0662599865648131,-0.0154385970421824,0.0198326483838173,-0.0197006933923386,0.0240995113755892,-0.00137470904150321,0.00451036843100949
0.00149718185456909,0.00119249162394224,-0.00645839609627455,0.00445850966479786,-0.000296431213769611,-0.00136346939206744,0.00494662010181741,-0.00291042598039871,0.00911659958826963,0.000899812406086179,0.0033444450406719,0.00233752740656349,-0.00322955353037577,-0.00142823804305876,-0.00435160888495071,-0.00123633621642115,0.00225738248094828,0.00721441716493657,-0.000411987482792247,0.00532840017779487,-0.00501761328446348,0.00284812216622169,-0.0124188717406574,0.00329662052692807,-0.0110453526421959,0.00908770210071733,-0.0116133550314272,-0.00309728027210046,0.00499510167572424,-0.00175188589229583,0.00274834228325328,-0.00452452062926847,-0.000742371953172383,0.037294686844341,0.0270217411400755,0.0316239316965906,0.0671159188603323,0.0391470705098878,0.0822221184771875,-0.0613977838561924,0.0942978201998446,-0.175156746979731,-0.108269824600857,0.0287690380653649,-0.0338360330616315,0.0113067435488436,-0.0119821927658877,0.00450344719322814,-0.00450135288424619
0.00685046899222455,-0.00545304072305291,0.00337754899374113,-0.00266916045439285,-0.00108148424863302,-7.92406123374147e-05,-0.00459640881987178,0.00149986619736822,-0.000167437776411947,-0.00239429312232228,-0.00710646474521023,-0.00468134546425705,0.00204329553926841,0.0023987858244058,0.00163504408388817,0.000560920231190552,-0.00159944219376753,-0.00524652297430001,-0.000528677664936748,-0.00433639007309649,-0.000437578869271636,0.00107562312470106,0.00080878785048899,-0.0179292434406436,0.024329790320323,-0.00721710245522264,0.0136276181210339,0.00777208222500887,0.000958005702231608,-0.0104345344322368,-0.0137578200078528,0.00508609356366535,0.00379827287782163,-0.0428921015513697,0.0010754288636683,-0.056943181449592,-0.139062596493248,0.0140896017169979,-0.104522144901076,0.0742417140511049,-0.00277592539064025,0.100101505023529,0.0928179600196977,-0.0283127923814923,0.0165340752138726,-0.00419748801139138,0.00462916738242039,-0.0048955719582543,-0.00372015447763197
-0.00890417564709426,0.00527856032251211,-0.000830963935107117,0.00133704228812781,0.00250455917874991,0.000505419758830623,0.00922985474040332,0.00162816180164418,-0.0036933156269297,-0.00887433837864956,0.00625399778706177,0.00580869003926932,0.0042652285066383,-0.00168578234997739,0.00150741874757057,0.000640355047580396,3.17363978555177e-06,0.000281668251416798,-0.00160588485003043,-0.000904433412316745,-0.00253134902056572,7.57393644146755e-05,0.00547315867022625,0.0258279555616292,-0.0126410962786171,-0.0104991468942769,-0.0134354733235423,-0.00495819880897636,0.000706877939794133,-0.00270349877359163,0.00495696558494199,-0.00612976759114016,0.00059944384926129,0.0209878831184165,-0.0336098521741993,0.0656028125805328,0.110195223660419,0.0387098325756127,0.0499255324093962,-0.0837505649599955,-0.103172572611382,-0.0140290129915921,-0.0134932147390393,0.0306188235267141,-0.00312548362512642,0.0281283783632917,0.00276091564199292,0.00540571243240987,0.0089562043818567
0.00454974347684079,-0.00422449344633109,0.00194042084624881,0.00204589146383778,-0.00127340951957363,-0.000919892628781132,-0.0145350605077831,0.00140876693990388,-0.00215502191732915,0.00727832015251741,-0.00433065289452137,-0.00212293384469511,-0.00718819251779489,0.00183842017577788,-0.00190199157908092,0.000296801500249663,-0.00152022784662716,-0.00219429837702578,0.000814904338686956,0.00335601689411644,0.00412962542527693,-0.00458485670615623,-0.00250210920961061,-0.0167313049668492,0.00845223449838534,0.012598430558513,0.0146188089155532,5.05364595455304e-05,0.00188188767858255,0.00920547660123128,-0.00568129792005181,0.000771887563749164,-0.00862597720393848,-0.0175689676748675,0.0258485321929505,-0.0308321677698696,-0.042372857850203,-0.12127724701603,0.0356321883308407,0.0442180166617032,0.0963131088818017,-0.0300631885950848,0.0124719096104213,-0.0448334107201018,-0.0157755357769851,-0.0220514093816485,-0.00555279746876163,-0.00728491387176082,-0.00251679396797125
0.0028421998205195,0.00502114460416716,-0.00112692475779487,-0.00173819794634918,0.000463986167319433,0.000774574691938989,0.00858009616339387,0.000546294843045152,0.00313781088321227,0.000759712898586215,0.0013738510508921,-0.00181418041932578,0.00455062355019155,-0.00499971818702278,-0.000124138028744063,0.00536246644006348,9.14517746600902e-06,0.000212361842575827,0.00112023049382297,-0.0042433011294891,-4.87455221258456e-05,0.00241620403415312,0.00753590388920267,-0.00261463399724598,0.00378285953897478,-0.000796503024429289,0.00338061922268455,-0.00357923721708545,0.00284101854680479,-0.00664978758703495,0.0102151282019122,-0.000492037181075572,0.0062620320714975,0.0242355893858256,-0.0169583566217204,-0.00635305654181651,0.0681192533341092,0.0468900823831667,0.0426198148798122,-0.0476732116326737,-0.0196597705821673,-0.0231774171961527,-0.0302639632069781,0.0443718437153903,0.0218272692225328,0.0328440953051122,-0.0030584147197196,-0.00106458066824955,-0.000359346097056455
-0.010260778533934,-0.00563403429667528,-0.00269199933391559,-0.00302397032210101,-0.00119654156233579,0.00246048274328876,-0.00171564006560335,-0.00827970940967213,0.00223371286598969,0.00247952778072012,-0.000641939884876001,0.00118496147052245,-0.00568289851223328,0.00458064379497508,0.00218332273203713,-0.00866807207374929,0.00427849474159512,0.000111820802591958,-0.00103142920959426,0.00397120110767037,-0.00166236878262684,0.00121409480341824,-0.00660551852929564,0.00669441976955643,0.000966425616861694,0.00616922383127913,-0.00580980282866014,-0.000583100651873905,0.00250513929640493,0.00325532323400742,-0.00437677915617543,0.00338610220714433,0.00183599890711327,-0.0106876105521078,-0.0159996149257116,-0.0222576789637059,-0.0604880640340921,-0.0370712693088028,-0.101558190621948,0.00655202334198352,0.0164615693942896,0.0220208604701174,0.0114432235969872,-0.033355966170972,0.00373606662487971,-0.0362731840477237,0.0121918662182857,0.0030553262039011,0.000828893613259
0.0050313160645686,0.0013688083079965,0.00361634560557356,0.00516579035065457,-0.000208232006287408,-0.00248769713537911,0.00210500923774558,0.0102252668127147,-0.00384306210523557,0.000698361799042595,-0.000276730421556699,0.00134402749179593,0.00646854806456362,-0.00131094642685385,-0.00256384545532149,0.00524842183379792,-0.00483121340759164,0.00211496002591083,-0.00245675109407897,-0.00135862467330351,-0.00326088731813648,0.00138131065353103,0.00343474493833496,-0.00155080774678945,0.00131259595248863,-0.00225130754499428,0.0116333815551087,-0.00297570014215567,0.00177848768873408,-0.00302288829474303,-0.00360567467965111,-0.00493481993762391,-0.00297699820779596,0.00109894776180543,0.0369123193681688,0.0381481383728235,-0.0487754801413438,0.0876185115081879,-0.0484285280818057,0.109166717384106,-0.0183980903513426,0.0268062274210133,0.00320297000815691,0.0195120225331797,-0.0177505978309613,0.0231643328688739,-0.0141112740930855,-0.00146619643388851,0.00090502705812262
0.00536704988053698,0.00323445529835409,-0.00301061749696612,-0.00592617418549296,-0.00174259083693976,-0.000169318008508191,-0.00428362901640141,-0.0069840300644686,-0.00214186691895471,0.000375915679022702,0.000196253444862198,-0.00426681082767651,-0.00461356448009082,-2.90067817159843e-05,-0.00134439818800334,-0.0021269189751885,9.52428304251789e-05,0.0005241397982892,0.00623294516324201,-0.00640097365052133,0.00280085419232346,-0.000656136113386089,0.00125632001645348,-0.00129494699484377,0.00617415636741497,0.00138666074896402,-0.00576324622950916,0.000247471615939236,-0.000167802039185354,0.00280079517781703,0.00588044162009778,0.00107785892135242,0.00328893443821883,-0.00118557968669763,-0.0374172689195063,-0.00906898235975087,0.0295215395011147,0.0142131285390129,0.055361691696327,-0.0731864674546549,-0.0649631383660523,-0.0482618170760914,-0.0169296247895683,-0.00919653952071437,0.00347927780282228,0.00727580648011899,0.00931203734025272,-0.000317394606991788,-0.00272245205537551
-0.00538999874695282,-0.00339100422904008,0.00237021092200263,0.00521115927440107,0.00199787524618645,-0.00456257860668703,0.00146741932977891,0.00505160452682608,0.00397711878511801,-0.0088600804698414,0.00061800682184169,0.00457666659695129,-0.000220633704225165,0.000708999962468168,0.00263798122262039,0.00102809489714463,0.00364180560090558,-0.000338650116533874,-0.00785392500116803,0.00873975385118437,-0.00268343020269259,-0.0026441261861488,9.5521180781385e-05,0.000953800443772492,-0.0073928719124796,0.00595477026194499,0.00154513125196251,0.00581404006466044,-0.000506028525493279,-0.00334249929144474,-0.00487936849906279,0.00151617680212218,-0.00602579424362011,0.0118817711969083,0.0781626921528427,0.0253762298484628,0.0829637396294806,-0.0370559506767809,0.0365247563434686,-0.0248888825013597,0.103541631765451,0.0342259640160404,0.0235700311134819,0.0211639700256459,0.0222813922098739,-0.0305104115721932,-0.0104058666304024,0.000784945656998279,0.000902390602025975
-0.00087514058034809,0.00245176923009149,0.00133864457778687,-0.00176070581460065,-0.00281920473495639,0.00434823437792368,0.00222826024492044,-0.00190370519387072,-0.00140396540865321,0.00653214622717288,0.00124888221984668,-0.00447814699018613,0.00214479133788396,-0.00319144801758648,0.00204911317477933,-0.00530966306159442,0.00104686724292436,-0.00117953778250542,0.00521283603065342,-0.00299087423230433,0.00322249602330776,0.0102153845716935,9.69966895794771e-05,0.00487592634315859,-0.00229561428732214,-0.00583151089121273,-0.00204699981291808,0.000771828534235672,-0.000201604159532034,-0.00229850844956109,0.00126811725945895,-0.00250796981058352,0.00501590929869592,-0.00286283948534508,-0.103638611424529,-0.0194187027057938,-0.104847295249818,-0.0151429624404053,-0.0274262615586635,-0.00702958831962762,-0.0769839510202343,-0.0197306178442008,0.0158238718619343,-0.0369232127385405,-0.0127248973492605,0.0267125504885731,0.00896114554897399,-0.00172832401706027,-0.000696261942227868
0.00564303507084606,0.00230523336696536,-0.00330845222362538,-0.00342810729535292,0.00472808794647996,0.00269454613688085,-0.00031878270285575,-0.000706531711400625,-0.00151029240413241,-0.00240493103369032,0.000427194192070209,0.00164241455161599,0.000657220783809457,0.00306142630547628,-0.0020811326013506,0.0042115569468217,0.000363509591151589,-0.00122743441262121,-0.00231243196776227,-0.00165487660490243,-0.00369369284112108,-0.0134182318692364,1.8759005827193e-05,-0.00556839390097227,0.0015390824224954,0.0013117288709037,-0.00644943907141744,-0.00292562551178873,0.0011346316615375,-0.00370993104315418,-0.00235215152066243,0.00277490498728681,-0.00126315213548346,-0.0133992911984929,0.0788322630049246,-0.0214380721177342,0.0362528262914582,-0.0242706733155894,-0.01876577906954,0.0622286043821214,0.0880464183820351,0.00260316130625521,-0.0440812024303967,-0.000797096275927209,-0.0160813356008433,-0.00845343628651073,0.000189897398633334,0.00195186011880321,-0.00120216649746138
-0.00373656175608084,0.00178643961058676,0.00446835703282588,0.00193806531514085,-0.00648421680360367,-0.00401349706803872,-0.000245556341629587,-0.0013200884471394,0.000575074592491819,0.00185632456654934,0.000113296473373819,0.00330281983151663,-0.0014225890744912,-0.00109030235089975,-0.00144568285291195,0.00134713220613231,-0.000859651058844341,0.000648355562837633,0.00360145954729531,0.00313039146406058,7.190299491268e-05,0.0138067857543504,-0.0020809985938207,0.00227087725159635,-0.00394276057100079,-0.00430779812056803,0.00198561941761583,0.000288959634929531,-0.00226679405703534,0.000903818680903962,-0.00422446858464157,0.00047592784723368,0.000752077036026467,0.00193837412726565,-0.0541524377135716,0.0252449930837538,-0.0225789367799775,0.0302285068905315,-0.010030750186124,-0.0261865656152397,-0.0498655666961545,-0.00561561244547472,0.0363878925602828,0.0204559711541149,0.0143824553405058,-0.0120598985608503,0.0038281908317189,0.000968576628914213,0.00327700531101218
0.00143610047642321,-0.00599305329579397,-0.00422469073211862,0.000119806076914575,0.00483276898382221,0.0058037233852218,-0.00218526951632203,0.00213432763977107,0.00333321707015353,0.000420620054938994,0.000522033764022036,-0.00265784264921737,-0.00203322428406081,0.00054979084649435,0.005673100659238,-0.00377588211431561,-0.000445788852042036,0.00322896766154127,-0.00276348827302759,-0.000502211991520632,0.00697215547357553,-0.00946699040370978,-0.00347214131231725,-0.000636948351455315,0.00247883725390771,0.00193663710109992,-0.01235941978316,0.00268923666226359,-0.000372077219946469,0.000146471505422166,0.00450772531384086,-0.00280918709196533,0.00278062128189799,0.00517838719950375,0.0319706366790359,-0.00445317941170436,0.0168600382499249,0.0202808670840557,0.00277565063855155,-0.0479122372054763,0.00866638409348369,0.0478882182532876,-0.0536757234212185,-0.0101526867877073,-0.0160376603832615,0.0144697266138667,-0.00101899954908665,-0.00294496667570674,0.00139434499156594
0.00147143575447471,-0.00102135895885814,0.000938129562279193,0.00330555992056295,0.00333997106007268,-0.00473451201731572,0.00356095050978338,0.001568937771104,-0.00405974334202149,0.00214869523467318,-0.00189255268595816,-0.00084543250614052,0.00192836596497502,0.000913048299816312,-0.0108384642055345,0.00113108002154037,-0.000844858533694196,-0.00466992026272529,-0.00130618542254912,-0.00029789861231015,0.00090032602252655,0.00569036469935463,-0.00980393961559745,-0.00795626247733754,-0.00402970743943848,-0.00115712220071715,0.00431957913348458,-0.00641183584548341,0.00303916575184337,0.00109217381141009,-0.00269819502569648,0.00441196636660936,-0.00218639389079804,-0.0106037566793115,0.00624826438840778,0.0257309223071345,0.0256190675119214,-0.0112034230254492,0.0200989818949789,0.0604959084593821,0.0169907368729585,-0.0516100383276616,0.0559862934424247,-0.0200198396977356,0.00695712426436639,0.00671710371901908,-0.00293255388047919,0.0042866487163052,-0.00254656915626374
-0.00159299658906372,0.00638066749465689,-0.000228514508913878,-0.00303159486709073,-0.00147403277773122,0.00488060639857234,-0.0061995422807364,-0.00448206885442643,0.000104486624071492,-0.0024132410353447,0.00253669828826383,0.00108602400570646,0.00178040520582342,-0.00318298737577939,0.00960382719204803,-0.000166083049460048,0.000668576166040089,0.0016896074622638,0.00564375331975718,-0.000815643234191431,-0.00386930441221468,-0.00247561816014098,0.0118619904283876,-0.00549221503290527,-0.00322084868848063,-0.00343754734311788,-0.00574171215737652,-0.000929691398721746,0.000134956549305995,-0.00351412988713931,0.00563088332919698,-0.00813634490040535,-8.78301258545253e-05,0.0187265065623457,-0.0396771220505134,-0.051642311313027,0.0408244450998435,0.0189314187479708,-0.0330071696826395,0.0335952815722566,-0.019418824363158,0.0540982926364352,-0.0152359639132541,0.0335619605955829,0.0163769079010495,-0.0220178652448509,0.0133721839481952,-0.00331740506782967,0.000353374121874139
-0.00252313288994054,-0.00192650760837959,0.00162626731653872,-0.000295811583140213,-0.003766470069127,-0.00652338536020577,0.0061431562632308,0.00523957117315975,0.00794001036798561,0.000717833064683887,-0.00231590671902953,0.000234449950833491,-0.0013989100152824,0.00204374748274239,-0.00392524163065049,-0.000446630911173504,0.00222089036311057,0.000666492226217567,-8.73669074324098e-05,0.00271061064262369,3.21202205528044e-05,0.00368025312481737,-0.00657195406922722,0.014618695177691,0.00988170248884113,0.00639569135709372,0.00272490392136816,0.0126859407616433,-0.0046670859918906,-0.00491614593702308,-0.00261727241535426,0.00498022091051237,0.00043246247016911,-0.00520524684770429,0.0439253093916092,0.0343896842076406,-0.0763406813826029,-0.0761116827013801,0.0443321006704305,-0.0582656373699574,-0.0211084009609846,-0.0529661085187682,-0.0294897379078573,-0.018430969876199,-0.0163045337045665,0.0215146767141612,-0.00708305445586143,-0.000723696397033126,0.00299102868253337
0.00207730885094293,-0.00334773259667286,-0.00347345272391876,0.00190564133338941,0.00360258131096915,0.00297845302711972,-0.00171943877364583,0.000135556963530065,-0.00513067531680533,0.00334932671238286,0.00150328248141159,-0.000864351130749196,-0.00375817862380298,0.00178300134092422,0.00312492074406153,0.00281071587791213,-0.00534305050966774,-0.00388922036236542,-0.00612814254262125,-0.00483115746313639,0.00241170508008445,-0.00645589964834789,0.00298138384635054,-0.0135321379931964,-0.00450730936473812,-0.00694130747739308,0.00248126734039672,-0.0113340586141297,0.00486824232019063,0.00557108758968682,-0.00296193987063401,0.000808037048432547,0.000778588767575153,-0.00393423315043642,-0.0333238225617717,-0.0207555040930455,0.00214344595295005,0.00573807141605948,-0.0383966834821167,0.0416138786327639,-0.0242092989716179,-0.0053526959852378,0.0577452507375353,0.0304265248424174,-0.0134271183233777,-0.0137210795186517,-0.000801247853118713,0.00399791450223838,-0.00183807166423624
0.00337969052204517,0.00191537005749541,0.00163674718326726,-2.13086488913816e-05,-0.00441598096068629,-0.000434893265292637,0.000526732679411705,-0.000885919776501665,-0.0015879343114703,-0.00226673959360788,-0.0035102233766965,-0.00148356956658204,0.0048327750059968,-0.00238968317599467,-0.00205523277522089,-0.00153529138145515,0.00668894032070198,0.00343964211143574,0.00573739167154634,0.00215198526626665,-0.00415310454719745,0.00738750981461697,-0.00263306948649904,0.00723218815936824,0.0015914335957374,0.00751052573916483,0.000881979662302856,0.00103186840807048,0.00566597658481478,-0.00253403152050463,0.00172598455114241,-0.00299787516922648,-0.000527572369833599,-0.0042014016353874,0.0337846057693702,-0.00117859375258427,0.0587059138781467,0.0743427061157653,-0.000355935495432013,0.0430901069035067,0.0455708568864155,0.0461484470837262,-0.0519941010755907,-0.0362420922134588,0.0219859634495801,-0.00346265039613391,0.00694271376037664,-0.0031770942018354,0.000425605629240989
-0.00233115361976772,0.00104606042934542,-0.000939110113685189,3.20564210664325e-05,0.00262878473466686,0.00262251778837698,-0.00170900224599257,-0.00322606942988884,-0.00102337465734264,-0.000215636952834926,0.00513056747600107,0.00485503411972099,-0.000292882876903235,0.00324457454612094,0.00202644247106368,0.000593005339642177,-0.00275284470507198,0.00272784249991897,-0.00025174342023917,0.00212259687756327,0.0021301677511972,-0.00473091415506129,0.00615994168516057,-0.000102057030336375,0.00312521255666417,-0.00388419517932193,0.000286836391490283,0.00167840185857032,-0.00346244033228095,0.000929615224725889,0.000317986340214557,0.00085025702389278,0.00209906423420569,0.0109657418419851,-0.0321004199039825,0.0603525206691011,-0.0188280937580398,-0.132077425234749,-0.00794080909323683,-0.0923577412708048,-0.0765482694196328,-0.045312381918116,0.00582070322257133,0.00741412549217728,-0.0305404330839007,0.0190770216123562,-0.00751919061019407,-0.00111794436429367,-0.00309198986521843
-0.000756773075244398,-0.00292192978027533,0.00442089961786905,-0.000433632645616066,0.000310391928614501,-0.00432540161744601,0.00020194020181526,0.00198883544441131,0.003185128717233,-0.000725776546210361,-0.00360592914650747,-0.00386847874106061,-0.00358375560195697,0.000134009269186946,0.00215275216620519,-0.000276980684426027,-0.000983008406205239,-0.00433679401457333,0.00132301310857732,0.000204728076245727,-0.00286959297890075,0.0014823728988344,-0.00351335800981896,-0.00747502180360876,0.00109919258311919,0.00528353863748737,0.00696521451600688,0.00385934135467398,0.00179148306218978,-0.00293202627825639,-0.00046626529364098,0.00205525339404733,-0.00320597311647988,-0.0246139940154243,-0.00188750205817759,-0.0835651053756772,-0.0266478321361739,0.113486793850663,0.011250384753431,0.0737374142570423,0.0728418127691202,-0.0230516631942385,0.00222505401417744,0.0236290149821342,0.0267030755767142,-0.016961044032067,0.00146038187278283,-4.39536059368571e-05,0.00455073370798084
0.00230376513954411,0.00528295723083618,-0.00328648104052735,-0.00145773235960502,-0.00126257308586737,0.00415751431290914,0.000983038144190094,-0.000728983019439807,0.00104054374559899,-0.00405100178632184,0.00217469719375319,0.000786740066248606,0.00164740164966313,-0.00150171282381087,-0.00524296631297942,6.99646229036419e-06,0.00241099308659082,0.000107427948993466,-0.00345514694548841,-0.00335249364215829,0.00398032550419442,-0.00296507839992507,0.00769615565021228,0.000974614350068473,0.00212827804406999,0.00254475780123999,-0.00296720959819613,-0.00842219166235586,0.0014594666358982,0.00713903104290841,-0.00106839732251047,-0.00218733645142528,-3.53005651972981e-05,0.0282345357363286,0.0382975354474242,0.0347694398004425,0.0344369796074698,-0.0357680247255789,-0.0100334107299526,-0.0179146374596696,-0.0313833680357529,0.0418685723881168,-0.0169393479879048,-0.0374726389037309,-0.0192251470702896,0.0156588365056567,0.00572132118203982,0.00110528773300432,-0.002197794082101
-0.0011592222841813,-0.00498722706996589,8.19125828255213e-05,0.000606704333292592,0.00122715796991583,-0.00164372750742989,-0.0018021484997526,0.000390897019158785,-0.00172340632716698,0.00495963581256808,-0.0021033706764428,0.0012032519742044,-0.000482422402279322,-0.00210923836030556,0.00142621569723161,-0.00178252294971135,-0.00197733672288667,-0.00154695004013886,0.00150733851314566,0.00315710258715454,-0.00519687589941567,0.00278610593477944,-0.0115423234591654,0.00122219682830443,0.00953205699653703,-0.00336308847082782,0.00592160545333109,0.00506314424964904,0.00272040683945935,-0.00421249717738108,0.00206829450876644,0.0029568980642692,0.00303963975152338,-0.00544255965169054,0.00458890880788291,0.044436876476938,-0.00913355451014926,0.0161567242518056,0.0184773790482964,-0.053743278978534,-0.0266377882695265,-0.00720870389177202,0.0298219265410018,0.0248902360581268,0.000124283874178733,-0.009019280092638,-0.00814460403912393,0.00115326047116022,-0.00231357398138964
0.0026138374396192,0.000792008881685872,0.0016355545144318,0.000809509215737798,0.000642584194268792,-0.00141021292883979,0.00196279515183735,-1.97863414775096e-05,-0.00165782578417557,-0.00211331500318916,-0.0022017584105576,-0.00244913019543519,0.00179893020937083,0.00333011335036264,-0.00117700035538683,0.00125338468733528,-0.00196666397162615,0.00502307082616802,-0.00151934867362131,-0.00227880175382252,0.00137132205640302,-0.00242890745338606,0.0115096334203698,0.0103162896948716,-0.00747372828468773,0.00593727988648418,-0.00179080376337655,-0.00458410452007049,0.000652686832375814,0.000237876305572551,-0.00104359173560407,-0.00333505287797188,-0.00389605675187691,-0.00117293639202062,-0.0227489693372895,-0.000798954912562787,0.0250257077719591,-0.0316595208674577,-0.026393950860705,0.0746380480611253,0.0532534589520369,-0.0317582878323567,-0.0224450083540002,-0.00609513641086015,-0.00752040919987083,0.00373512655095742,0.00307734723372955,-0.0030323472758614,0.00499849866130372
0.000657344549128484,0.00120339263218503,0.000155142874937886,-0.00280255008457312,-0.00122328516316605,0.00148110586150949,0.000467309187865079,-0.000816175444471595,0.00102273571999355,0.00172701228190644,0.00434674520252487,0.00434127255185697,-0.000920962290932232,-0.00438986851263868,0.000323424832796475,0.00142691631507791,0.00507013671806502,-0.000600957558518281,-0.000345966759984006,0.00109104084417751,0.00144174871638665,0.00302818477653607,-0.00303738996470495,-0.0181907097741768,-0.00013500877127404,-0.00547000477374453,0.00210186885709557,0.00284092745945537,1.39497300076161e-05,0.0004721651214976,-0.00117825378107843,0.000667410936514345,0.00312140494550657,0.00109127914529906,-0.00727240378057007,-0.0722823998482897,-0.0463558868751382,0.0302424246748028,0.0706925608618094,-0.0701421521749399,-0.0361643763615156,0.011732068587271,0.026278900824626,0.00899112238554061,-0.000306227248053113,0.00230441939004686,0.0026710678377948,0.00323934455659004,-0.00567411204495451
-0.00491748490323977,7.70462877793584e-07,0.000654335482891616,0.00165800308582381,0.000384917266037207,-0.00330663607852702,-0.000337778040348374,0.00229892031572902,0.00160583797379987,-0.00233030383938502,-0.00375400348979036,-0.0027474732255145,5.35979139620627e-05,0.00371284527195711,0.00101159558531821,-0.000406196339310853,-0.00350655846879546,0.000172145829852368,0.00421353383096983,-0.000180395358982345,-0.00357072844915689,0.000308736038205183,-0.00137409698757553,0.0139690630187678,0.00426491619070479,0.00565600215744019,0.00282550555386406,0.000672268687796879,0.00172361131071937,0.000402157425649627,0.00424091948682417,0.00253652417906274,-0.000776392752240441,-0.00383302672247236,-0.00232456172156327,0.0463259455630317,0.0292285547139173,0.00261608842371244,-0.0456523188117026,0.0481182398287413,0.0119163780209035,0.0247639665007955,-0.0212212903323537,-0.0150886310227216,0.0125583141290504,-0.00417258129972393,-0.00134932105722703,-0.00219532817971041,0.00305858083767255
0.000442430453240169,0.000806471651447373,-0.000149497076477356,-0.000838335525177513,-0.00149592655996053,0.00854851746771847,-0.00243098636966303,-0.00317005496196929,-0.00134763426446586,0.00216155673966741,0.00282453343315286,-0.00137249334010059,-0.000652175582882056,-0.00159981993606097,-0.00137928741686801,-0.000841903801417351,0.00345797674932536,-0.00362836172799408,-0.00209909438464973,-0.00311895423518429,0.00228137816758892,0.00128762636216532,0.00058158342288106,-0.00127482416099983,-0.00474741685369118,-0.00306016618044951,-0.0129919962947659,-0.000829941166098275,-0.00310943346180386,-0.00434597752702783,-0.0051181532681098,-0.00348112521251671,-0.00315478906464798,-0.00214123705820491,0.0100792845899535,-0.02102564733315,0.0117462535644975,-0.000276913446357281,-0.0141543205051421,0.0108758820631009,-0.0187857471443975,-0.0241185539229795,-0.00431625519910533,0.0145536182906721,-0.0135767602878559,0.00515623667810364,0.00462668717563033,0.00164901664553591,-0.00317628081711146
0.00755452290572986,0.000175505193517658,-0.00215107987838847,-0.000601575060123671,0.0017627776190144,-0.00663507810736777,0.000696715971063969,0.000765415199862671,-0.00110770500924405,-0.000395826267305612,0.000159203041108804,0.00275644432855514,0.00103031729029475,0.00333549127955065,0.000383907661441115,-0.000664906291820373,-0.00360011368158703,0.00256059100572694,-0.000887554592148675,0.00442562005142047,0.00291450608625225,-0.00247137087208369,-0.00852933654370666,-0.00536362405993414,0.00613131363598922,-0.00316278268345392,0.00451955648539204,-0.00264020751522115,0.00153320329843472,0.000831840218031957,0.00199139969240236,0.000818868282747189,0.00486836103730903,0.00450554487345321,0.0258801449335458,0.0277710999992155,-0.0363814048130663,-0.0588780690040889,-0.0126845642457153,-0.00673204900295453,0.0365514240490218,0.0172172014767532,-0.00103021287677676,-0.0322928062075654,0.0109923683485711,0.00050568130824433,-0.00432958109396462,-0.00246139258988598,0.00525059087249858
-0.00627720198012259,0.00139463889347787,0.00130615677782854,0.000632983842438562,-0.00135284992977113,-0.00175337350294755,0.000597603309648691,0.0018220355383782,0.00341289000756828,0.000422152316214066,1.42786904340202e-05,-0.000991711270533586,0.000843401411894558,-0.00252738724112382,-0.00122363731943249,-0.00132208339410985,0.00374917715006073,0.000641247760437016,0.00364806731300604,-0.0015547347999559,-0.00153004876558207,0.00116926776042831,0.0058036318427019,0.000501864405380109,-0.0151515610850164,0.0032966800759518,-0.00240477920855025,0.00149180708779439,-0.00217798724542934,0.00176848916900943,-0.00222578770049785,0.000246042639455792,-0.0032600869117032,0.0024115580207447,-0.0349697777928548,-0.0113182176798207,0.0533596493626418,0.0446767481719678,0.0304908513433706,-0.0238512780066146,-0.0578842175771531,-0.000592867163305477,0.000867552636150345,0.0314173902772829,-0.00997682048905104,0.00626504357505707,-0.00145986698171177,0.00075848489558788,-0.00410045603605773
0.00187046143776212,-0.00206039072344027,-0.00122558158712195,0.000678132428329141,0.000478384224109715,0.00319599285623123,0.00220575201465922,-0.000812802182985888,-0.00311677639517433,-0.00143720405103189,-0.0016103173005814,0.00172407718652886,-0.00295133169020261,0.000734755240848094,0.0012334627699472,0.00174134716332114,-0.00146898349413337,-0.00255442419757081,-0.00184625960914796,-0.00236810887148731,0.000803166232815984,0.0026426113672228,-0.000534610748253395,-0.00146061527652526,0.00487827094482942,-0.00447494019957817,-0.00224324360622331,0.000297094287919478,-0.000831272121225008,-0.0056596816645071,-0.000740832035207736,-7.66462106303427e-05,0.00212276654740867,-0.00560658502345465,0.014426859553206,-0.0191664085332282,-0.00652727549649907,-0.0168265835137876,-0.0187554387472679,0.0104459298422755,0.0288445096268185,0.0169267959957556,0.0168933554943194,-0.0179780479054627,-0.000422818494788759,-0.00183185184046084,0.00112454269427304,0.00155584063156646,0.00373626569436181
0.000954957123495091,0.00282999185495771,0.00312179380096808,0.0015077648531545,0.00196321708969761,0.00124359019562722,-0.000831936285643005,-9.78817344160032e-06,0.00185573711080861,0.00056002233091037,-0.000319922709826647,-0.00475401574071828,0.00238288662764677,-3.9143862835149e-05,0.000365924317867096,-0.000265273761893198,-0.000610858345892973,0.00210027460549229,0.000590096654327289,0.00338189098703903,0.00177302586234447,-0.00193004717299359,-0.00292961280478017,0.0103994110556611,0.0111850753767917,0.00563779911515994,-0.00215423824693661,-0.000855128102619094,-0.00242588102005541,-0.000427849573987893,0.000814594161674717,-0.000892847167055091,-0.0016042934638983,0.00230781373410271,0.00743504011151674,0.0305392155689673,-0.0044502446036224,0.00283490286265631,0.0173853807785869,-0.00714776837570989,-0.028549830035082,-0.00286837098506319,-0.00723143889227936,0.00662158136551856,0.0115869381054622,0.00195308261312043,0.00479559522596386,-0.00236027399177279,-0.0027655963479106
-0.00107696135710638,-0.00201756325855293,0.00100413199165785,-0.000655443204020388,-0.00230238590115735,-0.00105697387393157,0.0010223380665121,0.000681011476969663,-0.0007059134875752,0.00217189728401769,0.00039001770234953,0.00310804507707583,0.00035689185705976,0.00114369860942723,-0.00173646944133962,0.00029871919798335,-0.000492094494265269,0.0010020717531284,0.000621753113412533,-5.88417992767295e-05,-0.00097346309185078,0.00172609824730734,0.00379158768808309,-0.0164474161311384,-0.0121713021815079,-0.00736154114284121,-0.00326451236241015,-7.69480879038408e-05,0.00193972129490742,-0.00173002707242211,-0.00102103658288609,0.000807692794824733,0.000366591733656021,-0.00615185443438658,-0.00836305187066704,-0.0114135491720219,-0.00139116312951913,0.0207055711281735,0.00526908972726548,0.0155894537492808,0.0183309586451969,-0.0242997561157391,0.0133141768802407,0.000630261927641512,-0.0132189837350428,-0.00794239113373297,-0.00294381713200713,0.00258374131643138,0.000882357705334
-0.000180370795559073,0.000178302534969216,-0.00352807196734704,-0.00118176374760365,0.00255500329106913,-0.00235766441330944,-0.00105684394292628,-0.00130008253481526,0.00133678123209687,-0.00176581811010346,0.000302688238488693,-0.00103367252910657,-0.000910873308492498,-0.000716006484264769,0.000629537703891614,0.00225222624457676,0.00127259817411573,-0.00152730838294454,-0.00320142677259451,-0.00184724980855943,0.00060262895102623,-0.000157689038624908,-0.00499562578374956,0.0049891644063367,0.00411208652306894,-6.04024824475691e-06,0.0039053440714103,0.00348457837561589,0.000166232002913325,0.00223845392837167,0.00325094620498034,0.000668012172956312,0.00165522332599918,0.00506321031516737,0.0140507966138276,-0.00487195157160893,-0.016608128974506,-0.028330055907257,-0.038520270765865,-0.0143735338248531,0.00399286626176998,0.0158060741169652,-0.0114313024833235,-0.0015561012295107,0.00958028388957225,0.00261257969757681,0.00231485881156977,-4.61074106964418e-05,-2.8566836158074e-05
-0.000213389049178814,-0.000848513189401226,0.000596016979375258,-0.000456029294547049,-0.00394888392897831,0.00181013149860336,-7.6620754053975e-06,0.00337252608526149,-0.000815931504162704,0.00161763416211145,-0.000330990423914438,0.000568566601530599,0.000693611426835023,-0.000428192155575061,0.00195248835960813,-0.00191811996998256,-0.000396209945270126,-0.000418333535750461,0.00242568703564342,0.000262182085717658,-0.000568867853503248,-0.000191875469980828,0.00440588453118406,0.00405119961426961,-0.00111745888013282,0.0050820189446342,-0.000104085746284226,-0.00447831991005787,0.000368451783376689,-0.000148587899658745,-0.000386397775232174,-0.00130309210924807,-0.00112004234121671,0.00413870765256507,-0.0131056878469426,0.00125479430887817,0.032032324953416,0.0198416586607452,0.00154208626765831,-0.00694426823882877,-0.015996044578946,0.00557835157312525,0.00196636094737592,0.00262875930652757,-0.00963826876134785,0.00383623835996477,-0.00199972265098105,-0.00124942027464951,-0.000435048687448094
0.000699973474355528,0.0020783484322169,0.000850344711579206,0.00135520032891809,0.00220542561911523,0.00122376937293695,-0.000373463237829308,-0.00231332630950098,0.000730931758514891,-0.00360765638893553,0.00217468060593044,6.60930352529756e-05,-0.0010343480263005,0.00104884703981113,-0.00113083975768264,8.07713320567544e-05,-0.00158396029850329,0.00221902528379941,-0.000262706273807445,-0.000594572218561175,-0.00178001031166939,-0.00315643836095704,0.000899311371581842,-0.00129229586860095,0.00334296072088571,0.00133167360718114,-0.0008454099286422,0.00207961635494966,0.000286126386908586,-0.000859377869734002,-0.00183318392687348,0.000214364853625484,0.000338259808065817,-0.0100376437525932,0.0154644338056079,0.00249018587607209,-0.020814375290568,0.00500079694100395,0.0173863534145399,0.0157038869780726,0.0108808026205959,-0.0184437143599377,-0.008975785776423,0.00183053556428425,-0.000775306005551217,0.000286004501346235,0.000137732505179746,-0.000385986603928456,-0.000483021966328208
0.000764587483278841,-0.00114256191897415,0.000601725143833198,-0.000588054199635759,-0.00017568661946233,-0.00228311030567735,-0.000468031727689647,0.000354867522537474,-0.00150537764704276,0.00190812300394576,-0.000801326256979137,0.000202733749463423,-4.43536387696266e-05,-0.00144879934823703,-0.00025177140877185,-9.70882927163003e-05,0.00185960319296652,-0.0013328518292276,-0.000605429195610012,0.000863229788153623,0.00103503819546685,0.00387632053751585,-0.00346228921888703,-0.00619700667488947,-0.0032965831492205,-0.00550603968739316,0.00196749426833134,0.000964591445886953,0.00386368408639567,-0.000465436456628221,0.000893732142800086,-0.000325968663938289,-0.00109503962717332,0.00682692411678346,-0.00874179114924338,-0.00380636599354304,-0.0354904524718935,-0.0358445619717024,-0.0156945256604317,0.000756602485948392,3.77491288313797e-05,0.0187799528922908,0.00910118991949913,0.00307506489479256,0.0075113163218384,0.00213505869743999,-0.000572065817517835,0.00128176767525591,0.0020366655290397
-0.00139283443289725,0.00109551399041629,-0.00164241869213095,-0.000636009144177762,-0.000856302243293717,0.00107543593190063,0.000284996351585111,-0.000223671932396356,-8.35626357718411e-05,-0.00133311135227662,-0.000905538879821984,-0.000651325124960153,0.00076950666472805,0.000665068179346526,-0.000777299625111136,0.0010134415915769,0.000451356830117014,-0.000483577733628795,0.000121017104214639,-0.000749922338443489,-0.00215920566384272,-0.00193119783552184,0.000962092151666746,-0.000128186162820815,0.00318584027921076,0.00370432167052342,0.0042735648801584,-0.00239107813959803,0.000895900024870222,0.00302376300972081,-0.000145706170891088,-0.000922653128387985,0.000621131500987566,0.000195574879221701,0.000536183307231068,0.00705408545808145,0.0501593175182307,0.0281760751619192,0.00774789761427424,-0.0244328347407848,-0.00269915716043047,-0.00499599208746504,-0.0024536763898722,-0.00629579436496542,-0.00518128614721142,-0.00460274239830073,0.000808983758759318,-0.00144087615016995,-0.000299405500952659
0.000593939155748729,-0.00181237334887556,-0.000241691414243042,0.00108657430864652,0.00190368512908731,-2.2098278113533e-05,-0.000320456127685983,0.000230668645291396,0.000432244583719422,0.000706982613141141,-0.000269850461784914,0.000431455083867374,-2.83382818173298e-05,-0.000626843021465485,0.00122351583867136,-0.00189916725985784,-0.000393487747544492,0.00120908769851676,-0.00100264908437563,0.000406347607515832,-0.000253357263317813,0.000904135101623443,0.00418675154771901,0.0110674614740358,0.00151006949537943,-0.00148030911877538,0.00318260323455175,-0.00160047503835475,0.00149260558627399,-0.00149575745580221,-0.000807385636232706,0.00138816647096249,0.000143396557501638,0.00145747970382963,-0.017242827116556,-0.00913112467939657,-0.0269796189249789,-0.00353576201299026,-0.00405495574753384,0.028634554486996,0.0107704504668735,-0.0089536531535788,-0.00232462992019092,0.00111416561831485,0.00215460413999277,0.00201198669529722,0.000179661914443015,0.000143216460596692,-0.00138354185646467
0.000123437527328636,0.00182698113592829,1.73875956626824e-05,-0.000827162524445002,-0.00174709369321545,9.50580673131562e-05,0.000666228589970191,-0.000173733063643475,0.000182755883802504,-7.39021381933051e-05,0.00107615810721101,0.000641874793991193,-0.000362267897585543,0.000393065713426108,-0.00164951154350225,-0.00022015370838083,-0.00153714914224103,-0.000502017672468327,0.00116255433017378,-0.00090385911358108,-0.00153564971337246,-0.00019986656133829,-0.0019230571301662,-0.0150091763381137,0.00458917825688007,0.0045783126776513,-0.00137080570529942,0.00258880815866186,0.000856634240643736,0.000250597420547926,0.000421465547261456,-0.00146058167730852,1.60256226052289e-05,-0.00139954799072233,0.0165005620883082,0.0057568772144238,0.00452695632657194,0.0098876189265947,0.0103875397045486,-0.0163355935229819,-0.00472952598455415,-0.00633813944200433,-0.00194532957919891,0.00217832519611129,-0.00068520513750555,0.000316615039664089,-0.00088400794237634,0.0002116971054679,0.000706241656947796
-0.000787270927345251,-0.00189348822927061,0.00132227524148731,5.07090684763261e-05,0.000325623015453497,-0.000100786275928311,0.000643891855140958,-0.00127910685092826,-0.0017125032099797,0.00099237921045407,-0.00132696858797346,-0.000914441296712611,0.00112601999214348,-0.000775338677366441,0.000883054670745907,0.0010683918493686,-1.21842778068653e-05,-0.000542310988166702,-0.000332230852642814,0.000938468887065352,0.000562099547233666,0.000705984205817668,0.00177876920749836,0.0101278136045404,-0.00392614489174666,-0.00110008425769497,0.00290750308483627,-0.00120085315379559,0.000812236661691029,0.00016419691859439,-0.000105421746782089,-0.000185611570866299,-0.000471684514830251,0.00328407226183689,-0.00664747466319664,-0.00315176437543567,0.000918977379746014,-0.01303059441834,-0.00262055376769219,-0.0062911558178367,-0.00481825524533184,0.00822308453171917,0.00132799189745797,-0.0029766846600384,-0.000675612451688319,-0.000358091251404285,0.000460481383147329,0.000320025872492137,0.000243094692627801
3.56057401281924e-05,0.00118674754297101,-0.00103266585647667,8.40154505242687e-05,0.00102525181172788,8.45582273449261e-07,-0.000658049126879233,0.00100348637512315,0.00182018486226749,-0.000836901125698243,2.67639029695797e-05,0.000868067522302304,-0.000816439015929552,-0.000296625839957603,-0.000385809446770109,-0.000369728861863623,0.00226363583428364,0.00135764625532006,-0.000483016406495482,-0.000670383197190923,-0.000460853156297568,-0.000461303890451108,-0.0016969664598471,0.000246318175310888,0.00768407871997273,-0.000822657728293255,0.000353871420288992,7.8271980631317e-05,0.00162353627038703,-0.00102624048298665,0.000639432005343749,0.00123835458897333,-0.0003197790130842,-0.00330722083823539,-0.00408864962812754,-0.000632515655443652,-0.0029012829576516,0.00343609013800725,0.000516085089002205,0.0173999417934864,0.00421300083383648,-0.00133466237730045,-0.00154022907475566,-0.00152925818440971,0.000665198910258975,-0.00119490110078536,-0.000220307483887092,-5.90125655365627e-05,-0.000997023824622211
0.000649790802618526,-0.000794589537333028,-6.56860167974472e-05,-5.66334456561517e-05,-0.000908979943852705,3.13183868397011e-05,-2.98884700951331e-05,-6.02697824635789e-05,0.000698701313301567,0.000741908682567794,0.000621917485497824,-0.000766119501857492,0.000113302621889834,0.00135863240073463,0.000595053322140519,0.000697914671008139,-0.00165408126063862,-0.000589337553036987,0.000419522440209141,9.6385900718667e-05,8.94487659937664e-05,-0.00181497350499226,-1.18255140329343e-06,-0.00385219994351213,-0.00701934704174877,0.00289406092220794,-0.00245730379405231,0.000550702043567886,-0.0010501111520127,0.000306263163532921,-0.000726684092095128,-0.00141117440125361,0.000701071606755043,0.00222381137804657,0.00535452985019382,0.0029408403255876,0.00601897180716095,-0.00959273689380939,-0.00716308425732109,-0.00595058785772267,0.00462600532280865,8.82206789338483e-05,-0.00231802153823945,-0.000266837167834991,-0.00113382472366887,0.00232971898675141,-0.0010219318920894,-0.000846445605620124,0.000521226268152667
-0.000417547139523851,0.000144736799074183,0.000696800099776004,-0.00056563742737837,0.000124827011647495,0.000568460367045562,-0.000176400698742808,-1.60280759483608e-05,-0.0015645764811969,0.000364018845473879,-0.00087272254568295,0.000272878189609317,0.000202521429491309,-0.000674414413311441,-0.000698575851293193,-0.000688047681514647,0.000752506035662576,0.000708398244859072,-3.05010669127094e-06,0.000349930242215032,0.000788307712991968,0.00234839746039412,0.00147689693677645,0.000199953676345066,0.00281714403113806,-0.00175404838897325,-0.000112742910928595,-0.00114902818296336,-0.000965382038165222,-0.000645524152353269,0.00037085548853878,0.000683405551345925,-0.000126921955591627,-0.00138840634502804,-0.00458774047855484,0.0109329877236462,-0.0152303401505409,0.0108453626908053,0.00837647541186783,-0.00239097921289759,-0.00144381435140356,-0.00195144639108964,0.000303577022128404,0.00131539842713867,-0.000183555522910245,0.00196677533654471,0.000471758030759556,0.000501475491495474,0.000323584874250426
7.3726119935255e-05,0.000454471752110381,-0.000130290311459598,0.00132638202979511,0.00106598009115322,8.42052227011435e-05,0.000478329728100137,0.000152972886844411,8.9126192777855e-05,-0.000920379558636363,0.000474970365299082,8.34832489390815e-05,-0.000304304992984292,0.000186824951396893,0.000832936032788619,0.000555568253516845,-0.000721461612757743,-0.000762397017649385,-0.000348924393298468,0.000235464457076185,0.000834360077823615,-0.000702476698381593,-0.00106931897748748,0.000782645606986015,-0.00117388473488803,0.000983856917685114,-0.00368069888598102,0.00041588711412982,-0.000965172909705478,-0.00102588092070087,-0.000967007774954148,-0.000135705121942616,0.000535775770039587,-0.000311681562044241,0.00263307703478477,-0.0147320822856337,0.0126807496420394,0.00366403910562771,-0.00925714009785635,0.00270201201401487,-0.00761809738265547,0.00690868597639232,0.00425635047927161,0.00116246860240489,0.00232109031058522,-0.0022983457964541,0.000432122188263631,0.000409696816509387,0.000198689213979065
-0.000516996144851834,0.000335669629088731,-7.55261713749069e-05,-0.000842626373917588,-0.000869714790002583,-0.000278637133981317,-0.000140971399193967,9.61096002279965e-05,0.00191000662169028,-0.000231113628501931,-0.000229060517414849,0.000256429502080689,0.000352003782004689,0.000436148218134941,-0.000542726594458419,-0.000376219583699525,0.0007622403779291,0.00070207563238565,0.000834672277068533,-0.000402689186348044,0.000784769113065003,0.00016430837263661,-0.00205400140926368,0.00263905264540412,-0.00287252133212745,-0.00528301550699678,-0.000931377801658223,-0.000373813550810689,-0.00110082591457805,-0.0011278405845534,0.000162996953987624,0.000505982614114222,0.000242535768899412,0.000143475222122559,0.00586668292193407,0.00199828370302703,-0.000278824449390418,-0.00673261071923725,0.00628724513194443,-0.00714454492098764,0.00409418216767976,-0.00473311638194638,-0.00247793452542107,-0.000955066568696305,-0.000141386583997331,0.00217688054663695,0.000592953940898599,0.00046470276919415,5.04093403208518e-06
0.000329626000413009,-0.000515413067549175,0.000331535834028467,0.000576170835132887,0.000554530328846132,0.000263229743127841,0.000140674514325437,0.00023602919075659,-0.00102457448131123,0.000405751485450366,0.000499266162467607,-0.000206728177201997,-0.000188605470402647,-0.000388057610134145,0.000718067005175842,0.000376075728609989,5.85518924272365e-05,-0.000360354995265664,-9.71565239354037e-05,0.000662467749905222,0.000790896815546524,0.000113308922938281,-0.000436920379048238,-0.00321887284868917,-0.000892535695240691,0.000268641080714005,-0.00234176571660868,0.0003406738497293,-0.00134944274297452,-0.000495989603082614,-0.000393158252573578,-0.000731497777153992,-0.000366269321699706,-0.00151441251400758,-0.00179464569713811,0.00330761225350799,0.00155870368608056,0.00384954659432193,0.00507146246158835,0.00261494079879392,0.000550035906401833,0.00374558687199927,0.00108546641959476,0.00140797926126848,-0.00108463216277338,0.000482065254970642,-0.000373587167298479,-0.000329542271306324,-0.000342521664620088
0.000367188459796951,0.000828634131230776,0.000384780311512767,-0.000208622198623667,-0.000169838269798917,0.000289587556319071,-6.78684616497039e-06,-1.41598668707257e-05,0.000344592613016255,0.000432940284787936,-0.000318692203048933,0.000140966668934358,0.000327419901967124,0.000238325513797975,-0.000562136206883052,-0.000153363449358915,-0.000453121275115154,0.000446968815477415,0.000421951613235786,-0.00025968286720722,0.000476061848888222,4.50999663026402e-05,-0.00102127618741903,0.00140944869346126,-0.00319503360944221,-0.000846882131672472,-0.0022532519059153,0.000564663471825072,-0.00017125683984906,-0.000791436192214889,0.000350425374157082,0.000348803986932114,0.000848375034389945,-0.000153357604287137,0.00106274615830869,-0.00302358760596028,0.00591570358486801,0.00299055018404564,-0.0118403403955212,0.00530639716067487,0.0015071317259764,0.00165056523846175,0.00126171519028162,-0.00208080761645879,0.00215770067544918,0.00151451960108843,0.000211904719972122,0.000139035435948609,0.000594007806711009
-0.000212566311954535,-0.000830476239691652,-0.000617518061684366,0.000601798368392015,0.00011947474215062,-0.000678620475061999,0.000149280519771804,0.000343793986449393,1.80450409470881e-05,-0.000241213585364998,0.000437043484389495,0.00010041722772471,-0.000144694231866249,0.000298774853401637,0.000228182092709879,0.000237102752614082,0.000532167721175316,-0.000309714943963615,-3.42623680544192e-05,0.000145607180175288,0.000793763403924341,-7.34759541926155e-05,-0.000185569394126093,-0.000305254775223363,0.00160421786194215,-0.00163765868609525,-0.000412869789888741,-0.000897876855554203,-0.000955495641191184,-0.000468354394076425,0.000156660897331545,-6.3340990395247e-05,-0.00078065204566371,3.50805958655156e-05,0.00226487570219958,-0.00202806458844981,-0.00177293069569068,-0.000877975246903206,0.00808724996955962,-0.00370048981036002,-0.003190601411097,-0.00618261694618855,-0.000502792497630425,0.00104884118268841,-0.00156289311968679,-0.00065979507640454,0.000444082945153041,0.000647315355324311,-0.000342154820797642
-0.000201177200077373,0.00036404583546368,0.000708730197720524,-0.000358141009864886,-8.37586175124165e-05,0.000682787506590208,0.000200873246331531,-8.68996832210853e-05,9.96377882809003e-05,0.000213902813633524,-0.000364973769595978,-3.66131249177797e-05,6.70915109919836e-05,-0.000200280253703061,6.89558095290192e-06,-7.36867925965013e-05,-0.00024704087133548,0.000215953505863805,-1.78449176158231e-06,2.0465975969716e-05,-0.000132745750017788,-0.000168870680223976,-0.000363774186436433,6.84186870210379e-05,-0.00152909285790351,0.000777693485855324,0.000133899751031764,0.000341612368041648,-6.86863483849234e-05,-0.000176227032821557,-0.000269984191088188,0.00013513822206572,0.000716926885124041,-3.5252277821916e-05,0.00153014882419989,0.000310645293291528,-0.000794119878808043,-0.00105699317716526,-0.00580281431197929,0.00435637475140437,0.000232131080283547,0.00470606955120947,-0.000421783133003215,-0.000460322006555283,0.000588921159320716,0.000319801353769134,-0.00029311758677527,-0.000690539059649476,0.000163500623801752
0.000439320261686138,-0.000138806727011531,-0.00037129203578082,0.000134875036480459,-8.76145839154227e-05,-0.000281589595266331,-0.000192565756881737,0.00018824210184266,0.000156598114404454,-0.000162194639049543,0.000167766628867646,0.000152856723028383,-0.000138294964207295,-2.4607671266124e-05,4.70777944826754e-05,9.88271086599206e-05,0.000147713904942887,-7.47542267771147e-05,-1.85591918168415e-06,-0.000183653414619175,-0.000703919590145102,0.0001953823722005,0.000279451600621428,-0.000440581531428369,0.00118645143101991,6.77612303833508e-05,0.000985615738399601,0.000208458623649266,0.000753982161973116,0.000166078936798861,-2.08671942064642e-06,-0.000237068385687055,-0.000424934837614518,6.03736749182869e-05,-0.00385094350246651,0.00103915090419561,0.000758301302942896,0.00129842615908793,0.0032268100181793,-0.00456838574698135,-0.000199628588338219,-0.000755001010339512,0.00122638349608049,0.000882566797949444,-0.000634889056872423,0.0004922510828336,0.000167962364575811,0.000464670367149733,0.000126742073634598
-0.00022206710191193,-9.65081052419457e-06,-4.52649789555648e-05,3.11567866177927e-06,-0.000141476639323121,-0.000108665076556172,-2.88284121719986e-05,-0.000402540471721682,-0.000396137513767221,0.000226513070171906,-5.7328339221296e-05,-0.000321628735074903,0.000232844858662862,-3.67464604257989e-05,1.59826784990073e-05,-0.000417829335169606,-0.000105577365904491,0.000191374734419917,-0.00031253855842204,5.03964336437245e-05,-0.000237976129422439,-0.000171457350808462,0.000729551867043959,0.000168877215959845,0.00144086226637163,0.00126410322527151,0.00129116174314757,-0.00027010881702233,0.00081302884790041,0.000353613445827537,0.000177540911349458,-6.19726238573343e-05,-0.000109234051109338,0.00110537130374099,0.000942559291903143,-0.000617291330183248,-0.0016267471904153,-0.0021417573323235,0.0016153913761511,0.00199736280036346,0.00153635224219028,-0.00123918024082503,-0.00131664485033771,-0.000916105885392919,5.13601088745069e-05,-0.00101164465129479,-0.000117675359587503,-0.000404518639066945,-0.00011880039808634
-0.000277956455261068,-6.7696066616137e-05,-0.000174048310264524,-0.000168100091056283,0.000212857060947453,0.000146477013454431,-4.31253783901111e-05,7.08112915845816e-06,-0.000204345926915579,-0.000281726095322756,0.00010681300545443,3.16329752292118e-05,-0.000217789655614484,-0.000273501087022182,-0.000209925024329605,0.000222638223017155,0.000106537158208755,-0.000243102280718527,-5.47529205630094e-05,-0.000133471620645701,-0.000730327161790602,0.000137300222613745,0.000878844739121171,-2.88869827054228e-05,0.00174742647160053,0.001216915419196,0.00208787702717649,-0.000203789471575525,0.00140279009411098,0.000644672807590993,-8.40934666810449e-05,-0.000116118148366942,3.48550712176449e-05,-7.80550124746607e-05,-0.00220781499088423,-4.89780218654728e-05,-0.00144836938014618,0.00172429122717682,-0.00152018872654035,-0.00146524091986064,-0.000328256822490911,-0.000705095971147138,-0.000616375892671772,0.000127573945464317,-0.000915588153024602,1.40172744795414e-06,-6.71684652216384e-05,-0.000143311518336699,-0.000207949812053745
0.000405837296339175,-0.00033723076810657,-0.000118453012855801,8.82253507339631e-06,-0.000211021361577868,-0.000252803897027464,-5.6603568553369e-05,-0.00027381979198671,-0.00010985632801705,-0.000106279258198182,-0.000186072119231378,6.51027966486299e-05,1.7443137362589e-05,0.000130309836218491,-0.000256537644182655,-8.77103541157137e-05,-0.0001572765688899,-1.79197645971442e-05,-0.000154376838952223,-0.000107704303373636,-0.00110632015367345,-0.000117613817456889,0.00102576651188963,0.000263156734895631,0.00168183678891004,0.00117741824184373,0.00220247857392153,9.66266251768225e-05,0.0013328744120496,0.00072109468008838,0.000110914554007593,-7.79885291029691e-05,-0.000344647533461492,0.000488754165410917,-0.00107356421392145,0.00129013893333984,-0.00229693846605943,-0.00154679289547516,0.000573401839932139,-0.00198040727914742,0.00142840757883598,-0.000993633966025122,-0.00107203350828739,0.000364194967036727,-0.00023497028924002,-0.000544523142189319,-0.000206259164989252,5.07100777892566e-06,2.01624867961431e-05
-0.000120623574845729,1.94199603567955e-05,8.25836975359758e-05,-0.000190794574341756,4.91973298225373e-05,-8.90796422938584e-06,-0.000115072895342644,-9.39347048800083e-05,-0.000280304811740633,-0.000240788993510203,1.41270438277961e-05,-2.85946570728474e-05,-0.000225117234986945,-0.000396014726501675,0.000110183761505895,-0.000169657924417347,-2.1307704199244e-05,-3.980873447142e-05,-0.000283619787325195,-8.24131870879596e-05,-0.000684822714824746,-2.13981296274465e-05,0.000865638433723108,-1.20020591576342e-05,0.00191788892434569,0.00112125830481458,0.00202851808991501,-0.000213134201604653,0.00115301677586335,0.000597078600995782,-0.000119007664566691,-4.76843002689686e-05,2.20838763792617e-05,0.000435009932053927,-0.00228916905564728,-0.000110184729740614,-0.00186338560194083,-0.000141442603417249,0.000419625546122078,0.0006991398048007,0.000406657209475574,-0.000106519230413376,-0.00102889243263476,-0.000144122927456636,-0.000402111359554071,-0.000571526183235093,-8.34175997848838e-05,-0.000376979407370958,-8.59223141315884e-05
-6.88521154821606e-05,-3.73042252449773e-05,-0.000343567435971411,-1.31281937571781e-05,-7.79998116738276e-05,4.10259570729887e-05,-2.87503451346094e-06,-9.59664291217861e-05,-0.000135692452322237,-4.27777433104209e-05,6.86656320605418e-06,-0.000214019988319783,3.19502357932905e-05,-7.46358847919862e-06,-0.000171495189864056,8.83427603247302e-05,-7.5232802911376e-05,-0.000102976821109574,-0.000102306120851194,-0.000268010850611941,-0.000614364000367306,-2.43021045354119e-05,0.000818886652363071,6.38674382535953e-06,0.00130279445998172,0.00120321507831199,0.00154306109612241,-8.63053721546908e-05,0.00104309865545295,0.00036233475281644,0.000130281141514338,1.21103761851898e-05,-0.000199065014080423,0.000378655998011075,1.22864521147695e-06,0.0015750274594649,-9.1825123304759e-05,-0.000864051755175746,0.00146683693095891,-0.00137237973082402,0.000548917411568213,-0.000901494975914902,-0.000762441840096228,-0.00122510996456111,-0.000542974301349242,-0.000489708271442478,-6.24983459351566e-05,-7.35132129514246e-05,-0.000128566557110948
-2.66963400837386e-05,-3.90654253281607e-05,1.83392889021861e-05,2.84180857225425e-06,7.61119522334625e-05,-0.000177710087798023,3.45765400510383e-05,-7.46550477952203e-05,-0.000186139120225692,-7.85844350754683e-05,-0.000103788408773293,0.000147777167930113,1.11939271081607e-07,-6.84461458999239e-05,-0.000102017530240237,-0.000155888732970989,-6.17838218415351e-05,9.00025866751482e-05,-1.37970953618671e-05,2.87712071649765e-05,-0.000336169874018327,1.65602015370307e-05,0.000289585129407022,6.43639676239927e-05,0.000683660048615406,0.000387940979426543,0.000891482006735417,0.000146945945044413,0.000443036147069614,0.000283122265657375,-3.720257756408e-05,-0.000121902015473232,3.82317138907656e-06,9.72784806707247e-05,-0.00154432297580105,-0.00125202101451598,-0.000672120078123117,1.96224553426216e-05,-0.00107402847225488,-0.000370020339648829,0.000884293667178945,-0.000157496683798296,-0.000173243655210431,0.000702044062944496,-8.51632017367238e-05,9.17317057604339e-05,-0.000244472964664922,0.000127808530922646,-5.22288504601134e-05
0,0,0,0,0,0,0,0,0,0,0,0,0,0,0,0,0,0,0,0,0,0,0,0,0,0,0,0,0,0,0,0,0,0,0,0,0,0,0,0,0,0,0,0,0,0,0,0,0
