0.00138143842509822,0.00138305876453511,0.00136346617659183,0.000805033309425691,0.000360196435465532,0.000150486632211294,0.00078547308446798,0.00212698838935198,0.00270564075188047,0.00151322800801267,0.000179973769190843,7.61750424655282e-05,0.000365040530592222,0.000659181152778107,0.00118324710493349,0.000768269778822997,0.00112050680179248,0.00133294313599128,0.00103797742973163,0.00107052686286206,0.00305689012244014,0.00147247613811051,0.00160035712957632,0.00126211409892406,0.000881542189460389,0.0010733448048757,0.00193329868234828,0.00199018616083779,0.000963655427043187,8.66942185675214e-05,9.65714081389037e-05,0.000349263972888074,0.000966898262903806,0.00186385857513083,0.00210391243448115,0.00207867709989128,0.00203964429431133,0.00196522534965331,0.00178758205975228,0.0022098417907037,0.00331158261825449,0.00230182225065653,0.00123351823797537,0.000576475991317052,0.000561814007016189,0.000725632944909365,0.00172517129205847,0.00160061374338665,0.00101357246096004
0.000271535152496005,0.000295093807198255,0.000316090389118922,0.000200016763866694,7.42886448797195e-05,1.57569288120749e-05,0.000200864134972312,0.000575030957451669,0.000715358633575953,0.000490195544889954,3.4559753118043e-05,1.85342455432893e-05,0.000127451612241367,0.000156301642961463,0.000325438157559978,0.000136272437864964,0.00023887915719968,0.000325184582842573,0.000307576916492611,0.000232649969168293,0.000785950530590252,0.000264824760855865,0.000405011696914659,0.000309639406242049,0.000205208565149969,0.000201800076397804,0.000425307089277646,0.000500505215804498,0.000330367784249813,4.09586109805453e-05,1.76749247487262e-05,5.95901458993238e-05,0.000269030176342721,0.000492256699233152,0.000429535875560271,0.000376974553553596,0.000412162578702245,0.000484736712101821,0.000459483508020706,0.000475366981147628,0.000746304033458977,0.000481111779259833,0.000286429129625513,0.000147794273864406,0.000124499503591652,0.000115701136215272,0.00041676879228404,0.000416718081754763,0.000284831974960117
3.94105725397659e-06,1.01694437120443e-05,8.04961701678818e-06,7.35753269316598e-06,5.16323357258888e-06,1.59354072314795e-05,2.10332484911994e-06,1.62008483438747e-05,1.63295608303606e-05,3.37164791708201e-05,1.88572327120022e-06,1.13314925668253e-05,1.46657829543025e-05,7.81408130171114e-06,1.48221113450769e-05,4.81807857984324e-06,1.90594384110448e-06,1.77507979294903e-05,1.8396236013604e-05,2.38964504012024e-05,1.48857779913375e-06,1.5248236189262e-05,1.83045908304428e-05,6.25127622160594e-06,2.02484995739452e-05,4.36757143788751e-06,5.30281129942828e-06,1.13864553150016e-05,3.93048697454922e-05,9.2995804778506e-06,1.4676668440802e-05,8.99694700579379e-06,7.58653903142737e-06,1.41923142671243e-05,1.36608552678011e-05,1.11146168107407e-05,7.0504122562298e-06,1.96581770824406e-05,9.00715036008672e-06,8.01714487860471e-06,1.24867066551499e-06,2.36213745134526e-06,2.85170994452852e-06,3.42666279780813e-06,6.14309812885184e-06,9.5831729684149e-06,7.61238724461726e-06,1.53297601937521e-05,1.20365945656302e-05
1.24061343152167e-06,1.91689508351382e-06,1.72872195754958e-06,2.88977029088231e-06,1.32595351387323e-07,4.40485057071868e-07,2.85157089697227e-08,1.98672019296401e-06,2.27782385269416e-06,4.51830189922534e-06,7.18684950485169e-08,6.23897886132785e-06,2.32116394590787e-06,4.33066719364423e-06,3.20595157930082e-07,1.62628120898849e-07,1.6590576895514e-07,6.07678688981742e-06,2.61890633353926e-06,3.84122814558446e-06,3.73869336088844e-06,8.49431115299097e-07,5.31168904526406e-06,1.72734444158384e-08,3.17662670289454e-06,2.21212012053558e-06,2.60475672891669e-06,7.09134635439755e-06,2.99560699823324e-06,1.72830427985996e-06,3.21089427797207e-06,5.44948655305104e-06,1.64945038686669e-06,3.51500556880409e-06,4.87326137296086e-06,5.39395175532089e-06,1.03383706350459e-07,8.19084737037573e-06,1.0601020168465e-06,4.76789487606987e-06,5.20294529139743e-07,7.70655017795898e-08,1.83946300480666e-06,8.32069109251713e-07,2.18184614521513e-06,2.27672735191456e-06,8.60915031606629e-07,5.11675512249414e-06,1.97592158959851e-06
8.57066611118782e-07,8.18519872929534e-07,3.79888282362435e-07,2.02571051082916e-07,3.47659530690112e-07,7.57328523491015e-07,4.16663105708109e-07,5.55194469762118e-07,3.48042693919e-07,1.98967845722426e-06,3.13114752601662e-07,1.57370342596413e-06,1.08436059516319e-06,6.06829492205875e-07,6.69252040734197e-07,2.88870298583143e-07,2.09703887036321e-07,1.2624616295747e-07,1.02826504303146e-06,3.2898525482556e-07,5.07004638027516e-07,4.77157704085987e-10,2.2313430298538e-07,3.34628922289266e-07,6.16662353652069e-08,1.62370402711483e-07,5.04735793829665e-07,4.85798286501237e-07,3.70578546179778e-07,1.31367976831503e-06,1.67377640815578e-06,5.66243858728294e-07,7.05863861256607e-07,7.54034612682524e-07,5.28662430892789e-08,2.06203228716098e-06,8.33918279476288e-07,8.62600657697515e-08,4.12885685895342e-08,3.4065846606746e-07,5.32721036283941e-08,3.79297677731024e-07,2.44725152205656e-07,6.44680439565964e-07,4.62488086597314e-07,5.73237079863331e-07,2.55293368314776e-07,7.0725107973037e-07,7.30739476302049e-08
3.03594267114688e-07,8.61470273658079e-07,1.30840041451269e-06,1.31841303346319e-06,3.82528301331677e-08,5.35686986994427e-08,3.19064286361672e-08,6.17586944093568e-07,1.01523923602822e-06,2.67082459648375e-06,5.40313165249234e-07,2.32809595298837e-07,1.73300897564598e-06,1.21908914394105e-06,1.29865375432469e-08,1.93677858511401e-07,4.96996423330012e-07,9.51076785774294e-09,9.30209821137973e-07,3.30599846292928e-07,1.00863587663374e-07,1.02366948093688e-06,1.22593325540276e-08,8.87804002509469e-08,5.48510096118789e-06,6.45671508963185e-06,6.24125170706501e-06,1.02276203403165e-05,6.38779010353988e-06,1.62858329017453e-05,9.02907323670851e-06,4.32363905685507e-06,1.91525074704646e-07,5.62489734105353e-07,1.49481393811295e-06,4.48547605762043e-07,7.04343279039318e-07,9.687255209974e-07,3.45850859717075e-07,1.84038269712749e-07,1.09901417779031e-07,1.82659538962334e-06,1.44542871889729e-06,4.70088330923297e-07,2.31270228146012e-07,4.14200073668235e-07,5.03567379836565e-07,2.7061517221074e-07,4.91465400593066e-07
6.03824503001249e-07,9.9378495448189e-07,4.15438636296167e-07,3.88089264751431e-07,1.66707076357371e-07,2.62225112286482e-07,1.10919344416872e-07,4.26571091867851e-07,2.00638887801837e-06,1.69303430839316e-06,1.00864538471632e-08,1.8037262031457e-07,4.43545167872392e-07,6.41021739550864e-08,4.2935161709396e-07,1.60164321723051e-10,3.44017970755597e-07,2.04711780521219e-07,5.68854792307652e-08,2.43239656211906e-07,2.45117723669934e-07,4.59637018598862e-06,1.63724814657118e-05,5.4018206246325e-05,9.38959804837785e-05,6.2618954085703e-05,4.2657640484394e-05,2.37235337703655e-05,3.23485828854501e-06,7.43318877863908e-06,1.25801452229489e-05,6.71142478259012e-06,1.45647405119017e-06,6.49281643319149e-07,3.63450358949236e-08,4.99644993919191e-07,1.52906126387598e-06,2.03631152556981e-09,5.33779995355582e-07,3.04198807841344e-07,1.28654497518687e-07,3.22026296137761e-07,2.62779041648263e-06,1.07398804515955e-06,1.51110436880636e-07,5.31596543684197e-07,9.14486050879572e-08,8.59681649327243e-07,8.14709043429919e-07
1.20347304512908e-07,4.07588735584615e-07,1.42016118664365e-07,5.2938000450153e-07,8.6551231040468e-08,1.11796826880885e-08,8.30390668004263e-08,4.96802809030408e-07,6.46150563388828e-08,4.21381331607096e-07,8.90704530547057e-07,2.59023494864853e-08,4.25660094227603e-07,7.61717719724347e-07,1.72787165308181e-06,1.34763590992224e-07,1.07060053605806e-07,1.58841490125514e-07,1.0686107205077e-06,4.04722685044335e-07,9.2704838264199e-06,0.000127709451912227,0.00022751703929662,0.000226298398364614,6.80313731599887e-05,2.49705770455724e-05,1.12898159290457e-05,1.46740308075281e-06,3.07654088462911e-06,8.00955755807688e-07,2.32321597190418e-06,2.2285374667805e-06,2.12108762334643e-06,8.89318086499067e-09,2.10929196890115e-07,1.54385886902736e-08,1.57306484859083e-06,2.42655154944129e-08,6.34332450433376e-07,1.52310083048226e-06,1.88843981947886e-08,4.36743992332241e-08,1.0053158210021e-07,1.9797029224455e-07,4.87820568929979e-07,2.07715857586717e-07,1.11917923350685e-08,4.8278279142332e-07,1.60528268804527e-07
4.19420651590211e-07,1.2111271870572e-07,3.49117729252622e-08,2.59932745127068e-08,4.97562357422416e-08,9.61636813726972e-08,8.67468860107544e-08,8.21892183618191e-07,2.15070478417761e-07,6.47233614533935e-07,1.00533895365778e-06,1.73212193759551e-07,9.05140474522618e-08,6.70511900323732e-07,8.05423362432474e-07,3.84538304503946e-08,7.04707170608223e-07,4.97770516252506e-07,1.2240660340726e-07,3.71663778484488e-07,2.68115428055606e-05,0.000143584189190528,0.000106289601937049,5.29144347060453e-05,4.41149421432698e-06,6.01245127867746e-07,1.36560948699668e-07,5.62620314245439e-07,2.68630835921431e-07,3.82563446392416e-08,4.63094298280159e-07,6.53231102774746e-06,3.76604831772259e-07,1.4150576392982e-08,8.99705194931047e-08,1.00005014678999e-07,8.56583839627748e-08,4.38096948666999e-07,4.20309457838262e-07,2.67607962666596e-08,6.99620410790964e-08,9.67164068144055e-07,2.02567954398403e-07,1.62120107974261e-07,1.61622949459247e-07,2.44615937708755e-07,2.40183180375627e-07,3.94149635815037e-07,1.68953276082325e-08
1.45856952319303e-06,3.31946399523103e-07,8.59730358052092e-07,1.47340828861e-07,5.48929373952951e-08,7.50101412702698e-08,1.47194636396438e-07,4.99790347655424e-07,8.70557997545605e-09,1.08725306746107e-08,1.45872752705335e-07,1.13581631239193e-07,4.30154716460179e-08,1.87841921829093e-07,1.1412525348572e-06,2.04735730384871e-07,3.74754843555322e-08,6.26239943428812e-08,2.97256865384985e-07,2.63281718974786e-07,1.82520133572616e-05,2.09250683306957e-06,1.81457534755918e-06,5.76881906676021e-07,6.31010812478719e-07,2.8658589077589e-07,2.24192244994625e-07,6.69243011808889e-07,1.92380077586257e-06,1.12562092519973e-06,2.937568124026e-06,7.83998530212908e-06,3.99277824512934e-07,6.78773788522078e-07,2.11051594054415e-07,7.96299293928707e-08,9.36638782434208e-08,3.88793298341219e-07,1.49389577661203e-06,2.37319300344784e-08,4.29593011296043e-07,1.83832246472383e-07,5.2514247418371e-08,5.59845584664098e-08,4.2685933134556e-08,8.29790303712398e-08,6.33495045483111e-07,2.0863242888983e-07,2.1603772003488e-07
3.18032988680109e-08,1.59743841571627e-07,7.24530499389786e-07,2.09660628132076e-07,2.62294647657776e-07,2.15017666042131e-07,8.30116468439848e-08,4.31188039235143e-07,5.78407824935655e-07,6.46440264633947e-09,4.99575271012834e-08,6.1562728616225e-08,5.78189568379707e-08,1.23218572868119e-08,2.38721884778532e-07,6.41242814469106e-07,1.95183140150346e-08,1.02452353510084e-08,5.51173082708659e-07,1.12806905958224e-07,7.33195620322577e-06,2.68902843286003e-06,6.76971239743441e-07,3.5145335301417e-07,1.16354856115457e-07,9.88290132562957e-08,2.54846721186531e-07,1.19456944760786e-06,1.82709634099693e-05,3.98905750506749e-05,2.15377643589629e-05,1.4535310273037e-06,6.06308271288223e-07,4.85226978515199e-07,8.45643791261329e-07,2.15726721074656e-07,1.90092090895581e-07,3.30725778893846e-08,4.86978619566354e-07,3.55834104799949e-07,1.73690380548158e-07,2.17821269921286e-07,1.06269788706726e-07,9.88652244593057e-08,1.53974886908291e-07,2.94342988953206e-08,4.32619990930094e-07,4.31360289222832e-07,4.11088015866922e-08
2.03761552719858e-07,3.2287299951751e-07,1.73874456075501e-07,3.99823765970846e-07,1.71937328420712e-07,1.10691899279671e-07,1.89843125387651e-08,1.22189718254541e-07,2.09840612827284e-07,1.18875869679413e-07,6.94459334508604e-07,4.26703971983431e-08,2.46223552798326e-07,4.89198237178949e-08,6.73774274249853e-07,8.30704404398266e-08,3.10084606906214e-08,3.284113401876e-07,9.45533797414818e-08,2.62522306591292e-10,8.16015115744675e-07,5.43794971493078e-06,2.87087312981394e-06,1.15797295315768e-06,1.19017698840513e-06,1.61036907170796e-05,4.45452055776339e-05,0.000128481393764265,0.00017293638422341,8.56391257320573e-05,4.87369711710951e-05,6.08128897127756e-06,1.87991396240411e-07,2.3254006595113e-07,8.72120672070434e-07,2.57431274259112e-08,8.83370762982393e-08,2.36813014184334e-07,6.39520739537994e-07,2.41291196704224e-07,1.43024871041452e-07,2.28078663323796e-07,2.01790195697426e-07,2.77284794450887e-08,1.30121487258976e-07,1.0795597776425e-07,1.02559072756497e-07,1.71823677798285e-07,1.47882987848227e-07
3.61171193546467e-07,7.27841766843309e-07,4.64591713116983e-09,8.44139664407661e-08,8.57608328130814e-08,2.97330460205486e-07,5.56249475107948e-08,1.28697484735002e-07,1.81038831950709e-07,2.26873884753696e-07,1.06718126684304e-06,2.60619122912086e-08,3.1653483981241e-07,1.43318100647048e-07,9.2552754592757e-08,1.35475710755256e-08,7.29444112104726e-07,4.72963395228959e-08,9.40855878703467e-09,2.99064033242471e-08,7.52818925644812e-07,2.47702811055973e-06,3.15156360859342e-06,6.75451254213089e-07,0.000227972959263677,0.000610563981394632,0.000451440006186531,0.000148679824181062,6.45120333933674e-05,5.79017171427158e-06,5.33521045867315e-06,6.92586361579355e-08,1.29730811307724e-06,3.02394374933477e-07,4.23302163007726e-07,1.61494001257476e-07,5.01949109096185e-08,2.11369802215062e-08,1.25723636650132e-07,1.36888191297462e-08,4.92728153138595e-08,8.49581281205781e-09,7.94487115529137e-08,5.78480776916479e-08,3.14685951031861e-07,3.70157225232011e-08,3.56854066138291e-09,3.79623806542028e-08,1.06059710120076e-07
4.62085894442675e-07,5.39937999253077e-08,4.71701453691496e-09,1.56282524762638e-07,1.1912573290656e-08,1.59299219067056e-07,1.20565806553872e-07,3.27130463535633e-07,2.35225997759062e-07,1.16225669911573e-07,2.30412335464398e-07,1.22156629109396e-07,2.82605362169662e-07,4.63778636516611e-08,3.69300530570727e-08,1.14502840207671e-07,1.83760449296206e-07,3.45934543241841e-09,5.26026722709431e-08,2.53319429628105e-07,5.88795133823536e-07,1.11998868262322e-06,1.38516099666107e-05,0.000190726113284705,0.00187845191885759,0.00070268419939512,0.000223484147280628,5.84689240261803e-06,4.39845065715738e-06,9.22569564847619e-08,3.56411461848504e-07,1.60404185227911e-05,1.19081818829496e-06,1.32248157302278e-07,1.45684302444044e-07,6.40642402436599e-07,2.26741025595924e-08,3.12119171305901e-07,1.78905302709433e-07,1.65046740056478e-07,3.17129844549775e-08,9.083621642401e-08,6.21531164795997e-08,4.0078101721523e-08,2.09496618602811e-07,2.37491767309161e-07,1.13214269616333e-07,3.4069992465982e-07,1.36378985864692e-07
3.03585036830318e-07,1.41774758049409e-07,3.09533766773986e-08,7.46981350809165e-09,1.88257966800295e-08,1.74606033211465e-07,2.56173017605619e-08,2.77449960553276e-08,2.275871643791e-07,7.36724762767938e-08,9.29307186854515e-08,1.12839377142563e-07,3.16719477557909e-08,3.90306300326371e-08,7.35384945011725e-08,9.23202359107845e-08,2.82715518244365e-08,9.64493260718384e-09,2.42180349900857e-07,7.53890750990649e-08,6.09214936684152e-08,8.81366562174307e-06,0.000123972434920002,0.00079484425122182,0.00121971442675761,5.06828598529251e-05,3.49695012624541e-06,1.328555039363e-06,2.29923223685054e-07,2.72146739031831e-06,2.33880180560709e-06,1.71530119817474e-05,3.95295945759688e-06,1.07043766367623e-08,9.35855728599315e-09,9.69044725454442e-09,3.09913243931925e-07,9.9584875152312e-08,8.15980010023192e-08,2.16723897213067e-07,4.07354362514065e-07,5.61994059907775e-08,3.98590914288238e-08,2.47078546522458e-08,2.73383814358808e-08,1.81480620037332e-08,2.89276663400446e-07,3.96572008893991e-07,6.65161153882793e-08
2.13288844763345e-07,6.29071062322026e-08,2.81536112809767e-09,2.72295671147075e-08,5.10160308783722e-08,1.33217072239023e-07,2.8554170311268e-07,2.2427710676931e-07,3.65649884455604e-07,2.4542380530467e-07,1.49095671641345e-07,7.37210115793914e-08,2.97871505607653e-08,3.92511239288574e-07,5.4005120822399e-07,7.99026754895259e-08,9.49750766085123e-08,2.79179719420103e-07,1.3176665286677e-07,2.22691273513844e-07,1.23291055396774e-07,1.82232420650253e-05,9.46209542735328e-05,0.000223098124721673,6.62286660837702e-05,3.26764699972496e-06,2.77342844035005e-07,1.40095247501795e-06,6.20480384511689e-06,2.95740731630572e-05,5.71700654704107e-05,3.39608845507677e-06,7.85367328050389e-06,1.19484966468664e-07,9.96720803683365e-08,5.70743431779384e-08,1.1416012049789e-07,1.79086480831548e-07,1.30507306531191e-07,1.94524865952657e-08,1.66839569387703e-07,1.75667198007453e-07,1.65702141711507e-08,5.55700482806215e-07,1.2465663403446e-07,3.91292681553351e-08,7.36558731572509e-08,5.03345561546245e-07,1.29870167543182e-07
1.34991022718854e-07,1.88864598617352e-07,1.33368464492209e-07,8.62347189168267e-08,6.42700564397469e-09,7.2789246318382e-08,1.18574947947079e-07,4.27993668249981e-07,2.69224431248107e-07,2.22199772301631e-07,1.19036991661517e-08,1.09645311029683e-07,9.74284663572558e-08,3.59942747248373e-07,3.71391226635654e-07,2.03271286455062e-07,2.24932921286333e-08,1.27144867776557e-07,1.05800484946083e-07,1.75690846686518e-07,5.2037490847501e-07,4.62215747921522e-06,1.86886189422492e-06,1.35179649301266e-06,5.26436725246865e-08,1.60030402819385e-06,1.11658378731239e-08,3.53108446967434e-05,0.000225674628562265,0.000240354248747562,0.000140117027051578,2.20762390149824e-05,8.6679207326257e-06,5.26157414107026e-07,3.78808398654138e-08,8.36920675996186e-08,3.85059621946701e-08,2.62215921161589e-07,5.00444656167106e-07,1.34638592087707e-07,1.35469429878863e-07,3.45173671182686e-08,2.69951387185131e-07,6.70496113593304e-07,4.19185573389456e-08,3.71837395127613e-08,4.40694170535596e-08,2.33648382949655e-07,1.22138010918849e-10
4.70425703929121e-07,1.54228086490917e-07,1.87895246864646e-07,1.30151327128099e-07,2.03764207655761e-08,2.96068414038226e-07,1.71126735769388e-07,8.3778646513571e-08,1.07363880431778e-07,1.08577424144731e-07,1.10928073750589e-07,1.26755354049133e-07,1.59542371645263e-07,1.37405814063035e-07,5.87913889652826e-08,1.45209793212065e-07,4.35696479903626e-07,7.87699558904728e-08,1.43408661963176e-07,2.94867931483819e-07,1.55304393556605e-07,1.29846763378692e-07,2.96795417089227e-07,5.51569857595616e-08,1.13883262227912e-06,3.13195020559283e-06,0.000103936983826387,0.00123930684261261,0.000587287179575182,5.78826432161809e-05,1.52393610003981e-05,4.53454766831299e-05,1.1839038100359e-05,7.47195269789217e-07,6.34083508982539e-08,1.97916242286824e-07,2.60960135351831e-07,9.88005107942976e-08,2.10435506646938e-07,6.9388790932043e-08,2.6995794320565e-07,3.3973937365723e-08,2.52627364259376e-07,2.47903181832495e-08,2.02821100199204e-08,4.73025243405326e-09,2.20019162484044e-07,2.27002306518236e-10,1.23388691827905e-07
7.59312686022523e-07,1.09810979696329e-07,5.00749519899394e-08,1.06644971876644e-07,1.32315837609185e-07,1.4270852006988e-07,5.72293937446652e-08,3.57170639938645e-08,2.08349746046077e-07,1.48840519616937e-07,5.65378679064245e-08,5.54888123018632e-08,1.32250943141387e-07,1.40244906726888e-07,3.56731498352445e-08,1.25745340390047e-08,6.93395617190335e-07,5.51465075391105e-08,4.25223405681653e-08,1.68280907912622e-07,2.21330533875548e-07,2.63440797278749e-08,1.46936803600685e-07,9.65616042973536e-08,2.84581523868983e-05,0.00054885691076106,0.00355625837512469,0.00188999738598099,0.000129567729556937,4.95117212968461e-06,9.32550364704538e-07,7.30309121861715e-05,1.10710489770733e-05,2.98401295008464e-07,3.55789962983692e-08,1.23835849659026e-07,3.79360944391786e-07,3.70737934356239e-08,4.47979095599148e-08,3.12717136910763e-08,3.29085476002346e-07,8.7616896894978e-08,4.00141531020488e-07,2.16100300316854e-08,1.05300781641921e-08,2.24209623744627e-07,9.85245607355784e-08,4.31054453209484e-08,8.00872560531342e-08
1.39138450798112e-06,2.88904829793819e-07,1.33814979182533e-07,1.6630509297525e-07,6.64887927292183e-07,6.92718460027339e-08,1.11068762785472e-08,1.50955987186982e-07,1.23619836825051e-07,5.91561399063515e-07,9.51930229382378e-08,2.88728254452741e-08,1.35773748018314e-08,1.71320267993567e-07,2.6667369532396e-08,7.5494159218713e-08,4.96316154091549e-07,3.15843972252407e-07,2.19990865831204e-07,1.1047211171305e-07,3.22184922354294e-07,7.19349900782246e-08,1.79749214345389e-07,1.34204339569387e-06,0.000229728835828767,0.00153522455714085,0.00500211099502286,0.000448112157319206,1.30478891728028e-05,2.37781170154697e-06,3.99157147012908e-05,0.000151264449061587,7.44515393824605e-06,8.38142222258512e-08,8.10604216750346e-08,2.41476768337251e-08,3.42524269184792e-07,5.94327590267655e-08,1.43586580798599e-07,9.71405748108593e-08,1.35230946257789e-07,1.40326657449683e-08,5.20169098480776e-07,2.80783185322854e-08,2.61375733924181e-07,6.24261546295292e-07,1.27347420944492e-08,1.23432943005609e-07,6.90139537497821e-08
1.24728085397189e-06,2.83575445295439e-07,8.31315105866003e-08,9.95481587002223e-08,9.55190994779471e-07,1.74895579070468e-08,8.53516396673716e-08,1.19544713817789e-07,1.39502413972945e-07,8.91072341979718e-07,3.48240997887734e-07,1.30133471465051e-07,5.03974159684013e-09,2.03998975226002e-07,1.10703663581537e-07,1.57432409993876e-07,2.50549379858733e-07,4.24258598019908e-07,4.39529836287138e-09,4.63211315211558e-08,4.44666309927959e-07,1.43193321814262e-07,8.14899451038148e-07,3.14473261406145e-05,0.000132199384479556,0.000213690798368575,0.000404547717446058,0.000203576230548351,4.3459672232504e-05,0.000159125978370479,0.00141566254877752,7.85474434318421e-05,3.3281330412875e-07,8.92938242681326e-07,2.3216770141507e-07,1.03279612250175e-07,6.77181872684772e-08,1.45161138633988e-07,6.0143905775297e-07,1.69118504764604e-08,8.39985391012774e-08,8.00380118220272e-08,3.66213916747206e-07,4.33556299218317e-09,6.4957980094483e-07,1.2241057025937e-07,4.31014472146925e-08,7.5589721694891e-07,1.50340973082944e-07
1.07878473216836e-06,3.21466481662824e-07,1.18196441446879e-07,3.77746125953503e-08,9.33244784408432e-08,1.63546293110185e-07,8.46669619682438e-08,1.2160889624659e-07,3.3469247866134e-08,5.49597819382967e-08,2.02477806068547e-07,1.87441528212774e-07,1.49483904881336e-09,7.49709671109172e-09,1.84432401644844e-07,1.64753001037271e-07,3.90582320487466e-07,4.65198561568364e-07,1.88170669435969e-07,5.07219498091314e-07,1.59848620421103e-07,2.36670739371223e-06,1.79762272448253e-05,7.26234493898832e-05,2.51221224604232e-06,1.40223244035782e-06,6.59415133383524e-07,1.39621600829616e-05,0.00053687738233689,0.00588741224139915,0.00540633874011612,0.000457420023565953,1.38979719769762e-06,2.8562558070135e-06,3.56766203758354e-07,1.79848857954073e-07,1.19812454831878e-07,1.18971171518126e-07,4.54930313048467e-07,2.317818230984e-08,7.67819371211318e-08,8.84179974748799e-08,6.62988713583139e-08,5.80811453241069e-07,1.06322005265332e-07,1.27536317886609e-07,2.37167323317368e-08,4.3205202438109e-07,1.85678291783978e-07
1.79261459488941e-06,1.04180498377848e-06,7.41323423328203e-09,2.69485269866546e-08,1.55961232945184e-07,3.30737968736929e-07,1.08452617990377e-07,7.99446656360502e-08,4.98378323868542e-08,6.7520462576744e-08,1.69706330548274e-08,2.27742167122063e-07,8.70742881394549e-08,1.94223533596599e-07,3.12402477171258e-08,5.44767502823032e-08,7.77131446740638e-08,1.59338026692435e-08,2.72022644896505e-08,4.31669040163447e-07,2.20829032129961e-07,8.43456658614334e-06,3.24640970665659e-05,2.02743167330752e-05,4.38366849804149e-07,9.99453526053557e-07,5.32985537911085e-07,0.000400053728917906,0.00752449901061751,0.00848702795716629,0.00150049573775132,0.000225245155416343,2.60189628356257e-05,5.37509418889715e-07,7.47312179631924e-07,3.07857686891468e-07,3.64572989520987e-07,3.95534973678066e-08,1.06000127551562e-07,1.14969481240042e-08,5.67928685263448e-08,5.8841994208562e-08,3.82191402002151e-07,6.23381783277174e-07,3.3403524150918e-07,1.67755550532731e-07,1.35925387438762e-07,6.71957753489333e-08,7.32783667135135e-08
6.86649641232473e-07,5.58578461623714e-07,2.7640203224074e-07,1.07436397752105e-07,1.39273501910759e-08,1.14214754395576e-07,5.84509578386747e-09,2.65053192177575e-08,7.07353959974828e-08,2.20841670380858e-07,9.31393969198997e-08,2.96568842962996e-07,5.34679189196618e-08,7.51720739250431e-08,4.70529690880841e-08,2.42949512016309e-07,6.05889884458674e-08,1.0771136912926e-08,1.30718110611866e-07,4.28429574027675e-07,3.83596229706747e-08,5.01473580530916e-06,2.92294201058724e-06,6.58091101329311e-07,4.19825270987784e-07,8.58016252803028e-07,3.64375097745867e-05,0.00315756850872093,0.00783364940432112,0.000607260689104801,1.25909648695611e-06,0.000139888907751405,1.11943782125887e-05,1.02461999913263e-07,2.24766935558208e-07,4.6071708962739e-08,1.15182850640765e-07,2.07165886898411e-07,1.27144760317437e-07,3.35634507610862e-07,1.68764893077673e-08,4.69507009849941e-08,3.73863236399992e-07,4.0344200318105e-07,3.48160387320051e-07,6.51946466759788e-09,1.83743527413657e-07,1.23424442532571e-07,2.91905334136219e-08
7.5437564513453e-07,1.96112997326082e-08,2.0361163001352e-07,5.52146856626293e-09,1.68642404981436e-07,2.44496590386962e-07,2.70602902624539e-07,1.57168221497833e-07,7.23510783948657e-08,3.33543158350813e-07,4.30094387389905e-07,4.18553675483291e-08,1.70899888313868e-07,7.36680476814416e-08,1.57054974938091e-07,1.52227955162593e-08,3.28136684507582e-08,5.77054140617055e-08,3.81333312879258e-09,3.78868455583906e-09,2.75081340979217e-07,7.0318712366162e-07,9.93251115900836e-08,4.25942014926379e-08,3.48983953787768e-07,4.58033329783669e-05,0.000353511525338677,0.00208738658050975,0.000509946218164894,4.64591054328909e-05,5.12324053038635e-05,5.48680261773048e-05,1.19330488597882e-05,2.62965985722957e-07,5.45917217031742e-08,1.02815542132095e-08,4.23968834126583e-07,2.22289132374508e-07,3.03023228867414e-08,1.74445341416377e-07,5.27462010678823e-08,2.00099902450807e-07,6.98072864106745e-07,1.16712902614516e-07,2.54706152752039e-07,4.0042198511915e-08,1.31895854623912e-09,2.85682894700748e-08,4.66254497762884e-09
4.60634040745005e-07,2.94863741450222e-08,2.55386680511878e-08,8.05253742524176e-09,1.77286983684954e-07,9.58571172924557e-08,1.99996049366654e-08,1.79635086729705e-08,4.33372519884279e-09,2.00851701141412e-07,5.77964291308647e-07,1.08585842748853e-07,1.92209146100427e-07,3.98983495707049e-08,4.62291639504081e-07,5.19454975743955e-08,1.17946766399933e-07,1.1253084800541e-07,1.9624204095324e-07,7.77273310695389e-08,7.52132381628735e-08,6.01474764068294e-07,1.18628959493028e-07,1.82929585977666e-07,1.32772779988229e-05,0.000140030447005673,0.000154914763798143,6.87082089790835e-05,7.32249653883402e-06,4.14437900996692e-06,0.000116809255779027,2.31986627342894e-05,5.11541727879846e-06,2.96833453021116e-07,1.85469604836261e-07,1.22947149832682e-08,3.80881081299895e-07,2.78931649340937e-08,1.19255575391844e-07,1.44779952944556e-07,2.0276462246702e-07,8.19112899325634e-08,2.73059647084555e-07,1.76870706226892e-07,2.63348194807808e-07,1.2298757298967e-07,3.56449363024217e-08,7.16801684726547e-09,1.26936253213359e-07
2.20470143692163e-08,3.33851592558485e-08,1.78517755088138e-08,1.09995826524816e-07,2.37463852720531e-07,9.67789091159775e-09,9.69766535686398e-08,3.10306422431213e-08,7.75206165365028e-09,1.52359931129332e-07,1.3413177529786e-07,3.75699004470038e-08,7.46129605062914e-08,2.77041048592583e-09,2.95087930894559e-07,3.66393790764775e-07,1.10961200405096e-07,3.25381966566495e-08,4.59762032072964e-08,2.56266056139121e-07,5.65971837825236e-08,1.03577670992195e-08,7.3903334456026e-08,2.38027321227906e-08,2.64483706029539e-05,3.97410149395469e-05,5.51734891678404e-07,2.26723117103934e-06,6.55542147275973e-06,8.00963125875019e-05,0.00014032232422794,1.30813505837723e-07,3.50570844946169e-06,8.75829066545153e-07,1.894337120256e-07,2.15741316198183e-08,7.98713514285184e-08,3.01752914583304e-07,1.79591123190726e-07,1.56011744151546e-07,1.04218334088376e-08,2.69638658755861e-08,8.3077917119275e-08,1.2545061949438e-07,8.12551461441528e-07,1.87017469547043e-07,3.05759632403595e-07,3.17815561507778e-08,2.35054423323688e-08
4.51534743851183e-07,1.17473487922446e-07,2.13404665049539e-07,5.38802935111491e-08,1.80819863288014e-07,1.24361902948698e-08,3.68280996125433e-07,3.19040499123034e-09,1.82144703100825e-07,8.62400726920525e-07,2.0567735384299e-08,2.73786344183698e-09,2.04517687863718e-08,1.04370592630392e-07,3.649224115569e-07,3.8415749479448e-07,1.70058030825268e-07,5.69054331966874e-08,9.65515319094849e-08,3.37448046086983e-07,4.84596502669795e-08,2.85606926950109e-08,9.19244150381268e-08,2.15714749296802e-06,4.13312419234361e-06,1.43393280013189e-06,2.3473567849609e-07,7.09648981251211e-07,6.25544449778635e-05,0.000127924681597101,5.73614325826236e-05,2.01674894885925e-05,1.35391995827386e-06,3.78934545086171e-07,1.41306056723221e-07,2.18372886395451e-07,2.59671021422543e-07,4.38167136578701e-07,3.85986614003876e-08,5.38639524822038e-08,4.66250746471223e-08,2.73813978541223e-07,2.08432294932734e-07,3.92239698171781e-08,1.85245829745457e-07,9.47991676787131e-08,8.72178721412507e-07,2.20285965631875e-07,7.02631828084777e-08
1.54376226573783e-07,1.47617575880603e-08,2.00089090020154e-07,3.30607825648598e-07,2.05933838237183e-07,1.94158043824317e-07,8.13769497014944e-07,4.32984930480546e-08,4.30844067499879e-08,5.62099724120937e-07,2.25510218199136e-08,2.24979162225598e-08,6.22547433103394e-08,3.51349466825811e-09,3.54123816719975e-07,4.65342895934284e-07,8.24002103005168e-08,2.23604222096455e-08,3.27198533852991e-08,4.48612369575891e-07,1.29175198508544e-07,3.38978344293551e-07,1.80489416219193e-06,1.75402005859556e-06,3.12837720961788e-07,3.4565566940058e-07,4.18270148060437e-07,2.49419623991511e-05,0.000139102505766172,1.26969182012428e-05,1.72357660687736e-06,2.74727145309982e-05,1.37261394775178e-06,2.70869610291099e-07,4.64448193312195e-07,1.63794092040572e-07,5.24067993439392e-07,1.17373698634642e-08,6.01119931660601e-08,6.56345562967394e-09,5.62503417724911e-08,1.72166302340579e-07,1.88170852576023e-07,4.42136862450437e-07,2.51326098430152e-09,4.66153804883185e-07,4.43568825667805e-07,2.6760978877516e-07,2.7597898127876e-07
3.90741938966244e-08,5.43879079673862e-08,2.39398265586964e-07,2.67243334370988e-07,1.71168473920167e-07,5.30131193611715e-07,3.64669687649128e-07,1.48667445668818e-07,5.16457578421779e-07,3.62276610071146e-07,5.04829206089993e-08,9.99426353455124e-09,4.32496420733908e-08,6.20354166652873e-08,7.42017628272343e-08,9.12277603962892e-08,2.85967014613129e-09,9.19310574745143e-09,7.57384939726661e-08,6.75831410051201e-07,4.26550937748357e-08,3.28671289664052e-07,3.91783314952324e-06,1.15465649157915e-06,1.8495826710887e-07,1.01715055997135e-07,1.54695007275387e-06,0.000132249075595865,2.98126332576204e-05,1.72914233406522e-07,1.06479908896768e-06,9.5257948585011e-07,1.27583632590455e-06,8.29339875376474e-08,2.41643022679978e-08,2.8025154435561e-07,3.25115884603682e-07,1.11800913579959e-07,8.95892896049436e-08,5.42495594066026e-08,9.00832534915329e-08,3.04256468609411e-07,2.16470072486344e-07,2.36691845857594e-07,1.28853433779241e-07,1.63367271858136e-07,4.34129788437901e-07,1.29944464618616e-07,2.96299958513201e-07
1.12806593699841e-07,4.17464849901955e-08,1.24633492269686e-07,7.58764109975193e-08,1.30696236892978e-07,1.83652465456336e-07,1.32893351741305e-08,1.53902079372935e-07,3.59212142435055e-07,1.43820740624722e-07,5.42686484142617e-08,1.34742633840407e-08,2.18938744517608e-09,7.67004883521257e-08,3.25677844540043e-08,3.59868730410172e-08,1.27161385343351e-07,5.14251956004969e-08,7.72208374919175e-08,4.47457649357901e-07,6.15204492866611e-08,4.54578331698009e-07,7.43415086662565e-07,4.09545215011399e-07,2.76279006374165e-07,5.02095257503957e-06,5.93599603957243e-05,4.48204596274206e-05,3.743532380707e-07,2.4340736978707e-07,9.61348527623081e-06,6.73614356365102e-06,6.24234049316613e-07,2.64600929336175e-07,5.67481796417999e-07,1.54656789375332e-07,1.31373633586609e-08,1.10654988234064e-07,6.92518174038724e-08,5.51038845786739e-07,2.48335593181726e-10,7.5066862546416e-08,1.73046032054264e-07,4.53866829074324e-08,5.47539495045237e-07,4.60191111828836e-08,2.25268177794542e-07,5.5835362549472e-08,1.65350008383324e-07
4.83579311083071e-08,5.75553195958466e-08,1.98684613825975e-07,1.07888001068023e-07,2.09697239220828e-07,3.15030327524948e-08,1.37482757263893e-07,1.33700379367104e-08,5.64892971874606e-08,1.13279088952206e-07,5.86589033743188e-08,4.82532602426959e-08,2.07566524142038e-08,1.8132801768656e-08,3.19515316142418e-11,3.37499007139073e-08,4.37299556467135e-08,8.71970565347643e-08,1.49538789390708e-07,1.71032536175674e-07,4.95938220477144e-08,1.35872957057807e-07,4.80103701953199e-08,3.5782942036354e-09,2.99282266927046e-06,3.23290602688451e-05,5.12290906157735e-05,4.31585886347068e-06,1.51249620760842e-07,1.39056897095461e-05,6.38044788565826e-05,1.10006740129335e-05,2.84879920956286e-06,7.19848546861106e-07,3.27921054019971e-07,1.72087303296659e-08,4.09697564627617e-07,1.26716763255823e-07,1.09059874800679e-07,6.35485692324973e-07,5.82208021910722e-09,1.59389125882876e-07,8.05328290601842e-08,2.13512931214362e-08,5.25283148953314e-07,1.7442117593692e-07,1.57015146655306e-07,3.1822336308351e-08,1.67611491599584e-08
2.72595644014015e-07,1.13301002344124e-07,2.07448504994297e-07,3.91043521794097e-08,1.45146729195119e-07,2.514143102834e-08,1.32091610935993e-07,7.60063528414563e-09,5.35818469806448e-07,1.24298179402838e-08,1.58092763061552e-08,4.21377471266774e-08,1.42911707572329e-07,1.5679619465855e-09,8.27892173197996e-08,2.52576284711488e-07,1.03581321892072e-07,3.06902467538521e-08,4.70009617610821e-08,3.75116641958452e-07,7.08299621818426e-07,8.32864141387863e-07,5.9364969034691e-08,7.11098627095574e-08,1.70077455412103e-05,1.42495487671017e-05,3.42872693888645e-06,8.14191314184726e-07,6.89474743514087e-06,0.000128689937062627,0.000102084920096553,1.45387959125037e-05,4.20422140025718e-06,8.08124449854103e-07,1.64548430140838e-07,1.67733066893564e-07,5.04501430829717e-07,5.60796627712202e-08,2.54030623524144e-07,3.10439987198927e-07,1.22312604432211e-07,2.63875503301337e-07,3.14546991327202e-08,3.02134333459169e-08,3.5343816393164e-08,3.30803651100897e-08,2.85024180146419e-07,1.64727788400391e-07,4.92181884092422e-09
2.74890903474329e-07,3.38060293160846e-07,5.64758152263322e-07,5.81452356867893e-09,9.97592940257607e-08,1.16080647871306e-08,7.18812575342215e-08,1.43669203392428e-08,6.51698037196916e-07,1.3234480733194e-07,1.62228032395857e-08,4.32760435367423e-09,1.08218286258912e-07,2.17360548779613e-08,5.712449148915e-08,2.16375579586655e-07,5.61509067738969e-08,3.7125412471884e-09,6.8034102725925e-08,2.28300834773333e-07,4.83859606138144e-07,3.18439453041916e-07,6.39941704597905e-09,5.05357484936554e-07,7.48732163618778e-06,9.88295176976189e-07,7.97524164824848e-07,4.2199313169416e-06,7.01659434343041e-05,8.1125760417974e-05,2.1574539632043e-05,2.0501811394652e-05,4.41278972287646e-06,1.78602615830711e-07,1.71100477866261e-08,2.38224129235421e-07,6.32140342046838e-09,6.11425290388074e-07,2.31498159058884e-07,3.7314583349792e-07,3.20429473263598e-08,1.15696162241363e-07,9.93870009768892e-08,6.06413886797961e-08,1.11710438064059e-07,7.21627733117383e-08,3.88596557064304e-07,4.17932872501115e-08,3.2166761896929e-08
3.07525895202344e-07,2.55755366418388e-07,1.80601457637002e-07,3.05243534797045e-09,8.72199023235769e-08,7.92021000406426e-08,2.35843315816097e-07,1.0133594561437e-07,9.64258036796834e-08,1.14540142688466e-07,2.90972513907766e-07,5.34773391213416e-08,4.57076153806455e-08,1.0076673562918e-08,3.68341237222672e-08,1.28069201088452e-07,2.00743674683353e-08,3.45452363714503e-09,4.51461580856532e-08,7.13312877068957e-08,4.81674983391021e-08,1.14881504084179e-07,6.67079630665432e-08,5.35912628626428e-06,1.05956277442423e-06,1.41424344709491e-07,8.93380327137025e-07,5.7334084486572e-05,4.93617840678575e-05,3.09458160925734e-06,1.03321788186613e-07,2.34122161111288e-06,1.43028624207525e-06,3.5913743415193e-08,1.87565141584596e-07,4.51485707517907e-07,4.68385351381038e-08,1.29358788607381e-07,1.88341763318649e-08,7.08283545900177e-08,8.85290615595378e-09,5.8719581836438e-08,1.83173644852752e-07,2.07669736819113e-07,1.82076503770235e-07,2.7636432360681e-08,3.5669339018646e-07,5.55196945406737e-08,5.36883825940791e-08
5.77974459669412e-07,9.73546939474947e-08,3.74791044490918e-09,1.30511137632922e-08,1.14050399906266e-07,1.43918298682503e-07,4.60283155841753e-07,1.52617174925774e-07,1.64381748372117e-07,2.34591669509403e-07,5.80600583832951e-07,9.26270760150423e-08,5.97884875141547e-08,1.40608872324936e-08,8.12496173457681e-08,1.02647722983183e-07,5.66414766468092e-08,1.36982231333357e-07,5.12752170500242e-08,1.06129987904571e-07,4.44308428751088e-09,2.47359034890461e-07,1.02634770883613e-06,3.20066427514725e-06,2.0808805133046e-07,2.70556934332699e-08,4.18512653557732e-06,0.000129093079867754,7.31459781496244e-06,7.88007497737476e-07,3.88478208783996e-06,9.70676758138851e-06,3.77980070755517e-07,3.48606786887978e-07,8.79916482349215e-07,1.9113183569238e-07,7.5003529269953e-08,1.67711416362701e-08,6.00465462314531e-07,2.40687869611863e-07,6.92316423027406e-08,1.11989703803442e-07,4.26361318055329e-07,5.75144061754659e-08,4.04934232848787e-08,5.35848923701668e-08,4.71397615446375e-08,1.91482555539787e-07,2.0108502394333e-08
5.14335668418943e-07,2.54122173849816e-08,1.84162977756653e-07,1.29906437444638e-07,1.47153904892505e-07,1.35247900452043e-07,4.97656643176556e-08,4.27075770400913e-08,8.0536140756937e-08,5.90071940018643e-08,9.54821749595879e-08,4.78420691540629e-08,1.10449158896385e-08,6.4094711571779e-09,6.10852789908645e-08,2.77570088074708e-07,4.62898102171653e-08,9.2194816271487e-08,3.86183292776417e-09,7.0728259621742e-08,5.22697943836765e-08,5.227045196737e-08,2.53877887506466e-06,1.12233637269594e-06,1.24916100420241e-07,2.82048388830983e-06,9.17033548608745e-05,2.66171329596267e-05,2.70476005449495e-06,7.69024457985384e-06,6.67728120766521e-05,1.97732688515573e-05,4.15347095537385e-07,8.91087317658399e-08,2.4392694843813e-07,7.64205749198242e-08,4.2473801886702e-08,7.30634389496597e-08,7.72858103189921e-08,7.67999364139509e-07,4.69252576032884e-08,6.08581738889383e-07,1.44610963534476e-07,7.8456536714129e-08,8.21666077112477e-08,2.23946030906925e-08,2.87516254225797e-08,1.76900552061207e-07,3.49130410969714e-10
8.69150347621595e-07,8.73887376657226e-08,3.43569781990419e-07,7.98696205651769e-09,2.38473528238353e-08,1.35976276456603e-07,1.58206193253985e-07,1.23257006361777e-08,1.60048479403671e-07,1.8070817887365e-07,1.66590293935223e-07,1.63494627638666e-08,2.02304389632698e-08,2.36755533446072e-07,6.45679587031716e-08,8.56525146656038e-08,4.49426556960525e-08,3.63217906037775e-08,1.25908966454269e-07,2.70560169863528e-07,2.49252739608431e-07,7.84359459863019e-08,1.63045994759316e-06,5.43385331354986e-08,1.97530677566758e-06,3.88370864788206e-05,9.20784940720902e-05,3.90191859921471e-06,7.5548027109969e-07,0.000159244661531357,0.00013217534311554,3.31832931766792e-06,3.90611132994167e-06,2.30937303063833e-07,4.45557404759137e-07,1.07097313587422e-06,1.10477055903986e-07,2.57004525998863e-07,3.52998201727478e-07,2.04993082309034e-07,1.1881724215828e-07,1.3720715469844e-07,1.17329705488865e-07,4.49224419241576e-08,8.93923008553121e-08,4.46710056499199e-07,2.88780835801619e-09,1.36132211856962e-07,1.38299418138929e-07
2.23661962462215e-06,1.32334144905769e-07,1.69049109641514e-07,4.61225380375088e-08,1.02308957900008e-07,3.10501435048456e-07,2.77595388586428e-07,3.58380177382488e-08,5.90856407268242e-08,2.75119687292192e-08,3.72804897426737e-07,1.13351599014192e-08,5.7226145030613e-08,6.93354814873432e-07,1.60535399544652e-07,2.97442904221769e-07,1.65052538635467e-07,6.13242711908752e-08,1.51589144760097e-08,8.09844792926471e-07,3.54512977766693e-07,5.16420858453195e-08,1.80712184765522e-07,5.3676343154427e-08,1.44046260394857e-05,2.39290358366005e-05,9.11587629556378e-06,2.51551381749871e-06,4.85237438014487e-05,0.00020362739150643,5.10711662283022e-05,1.26784366156774e-05,1.29514043501894e-06,8.45480112000263e-07,5.5629577876732e-07,1.5490738195137e-06,6.99330949543379e-08,1.28081733051641e-07,5.36597567383434e-07,2.01233524085347e-07,7.56865578104879e-09,2.39114034626159e-08,8.20581208763008e-07,1.15489520950863e-07,1.38915104916608e-07,6.66229086662063e-07,3.39928350526911e-09,1.62739270536696e-07,2.78057658764793e-07
3.55813286245684e-06,1.07578942200534e-07,3.33980194069793e-08,1.54606661957327e-07,1.64590766787081e-07,6.93598975259936e-07,1.19452012268762e-08,1.94686172845261e-07,1.05551906602761e-07,4.60031758760884e-07,5.15651211337523e-07,7.0261646120767e-08,7.62239298065421e-08,7.27412009065983e-07,2.01108668801966e-07,4.67583104909464e-07,2.10574627045221e-07,8.78546460489053e-08,1.95429049898707e-07,5.23579438479553e-07,2.46062130594346e-11,1.53285278737172e-07,4.53933414377765e-08,1.48902402470849e-07,2.5914085632097e-05,1.80716847974572e-06,2.81727185894707e-08,4.03803323564468e-06,0.000152491532665987,2.40865671754328e-05,4.51138332294779e-07,1.04701240426406e-05,2.20543567670341e-06,9.62374292127731e-07,1.26548220688274e-07,5.06297759465769e-07,1.54931481603228e-07,1.14355025342682e-07,2.49868204850593e-07,1.2174944920566e-08,7.31986299622032e-08,9.82075397219949e-08,2.76824352754513e-07,1.9118316508642e-08,2.1022848498263e-07,1.02348348057999e-07,2.0237848183613e-07,1.16414847927548e-07,3.60656356592305e-07
5.16727503211139e-06,1.06217915802869e-08,4.2173919701705e-07,6.88856566991244e-08,7.31778430381069e-08,2.35201480018088e-07,6.10395571449809e-08,2.18225313879259e-07,1.85800145210229e-09,4.24511285428909e-07,2.98572887636338e-07,4.17390786044424e-08,7.89495977649417e-08,4.84515258744507e-08,4.84674214632583e-08,3.45693663712717e-07,3.42779724830242e-08,2.59151237081051e-07,8.9393841100378e-08,3.60686841829568e-07,6.13159709339302e-08,2.85285627941523e-07,5.32950084568777e-08,1.26329071013946e-06,8.4964326483789e-06,3.32686984516856e-07,6.91035840706943e-08,5.82495491796491e-05,5.46265791270961e-05,2.11185409495601e-06,3.31605317939234e-06,1.77955804847908e-06,3.91602119378251e-06,1.30170954725965e-07,8.06976886327983e-07,3.47975811199654e-07,1.15283845963366e-07,1.54568772201426e-07,1.12511021466008e-07,4.79024436150358e-08,2.16958799246278e-07,5.73794843709765e-07,6.09476938043578e-08,2.2454691299704e-07,1.77575035200328e-07,1.73009435752387e-07,1.06853981660567e-07,1.88657803705349e-07,1.16158944147441e-07
7.35219181272844e-06,3.01421644815093e-08,1.09791793908289e-06,1.78731007716309e-07,1.00548381062152e-08,1.49654258706144e-07,1.80235164922483e-07,3.86837349834918e-08,4.44733685919512e-07,2.85666441838261e-07,2.41015116813636e-07,3.4075403665698e-08,9.76693132008383e-08,5.69266484285186e-08,1.28982363126497e-07,3.16883303874858e-07,1.39890284758985e-08,1.12211434061785e-07,1.76132742290774e-07,4.94054117354585e-07,2.2534683198785e-07,1.49417894092034e-07,2.63530691311771e-07,3.08721223918599e-06,8.5629471547511e-07,2.89937747665545e-07,2.73970186722993e-06,7.54980907887183e-05,5.33970290811192e-06,1.3235180919683e-06,1.49814358679562e-05,8.6043529268501e-06,3.31532654803074e-06,1.64664925329131e-07,5.2261407002077e-07,1.69656009710079e-07,9.5180629441773e-09,7.88359647846687e-08,2.2767060677935e-07,2.96193404359213e-07,8.08642373382919e-08,4.24312567434025e-07,2.55444393230403e-07,3.79110300101095e-07,3.62655727762511e-07,7.8867179018514e-07,3.48439446372752e-09,1.30063284012269e-07,4.14487990219552e-08
7.44489355298732e-06,1.56233732586734e-08,4.61847418067867e-07,4.92707498872451e-07,2.01244550623561e-07,2.17455058917413e-07,2.29612366260272e-07,7.71216421094515e-08,4.82292285287408e-07,6.97425907919611e-08,8.69075294581163e-07,2.05381834089363e-07,6.54496933893132e-08,1.23083402834176e-07,6.05542277587331e-08,2.896667092001e-07,5.77175275071978e-08,8.10508653309071e-08,1.46387233418749e-07,2.73599850861196e-07,2.49813998507111e-07,6.28254648233234e-08,1.74150118102591e-07,2.69379834216623e-06,7.03107740702151e-07,1.03256333583337e-06,3.26772216014291e-05,7.24709885188773e-06,9.51564173408063e-07,4.65407535860076e-05,5.58569707698429e-05,3.7034411535451e-06,2.06226972811983e-06,2.84937217136241e-07,1.76716633841831e-07,4.43624034805885e-07,4.25909561518927e-08,2.23337942673787e-08,9.38615181983349e-09,8.07378318541624e-08,5.71021327191455e-09,2.21376827219295e-07,3.30564276515918e-07,4.13407775121848e-07,4.66776483561803e-07,7.20816323461993e-07,2.7425563560753e-08,3.09618234813952e-07,3.08359073474615e-07
4.88225556118459e-06,8.39546163912034e-08,1.87383246337745e-07,8.98009305029247e-08,1.44407310164763e-07,2.10512746882884e-07,5.59637547092648e-08,1.0454908063226e-07,2.40187297560087e-07,1.54454818824668e-07,4.23445478855934e-07,5.55877229417233e-07,1.19361719774826e-07,3.20440500125959e-07,3.39480641211753e-07,2.14081512631488e-07,1.21502378066436e-07,3.27555561632032e-07,7.54058995261612e-08,1.5733564439404e-07,1.2417864367068e-08,2.24223889725011e-08,1.51082852867994e-06,5.21829774073424e-08,9.27583264073732e-07,1.812826832308e-05,5.44940154990472e-05,1.78934979387148e-06,6.7140198929524e-06,9.98570777862227e-05,2.80985419777898e-05,2.84096966435875e-06,3.80862275906999e-07,1.48985216328373e-07,1.04866497264179e-08,5.58924720468007e-07,9.45543859404055e-08,1.15405635984419e-07,2.51105091368827e-07,1.62832854800393e-07,5.28656204981957e-08,2.54080384163779e-07,1.16451103301407e-07,1.4713565278983e-07,2.31274257045759e-07,1.68441266840388e-07,1.12995934537824e-07,5.88530030213499e-07,4.88123034457897e-07
1.7419569738791e-06,2.76243116108458e-08,1.24508530192609e-07,3.87400339349165e-08,5.19283969646895e-08,2.92208705351331e-07,4.84491780267414e-08,1.2170763181877e-07,6.20513712700073e-08,5.98270231633154e-08,1.64822124225768e-07,5.17511534432225e-07,3.40414460200445e-08,4.5877381433004e-07,6.65418217520508e-07,6.3803370016442e-08,1.98951948425623e-07,7.33744384994636e-08,1.05632567003045e-07,5.91507019647665e-09,1.80044008779132e-07,5.33750833743691e-07,8.06935793841819e-07,2.44633566905973e-07,5.92175355040371e-06,2.06382097126426e-05,9.85586114439887e-06,1.31207382916323e-06,4.1864257440101e-05,2.80022532165764e-05,4.02559250719943e-06,1.24226545099737e-05,1.32059007326048e-06,3.71296373633848e-07,1.13682400204581e-08,2.07779386756258e-07,6.56865965591412e-08,4.27175478142822e-08,1.26981516215894e-07,1.29347541186762e-07,1.54502951533604e-07,2.53301164564885e-07,2.02093333884663e-07,6.18557913471954e-07,1.98090161091867e-08,2.33675650958318e-07,9.48638822843043e-08,5.7982627312096e-07,1.26326718073957e-07
2.50076804677689e-07,1.12121948634534e-08,2.17808366806776e-07,5.41574782240076e-08,2.57226996873925e-08,3.92359510609944e-07,3.34589843830883e-08,1.32769377497829e-08,7.65742747960585e-07,5.98599365606362e-09,2.38030994372987e-07,2.84969296732713e-07,2.88008419087261e-08,1.23891802989463e-08,1.21794171277975e-07,3.11670814496194e-08,1.83975589809246e-07,4.56262834572582e-08,2.88480961710537e-08,4.97402393549403e-08,7.6443536826885e-07,7.48472690341551e-07,4.43029208221954e-08,1.03055853500887e-07,1.67826305855187e-05,1.23797499746375e-06,1.3424706030086e-07,1.40039464139362e-05,5.86689219764079e-05,1.15595013896566e-06,3.58319808381685e-06,6.47878288873957e-06,2.23141411812775e-06,1.2356424692682e-06,4.49928927981103e-08,7.12811070655761e-08,1.58363582859883e-07,1.89608049166011e-07,2.97722567639552e-07,2.82026494495769e-07,4.40180144992398e-07,3.6145928483378e-08,7.93077960420319e-07,1.76625909013175e-07,3.11536108129846e-07,3.17113780701224e-07,7.45075013927483e-07,4.65300193373792e-07,3.86883500918462e-08
5.52369246293451e-07,1.20504329439459e-08,1.766434909677e-07,1.13351509029071e-07,1.72651917882657e-07,5.58053522893605e-07,9.54451069341551e-08,4.91960001840649e-08,4.0891166621678e-07,4.67288705694927e-08,5.3245850633485e-07,1.93450857632482e-07,1.03305616271969e-07,4.68025239010396e-07,4.81926974658215e-07,3.44303887005121e-09,2.14449334770902e-07,1.47006905560705e-07,2.26822984576022e-08,3.2282007780542e-08,6.2264861078686e-07,7.82130760431815e-07,3.17607131542568e-08,4.34269454479927e-08,7.09600481290834e-06,5.79367968058131e-07,4.25704130834227e-07,0.000110619448537667,1.53801477046478e-05,1.64725668897538e-06,1.12991640362546e-05,8.27427396518253e-06,8.60875378846563e-08,1.25831296188672e-06,5.46384449244741e-08,2.04718970467975e-08,4.44376294345302e-07,1.97671198221896e-07,3.73150944583814e-07,8.95888618781776e-07,4.1427196419775e-07,2.01883340444275e-07,6.77407116584224e-07,1.31232100262116e-07,8.31428096930211e-07,8.06216485326019e-08,2.91985912001944e-07,1.40138483872677e-07,1.55653175549884e-08
7.95147842993189e-07,4.07391516802278e-08,4.9657767271169e-08,3.05001193900135e-07,1.53151025916103e-07,1.53534891702467e-07,1.32855767179843e-07,5.08204985291938e-08,1.53622779707918e-07,2.69537048708905e-08,7.48597005953211e-07,3.55734149693815e-07,1.95718331675787e-07,4.34377432463445e-07,3.77529574557685e-07,3.3140996590241e-08,6.67442305072549e-08,4.73110155234893e-07,1.51335624205659e-07,5.19097836564198e-07,2.13689256448751e-07,4.56837333006864e-08,7.4336403439916e-08,2.93279936109949e-06,1.36161498018987e-06,2.52377068440121e-07,4.17584096182656e-06,0.000133410439266089,4.69793065836112e-06,3.55222080417778e-05,7.57608310044936e-05,1.26692614811874e-05,3.00013271180278e-06,2.40841113144593e-07,2.54369309219033e-08,6.21193804293897e-08,2.43609441983057e-07,4.5253250745239e-08,1.13436685434051e-07,1.02197475835837e-06,2.6646793514008e-07,3.70236967594186e-07,4.14633209465308e-10,1.47601512801349e-07,5.44972394657144e-07,1.69828548026235e-07,1.1934716378539e-08,2.63196603242764e-07,1.53840462824381e-07
1.82535918970198e-07,4.98643736426866e-08,1.40220314176358e-07,1.23841521993821e-07,7.57973416614073e-08,6.96085686957042e-08,1.2433889768841e-07,5.73830267184258e-07,2.47675444962978e-07,2.21641303800673e-08,2.23592320249783e-07,2.99071006688132e-07,1.54949744119305e-07,2.50771471585094e-07,2.63828480453708e-07,4.40397598072647e-08,9.46724336462793e-08,3.34900804059142e-07,5.05956096449286e-07,3.45739177262648e-07,8.60345991780714e-08,6.70527251406118e-08,7.35563384128931e-09,3.73083022020221e-06,1.03797354494941e-06,2.15856757696594e-06,8.44425755307739e-05,1.84682257323482e-05,1.17434823668736e-06,0.000232359770883761,8.79602275529191e-05,1.65863518591133e-06,4.84923701473485e-06,3.90128970936427e-07,5.77206983434167e-08,1.37403956515066e-07,2.53135760289718e-07,2.53041142125869e-07,3.43027934930269e-07,9.12388588564638e-07,3.33298373925484e-07,3.51316223274978e-08,2.66845905245144e-07,7.94953166734543e-08,6.95360535180275e-08,1.70825748364226e-07,1.06772589134113e-07,1.68522327932998e-07,2.07460113279759e-07
5.34802553015679e-08,1.04405967533136e-07,2.57265175133744e-07,4.89312195741443e-08,9.6211703319189e-08,4.88324810723842e-07,3.8696230676759e-08,6.1130345383072e-07,1.68522827394922e-07,5.866493261916e-08,3.75765229588086e-09,2.64459588820703e-07,3.04072526809024e-08,1.18302820264074e-07,3.11900859079855e-07,3.07797628518501e-08,4.60076983049422e-07,1.3846933783004e-07,4.5724834618264e-07,1.21703740566678e-07,1.33383809934644e-07,1.11865980959467e-07,9.80246914335243e-08,3.99153553779673e-06,5.30700512631504e-07,3.13224925443173e-05,0.000179838073175789,6.54280124863527e-07,6.59847188977085e-05,0.000144538043844502,1.05130291899042e-05,2.96588265282282e-05,2.28504331752622e-06,4.05474591122924e-08,2.40795353193314e-07,2.95545466626533e-07,8.29043904977103e-09,2.69262643611313e-08,1.25065319428294e-07,5.82361693756462e-07,4.59667937767953e-07,2.75444933645495e-07,4.49279161182578e-07,3.46470138120426e-08,1.49094208427624e-07,4.17665543502023e-07,2.94920815356744e-07,6.00417072043076e-09,6.24216702080197e-07
6.13641621988406e-10,2.63344394307092e-07,3.87118716758838e-07,3.76173019326151e-08,4.01978534741716e-09,6.84536706793417e-07,7.63909921657639e-08,2.35260023134736e-07,2.2116032671896e-07,9.22370091063264e-08,1.5398676683559e-07,2.52451599699637e-07,1.06989274128942e-09,9.64304687399211e-08,5.65050279279945e-07,1.95889353584765e-07,1.04983514424596e-07,2.82366932327419e-07,3.24064562995018e-07,1.5934879545413e-07,1.22637729279728e-07,3.60111581134698e-07,9.14402438475033e-07,5.70336688608465e-07,6.85111174872294e-06,7.11343909706206e-05,3.34852146133602e-05,1.15197624518181e-06,0.000265666022049479,1.67272449050786e-05,2.79226501037031e-06,4.04936810363648e-05,2.76333158297631e-07,5.48266508132333e-07,8.47501520824635e-08,3.64481278078146e-07,1.89850111185668e-07,3.98042758597566e-08,1.19684787174665e-08,7.63985721144943e-08,3.2820804874439e-07,6.85310002434866e-07,1.29414720403582e-07,7.84734189918164e-07,5.92197272047864e-08,1.76782142174041e-07,6.87833253495325e-08,3.4253300124531e-09,1.41099620188005e-06
1.1156145895188e-07,4.53841824315443e-07,1.43247558573636e-07,1.44890619499105e-07,1.36846931519525e-07,1.48073663713236e-07,5.10172646766082e-08,3.41515928479744e-07,3.14903892264063e-08,7.91486562170633e-07,1.15487056047857e-07,3.0622152522209e-07,1.78678128751856e-08,1.95098106159315e-07,4.32523715982386e-07,3.18365222766788e-07,6.86762061990912e-08,2.35704726633688e-07,1.20370384694648e-07,7.69035250555822e-07,6.12428623225765e-09,6.56999818131751e-07,1.56930806461729e-06,3.42413449405724e-07,1.88887513735621e-05,1.14801366114698e-05,6.48991572425372e-07,4.39386617000579e-05,0.000172622748712521,7.35695810275375e-06,4.03341292157973e-05,2.44447536202083e-05,1.17846761204278e-06,1.97819770944646e-07,8.86195956593129e-09,8.98557106516158e-08,1.75923672019671e-07,1.86823267663267e-07,4.46758577641776e-07,4.89438961427358e-08,9.93229131655171e-08,4.69548842716127e-07,4.00799633995113e-07,1.52085445872693e-07,5.55378966372651e-08,4.00224775967275e-07,2.4804447158411e-07,9.64888094948371e-08,6.59861749455558e-07
1.12042437092266e-07,1.21593395287529e-08,4.08175163241325e-08,1.62927643503267e-07,2.05961504148123e-08,2.14508511892593e-08,5.05341799588163e-08,2.58284988877588e-07,3.13040350755678e-07,5.34464644491708e-07,1.29007458445363e-07,3.22454568441479e-07,1.0443450452786e-07,4.01254371826007e-07,2.50374557861663e-07,2.61459508246072e-07,1.50300486567619e-07,2.81554402231436e-08,8.49477411809236e-09,8.7449720997472e-07,4.04751348546466e-08,2.62709003299082e-07,6.4039102827181e-07,2.5095419573836e-08,1.56404681953864e-05,4.96406494432334e-07,6.94233314080137e-10,0.00020055316841037,2.91065171620629e-05,3.96200518366845e-05,0.000197425209223913,9.60513801471914e-05,7.21845084080464e-07,9.92999252093932e-07,3.07455049815604e-08,3.50719404980148e-07,5.84203170743833e-09,8.60085126246081e-08,2.84700320855516e-07,1.6483371165018e-07,3.30188355264177e-07,1.00097196294842e-06,4.00163467372876e-07,1.15039383466724e-07,2.81385185356175e-07,7.27681786803149e-07,2.85659781309734e-07,2.59941788494695e-07,5.07003520636025e-09
7.11486240428887e-07,1.93205476731684e-07,2.82817997487791e-08,2.99265209903814e-07,2.80219588496892e-08,2.0236825638561e-08,1.21017884952725e-07,1.50026998660615e-07,2.69820577374009e-07,3.88942226793893e-08,2.56697628122061e-07,5.26466609836623e-07,3.07825632558045e-07,2.11776293863384e-07,8.94998231422328e-08,2.36071730156332e-08,5.8814976860472e-08,3.03286368421292e-07,6.23614044282415e-09,4.92096173331925e-07,7.49723089692662e-08,3.57983704863724e-07,3.05453440070817e-07,4.19459129912322e-07,3.55705832108921e-06,9.03935047285065e-07,3.79597196734601e-06,0.000135521974710613,1.76220606979516e-06,0.000387553017949342,0.000381485343461171,7.76289275745034e-05,5.03561970550656e-06,5.01770967675997e-07,8.26659171514844e-08,2.82068814731481e-07,7.95952985251707e-08,5.35020272149882e-07,1.92856391201232e-07,1.60849803370203e-07,5.31392201336112e-07,1.17643087950183e-06,1.54119883247912e-07,3.54046407548504e-07,2.32677521875058e-06,2.87458374048771e-07,1.19740205884672e-06,3.7941741804939e-07,7.80408700939133e-08
1.50751673571715e-06,9.59199260923001e-08,1.73956243189792e-07,4.60272631403496e-07,1.29167735176158e-08,2.16298730776636e-08,2.55758209261699e-07,8.31963024368209e-08,7.78480529326921e-07,3.63076924062104e-08,1.27882274169248e-07,4.67277901825214e-07,2.69656228024995e-07,2.45425943273945e-08,1.28802925889224e-07,1.20351924473488e-09,6.95207867201649e-08,1.49931689892664e-07,5.97254869981437e-09,1.86762768916897e-07,2.52296180349426e-07,1.59432426960042e-07,9.63204282961962e-08,8.13830858965613e-07,1.05366819647505e-06,1.08877632229151e-06,5.97159074086514e-05,1.03762667386906e-05,3.76484128448e-05,0.000493276646176474,8.77007347769747e-05,5.72217886573049e-05,9.28732317990788e-06,1.06365052038778e-06,6.27784470124156e-08,1.37749154888695e-07,4.16927846828775e-07,8.69509251143714e-07,7.29298697406387e-07,9.09104777129565e-08,4.2697891630001e-07,1.16481474789358e-06,2.55822310871076e-07,3.42432781261071e-08,2.48202096457028e-06,9.10699734123101e-07,3.61956053603676e-07,8.42084316385793e-08,1.248165055654e-07
2.2231621265988e-06,4.22108746604257e-07,1.5181294220229e-08,5.67766423516537e-07,5.18341481835349e-08,1.66587667858554e-07,4.51370829907013e-07,1.22217430809068e-07,8.71754353561561e-07,3.96770740634782e-07,1.34854944133901e-07,6.44793404316459e-08,1.38148353501397e-07,2.00228593607608e-07,3.26795094417716e-07,8.00497925810566e-08,3.4934004702317e-07,8.64358524490102e-09,5.67992497773566e-09,3.96766447421645e-07,3.14953597479688e-07,1.20369136731534e-07,1.23166822573021e-07,3.539533298269e-06,6.91986823813326e-07,1.25150241157479e-05,0.000102794921928309,4.82388191320497e-07,0.000238679957099544,5.27803453839468e-05,8.96603967542424e-07,0.000128440053700436,3.81331722207674e-06,3.26893957629715e-06,1.19368955116321e-07,2.99823252524376e-08,9.05470037252238e-08,6.16032353781939e-07,8.57428521329571e-07,1.83451015633632e-07,3.23212285701285e-07,6.29016809316943e-07,4.56612508162312e-07,1.37346009679801e-07,4.8578448350633e-08,6.31327813410007e-07,6.3967743274965e-08,4.85030440219051e-08,6.16465006971823e-08
2.00743443533476e-06,1.23324709006592e-07,3.28907687583506e-08,2.15114195241897e-07,8.30653275557048e-08,4.76621327375635e-07,5.25654157791829e-07,6.45123987669794e-08,1.59495400450893e-08,2.37988621270891e-07,1.3779230837045e-08,3.090347040336e-07,7.34601267832786e-08,3.53438324373821e-07,1.23534527509735e-07,2.35842208637259e-07,3.56696557057099e-07,2.17024024508317e-07,7.25340653730678e-09,2.1264652841741e-07,4.37934101272904e-08,1.99514725424819e-07,2.48488652802813e-07,4.12763965254891e-06,2.70591242657267e-06,3.80882346339116e-05,2.80177081425163e-05,6.94842431290562e-06,0.000334877861317135,2.12881980073744e-05,4.30772815927508e-05,7.81005130671733e-05,1.17286234587224e-05,4.96420357337079e-06,6.32152363809633e-07,2.21748614465371e-07,5.02724937304742e-07,6.40094846750595e-08,5.08005060952397e-07,1.88620005832232e-08,1.66009840886684e-06,2.4561112244761e-06,1.03414604687085e-06,1.03740299829483e-06,5.61365821662503e-07,3.75086175390536e-07,8.14771208495641e-08,3.2063229780418e-08,6.86569174151595e-08
1.11475479528603e-06,1.93825676896973e-08,2.71304332987347e-07,1.20566093668589e-07,1.41849339595619e-07,5.49402963451548e-07,9.55093374549444e-07,2.25334681482559e-07,4.69485945888644e-09,2.23032094536013e-07,6.0876641674469e-08,4.65073058302728e-07,2.02381023455455e-08,1.40750320857066e-08,1.1865870657335e-07,3.14165101574567e-07,3.63047905251769e-07,2.46539237736349e-07,2.37455689514719e-08,2.51221044232416e-07,2.58259829971217e-08,1.54875804466103e-08,5.68259417164446e-07,2.37862045381765e-06,1.37873926627408e-05,1.17352177903598e-05,3.97789800287826e-07,0.000142158899062551,0.000111525213455378,7.9561671299171e-05,0.000813335586816326,9.62049262426478e-05,9.43480947404165e-07,5.63818390249505e-06,1.22583579574833e-06,3.54719840222268e-07,6.84423419075402e-07,1.00744776984744e-07,1.0853298030258e-06,1.53678420585625e-06,2.21093433071672e-06,3.19974512571188e-06,1.19736498770788e-06,7.55106642262128e-07,1.33365194559826e-06,3.54360479526749e-07,1.34602707646507e-07,9.98616980383347e-08,9.98716998659114e-09
1.57121437367963e-06,1.20436084438096e-07,9.0186021249636e-07,1.57361628386094e-07,1.05789915224836e-07,4.26573051591043e-07,4.7425956421426e-07,1.21781149637853e-07,2.01493123405116e-07,2.03842377450223e-07,2.98245818846131e-08,3.2578037080525e-07,5.8397805775235e-07,2.25575720875312e-07,4.1883661568886e-08,7.04644204363027e-09,4.35545115077435e-08,7.34667693487504e-08,2.73549915419488e-08,5.39571900380102e-08,1.33850175310126e-07,2.15616005643018e-08,1.36825522190235e-06,4.60921769402872e-07,2.56716977501065e-05,5.07803623392194e-08,1.39776316078465e-06,0.000538015577500623,2.55945164111115e-05,0.00188333517855098,0.00173574746814279,0.00022965965043093,1.14507506934534e-05,5.14372449038913e-07,1.00411408505733e-06,1.00705217566743e-07,1.0573607395192e-06,1.45121111778246e-07,1.06719765571364e-06,2.49667374909231e-06,4.44611277310034e-06,3.6928583965115e-06,6.88306338809066e-07,1.30257326199781e-08,2.76595159738834e-07,2.0291599602918e-07,1.16523709363994e-07,2.40609743534059e-07,3.95271580771893e-09
2.55164588266698e-06,1.23035968299081e-07,6.10019322928064e-07,6.97813327510916e-08,3.34898868958982e-08,2.99056317673586e-07,7.24585028500109e-08,4.80069981797901e-08,4.32015470375176e-08,1.85218430193603e-07,1.25038386637039e-07,2.87133256059203e-07,7.59195242018731e-07,6.04853069659367e-08,3.04528276437889e-08,8.59849474857202e-08,2.73546413496749e-07,3.03667414832131e-07,7.99107502331333e-08,3.57416868188246e-07,2.71892286208794e-08,2.27109475155461e-07,1.30070811558019e-07,9.76929274203583e-07,1.10168558815876e-05,2.24291175866921e-06,3.09166864064134e-05,0.000204192144483969,0.000227000298623281,0.0066690830405081,0.000701238080008087,0.000124439451113723,5.57896835690504e-06,2.16510030607292e-06,6.19859066053274e-07,2.0343825841632e-07,1.88202216171627e-06,1.15758118111101e-07,4.45618791833773e-07,1.80727102985497e-06,1.1695600550014e-06,1.05418363505102e-06,5.2157395846053e-07,4.89352498925489e-07,3.0683408033672e-08,7.96465658627744e-08,4.30669357858047e-07,3.52610551089471e-07,3.11667682328082e-08
3.02478667266403e-06,2.34843772056375e-07,2.36303901104654e-07,1.46353334265742e-07,4.90679511159231e-08,3.37126783590458e-07,3.60232941661745e-07,6.31834802483041e-08,4.693943905362e-07,3.7542723690757e-07,1.54646814675002e-08,7.84267452464513e-08,5.79522098195956e-08,7.30136916319027e-08,8.18144556104335e-08,1.21667883536714e-07,2.74600758302407e-07,1.44898983747904e-08,2.20626725511657e-07,8.60038711633983e-07,7.85494580930848e-07,5.19199645926732e-07,9.23126767723292e-07,2.26410853295952e-06,4.7836255363931e-06,1.60371131199561e-06,0.000259820401386026,2.61956804206756e-05,0.00199918444538388,0.00331653716779246,3.59595012919315e-05,8.44862271642328e-05,3.56693993126835e-06,1.2124027032505e-06,2.03832358829785e-06,4.64764316003215e-07,5.49962732393299e-07,1.07882293036682e-07,5.49660841503283e-08,7.79500236400244e-07,1.32662325798895e-06,1.41429400533135e-07,3.00324855402864e-07,6.65708396333689e-07,9.34188621202447e-07,7.14746768544292e-07,1.56874711692923e-06,3.40341405113058e-08,8.10847453142422e-08
4.09115140950031e-06,2.47998180949827e-07,1.40254502584188e-07,1.37027610327543e-08,2.46808331617086e-08,3.57180674115681e-07,5.3764206425649e-08,4.58435496350208e-07,3.84513140034462e-08,7.69666579250693e-07,3.04969400671601e-07,2.96561012284651e-07,4.59056901929072e-07,1.54959701930382e-07,7.64208389577459e-08,1.67849361300012e-07,1.80625715930893e-07,3.07316262908633e-07,5.33930721471903e-08,2.43374459849324e-07,7.0660581414657e-07,1.93648730706168e-07,8.201693360059e-07,3.06083716677419e-06,1.14642852888315e-06,4.78035410405266e-05,0.000675209611090873,3.36481925448486e-05,0.00732040147514425,0.000537282693970278,3.25774790850409e-05,3.79796911269874e-05,4.77767380610163e-06,2.70775907210177e-07,2.88256993704162e-06,6.73868754651194e-07,6.89959857397711e-07,1.46101887045448e-07,1.52783213213155e-07,1.50142590225275e-07,2.08898633343121e-06,6.39124189523096e-07,1.53106947880033e-06,9.94091786615218e-08,5.4061932159975e-07,8.04417411383478e-07,1.01643203695271e-06,5.54846519142624e-08,3.28215388657778e-07
4.67101564006092e-06,2.15550701355232e-07,5.16156597720333e-07,2.11221488767809e-08,9.0816792169929e-08,8.25895879424621e-07,6.0688627231325e-08,3.00508404824994e-07,3.48639541321948e-07,2.31019792335392e-07,2.57824020433512e-07,6.2629777445035e-07,2.74667270436574e-07,2.65889078029588e-07,1.02456034445093e-07,6.96334949973628e-08,1.17478739189056e-07,3.06270646708097e-07,4.04587228098504e-08,8.12386092221137e-07,4.17439105957356e-08,1.0616902483407e-07,1.06098350494862e-06,8.60162034271374e-06,3.36062676228754e-06,0.000215451027310351,0.00026755887304575,0.000310868308733978,0.00708089374895543,9.07102577733787e-05,8.12046908650447e-05,1.91343982766675e-05,2.51119995959772e-06,1.90433834475793e-06,1.39010607989012e-06,6.45115060190192e-07,1.03023817792329e-06,3.43977129268507e-07,5.87854334193436e-07,6.95067062391002e-08,3.72167487829153e-07,9.79189263677029e-08,2.49152448962269e-06,2.75501695007677e-07,4.29361802297456e-07,7.13311814394261e-07,3.15431880548459e-07,2.41628997142964e-07,1.60076823422547e-07
1.4998291475652e-06,3.23887516165366e-07,1.33117269222112e-06,1.50152814510225e-08,1.0676878195209e-07,1.91072616732798e-07,4.17334032890788e-07,2.54859053312166e-07,8.1605800588288e-08,2.66276173418531e-07,7.85689817627154e-08,5.6866251273447e-07,3.26566044777273e-07,4.09663659118135e-07,2.22836235961729e-08,4.50849695028693e-08,1.4903667658894e-07,1.0339999267349e-07,4.27738198739967e-07,8.69823754045934e-07,3.75119373419286e-07,4.59277530945181e-07,1.61231385156209e-07,1.04331305627585e-05,2.13894160653253e-05,0.000109641515481569,8.45722579256088e-06,0.00360551250932574,0.00244993848547287,0.000106746165125364,0.000267607300000994,3.2498574126015e-05,5.85644147211326e-06,2.35336537742225e-06,3.17256811148394e-07,3.20590280366745e-07,4.89876323002142e-07,1.41677050124683e-06,1.05005561767097e-06,9.56598204057696e-07,2.97801862517395e-07,7.34015381228183e-09,9.97492513345244e-07,9.84032228835857e-07,5.51672808436397e-07,3.4305415531654e-07,5.28659689325477e-07,2.38233329201404e-07,8.13055645845143e-08
3.71792382348439e-06,1.62004046587524e-07,1.17167809124683e-06,9.04799055045219e-09,4.31136818942746e-07,5.24819556260669e-07,1.4009217097504e-07,2.54572031079957e-07,1.72162412535476e-06,7.55514692711518e-08,1.01370907590306e-07,7.78988514578531e-07,9.65091295466368e-08,9.26808591584812e-08,2.75766072523205e-07,1.03297849218015e-07,2.51659675115522e-07,7.89429185845828e-08,3.50394170016236e-07,6.26551134143338e-07,8.08668687969455e-07,2.91142633492938e-07,1.77074873890604e-06,3.82730284990663e-06,8.32796624168123e-05,1.30328701431539e-05,3.09164351987317e-05,0.00583662608305937,0.000254307723147434,0.000615829675823517,0.000133877682916929,1.10788387990464e-05,1.55465805807085e-06,8.63728156492828e-08,3.22585583289997e-08,5.70404804991664e-08,8.04603085373978e-07,9.13216309909818e-07,3.83479624808493e-07,1.4693366910541e-06,1.07907577629994e-06,2.33078471036357e-07,3.73679047688727e-07,1.38377057940397e-06,1.15585495519998e-06,1.98728711069677e-07,5.98311817741531e-07,5.62712927290915e-07,1.70743884439969e-08
6.83347278412076e-06,2.52537466595526e-07,2.53681557439682e-07,1.3013308164915e-08,6.42417390132241e-07,2.70860917714604e-07,2.17267563200616e-07,2.40013928500397e-08,3.48287731197249e-07,9.40834500583306e-07,4.51338881024906e-08,4.6331644960608e-07,4.32878312239787e-08,4.29231352133769e-07,2.24397249362538e-08,8.79426252538437e-07,1.60683816175354e-07,3.86358082789548e-08,1.88666820103792e-07,9.2614958641176e-07,1.685749752563e-07,2.81132356761141e-07,3.22721614017256e-06,3.74785691765993e-07,3.98238619926012e-05,7.85784809759499e-06,0.000149684664407873,0.00089883887847936,0.000241768855822232,0.000566050055738377,2.82964729931593e-05,4.35595599820619e-06,1.0487388121451e-06,2.06016476321457e-07,1.90830517569707e-07,2.62564549299481e-07,2.51484024649616e-07,2.59789753792485e-07,1.71884048931596e-07,1.53194334503974e-07,8.16042867457882e-07,3.39332190446368e-07,3.76778507073637e-07,1.02004353428712e-06,8.58619524504966e-07,3.09670535720262e-07,6.74020717937816e-07,2.94568378352539e-07,3.46450684685175e-07
8.42129878201715e-06,1.03967178528151e-06,9.69419082046611e-08,1.60163330359216e-07,7.75239938509161e-09,3.6939868807844e-07,9.43123782293792e-07,7.04501720372064e-08,9.41403244629186e-08,2.42585383500395e-06,3.74849736941986e-07,2.27835872613966e-07,1.27958720639887e-07,3.21416202651e-07,1.89849108199753e-07,1.23792784272235e-06,1.05159879230046e-08,1.03164449580076e-08,5.89566277742185e-08,8.44837730943062e-07,3.8557323187289e-07,9.29012068790208e-07,1.64319635934977e-06,5.85620686513979e-07,1.29048495932729e-05,1.48141084150841e-06,0.00118112467623278,7.50651932108278e-06,0.000485802399936044,6.91964649507545e-05,9.55392484195189e-08,8.31215113977271e-06,8.22469349377131e-07,6.33777960797256e-07,1.76439541895181e-07,1.75861962083668e-07,1.38895307759806e-07,9.65652420853746e-07,4.22543763987825e-08,6.09288531755375e-07,6.74028714426445e-08,5.07529157234133e-07,2.24120742072307e-07,8.16799729625781e-07,5.28268528214145e-08,9.22195862518643e-08,1.10384685485268e-06,5.59493591955306e-07,3.97856408825127e-07
5.29584132016877e-06,1.49537911242627e-06,2.64205082999042e-08,6.95676579791594e-08,2.46084229558666e-07,4.91036561722376e-08,7.14598718514734e-07,1.3220226466822e-07,6.45668123669117e-07,3.63763208075229e-07,2.00694021168911e-07,3.20466048718385e-07,2.56108513375664e-07,4.12696942435742e-07,1.79146194530137e-07,4.60098283854455e-07,2.83830216752571e-08,1.49008626026186e-12,2.91257129970614e-08,4.42618671965169e-07,2.62148674407874e-07,6.90798541448565e-07,1.87924305655737e-07,4.72463552672866e-06,4.13332343631606e-06,9.91452791356364e-05,0.00304978354395844,0.000181603250130491,0.000842144946305208,9.24041036196217e-06,1.4057434660792e-05,2.87143283417418e-06,3.68794757765308e-07,8.33871068831129e-07,6.46547845012165e-08,3.69374577507312e-07,2.52595255797376e-07,1.55001146100764e-07,1.72293259037152e-07,4.41903924660848e-08,4.81934063266157e-07,2.0341430941197e-07,5.97847420531793e-08,1.34854081534796e-06,2.92293156285953e-07,3.35793924336569e-07,2.82275811260392e-07,5.94428398853947e-07,1.43516249917014e-07
1.9239201814771e-06,7.7141525778479e-07,8.14232278467324e-08,7.89192580789209e-08,2.13961387077083e-07,6.59081413332626e-09,2.77587640144314e-07,1.48331368682943e-07,7.53843215945105e-07,5.06852718709924e-08,6.09645228476022e-08,1.46421963229895e-07,2.24285655662269e-07,4.51915949327153e-07,2.34992396439667e-07,4.00449659981741e-08,2.62820217436402e-08,9.02344552759944e-08,1.64324321363553e-09,8.5883437279721e-07,2.89142508303839e-07,6.86922873688253e-08,3.11730508887564e-09,8.43370313275068e-06,4.69925882950339e-06,0.000537903037352173,0.00106113991601988,0.000575993445195086,0.000339942762336355,2.02871435404311e-06,4.93250133967708e-05,8.89787445813641e-08,6.78198051180412e-07,5.3916583615265e-07,3.72989165102555e-07,9.77627817260202e-07,1.42661972246851e-07,1.44938586088561e-07,2.99177913425875e-07,1.98192863418609e-08,6.35973961371435e-07,5.50988354964047e-08,5.93877694345558e-08,6.4709650997203e-07,1.89423682158648e-07,5.61890554497662e-07,7.67390359319968e-08,1.42337696824654e-07,3.79701606817369e-08
2.39566559182278e-06,5.23230719980514e-08,1.20130561516609e-08,2.55911617317226e-08,3.46298109559351e-07,1.32840178878663e-07,1.79624121014696e-07,2.24153815558038e-07,2.16568602121591e-07,2.8028085224652e-07,3.80411428853737e-08,1.95082431491994e-08,2.89579280969272e-08,2.16225831300435e-07,2.72062789790035e-07,2.32251024136163e-07,1.18131472373147e-07,1.34856557002387e-07,1.32800203374182e-07,5.45567567909275e-07,7.51252356433995e-09,8.90833573689007e-08,5.34074707546033e-08,1.31342915001628e-05,3.77448515704351e-05,0.000427735894854614,9.55490487557858e-05,0.00228694242181643,0.000131547729753088,0.000115975908211061,4.41554893489374e-05,2.62177297346968e-06,4.81306713978844e-07,7.54456839148156e-07,7.90726524367231e-07,2.6377908503039e-07,9.15875462827576e-08,2.28150101200862e-07,1.7641905210491e-07,2.77285341496092e-07,8.77916762673634e-07,8.74907376562313e-08,2.02936713455327e-07,5.29279045133044e-07,1.86991371977013e-07,4.31078820911084e-07,5.97066235878762e-08,2.40907727596094e-09,4.83710093582089e-08
1.36631595705794e-06,1.15048610759062e-06,4.37272516761451e-08,1.07190466650421e-07,6.26685049638673e-07,3.56236424667733e-07,5.02736146494689e-09,2.93104304982137e-07,1.30642331229265e-07,3.66161762940531e-07,3.52020920909378e-07,3.85273104592321e-08,6.4376054072287e-08,1.29992128315465e-07,9.14811228895056e-08,3.62819523807706e-07,9.94406848913071e-08,1.78791070293414e-08,3.34759840511118e-07,3.34529874252638e-07,1.12565600268303e-08,7.17842150401098e-07,5.19744675124527e-07,1.71547477806039e-05,0.000149467771875306,3.04886019859183e-05,2.81300756124415e-05,0.0034157994690539,3.50086667305031e-05,0.000289220477508002,1.42103347438403e-05,3.48688351896366e-06,3.17794205609334e-07,2.25095436834299e-07,6.76433179185353e-07,2.87541115987168e-07,2.55844239315857e-08,9.70553211281396e-07,2.29009864328645e-07,8.70871044558638e-07,9.01618028448685e-07,9.00828527041952e-08,1.09052787645328e-07,7.27401836429811e-07,3.14956374187331e-08,3.54314677394241e-07,2.74407266357744e-07,3.44537796192508e-09,2.72862790069651e-09
1.34226995004893e-06,9.66131359054524e-07,1.36991330718376e-07,2.43109402335644e-07,1.15993286278213e-07,3.82330774623995e-07,2.56849531875312e-08,2.4564638780363e-07,1.45504606424926e-07,1.34347612608444e-08,7.25948838721195e-07,2.54853227287586e-08,1.77488636656594e-07,1.24787450100468e-07,8.20778702412406e-08,6.69490155189552e-08,8.55265618597368e-08,1.14553246212065e-07,2.17087617076987e-07,6.87017277733441e-07,3.82367134744157e-07,1.09435350004675e-06,3.24143316866421e-06,3.85170395925065e-06,0.000183535734370257,1.04517275802376e-05,6.61435167210421e-05,0.00095623115250366,4.98503664682625e-05,0.000111042043087254,9.37322765726093e-06,3.65808497614668e-07,5.54575829094913e-07,4.80663930200392e-08,1.77196792932581e-07,7.13308157702555e-07,1.41469973597497e-07,9.99856938983307e-07,5.76896045883815e-07,6.00858233988827e-08,4.1816818926215e-07,2.29352191001508e-08,5.03036686962078e-09,1.92477275231645e-08,2.70032356131728e-07,4.78516094784076e-07,1.87135720864154e-07,1.54015534638324e-08,4.99964614289978e-08
1.2324595832673e-06,4.51252733088942e-07,3.09161177716043e-07,6.75936466842177e-07,1.04735789247773e-07,1.97909046397216e-07,8.23412701299368e-08,1.22377403935039e-07,6.38795919373424e-07,3.29948164374854e-07,7.08713811391954e-07,1.18048843277641e-07,3.59022840076348e-08,1.10643316017883e-07,2.49286762256095e-07,2.72402725091407e-08,9.54414008864475e-08,1.7271744978431e-07,2.71408665953112e-08,9.09233268686031e-07,6.3323476964952e-08,2.16288646916932e-07,8.77192302455315e-06,1.50092570118193e-06,4.10591206923445e-05,7.36798219465262e-05,0.0042491721783839,0.000146922340884103,7.21516356054268e-05,1.012789434105e-06,1.19832479730606e-06,1.38962252107233e-06,2.98826243647275e-06,1.88757533051748e-07,1.69901450508421e-07,6.77279790126516e-07,8.20566954704031e-07,3.01504745710155e-07,3.55000282839888e-06,1.027318126553e-07,3.83082981736581e-07,1.22899821931804e-07,2.63351363038293e-08,1.44084366905454e-07,2.55416852305591e-07,5.17931819475167e-07,3.79119358249028e-07,1.71085685955229e-07,1.95304625273199e-07
1.05048505232784e-06,3.3610394160327e-08,2.80789254126205e-07,8.86878135595702e-07,5.40806013006834e-07,3.71576291588035e-07,2.46983815979174e-07,5.6724209621776e-08,4.79903459873578e-07,4.50438898600133e-07,1.25282135778087e-07,3.69252346800389e-08,1.03316180555322e-08,8.71383147069606e-08,4.43195010013529e-07,1.01733467653492e-07,2.02482895625415e-07,6.66337025514028e-08,1.7998380071846e-07,1.71580364012776e-07,1.05399492329893e-07,6.52087303009896e-08,1.51291505168635e-06,7.78711203173172e-06,3.12862148624503e-05,0.00107312148526221,0.0105104869947143,1.8479927871601e-05,7.31894437013904e-05,6.06167565017667e-06,2.84956953273994e-06,1.46302732535152e-06,3.39791928022301e-06,9.66031948317866e-07,1.7287088292443e-07,2.56322274746709e-08,5.24820134309265e-07,1.19379252092814e-06,2.69255647133598e-06,1.49193664437312e-07,1.94685101307195e-08,1.03611387494517e-06,1.63220115609508e-08,2.07318813502018e-07,2.02442042646393e-07,2.16680691365379e-08,8.90783312547358e-07,4.58700059699534e-09,1.45555776049526e-07
3.00809483928845e-06,1.95419363353478e-07,1.59193194074087e-07,3.43322969600119e-07,5.27885077667265e-08,5.282951538299e-08,3.82665927322337e-08,5.50594896161665e-09,7.02209563638534e-07,2.14939347939383e-07,6.34604280527851e-08,7.66599734720834e-09,3.36715326277263e-07,9.16684821948341e-08,1.91184382186188e-07,2.67716632693131e-07,4.79476135752751e-08,4.51525012592855e-08,2.03672592147869e-07,1.56271671508374e-06,4.4369426547863e-07,5.3539613810355e-07,2.6836847012312e-07,1.29536149202912e-05,1.73786183265713e-05,0.00483989975270263,0.00325478286712244,0.000356270309468179,1.03026718744239e-05,3.38675038414296e-05,8.75375544081453e-06,7.37273613966466e-07,2.4663423599112e-06,1.91885008397878e-07,4.04649397622614e-08,2.16917762456336e-07,4.20541363979084e-07,2.17144934599154e-06,2.78947197378992e-07,9.61878117545872e-08,2.24193972481781e-07,1.8148354132818e-06,1.64815991192412e-07,5.58106427325721e-07,8.61956148437818e-09,2.52136237010567e-08,2.89059271654229e-08,4.51860153772536e-08,1.72412585506604e-08
4.8131062800235e-06,1.21793211355843e-07,1.20289944628732e-07,4.51936854775042e-08,6.66394843861212e-07,1.22821255088949e-07,7.92577502015724e-08,7.64937139576344e-08,1.10450579103337e-06,6.71528459378031e-07,1.11469422242186e-07,2.49841900591862e-08,4.356848055543e-07,2.41587442042591e-07,1.39326521461232e-07,1.93374156686534e-07,5.85186806887076e-07,4.41514650656646e-07,1.03664272428049e-07,1.63883772691302e-06,1.62192326411508e-07,8.43840124011758e-07,1.34299030830394e-06,5.41833468090978e-05,0.000258465403977317,0.00389347987991885,9.25701516597662e-05,0.0010986970847877,2.00648015064663e-05,0.000132216281892142,1.70597943676224e-07,8.49045059534189e-07,8.42313583695486e-07,5.55832288560471e-08,2.94874343278812e-07,6.51279854559528e-07,1.82248120446396e-07,2.20179963517989e-06,2.69137518876415e-06,8.99190813451478e-07,3.3087349921092e-07,1.4305434824523e-06,2.33981849630398e-07,9.65676976129969e-07,1.11038698859427e-06,8.61726521723114e-09,2.34867807756386e-07,5.77849309661192e-08,1.58680483181274e-07
4.11540295881344e-06,4.55431088131666e-09,1.51972265997185e-07,8.57251027347386e-08,3.54155892525981e-07,6.81158688675977e-09,1.06801403948468e-07,5.65883634642904e-08,2.5886831710066e-07,6.48919746389685e-08,1.55774042705884e-07,9.13556327416672e-09,9.67035191092588e-08,1.16724185835906e-07,2.71987877105342e-07,1.84214953416356e-07,2.86207284808179e-07,3.16139138380146e-07,2.53909231830691e-08,8.20583746906956e-08,2.1154164375886e-07,1.26079408943388e-08,1.44062675349654e-06,0.000176605577813735,0.00144850785681442,0.000890822725463647,1.18017275980256e-05,0.00168260101297397,5.97232609078192e-05,0.000175405256699486,2.93178060582641e-06,2.09843560515184e-06,1.34150071924904e-07,5.46605844258066e-08,1.18700053238192e-07,1.52534481748398e-06,5.13144774026778e-07,3.78953778662026e-06,3.59500225821396e-06,1.16908920956638e-06,6.23332296071471e-07,1.09422501466376e-06,1.06396767660629e-07,1.08310502667641e-07,1.28806696553363e-06,2.85923078477377e-08,3.14071524220345e-07,3.93613099711792e-08,4.7155469573509e-08
2.16978811629696e-06,1.28009370890557e-07,5.11812582511266e-07,1.07236968000323e-07,7.2732191277758e-09,4.793466307439e-07,5.12170072875743e-07,1.19649014680189e-08,9.54375968556646e-08,7.7628762248604e-07,5.03100472627979e-07,3.18277630318471e-08,1.72297925723817e-08,7.82268437524233e-08,6.24473142592727e-08,6.7369999244253e-07,2.71623984853278e-07,1.73059038801536e-07,1.03173004821928e-07,5.0591700663276e-07,4.70203514428278e-07,3.72205433497405e-06,3.50310278595236e-07,0.000173780890754913,0.00341863875186426,0.000602476861798533,0.000113678779074026,0.000681383807014563,0.000210169807961865,4.59712597064239e-05,1.45403745688149e-06,4.24845829896586e-06,7.82320330009003e-08,1.01212694469739e-08,1.74573504411631e-07,1.62906130973846e-06,5.31762387254646e-07,3.10219630062874e-06,1.18846992310448e-06,1.86659966104465e-07,1.02198100982155e-07,1.43857734127655e-06,1.42073506147245e-07,7.36923209695005e-07,1.79685827618053e-08,2.62242932932022e-07,4.59361420713778e-08,2.89998860477753e-07,7.95369617255299e-08
1.23664122123486e-06,8.13062272665644e-08,6.59094060012479e-07,1.2339102940054e-07,1.9171858643243e-07,6.91770238701521e-07,1.1004517568598e-08,3.74539995739669e-08,4.38947815576309e-08,9.59246134615773e-07,3.93433123258196e-07,2.25850970866245e-08,2.01886823117862e-08,2.79103432984765e-08,2.29601106795284e-07,8.37031623360866e-07,3.19301698656502e-07,1.66789861441942e-07,1.70859315609887e-07,1.34042473864831e-06,9.47944126305272e-08,9.62027247225984e-06,3.13372038561731e-05,4.93936466920121e-05,0.00204668755886834,7.83886180295776e-05,0.000512680348670321,0.000117465536364611,0.000471263718035534,1.65810615431131e-05,3.40634218684429e-05,3.67835604108634e-06,3.82049334803625e-09,4.54462382732579e-08,1.40548634467855e-07,1.65528328629282e-06,3.25074268583693e-07,5.60047396701512e-07,1.00350251181738e-06,5.5278017959253e-07,1.98814331565349e-06,6.55129189584053e-07,6.85458792233189e-07,3.56903703282921e-07,3.85315918752699e-07,2.01389858713625e-07,2.08386326000363e-08,1.20939987854507e-07,2.16552211418498e-07
9.59243734272248e-07,1.94102316289164e-07,4.11205315213419e-07,8.46800761378599e-08,3.07783477894561e-07,6.51190365196329e-07,2.16194945783159e-07,1.44695830861194e-08,4.44569437877718e-07,1.02336567361238e-07,9.33518714416845e-08,5.48975937070914e-08,2.88511612573493e-08,6.5473203971593e-08,3.66000753089125e-07,4.13600893693472e-07,3.40228011589281e-07,1.0881530620424e-07,1.61576184264706e-07,8.08283009229229e-07,5.25758551162256e-07,1.93892359964201e-06,0.000109274097286317,1.82280762746551e-05,0.00205068549880133,0.000584161430577964,0.00447437845826979,2.50354803318787e-05,0.000432489816895913,1.30858361915252e-05,9.23594940238792e-05,4.27863481191289e-06,6.30491696084522e-08,4.01039125947055e-08,5.38012491774881e-08,7.07839821851986e-07,1.12492075760015e-07,7.60423504567799e-07,3.09408324260886e-06,2.04807570618064e-07,1.59950368497344e-06,1.69150366881695e-06,3.42765478323507e-08,3.33077136253362e-07,6.59319686067085e-07,2.56293704049186e-07,3.35478423155794e-09,4.33525792407665e-08,2.42918236992808e-07
4.08586942310313e-06,3.31236948723567e-07,3.79196086479626e-07,2.50767720232942e-08,8.80180526792966e-09,1.20194531123329e-07,5.7830442279806e-08,3.28930510824461e-07,3.77616562728762e-07,4.32114730234479e-07,8.31907384626264e-08,7.04884606505115e-08,1.03348255370704e-07,1.70191567373325e-07,5.42384145905275e-08,4.56084877680718e-07,2.72160787602777e-08,3.74996227698066e-07,6.68948268517531e-08,8.5386362785079e-08,2.3195860636696e-07,2.46327313465718e-06,6.3661827349806e-05,0.00026583486463461,0.000527647691678635,0.00625712892086063,0.00423205224506059,0.000743865887395168,0.000231446398315264,0.000125298745620773,4.88148905831662e-05,7.82843834152366e-06,1.75419526285815e-07,3.39015454438541e-07,8.972086562612e-08,3.4509671732929e-07,5.02577829840957e-07,5.80256809352995e-07,5.31930814686386e-06,1.55564974548976e-06,2.33670441509526e-07,3.5891763052238e-06,2.36687857152093e-07,1.91056806634819e-08,2.97033285160866e-07,2.65855166495035e-07,1.41680046064281e-07,1.20589453488524e-08,9.47578995269997e-09
7.05929810879013e-06,3.24359540852782e-08,2.83530889648153e-07,2.41595948163966e-07,2.45743623060814e-07,3.4122175765318e-08,8.13364104471973e-09,4.10717542310211e-08,9.09905918488775e-08,9.01893525604644e-07,2.44538683942335e-08,4.66848858451152e-08,3.85659542526246e-08,3.3242470410321e-07,4.01686281969223e-08,8.52311852435206e-08,1.6118705172882e-07,3.1673232653773e-07,8.95902360658822e-09,1.59130160347277e-06,7.068353813377e-08,4.73282634762979e-06,8.40316283222917e-06,0.000438871978078477,0.00194112226804539,0.0149398933315327,0.00044377492976359,0.00187865386274475,0.000100461997667084,0.000189495068361258,1.04449803080056e-05,3.77984566989034e-06,3.51957221020541e-08,1.10376559113456e-07,5.89349947917451e-08,5.66030411501048e-07,4.53132700046935e-07,2.07070521658134e-06,4.01490573428137e-06,1.38548781175725e-06,4.37987937330444e-07,1.85441428063067e-06,3.407298155048e-07,3.00616969379763e-07,1.17114051383643e-06,2.4032921015016e-07,3.30678824883554e-07,2.51499325349545e-07,7.23953440602056e-09
4.697356472239e-06,3.7747362503075e-07,1.52919720840907e-07,1.53722730430494e-07,9.92613357441747e-07,7.98906891228712e-08,1.94380433204408e-07,4.12576471723177e-07,1.94134833518766e-06,1.04696399061052e-07,7.6043746049139e-08,7.83007156474507e-08,1.14430605423071e-07,7.03195587076564e-07,4.38536503243264e-08,1.35703975698549e-08,2.9160894828585e-07,4.65378605565321e-08,4.01416992916076e-07,1.85001943827057e-06,7.96459540249965e-07,1.49593820802929e-06,6.29853917769901e-06,0.00151452506244898,0.00543611708972709,0.00608645046769407,1.82355400763949e-05,0.00144054511295167,8.4698312800694e-05,5.73727692775904e-05,2.83652150566055e-06,6.41172841390805e-06,5.85367460858655e-07,2.79660848615361e-07,1.97054293187816e-07,2.52847564292226e-07,1.90718708916078e-07,2.32581464294984e-06,3.72852347704291e-07,5.81838291529405e-07,2.59122783563799e-07,2.87836054026031e-06,5.10087194855333e-07,2.52295484934212e-07,1.16241322818704e-06,1.26627985615527e-07,1.2086023568298e-07,1.36857020197673e-07,2.01542197547287e-07
2.01470088752475e-06,3.61510233670241e-07,4.07612609067602e-08,1.58468551046034e-07,7.36213293550636e-07,9.61728963808519e-08,2.05676230102396e-08,3.96028048141851e-07,1.79900449486978e-06,1.28641551846386e-09,7.42187472190114e-08,1.07230574090916e-07,1.56703018635939e-07,1.43749074369207e-07,3.47396978186608e-07,6.54776176800577e-08,7.43563926615415e-08,7.4811196078192e-08,7.34813597399896e-07,1.5771395180892e-06,8.24440314930475e-07,9.86400717850219e-08,2.24347859419468e-05,0.00318726538542632,0.0206511626268537,0.00113526176351955,5.42682442313451e-05,0.000572500205228534,0.000328609822887951,2.49478853000818e-06,3.7801255081432e-05,6.58486614760905e-06,1.04143157236838e-06,1.24906543675521e-06,8.02807827818247e-07,1.11640172816997e-06,3.14330462374941e-06,2.71107193476689e-06,6.80478603852659e-07,1.12805058900442e-06,7.33562258916207e-07,7.72538608698837e-06,9.47410833218969e-07,4.79249752354077e-07,2.82836643573897e-06,3.06284839728461e-07,5.20045133998961e-08,6.91464107546612e-08,2.63126295274616e-07
6.09864231134192e-07,1.13725115232334e-07,2.83864728517454e-07,2.67192611446646e-07,2.92159447642047e-08,1.34989919754455e-07,1.22160609764883e-07,2.83969105118351e-07,1.00386607730076e-07,5.37979496305455e-07,1.5914032611948e-07,6.67313113245127e-08,6.09136166084444e-08,2.28625846484309e-07,3.04569260434609e-07,3.86150646006743e-08,4.8356098231479e-10,3.65306347099028e-07,5.20726742171504e-07,7.73748799503806e-07,1.08567580017837e-07,9.94210737088433e-06,1.74151677248616e-05,0.00302591055115305,0.0201814881557054,0.000350226769570391,0.000494753862970628,0.000153946615928766,0.000342088679767941,3.73308659323601e-06,9.2666394592824e-05,1.27356967339224e-05,3.46108646638833e-06,2.83802335795439e-07,8.0467575116942e-07,2.86183004770093e-06,4.40356956211757e-06,8.13471971745921e-06,3.31424670069524e-06,8.24429795005595e-07,9.29210152413976e-07,7.00160134905409e-06,6.55501741377851e-07,1.24149651487594e-06,1.64537592718182e-06,1.54764491779545e-06,2.21646749830408e-07,1.10889536548979e-07,8.81355662319072e-08
2.16089107728047e-07,9.98455477189149e-08,5.1267899047396e-07,1.21451166893063e-07,3.36095231346486e-07,4.40690748409171e-07,1.5218891755567e-07,2.60715937101292e-07,7.033500489476e-07,2.16465478110995e-07,6.10195400253923e-08,1.28062584235149e-07,4.32049596471018e-07,1.99613185062699e-07,6.47994819670077e-07,1.47431524266234e-07,3.05967085724369e-08,3.40535734332133e-07,1.66566685321661e-07,8.82715893575381e-07,5.124361779124e-08,6.7184855679417e-05,0.000363403437165271,0.000802710048726029,0.0106119738156775,0.000383742699260549,0.00446760168491416,2.04486663242684e-05,0.000251387394853982,0.000247104533182963,7.11608770526403e-05,2.36650559104729e-05,4.81027468423724e-06,4.7885015931236e-07,1.86634265995464e-06,1.70927300258915e-06,2.57649239599927e-06,4.41634876487235e-06,2.08287338954883e-06,3.81429954497139e-06,1.86938080628133e-06,4.53261264377683e-06,2.98278390453075e-07,1.2317943081128e-06,5.2643326333915e-07,6.59596993722115e-07,4.10768499888333e-07,6.39290744934946e-07,1.03259111530791e-07
9.10182703119957e-08,1.24461094391675e-07,3.74923794285011e-07,3.17843865787274e-07,4.09650755941201e-07,9.8849590439062e-08,1.94363226192374e-07,1.95985531011797e-08,1.61094990479704e-06,8.76777817006844e-07,6.57937038338736e-09,1.30192892451281e-07,1.17987866559401e-06,8.06535999737368e-08,1.99077302479319e-07,1.05169862016959e-07,1.59906666531873e-07,2.5727397116655e-08,2.06837429433432e-07,8.23541540820558e-07,1.09288736180694e-06,5.99086826726855e-05,0.00123405250063049,0.000284508895487811,0.00564531760798376,0.00410720019804691,0.00466801343122241,0.000985511424839282,0.000136811278972371,0.000538745883231643,1.07665899437028e-05,1.21738067101954e-05,8.65919051928859e-07,1.02723864240302e-07,1.97065764183997e-06,6.31108440953953e-07,3.18243788307418e-06,9.05824983605187e-07,2.14919582404453e-06,2.32101266480019e-06,1.59489815907033e-06,8.67395188114988e-06,1.63861022242793e-06,4.55879209425985e-07,4.95674154718278e-07,7.94186246113535e-07,1.69113431172184e-06,1.08608300851552e-06,3.23612587205471e-07
1.1046392907874e-06,1.82577247422622e-07,3.68454314655512e-08,8.87775948502867e-07,2.22157931437571e-07,3.76125261123668e-10,5.24867017548824e-07,1.32695210881199e-07,2.65919692962524e-07,2.89609393443903e-07,1.26997139634804e-08,9.91762143753194e-09,3.99077960564466e-07,1.48679439970281e-07,4.07269776926601e-08,2.67134972139004e-07,3.52254398038471e-07,2.53885859830265e-08,1.09895250798507e-07,7.86263658601518e-07,4.99251418796186e-08,8.54715708499521e-06,0.00112131975723667,0.00174973294261446,0.000348280498941314,0.0136585334589382,0.000655669823686221,0.00224889515180879,2.70971498466273e-05,0.000382077134770963,3.78797135707116e-06,1.55465654932954e-05,4.92483469582334e-07,8.79987151713727e-08,5.44606701990832e-07,6.5072588275554e-09,3.42613345776396e-06,1.46828883809256e-07,9.39700466276026e-07,1.28696686438817e-07,3.20065976437374e-07,5.42133663494e-06,3.46219745213315e-07,7.53784487184628e-07,1.53758081135575e-06,3.76968721076611e-06,2.24706672630969e-06,6.66577152215406e-07,1.00445112805976e-07
2.5477961745195e-06,1.45319911357727e-07,3.2427798740136e-08,8.71857962790577e-08,5.2833667616681e-09,2.91433581886999e-09,3.29836482419054e-07,5.72036585707468e-07,2.50171395621443e-07,3.14521443012802e-07,1.53427523114503e-07,5.08246216697734e-08,5.68287678308307e-08,2.13557126871698e-07,1.2112620924981e-07,4.79083023638796e-07,1.10620246799166e-07,2.17848952341718e-07,3.20952899191502e-07,1.34685670415894e-06,8.31165393124028e-09,7.5280810225941e-05,0.000118638721427088,0.00128589009218327,0.00628234449097583,0.0112080182279548,8.44165263965561e-05,0.00176940072307012,0.000487638454274638,6.45530190499698e-05,6.88343704889712e-05,1.84896432490266e-05,2.77227150279604e-06,5.84291622775511e-07,1.92124415165855e-06,1.05212601260885e-07,3.36452106958094e-06,4.57633621420429e-06,1.99428782880579e-06,9.01202241417748e-07,2.28412499089139e-06,8.06387841988256e-07,1.63008679885416e-06,1.59269818387739e-07,3.06324567138615e-06,1.92736890018637e-06,1.02309760738342e-06,2.11047232590976e-08,9.21841271124293e-09
2.30931823143085e-06,3.9120578713466e-07,3.41424740351844e-07,4.24910790310851e-07,1.80787021021504e-08,2.42584405188742e-07,5.29515260074542e-08,2.08613233143109e-08,5.28916929287501e-07,7.29483996061879e-07,9.98144908551437e-07,4.87513845168037e-07,2.12402641237513e-07,1.56226353677328e-07,1.30297592758629e-07,2.66562650707051e-07,2.52830452215474e-08,5.60823254296544e-07,5.61920532544003e-07,6.50716647327357e-07,1.77402863587029e-06,4.40551869876737e-05,0.000214679017910841,0.00540699824142111,0.00622976325342567,0.00216201739163981,7.64620153390806e-05,0.000367776200630966,0.0012411218444373,4.58194599155852e-05,0.000476473059215062,8.29471033277102e-06,6.64854051002342e-06,6.85753269225717e-09,2.38055351328596e-06,5.47415373129961e-07,1.20384338080938e-06,8.26240011258626e-06,1.61265385220783e-07,1.55296832229208e-06,2.40582403677627e-06,3.04564954886109e-06,4.2335462819062e-06,5.63993805899183e-06,5.37179791994319e-07,2.05541955377847e-06,7.97126773516807e-07,7.42051261942675e-08,2.49865975696772e-08
3.11471508138426e-06,5.76301748347157e-09,1.89723566377336e-07,3.0271450757099e-07,2.79320884072337e-07,5.94055924072635e-07,7.6833436991805e-08,1.40475053937567e-07,9.54238847631172e-07,6.81131271747582e-07,1.06834867194882e-06,1.00405156447991e-06,4.22675114084754e-08,1.29895502154041e-07,2.88285558712491e-07,3.38818474994768e-07,1.08788918937401e-08,6.97924076632195e-07,5.24049315393825e-07,1.93040460896106e-06,2.07543645811322e-06,1.32457149235249e-05,0.000830795000548329,0.0095764619457651,0.0160467809984215,0.000394859803013167,0.000428066038146013,0.000124310269024164,0.00148544498330279,0.000440767001455715,0.000546772850667028,2.89216075948366e-05,9.24347287453565e-06,1.60234929862682e-06,6.3669181678864e-07,2.34582057947285e-06,1.09579180058892e-06,1.07329304364201e-06,4.89168176863137e-07,1.70468081796294e-06,4.19790076724596e-07,1.0392970031778e-06,4.6288205298389e-06,2.92228004809212e-06,1.06992567724631e-06,2.59092883391154e-06,1.36078440470129e-06,1.10547720595289e-07,1.36018393675869e-07
1.07675448680358e-06,4.837301134759e-07,9.44361254274981e-08,2.33118470309797e-07,1.40882875572276e-06,4.56030062956196e-09,2.40905084360435e-07,1.379559971805e-07,1.29818466976619e-06,2.14403409746991e-07,2.49805336094778e-07,1.15092207149313e-06,5.93863412328585e-08,2.11926350510683e-07,2.21415946311773e-08,4.55821630428662e-07,2.17335081024813e-07,1.69227523130415e-07,7.41225584196462e-07,9.80560461891982e-07,2.02397694187484e-06,0.000119426872785443,0.000508618564996175,0.0097849870191215,0.0089269063734361,0.000235062571844083,0.0045911804234377,0.000659074369213235,0.00150093750617801,0.00253260610189155,8.92656412847817e-05,6.24312031972134e-05,9.54606967327372e-07,3.11211239526598e-06,1.40870856173315e-07,5.3021609121196e-06,7.3201591175579e-07,3.52661215894564e-06,1.74907014785278e-06,1.46966906506436e-06,1.77109017229976e-06,3.31487277670741e-06,2.73759508157719e-06,7.06041879303992e-07,2.06945214994254e-06,9.47057102670523e-07,8.71264782365861e-07,2.1906390443727e-07,2.97473589697132e-07
1.83034420140601e-07,1.56076888256539e-07,1.40293334732881e-07,3.91737593095266e-07,2.39348824650402e-06,8.37865182055339e-08,3.41597904004548e-07,1.28012124415165e-07,1.30282584886992e-06,1.28942418064228e-06,2.66817525427451e-09,3.70737535338041e-07,1.57738735943044e-07,9.87457526982136e-08,2.05563084946065e-07,3.57345178181381e-07,7.60566801951695e-08,1.64812549035075e-07,1.22705458291316e-06,1.97232301755158e-06,1.51533885943688e-06,0.00158816757657813,0.00313810620860494,0.0039803917787527,0.00490783398656504,0.00148427706364294,0.00708191233043084,0.00524801256251276,0.000996973938189289,0.0034437465765429,5.60516820553469e-06,4.02353692811577e-05,1.32764676405581e-06,1.04053064227816e-06,3.0463651526719e-07,7.85706933119208e-06,1.74150634447352e-07,1.60598991316582e-06,7.7558200584761e-07,1.85158981421349e-06,6.55536591640655e-07,6.51973962988808e-06,4.29621535607146e-07,1.80118200010415e-06,3.64536744993783e-07,2.27149423429133e-06,2.59602266133931e-06,1.5214346115288e-07,5.14613663457396e-07
4.28979788122486e-07,5.17566725740393e-07,4.34965275081951e-08,4.40228306895398e-07,5.9970248723705e-07,8.98080733935351e-09,1.09004917209526e-09,3.63273740520016e-08,6.42118687390595e-09,2.22994308308338e-07,1.58226573331876e-07,3.32155374448535e-07,1.6425661798501e-07,3.66735742711245e-07,3.91488289053926e-07,1.37783717594232e-07,1.46403585721406e-07,1.51855751384411e-07,1.43480607195413e-06,9.8899080439184e-07,2.81490505525978e-06,0.00214841870331954,0.00737947141853077,0.000256529438294899,0.0011597004252312,0.0110814644294473,0.000758353366856856,0.00933539381521144,0.0023676589894942,0.00136961338626142,0.000357587871822323,7.05218882033266e-05,6.29338039992103e-06,4.74964823639695e-06,2.67713523233906e-06,3.03717409019272e-06,1.60933441371331e-06,3.3250680089377e-06,1.03979595609792e-06,2.46244095751853e-06,3.17742108620414e-06,1.09607833072471e-06,2.53706616730115e-06,3.48162670715271e-06,2.46787410331189e-06,5.09406397266775e-07,3.21566304814549e-07,5.6317861873445e-08,1.49719665562928e-06
1.45878175863747e-06,6.58092272010264e-07,4.58575191721976e-07,2.49734163673797e-07,1.60021342294246e-07,9.14297373441355e-08,3.18527194501563e-07,8.95077222140795e-09,5.39884230805932e-07,4.80216299064435e-07,5.48404447981831e-08,2.06250750658972e-07,6.55102761793619e-08,2.78160736421459e-07,9.50528472245806e-08,2.0006420367053e-07,1.93036877080644e-07,1.88374332810306e-07,8.64904482413907e-07,6.53377268800857e-07,1.10104992916567e-06,0.000493396626353904,0.0096558893244079,0.00216646886808634,0.00106876742360895,0.0118597959732583,9.48935815768199e-05,0.00732001543614903,0.00934889049223125,0.00161605198815879,0.00355033771780369,0.000108799832090278,1.08414831370107e-05,8.00053027069399e-06,9.31560723175543e-07,5.95906408347843e-07,3.94212833835508e-06,2.06484185822713e-07,1.64169548720074e-07,3.23169494482738e-06,1.20530573971181e-05,1.50311832472878e-05,6.74222673686663e-07,1.91102763477346e-06,5.74017961271032e-06,2.35555238486103e-06,3.74031041202694e-07,2.73898729571049e-07,1.40558935185288e-06
1.59582199080823e-06,9.02170641427144e-08,2.75922729048757e-07,2.41152932190329e-07,1.31578672456397e-07,1.9708080590048e-07,1.15662502709614e-06,1.39396979979703e-07,1.4961343501053e-07,2.31487793003835e-07,1.75245678194051e-07,7.44548361952218e-07,6.97690069599452e-08,3.56729710323073e-08,2.64745962011202e-08,2.74895377285291e-07,8.17759485569881e-08,1.2396618137549e-07,5.99200397340247e-07,2.6387745758814e-06,1.74636472228982e-06,0.000612696696682082,0.00254332248718928,0.000782523506422552,0.0066806187461864,0.00255108874661714,0.000414813874910379,0.00468305501959012,0.0170667681697258,0.000748007915819191,0.0099487950647572,0.000566882345058908,9.28964766546951e-06,8.05151904484387e-06,3.24103918600682e-06,3.54008974472276e-07,3.79490599891773e-06,5.79275667415913e-06,3.91770731448042e-06,5.71637183313621e-06,6.99732691133599e-06,3.99484646342563e-05,3.45905157264342e-06,3.0792573626713e-06,1.04992029284266e-05,1.73974696653793e-06,8.84541725648376e-07,1.0560230725422e-06,2.62712007167885e-08
7.42731890076871e-07,1.48137087773353e-07,5.8520627770153e-08,6.20965997818331e-08,2.11659607272067e-07,1.99954778794898e-07,5.63996868071119e-07,3.51077948850557e-07,1.19239277363821e-07,7.33624482050466e-08,5.24390975696307e-07,7.87231606670658e-07,7.06299043916985e-10,5.42773925442072e-07,7.52669368460605e-08,3.27789923779252e-07,1.34024267195618e-07,1.68590466822557e-07,4.10065221903624e-07,1.74875344605912e-06,1.27646247264486e-06,0.000497215847542198,0.000233249207623958,0.00350368884799141,0.014572589074414,0.00139496031318667,0.00315405586956821,0.00197267009548651,0.0165139920956003,0.00939587998988586,0.00526903883847292,0.0012149769742206,3.04711846901108e-05,4.45669561887366e-06,8.64341997427862e-06,1.77531442417834e-06,3.69831771461165e-06,2.3503109030667e-06,1.78076023907884e-05,1.46511188427232e-07,6.27085936034865e-06,3.13125985778095e-05,4.99833631322831e-06,1.86912619860787e-05,8.27847426274983e-06,6.99133287637638e-06,1.56677119124435e-06,1.16760133867351e-06,2.71085916301221e-07
1.82216492287327e-06,7.77939694350373e-08,2.13846156022607e-07,7.35228200820677e-09,4.91795265103006e-07,6.26312965684768e-08,3.22782131552787e-08,1.95658106849851e-07,4.73828620696844e-07,3.22827102945233e-08,7.63255982255076e-07,1.41569422950349e-07,3.72248685326396e-08,1.79484856070408e-07,4.40706241360981e-08,1.40124820299365e-07,2.92889816814096e-07,9.40137293437496e-08,6.32467886510181e-07,1.5899693879959e-06,8.91044666479999e-07,4.53815410606504e-05,0.000155364566590167,0.00725828351480589,0.0185449964758637,0.00117304434968269,0.0350623344877945,0.00613384151779492,0.00772283094153809,0.0127501600410906,0.000977055069825618,0.000698099642784519,2.80326206074703e-05,4.69505125184742e-07,1.27194560697161e-05,3.97526288634735e-06,1.02093036617535e-05,8.3181106306588e-07,8.97205248596265e-06,1.16004632498803e-05,8.86170592513464e-07,1.05300005486229e-05,2.32348122934058e-06,1.17826658949667e-05,3.51712502659904e-05,1.08317398737926e-05,2.86100484420132e-06,7.53210671004413e-07,1.12868873875397e-07
1.47544851466436e-06,9.4129658297072e-07,6.92322210556293e-07,1.34380950270708e-08,8.79601888918641e-07,1.89344890674224e-07,1.75141090718865e-07,1.48218514449474e-07,3.47905388246183e-07,5.54644681087499e-07,1.26472117344075e-08,1.27963777825735e-07,4.11282015170366e-07,4.78363548338462e-07,2.21585793623486e-08,9.17840465323302e-08,8.25820575466863e-08,6.63727358255196e-08,3.14099416400731e-07,2.43072194285414e-07,1.48267066989383e-06,2.65045725296858e-05,0.000224284982781193,0.00852158138420521,0.0154014803338579,0.0057196205054804,0.0709908782768209,0.0225734991179263,0.00113105384019933,0.00544709353355782,0.000207286276955304,0.00028409304938393,0.000110231601624606,1.10121365159163e-05,1.67334707696538e-06,8.56085956868042e-06,1.01181048219299e-05,5.62247436874642e-06,3.95713480129029e-06,1.7165127025941e-05,8.52835365663878e-06,1.10069334402687e-07,1.59541462660623e-07,2.70928943844965e-05,3.51465159062468e-05,1.19176018662088e-06,1.05974895029806e-05,2.75385437380055e-06,2.0455793616094e-07
6.35849293099512e-07,7.94640180705061e-07,2.54364991703659e-07,2.63973592828357e-07,1.46751144136281e-07,5.83243199109725e-08,4.04559261377063e-07,4.98334522812442e-08,1.22405824057669e-07,2.77009030753017e-07,1.07264355950095e-07,2.42757805520826e-07,8.26995984463775e-08,7.03269619764132e-07,1.54127401131605e-07,8.69239316821549e-08,4.39615030539048e-08,9.72526349605048e-08,3.35460893931199e-07,9.09162930034398e-07,2.58245422676328e-06,0.000139504250027148,0.000248949310627811,0.00434403085280611,0.0119778223425348,0.0419248889867827,0.0168291476316758,0.0329934818794528,0.00543030448565866,0.000797706734586048,0.00089043193234769,0.000334487493330389,3.2713454925297e-05,2.08510835023023e-05,2.62545652778101e-06,4.6495578981976e-06,1.65127233035762e-06,3.08562053631222e-06,1.31012768927084e-05,4.00444318798435e-06,3.20577172301518e-05,1.17021656860887e-05,1.10137186498301e-05,7.29538462897083e-05,6.00170390057856e-05,1.19439544189345e-05,7.40379182326462e-06,2.98620209382035e-06,1.31687400273898e-07
9.40600147481457e-07,2.98299281067723e-07,2.24815779328757e-07,2.08402448362862e-07,3.03547769260751e-07,4.30549888244352e-07,2.55318303840365e-08,2.59864759596611e-07,3.2422296335493e-07,1.64937201615129e-06,4.67883396604167e-08,1.35708242459226e-06,4.86462407718221e-07,2.04106482348434e-07,4.31336040556704e-08,1.02866615995799e-07,3.6722023901021e-08,1.68699330945298e-07,2.31050454509192e-07,4.65961538206904e-06,6.11655296023123e-06,0.000564171539626876,0.00334461053969728,0.00076737519233174,0.00102140297442257,0.0547102760324091,0.000824172572354423,0.0120132298764811,0.00260613035979112,0.00026734052924334,0.00110554385620984,5.9826630563886e-05,1.69542302395521e-05,3.5318352673876e-05,1.27787756890627e-06,2.09738949730584e-07,5.20696577445126e-06,4.90788514619081e-05,6.76853214204875e-05,2.23235629048693e-06,1.67491770666083e-05,4.01233193714264e-05,3.25574888371745e-05,1.58387459114456e-05,4.72287312558117e-05,1.08714608569641e-05,2.46944989867495e-06,3.98210364267535e-07,5.20301452992973e-07
1.1919294495419e-06,9.39170616180549e-08,4.61255477922397e-07,2.28423243668825e-07,3.48799639477389e-07,5.15441381492037e-07,5.94647256200408e-07,1.14655678404617e-06,1.29303353075431e-07,1.5065109808745e-06,5.00619456981361e-07,2.58202505970327e-06,2.33574919126954e-07,1.29367366526725e-06,3.42812060854381e-08,1.22838616859181e-07,9.39638411937153e-08,1.03986038973117e-07,4.33047128852937e-07,3.66148526882431e-06,6.47537300815741e-07,0.000280090806831521,0.0046304524595523,0.00290448078948264,0.01328592075897,0.0181087973216859,0.000811643795746286,0.00307154347328471,0.00294814306603278,0.00127713345036563,0.000289531744766166,1.87121115959715e-05,1.63532555279544e-05,3.64240396225086e-05,4.418918524967e-05,2.47423587480661e-05,6.37766130796976e-06,2.42570003536969e-05,2.44141442544218e-05,1.3030831840429e-05,3.66173348772138e-06,5.9544514509899e-05,7.42795889619824e-06,5.58480744045287e-05,1.25856024826221e-05,2.34513495929169e-06,6.84560491581687e-06,1.0589478494718e-06,3.26873455731663e-07
1.54903495413214e-06,4.49334689351281e-07,1.95802081163995e-08,3.56853251175757e-07,1.70937164894409e-07,3.57593200528448e-07,6.98780792856554e-07,4.16332697621058e-07,1.95878851789001e-06,2.06287124070014e-06,2.50667354366938e-08,8.5289717038185e-07,2.57874862812468e-07,1.8665206635337e-07,1.62557448634033e-07,1.96937739177417e-07,3.46622481503434e-07,1.56614564401447e-07,1.64026410310034e-07,5.84214820424814e-07,6.20994093817217e-07,4.4895635095414e-05,0.00202627758907177,0.00209271009426214,0.0136237515927201,0.00765898559173009,0.00411453365435499,0.00255638951125642,0.00208981840775361,0.00231745574989379,4.83709044448216e-06,8.13012544785021e-05,1.52795765075123e-05,2.32935644674237e-05,7.72279528754177e-05,1.52202729238348e-05,6.72346611826034e-05,8.77320797328479e-06,2.34483098730592e-06,9.56548217289676e-06,1.57803694983965e-05,4.33037156820353e-05,6.68960774665041e-06,3.90515360841493e-05,1.24387591285585e-05,1.72616060682287e-05,8.26922383797513e-06,1.78428301765805e-06,4.30612912207431e-07
4.25863579282802e-06,1.69587763920407e-06,5.17734578263309e-07,1.06027500582451e-06,4.03546224795497e-07,3.1160707944354e-08,2.96204371016809e-07,3.52883171090778e-07,1.48696749165953e-06,3.05288791797835e-06,9.3232468291724e-07,3.65201419017913e-07,3.54194914159611e-07,2.31054853809233e-07,3.39605873160981e-07,3.40305841659919e-07,3.67122673173655e-07,4.5195006393003e-07,1.42870421486555e-07,5.92740840053057e-07,1.27620171282797e-06,0.000205894720557562,0.0001893343484258,0.00571631205717371,0.0287547780222032,0.00259423635268694,0.012359298560619,0.000404543656314125,0.000387076074456578,0.00129502370238627,4.21813826558298e-08,5.45771223306465e-05,4.31316049383073e-06,1.22734010435749e-05,2.62324247251157e-05,2.59468965581506e-06,4.6514578715393e-05,1.51157438002316e-05,4.54719870244207e-06,2.36519668408561e-05,9.15068515133036e-07,2.21953572983864e-05,7.542687611564e-06,2.79870262240677e-06,7.2698285945556e-06,3.05642965124721e-05,9.14303563478553e-07,1.84825016075785e-06,3.36094861839367e-07
1.12840181515935e-05,1.02389746590024e-06,1.04555960288242e-07,2.52708755522777e-07,1.04700950572823e-06,8.07264943388472e-08,1.78921684185308e-07,3.15487375165834e-07,4.97881106898933e-06,7.60454941019329e-06,6.84230661020205e-07,1.77004833187085e-07,2.43033521736641e-07,5.19107838345657e-07,6.32401768742577e-07,1.55777448119002e-07,1.94689904932237e-07,4.5397227544314e-07,1.36543011267828e-07,8.37492055226308e-07,2.8040636673095e-06,3.43576540536433e-05,0.000195626919817872,0.011100516563187,0.0167251664059135,0.00213586842568502,0.0224260737252383,0.00615390052894138,0.000645121366941076,0.000315673658622,7.82671470349196e-05,3.87925225483038e-05,4.03370337666105e-06,5.17126916193797e-06,4.23220097687113e-06,1.08008533718302e-06,1.33922347213908e-05,2.40123798179342e-05,2.28477836603207e-05,3.96366569957607e-05,1.33759932220668e-05,4.70523692105178e-06,3.46930561531011e-06,1.05192983789947e-05,1.4615922288832e-05,9.53262202734561e-06,8.96498648285215e-07,8.90745796654069e-07,1.89979014196279e-08
8.70732591873235e-06,4.80169701215654e-08,2.72443132199928e-07,1.86853642155938e-07,1.25704316422511e-06,1.49548003941775e-07,2.1351677630233e-07,9.66458533060116e-07,7.84700764213522e-07,9.34804616463867e-08,1.85990360894985e-07,4.72708252986778e-08,2.27790426073492e-07,1.41001636752977e-07,1.25498841470056e-06,7.57214282243965e-07,4.52929610616817e-07,1.03060917052585e-07,3.93656046772564e-08,5.55738267723935e-07,9.90387221068221e-07,3.88703487680139e-06,0.000363422215593632,0.0110450837191242,0.0134312427507883,0.0141530267768293,0.00711736684193986,0.00575119275316068,0.00156471229102896,0.000194286553860262,0.000365274304626834,3.76900632265662e-05,2.37889207031437e-06,1.92971783875634e-06,1.99377094811035e-06,4.77874690353451e-06,7.0597271512272e-05,1.01169791643999e-05,1.05086333478895e-05,2.11215050070378e-05,1.02907918489499e-05,6.73223744830347e-06,1.28020049007632e-06,5.62599088196415e-07,1.53487977149138e-05,1.35530729421234e-06,9.10808183957306e-07,2.83718678134117e-06,5.76686122618956e-08
9.24566183549372e-06,4.12923126412978e-07,2.01623734577227e-07,1.06806083616063e-07,2.1378853176677e-07,2.16702054186417e-08,2.01829303613507e-08,1.23058929507673e-06,6.01906232391851e-06,3.88452951488719e-06,6.12332866584657e-08,4.88506791822087e-07,3.73730350941738e-07,1.13923881262232e-08,1.54455831139647e-06,5.27227736820594e-07,4.16230596107135e-07,6.56988603781234e-08,8.8029685423881e-08,3.12754121379213e-06,2.97941812539463e-06,5.68887780198469e-05,0.000191527634709331,0.00561158766725541,0.00542333804932855,0.0180582116898378,0.000697648247317293,0.00249394716167992,0.00172388043296672,0.000109416328615801,0.00025757941092582,3.09167404554991e-05,2.73471085288637e-06,1.33200491439085e-05,1.55277288231323e-05,1.8517447312043e-06,7.39096152314949e-05,4.68099633130276e-05,3.35973225284708e-05,2.55341828736065e-05,1.50529322263174e-05,1.76103229009053e-05,4.57318739581625e-06,4.7262693787618e-06,1.47418832908417e-05,2.12617427619175e-05,4.02771636468086e-06,1.23071133755851e-06,6.71877582237356e-07
7.99870540727858e-06,1.05472017512977e-06,5.70011238660603e-08,1.02449323759717e-07,8.99829563115304e-08,1.86261645923493e-07,6.93640188437879e-08,2.51549015353873e-07,7.70808665221218e-06,2.19823861447375e-06,1.15521271795696e-08,4.52859585687893e-07,9.56122382634649e-08,1.86599462510463e-07,8.86645015754835e-07,5.68646885914197e-08,6.52762144423035e-08,3.61092829708348e-07,1.70264098372692e-07,3.75724005577324e-06,7.03763895879885e-06,0.000411600418322358,0.00390015193902692,0.000304472440169731,0.00157337021011994,0.00849526369427709,0.000268999621581003,0.000979052226873703,0.00109896369818868,0.000702150841020515,1.03773124942643e-05,2.22094887360169e-05,4.3325459786294e-07,1.25783296598751e-06,8.10977115037166e-06,1.17369268843214e-06,2.74889472364714e-05,4.17234783634162e-05,5.91434468327851e-05,1.77729237568319e-05,1.93773637884756e-07,7.31925207045057e-06,1.69384974828781e-05,1.21304415578731e-05,2.82024224001443e-06,1.32122262569428e-05,1.16646384103994e-05,3.42454977832295e-07,2.71328147541438e-08
6.4788943874929e-07,2.12666322185574e-07,3.59107752852402e-07,6.26686133071617e-08,4.06042896861313e-07,9.0798095902971e-08,2.98694861964687e-07,8.20139849727655e-08,1.50462067850215e-06,1.40978934645367e-08,2.07861186899724e-07,2.16146347229567e-07,1.34959885967402e-07,5.39564692352912e-07,3.74169957236108e-07,1.7566001845859e-07,7.59828664815588e-08,2.43605347921453e-07,8.0778685541618e-08,1.90960105185081e-07,2.00764938637211e-06,0.000628831531181121,0.00550355489181944,0.00331227479870036,0.011354665052514,0.00203193673406506,0.000667062655517189,0.000509410725764125,0.000573789101170984,0.000698412972045676,4.65952028093161e-06,1.47733855511405e-05,1.50170660907497e-06,6.16008274528924e-06,2.2379260315884e-05,1.49465090841342e-05,1.28349496970852e-06,1.54514017529605e-05,2.20060614690917e-05,5.15790310821351e-06,1.20950325122455e-06,9.99023512671144e-08,1.97778742359776e-05,2.09115844209948e-05,5.56919117362345e-06,1.68798380271857e-05,1.01284335570304e-05,5.01398126205194e-08,2.83221271790857e-07
7.53739820873222e-06,8.71325732811482e-08,2.46440719438694e-08,1.12225863943968e-08,5.95263432524407e-07,7.51280168443156e-09,5.39310164932912e-07,2.32585575546738e-07,2.75301503400701e-07,1.15504799936104e-06,3.26162224119033e-07,7.79966787759264e-08,3.87508652976218e-08,4.70599243508264e-07,2.68586290273125e-07,5.83664651389859e-08,7.38346594575058e-08,3.6802082529579e-07,3.78852066035953e-07,8.27019114227131e-07,2.45329524635721e-06,4.04840151625949e-05,0.00261372727828341,0.00108064374129564,0.0126250745493677,0.000269395820585921,0.00453729613432317,0.00107063219638985,2.2987457265868e-05,0.000232915486576925,3.86036079865979e-05,1.27368006678624e-05,1.56067388325424e-06,2.97185257233578e-06,3.9303761687307e-05,2.3178502259318e-05,1.15894090460349e-05,4.57266497950754e-05,1.42108415102191e-06,1.17633465202143e-06,3.94153727012633e-05,5.13525275349771e-07,9.60292436333805e-06,3.11272971201161e-05,1.66251889360646e-05,1.15374169102651e-05,8.70881002424199e-06,8.36417768782392e-07,2.66828064790252e-07
8.66310774190849e-06,1.56502666158796e-07,2.93943469405718e-07,4.24783772019116e-07,5.84967473934106e-07,3.60015697217386e-07,5.7409287991867e-08,1.2856439869642e-07,5.25814878560875e-07,8.31358574789826e-07,1.771854595857e-07,1.82295762674392e-07,3.70446356793155e-07,5.31407375461535e-07,7.15066367140917e-09,3.18697129336586e-07,9.6979884938724e-08,6.17061090714487e-07,9.45252941823839e-07,1.11809099109179e-07,7.46953527703463e-07,0.000259459256440835,0.000410637191986663,0.00353845453478564,0.0132864844959198,0.0003800498635669,0.0123937760374056,0.00353822267941113,0.00120557946339054,0.000213607600900693,0.00023903755572412,2.36009005616143e-05,6.68625870183274e-07,2.42852055242647e-06,2.8429224782588e-05,1.32420493787865e-05,3.35212511793928e-06,3.48528011807681e-05,1.0753110877387e-05,3.3057406601941e-06,4.74336108897038e-05,1.92659449033635e-05,5.49587822658342e-05,2.76470537356903e-05,2.65224084932697e-05,1.5308201954233e-05,3.15786122569543e-06,8.1106931125036e-07,7.67526817172068e-07
5.05145791530921e-06,4.67745982875503e-08,2.73619363433578e-07,4.08160045376703e-07,3.842691712851e-08,2.64257783747165e-07,3.82038286235085e-08,4.70125850237198e-08,1.46031637988709e-06,1.12722739387988e-07,1.27071061255507e-07,1.21063483862727e-07,1.04062323347224e-07,7.5529908151683e-08,1.64863901340265e-07,5.22823603638936e-08,2.10471907260256e-07,1.36737778936212e-06,1.92157798037775e-07,3.43876959664474e-07,9.67263795397055e-07,0.000219355098428208,0.000323278382520082,0.00660436633323124,0.00755231843707244,0.00585816180308048,0.00410132520316238,0.00298599607708338,0.000702393986723943,0.000128600633397828,0.000259978588519196,5.6955104871651e-06,9.921826573316e-07,1.14640831304451e-05,5.77775826450941e-06,1.50076193355276e-05,1.40326565104505e-05,2.44058149618168e-05,4.04974468708655e-06,1.6965561100584e-05,4.04561124298496e-06,4.53117381306992e-05,6.76101872294715e-05,7.1753334606238e-06,1.48847562166775e-05,3.36341077338486e-06,6.62514625212476e-06,9.78497582474342e-07,3.96930250231783e-09
3.99619739023583e-06,1.82525126011588e-07,4.0092737797054e-07,9.24535750451971e-09,2.41026918651254e-08,4.40492685942905e-08,4.82448865495888e-07,1.14465811118308e-08,2.68523932178384e-06,1.19824870042158e-07,2.58456749821211e-08,7.87339815524152e-08,3.93960749639357e-07,8.73857065356864e-08,7.54929778542598e-08,1.24637969391732e-07,1.10947350146822e-06,4.35921948338602e-07,4.20036841140613e-07,3.10713225814939e-08,9.23211380997743e-07,1.1504382663816e-05,0.0003746787912612,0.00588507902149739,0.00555398923220992,0.0142108081505179,0.000257861018063128,0.00134202037208869,0.000845569569182463,0.000587062440002461,4.415380833925e-05,1.70835056116562e-05,2.5771578914816e-06,9.32581864106108e-06,1.13476087431778e-05,9.93327062960068e-06,6.7075145716606e-05,7.52017293787234e-05,7.0040734957836e-05,1.83665319089784e-05,2.24593724547701e-05,4.22921323153728e-05,2.45486200664514e-05,4.8106051474733e-05,1.87743917021697e-05,8.45714018788642e-06,1.5973615012302e-05,1.02296572883902e-06,1.36465708026856e-07
1.2641318150501e-06,2.69290362334473e-07,5.65193232250693e-07,1.09858513449949e-07,1.07141709013369e-07,2.129477462565e-07,1.08571865209065e-06,6.97882487261375e-09,9.53769302921887e-07,6.99348123821992e-07,1.81854594892958e-08,4.49081783183934e-08,2.22808462129824e-07,5.13809723886853e-08,3.81966931232396e-08,1.5971051173682e-07,1.09011189409181e-06,2.10771516747938e-07,1.48882271187715e-07,2.46930721555993e-07,4.3942882080641e-07,8.83615901314294e-05,6.34412810181387e-06,0.0055884175235497,0.000680201230776595,0.0130310643447431,0.00010363771403289,0.00116617189298777,0.000788772294527723,0.000932946940932248,4.81311252513499e-06,6.01119462173075e-06,2.31442904467966e-07,3.26028984184853e-06,1.18049258888656e-05,1.7536670880115e-05,2.50628849530536e-05,1.27278836046386e-05,0.000157988269257415,6.23151910700774e-05,1.30290293504524e-06,5.55861993574279e-05,1.07071596500906e-05,6.92672033033606e-05,1.86623999613074e-05,1.44070308610645e-05,1.19168258300891e-05,1.65937524644958e-06,8.79311014448908e-07
3.45214906747093e-07,4.28985130526544e-07,3.33126430353493e-07,8.13345816655853e-08,2.29722583613563e-07,5.7578500074056e-07,9.0684566453905e-07,6.43902882510236e-07,3.03132817694193e-07,5.43872818385157e-08,1.5138205813789e-07,5.39617937547653e-08,1.02875877956978e-07,6.88046536044418e-08,3.64975451336091e-07,2.27256002876326e-07,7.22237421616347e-07,5.84033701794536e-08,3.48763412373648e-07,1.83329293997632e-07,2.11228047547621e-06,0.000266405609198485,0.00299862797277656,0.000711824953398672,0.00698079585092251,0.00322778023610158,0.000502335411786345,0.000168289778134021,0.00105021460244719,0.00057274197920698,5.96211817015039e-05,4.66143077632935e-06,1.41320328800751e-07,2.8823236865186e-06,4.35056176231048e-06,6.42160100718791e-06,4.17324557002316e-05,1.33208584206954e-05,3.27262206124734e-05,4.43670855911736e-05,2.28161659951113e-05,8.04591408267538e-05,2.50681141560848e-07,2.23053113009577e-05,2.63557478731954e-05,2.4218209577688e-05,1.08864631633142e-05,3.01634871104076e-07,3.94314128425181e-07
1.97934206301432e-06,1.01449617724698e-06,4.27074088814485e-08,2.82554704187141e-07,4.53096567380811e-07,3.39273034174074e-07,8.99927407951106e-07,5.57374133501041e-07,1.70214977130631e-06,7.12046149494136e-07,5.00782735607573e-07,1.20023250790329e-08,4.18037898729404e-08,8.77068951519109e-08,3.74231708818125e-07,7.62068206349411e-07,1.40523425807727e-07,5.47410939507084e-07,6.48952806318581e-07,5.3827034848888e-07,1.86311836147184e-06,0.00041502826914094,0.00468309673280376,0.0023240786799104,0.00816966157165574,0.000806744093763592,0.00263509676773113,0.0027020618923161,3.22514858944029e-05,3.52934029411588e-05,0.000162477935832126,1.59839725283938e-05,5.28483986437336e-07,4.31962360596939e-06,9.6600366698811e-06,3.71335523354343e-06,3.16807644668616e-05,3.89786937040944e-05,3.21255352638879e-05,4.41761856864964e-06,2.92740446538543e-05,3.09636981632659e-05,3.31747020128077e-05,4.67782969627226e-05,1.16586922248349e-05,2.68587899397143e-05,6.53899576465045e-06,1.76466803713947e-07,5.16319844959632e-07
5.90191056478431e-06,2.54644677128721e-07,4.69009919640987e-07,1.44382393370534e-07,9.51053466756529e-08,5.23718626843148e-07,4.06778726367408e-07,7.95349980153468e-08,6.65820427154733e-07,1.29386655518169e-06,5.14969498870085e-07,4.5391657197361e-10,2.42837525499965e-07,2.04448406391025e-07,2.49592124093561e-07,2.39228367030431e-07,1.96201735309781e-07,8.01346985276853e-08,1.26644378448417e-06,6.55899900103903e-07,2.53882530461442e-06,0.000161134418687246,0.00301226740223063,0.00110255764712246,0.0105728025321559,0.00079040781858845,0.0109384702131795,0.00440728541933636,0.00095838760735288,5.75892798473349e-05,0.000355674887537099,1.55850452504744e-05,1.04460901926444e-06,2.47596252149707e-06,1.95406781616345e-05,1.42180689690881e-05,4.1677995383514e-05,3.20705271006157e-05,5.27023616724422e-05,9.98019863327158e-06,2.09767766182772e-05,6.22155248996662e-05,3.29886572658557e-05,3.04464272269312e-05,7.27496675771013e-06,4.63683140674298e-05,6.2847101263403e-06,1.58166901895776e-06,1.92511378169859e-06
9.71714449787999e-06,5.3284014924675e-07,3.33474443294649e-07,9.57768144371608e-08,5.81811395807962e-07,8.64107398058667e-07,1.2130900078459e-07,2.41034520996047e-07,2.83048824781314e-06,1.8627116389218e-07,1.26762516291677e-07,1.60770149205777e-08,1.75843059431075e-07,4.66231474852319e-07,7.01861815574646e-08,3.77098934251705e-08,4.36360539316417e-07,9.75755145922946e-08,1.49895007731729e-06,9.53515195424907e-08,2.26310194624135e-06,4.72785976090849e-05,0.000661511022059815,0.00307783597589148,0.00847780174819822,0.0035785807500521,0.00563973811726298,0.00328818127956263,0.000980779412841035,0.000418627519722596,0.000211666533557308,1.16982227256534e-05,1.10410392024416e-06,4.14298123789276e-06,1.0186086633521e-06,4.53067031125529e-06,1.71378164113267e-05,3.48672222643186e-05,2.38191534281992e-05,4.34641597696315e-05,4.6100126370722e-05,6.45570307770962e-05,0.000126570340289473,6.2741251304179e-05,3.65292437169991e-05,6.5549533248222e-05,8.42344196458668e-06,4.20413779983417e-06,1.12761327607585e-06
8.8038690633091e-06,1.67173764308156e-06,5.60686244861471e-08,3.77482356026907e-08,1.79231434504931e-06,5.88356619744246e-07,8.96707363854324e-08,5.94283003655039e-07,1.20769732306945e-06,9.45087782142329e-07,2.72857786197317e-08,2.32931908338029e-08,9.331495844472e-08,3.54679187649302e-07,2.78758265136795e-08,8.31762913591887e-08,6.33122518890701e-07,1.3860266074421e-08,4.26765689835634e-07,6.79218365947851e-07,7.23578709451682e-08,0.000166764083902368,0.00019795965461955,0.00507921062627081,0.00696821350582793,0.0127743076697777,0.00141173431213492,0.00228653410014059,0.00084166867499229,0.000401970456327247,3.38180558273004e-05,1.15057931240705e-05,6.38984868870294e-08,1.18607130001996e-05,1.51091162497899e-05,4.77992022385155e-06,6.15406055543451e-06,4.46438834312852e-05,2.70635620130041e-05,5.8497149255195e-05,5.35403750827903e-05,2.12915205323177e-05,0.00029949058536524,9.07387882172741e-05,8.79768579133216e-05,3.99469709434162e-05,4.1788892585089e-05,7.56700079797528e-06,1.37000846378871e-06
5.83515774311009e-06,1.35676910392282e-06,7.40915698644202e-08,4.3539530770413e-08,4.11614384738184e-07,4.28231430179603e-08,2.68092079995768e-07,4.39631624069282e-07,5.9777370433697e-07,4.8230098679919e-07,2.3862804272603e-07,5.61683730782274e-08,3.8766137812315e-07,2.15935765869221e-07,1.16187773116078e-08,2.3810424646465e-07,1.83447255221808e-08,3.53370043589802e-07,1.18557468002986e-07,1.00214708775941e-06,4.24830330266947e-08,6.29145199756898e-05,0.000112256486121769,0.00301533178001669,0.00389842094754204,0.00901975461777278,2.82815080282491e-05,0.000534168442262488,0.000575254136458582,0.00037575526049517,8.01502042540206e-06,4.37419765942154e-06,3.54509711709013e-07,1.07099083720122e-05,1.48330014599787e-05,5.01120784778522e-05,3.81854553587957e-05,6.59794425921903e-06,1.45947307080411e-05,5.21738802754356e-05,3.78415943774456e-05,1.63110194470356e-05,0.000184072377081384,6.53998601506592e-05,5.54200070493923e-05,2.11697202769938e-05,5.81105527849445e-05,6.40644344430098e-06,1.98820511621433e-06
8.72608611178308e-06,1.59500339301223e-07,5.96663498975331e-08,9.56829453855198e-08,4.97357815339076e-07,2.25651096129453e-08,3.68094241053933e-07,3.6262890526304e-07,9.1847620073278e-08,1.21857389784066e-08,1.20269701072582e-06,2.35598942778674e-08,3.768680162916e-08,6.80232211825475e-07,8.10972793186564e-08,1.67890276930306e-07,2.69466635477556e-07,7.59010205941942e-07,9.80786842055515e-08,1.3178789608097e-06,1.57354567585054e-06,2.657928958612e-05,4.47670849502677e-05,0.00233790807097312,0.00325639363390076,0.00257348551511141,0.000551643537340702,0.000212471271828292,0.000308142776699914,7.46285563989683e-05,8.22340053326958e-05,5.51352925908058e-07,2.69974537015254e-06,1.52990096823144e-06,4.95339149637044e-06,4.70626600440769e-05,4.87426827759083e-05,0.000106104284139604,4.07930934362168e-05,1.34257930611483e-05,2.22605927486504e-05,8.73389273284926e-05,8.31933145756064e-05,1.54071961033641e-05,2.18441641381512e-05,3.04866192800557e-05,6.58956037435199e-05,3.66607282253211e-06,2.80717882932513e-06
5.64407218096651e-06,1.73554990772501e-07,1.08770439602126e-07,7.18945383130901e-07,5.63306398410705e-08,9.96280140128776e-07,5.88352472193581e-08,3.79782767090903e-08,1.6436806844254e-07,5.73347652091045e-08,2.54377751492811e-06,2.20429160237049e-07,2.96688499486933e-07,3.00382621277189e-07,4.05829257595421e-08,3.89591491965482e-07,4.21685753027782e-08,4.39430437493316e-08,7.15313854489116e-08,6.34163929996989e-07,9.24899088978949e-07,0.000125331965750109,0.00147776877768953,1.95420812019484e-05,0.014327066830323,0.00484700487336047,0.00208864353991651,0.00560304254411809,0.001457157936331,0.000195775167497859,0.000413219060324298,7.0858167831895e-06,2.49879134699106e-07,1.94451820442463e-06,1.578784796369e-05,7.17623615254713e-06,5.44147823281243e-06,0.000230654659347939,0.00011500870073081,3.43029370664615e-06,1.19626151221216e-05,0.000109071339443359,3.80201458184449e-05,3.04465318557846e-05,9.0806934030308e-06,9.72608746216754e-05,1.02537577918936e-05,9.72130744006214e-06,3.40806537362374e-07
5.7981807126174e-07,2.36950342065186e-06,3.02369664488745e-07,1.53168599952523e-07,4.29258104314494e-07,1.07672681292503e-06,9.45108371396896e-08,3.54029664329105e-08,1.35093729412588e-07,5.59451951028786e-08,2.07657479571007e-06,4.06145161333168e-07,4.34986718626221e-07,9.61612144642122e-08,8.43932790612149e-08,9.26658135250573e-08,8.2949579932865e-08,4.22487024602275e-07,3.00623619670466e-07,3.74407618716576e-07,3.20122283109613e-07,0.00019593799394257,0.00273375639858779,0.00302623991101587,0.00709767041827492,0.00230369977470967,0.00860631092494829,0.00441728844907177,0.00174057224674724,8.42742614780886e-05,0.00029854021582984,5.480937066348e-06,3.99386701653176e-06,1.60087517193476e-06,1.84811549286986e-05,4.09197051911966e-06,2.00161560076232e-05,1.63655491985134e-05,2.21439508932438e-05,6.99407421698288e-06,1.73362608419221e-05,6.52090606468751e-06,3.36220559930396e-05,5.09927128554658e-05,3.18454254449503e-05,7.52107000834078e-05,3.57464905872123e-06,1.02350226644836e-05,4.36287454861976e-06
3.99788604628914e-06,1.76506194404931e-06,3.96889947900635e-07,6.59887815469295e-08,5.33804909049998e-07,5.65681365658362e-08,4.00133624536216e-08,1.54851522164447e-07,6.93267288812688e-07,2.774552032088e-07,9.55910387589103e-07,3.69552906402239e-07,3.37329091420535e-07,1.2086034343328e-07,8.43682625997823e-08,1.57849216168728e-07,1.02531047936594e-07,4.00392267888631e-07,7.27094347201773e-08,5.90283927801573e-07,2.53339616846834e-06,0.000141709177724292,0.0017319495237972,0.000961906597931187,0.00598872818962485,0.00309137145393679,0.00237449727911558,0.00179263597956162,0.00138654118088936,0.000783456543116943,6.01439716382653e-05,1.38710467223847e-06,2.79581079597303e-06,2.44620154415283e-06,2.51851767718912e-05,6.84539357366719e-06,2.32614098117493e-05,8.0963542554778e-06,1.77764522433365e-05,2.17621916643552e-05,1.84611492175765e-05,5.48784626068799e-06,1.8427390990495e-06,5.86022960634996e-05,6.85701809654404e-05,1.75719312532238e-05,3.52060369047853e-05,2.72751812405604e-05,4.30970443875076e-06
4.03156450569108e-06,1.49934352427956e-07,2.67976957772599e-07,1.08556272642795e-07,3.40027035787105e-07,8.56390022211648e-08,3.21844209075229e-08,1.14364806199937e-07,7.34014760229991e-07,5.571321559358e-07,3.91256686049551e-07,6.07284896995934e-07,2.28419574230116e-07,1.65122929902162e-08,1.80703655720738e-07,3.98901235384492e-07,3.01870966734298e-07,2.9452766409813e-08,4.00010325562862e-07,5.9924254210952e-07,3.65339471275418e-06,9.05570038231085e-06,0.000468516702217947,0.00350522099279417,0.0102426135330575,0.0200209202458723,0.000550452989974593,0.00271562563634411,0.00180186477040895,0.00109165300482189,3.94641519793127e-05,5.78154747269208e-06,7.91873050590445e-07,2.19996423333552e-06,3.39577864721321e-05,3.37490568657137e-06,7.9069626375322e-05,2.03618453641411e-05,6.66311925675992e-05,6.43146910124404e-06,1.94438016693693e-05,3.70667109408414e-05,0.000217856383773311,0.00018782353874583,0.000105651294756462,6.59418065117145e-06,0.000123178964069111,1.7900946763461e-05,7.08685388433055e-07
1.60480384542015e-06,5.51184021877283e-07,1.40141222473228e-07,2.83362509596828e-07,1.0534335603312e-07,2.00482221688708e-07,1.64088537969362e-07,7.0354041387415e-08,7.63386372175988e-07,5.54190887998893e-09,1.39751834090235e-06,8.46460112632865e-07,1.56133628030903e-08,5.88198703751742e-08,1.00279378881877e-06,6.21756123035274e-08,1.32553950424841e-07,2.64845352352483e-07,1.5088979332848e-07,3.21512564573805e-07,1.01943717410441e-06,0.00014172157153759,0.000433357800151707,0.00848248779792935,0.0126527886863163,0.0204621017068085,0.0003024008294895,0.00337526824086785,0.00230591338208414,0.000906640726070222,4.51076276626564e-05,4.25386468175015e-06,6.61047654723293e-06,1.79402236529484e-06,1.45226789493299e-05,9.3201744365309e-06,0.000180123095169549,1.89742208385129e-05,3.12777126492145e-05,2.52825010470536e-07,9.44376336865942e-05,4.01956365161701e-05,0.000549686440143968,0.000350837813222508,4.81097991742136e-05,7.36939971938071e-06,4.97995695109233e-05,5.45671258461803e-06,2.9471484808673e-07
1.41111726847117e-06,3.40718565140246e-07,3.8716889325885e-10,7.31567299878221e-07,4.39906603474532e-08,1.53624024670606e-07,3.52893559692508e-08,3.20531939445262e-07,3.52742117014779e-07,1.36405710425358e-07,1.03001404359421e-06,2.59076851251619e-07,8.85129855362814e-08,1.37195996266484e-07,1.39262181970246e-06,2.14290714305822e-07,1.39371469481363e-07,8.86048192178494e-08,3.58432250154251e-08,9.959397253366e-08,3.8521376526355e-07,9.68362240324154e-05,0.000246013730788561,0.00583867519238342,0.00147168638805806,0.00718951596936668,0.000873632789097004,0.000506945723563494,0.000371494041333864,0.000247220234491753,0.000145887927834976,2.21789835886543e-05,2.11794373213545e-05,7.06463703864149e-06,3.03743857552031e-06,7.85040227716763e-08,4.73097960724348e-05,1.72102323687628e-06,2.08150462463162e-07,9.47058982606725e-06,6.64881003970189e-05,1.33111393751982e-06,0.000186510140127608,8.75170187084906e-05,1.64364079604506e-05,2.58459648305516e-05,2.20769450047435e-05,3.16005695339952e-06,1.58394379844713e-06
2.81423037794662e-06,1.05347643404439e-07,3.03221847655703e-08,3.98448372173901e-07,8.07208698855351e-08,1.12289066140885e-06,3.80478505271655e-07,4.41950912522113e-07,2.70588779926651e-08,1.04593114248735e-08,3.95771649347466e-07,1.1280188803524e-07,2.66840575633939e-07,5.79925540091765e-07,3.47673346388515e-07,2.10930998121602e-07,6.85526929889869e-07,2.4853029368857e-07,2.32508181470331e-07,1.39291032847553e-07,3.58172145790625e-07,2.80214765848475e-05,0.00012271637385808,0.0041235331591073,0.0100798108657374,0.00136773490467797,0.00200153807085494,0.00337417537628219,0.000574798731916289,0.000133518132813918,7.49207658983252e-05,4.44226282796163e-05,2.38271460567626e-05,2.58818676833438e-05,3.90426460148805e-05,4.55552788307426e-05,3.87682125007451e-06,1.30801672236092e-05,0.000110528341224361,0.000118157125619126,2.30803364911835e-05,0.000154468055319974,0.000107139408389277,8.72205842907565e-05,4.54537900562733e-05,2.54346616762061e-05,0.000199244830674343,1.10442124876828e-05,1.35081419623008e-06
1.95658011677814e-06,2.42144698056596e-07,1.46812584785068e-07,2.01705430709466e-07,9.09405299723774e-08,4.48040143416288e-07,2.2622134805612e-07,5.09756400975467e-08,6.58211888996651e-07,6.314322928275e-08,3.26824497858632e-07,2.64120873819627e-07,4.3227308592755e-07,4.63021786894947e-07,5.91993968089338e-08,3.4362485049392e-07,5.29009590715193e-07,1.08074864744275e-07,1.75583706790889e-07,3.02758648572353e-07,2.22634302432093e-07,0.000116733797323965,0.00139653716035883,1.79082395249224e-06,0.0077123502240696,0.0014468522045469,0.0118081703295129,0.00449473422789349,0.000388601842122178,0.000976448738578772,6.79425640941917e-05,5.81606630479813e-05,5.55548268981257e-06,2.25558579149723e-05,3.4978330247931e-05,9.17835919218832e-05,3.68544584025654e-06,0.000187737505433182,0.000260276235778001,1.23857082907168e-05,9.29656030962882e-05,0.000196135399775787,4.83770481377687e-05,0.000111840526970288,0.000380192199968884,0.000161687149355604,0.000791600788352027,2.88952558262082e-05,8.00750685349166e-06
2.26073205277962e-06,2.34618528648596e-07,5.22652912639189e-07,1.05916330062953e-07,2.24550404293196e-07,3.75622727709228e-07,7.07976055232784e-08,1.32646437023078e-07,4.05066728674864e-07,3.30760599760006e-07,7.63214759699311e-07,1.56205531593828e-07,7.62843854762448e-09,1.66987232405698e-07,3.02463274180145e-07,5.67289040591755e-07,3.8107544219534e-07,5.74482622452433e-08,1.43154219572974e-08,6.89264942644389e-08,1.03156601457352e-07,0.000229214280379595,0.00351888288720696,0.00316903063619884,0.00882915238522376,0.000968043317837858,0.0119476581529181,0.00411144677438974,0.00112184467135543,0.000792705297675278,3.0728766285965e-05,4.99032768947288e-05,2.85199972365131e-07,1.02953949250782e-06,1.9965945020842e-05,4.26521448766255e-05,6.21510252018119e-05,0.000198698773445878,0.000149744367945417,8.0029036156921e-05,0.000113755841552198,1.34697462562245e-05,1.36148232830858e-05,2.72579218725538e-05,0.000401729529861951,0.00075182965381151,0.000319376845476429,5.27186892284897e-05,7.37681315383931e-06
2.10726067251609e-06,3.50469265208526e-07,3.31108220435882e-07,2.91802577302164e-07,1.20259359447042e-07,5.94518112977074e-07,3.36046119364099e-07,1.52511815973393e-07,2.07612559215053e-07,2.30038065563428e-07,4.95341391158701e-07,4.65703928498658e-07,2.28089580786489e-07,5.91117690061417e-08,2.42019231529756e-07,4.09141647931889e-07,2.69671786478959e-07,5.02508220261767e-07,1.36723459182557e-07,4.65275139158649e-07,9.73429702871599e-08,0.000158030276680956,0.0021808192919238,0.000151285906505505,0.00658070769251333,0.00481380232335162,0.00211998050744096,0.0014645860686309,0.000731535888249008,0.000495067059572577,4.76214572971567e-05,4.17172665349098e-06,2.28794430489091e-07,6.99378017069349e-05,4.82364845538521e-05,6.25185494901386e-05,8.14489798774815e-05,0.000293662546620834,8.32484102655779e-05,0.000213888913046678,6.53766787840919e-05,2.58195182604654e-06,4.54359832906218e-05,7.32242764755508e-05,9.18048562371153e-05,0.000416412452136591,3.01958782652908e-05,3.02061925546828e-05,1.62718875694687e-06
1.34615802805769e-06,2.80270846193062e-07,1.72057005771798e-07,2.22700175271462e-07,1.10796916746781e-07,1.96447438766179e-07,6.2623037982246e-07,5.01014114122694e-07,3.27550891324374e-07,5.06632382033936e-07,8.43400087144491e-08,6.45613559598796e-07,6.94582476335872e-08,8.74652257631858e-07,1.43734030865876e-07,9.52048538279317e-08,1.14775426560379e-07,1.75548574686209e-06,1.88006041999321e-07,2.14823169537224e-06,9.50058177282767e-07,2.5997441000047e-05,0.000580849388401225,0.00152453882791476,0.00396579410248092,0.00550141357484554,0.00011644519925277,0.000481647790819371,0.0006025520546609,9.12582933441813e-05,0.000100794491992264,5.71879715400232e-06,2.78682760703562e-06,0.000173595461936938,0.000102772151413943,3.00149771629906e-05,5.1334305689395e-05,0.000125118672303867,0.000879656874718566,0.00103169689937545,8.83052986422641e-05,2.37326624210136e-05,0.00033493277420505,0.00010591225888825,0.000193750365202192,4.92631912020189e-05,0.000259176376255494,1.91222461344432e-05,2.00352997415785e-07
1.9089883539735e-06,1.92659692898862e-07,1.42867845674473e-07,2.59440020548297e-07,5.24302445511611e-07,7.28880411781356e-08,1.210287024125e-06,7.03745556849697e-07,6.26790323385616e-07,5.95592258342662e-07,6.45151725546099e-08,1.74763026616382e-07,2.44691074021337e-08,1.0351389741845e-06,8.69175959092989e-08,3.02829987389011e-09,5.85282556359813e-08,1.55030812260822e-06,4.75261241309799e-08,9.91904301636319e-07,1.04564245089299e-06,6.0391866694743e-05,0.000168156369137238,0.0024297459511986,0.00247247688035348,0.00426121302780383,0.000311563187909888,0.000222334619623313,0.000434312174767013,0.000170431299181766,0.000221042114542884,9.89881989878042e-06,1.14500498427217e-06,0.0001019047420444,0.000238563129275446,3.72567673217583e-05,9.63874453459584e-05,0.000197841553510026,0.000365106882145115,0.000466914269579842,0.000116134185766444,0.000146984842317893,0.000447453513346192,0.00025434515264943,0.000190936701893943,0.000158812462088968,0.000476310527766628,1.87397221503826e-05,3.49186781147791e-08
1.92879107165596e-06,1.76301169539108e-07,1.24973464463651e-07,2.4008695642225e-08,1.61082527502655e-07,2.70189767505887e-07,1.19682048782559e-06,8.25883093339925e-09,1.07279999800927e-06,3.78877433688726e-07,1.03116283850178e-07,1.55096923032989e-08,4.53134340217651e-09,5.12289047564137e-07,1.70604701538867e-07,3.61088398212305e-07,2.32886448211705e-08,7.20231153382709e-07,3.65404660962341e-09,1.12669869903695e-07,2.34874081532704e-06,8.83082578786069e-05,6.93618048382698e-05,0.00152988071479094,0.00021871246544765,0.00140998895037921,0.000855369890931551,0.00277330430337729,0.000806871965549032,8.88302746443814e-06,0.000101909760385708,3.71992263516788e-06,1.23428131473535e-07,3.89747785538439e-05,2.19509645896601e-05,9.16251570331038e-06,0.00037726509627257,0.000446948480332925,9.53894222573465e-05,0.00067145327405518,0.000141827385847442,0.000259243391671663,0.00131832670935069,0.000236304708713635,0.000370881024911186,0.000118671062408142,1.87407740679924e-05,1.30296441760875e-05,1.13084258868071e-07
1.83160255971736e-06,7.19255938059775e-08,1.56039811114439e-07,2.39697449230095e-08,1.03128305307912e-07,2.53401275255879e-07,2.32934814360544e-08,3.27270793248155e-09,2.55857298424047e-07,6.07000107367526e-08,1.34930247371154e-07,9.30641898756413e-08,4.55173441370841e-08,1.83691209442512e-07,1.37725565125417e-07,4.58247046824253e-07,4.36332351499183e-07,2.29296882393251e-07,3.77914845823399e-07,9.75329449431998e-08,6.94662784170093e-08,2.77300781072328e-05,4.20363417555955e-05,0.000912761822590586,0.00254521971178691,0.000312428893957625,0.00248540740670883,0.000999781285667306,8.46852215028213e-05,0.00011628233051497,5.42182104888602e-06,2.9901759824649e-07,2.66556018749028e-07,3.48723784979609e-06,0.000132197195986866,0.000160882891379202,7.1065979362537e-05,0.000296056142497767,4.48556163686164e-06,0.000127479011609616,0.000332050142500318,3.64049681253449e-05,0.000520628551075071,6.64648318061417e-05,3.2625811537529e-05,0.000884211125131505,3.652162027449e-05,3.11207381989679e-06,3.3601828941657e-06
4.82285864938456e-07,1.42140390665016e-07,2.65027006773311e-08,3.79591514906161e-07,5.74839687591763e-08,1.29080006288724e-07,4.55248822480933e-07,1.85277472542644e-08,1.33553017390628e-07,4.70499285135146e-07,7.44278210136799e-07,3.68602717694784e-08,7.82989514165752e-08,2.65313787260833e-07,7.97556825700376e-08,4.45960588204726e-07,7.64080995880587e-07,6.54592185287944e-07,9.82919874456898e-07,1.86795081509454e-07,1.21381848888389e-06,9.9922529832527e-06,5.10241119523331e-05,4.6731909194909e-05,0.0012840802199673,0.000281087038752383,0.00200373961306672,0.000234820611849336,8.02244962804161e-05,4.01291736411821e-05,1.41026121880193e-06,2.66662386769394e-06,4.93074528090185e-07,2.18361447608335e-05,5.24561533751032e-05,0.000298751652535849,0.000190834047831116,7.43115231347855e-05,6.55684648559865e-05,0.000210080822035316,0.000629348999012648,3.13355522495869e-05,0.000399870631493297,0.000589671985779597,0.00377990858022906,0.00148882412102998,5.39238270485247e-05,6.85466901914222e-07,6.72327706124893e-06
1.26248347836522e-07,7.23358503321211e-07,1.82183209936486e-07,1.93724354145673e-07,1.9080816990908e-07,1.53824361185901e-07,2.86333131862344e-07,1.90987218476831e-08,1.03966498716724e-06,6.27093199552088e-07,7.35431321579052e-07,1.48779708246893e-08,1.159848540036e-07,6.31645846263389e-07,5.25527082682698e-07,6.32388765481102e-07,5.85611166350948e-08,5.58113053478704e-07,4.11569624065551e-07,5.74782272877488e-07,5.75443984584649e-07,2.89442393538207e-05,0.000402476469467847,0.00039495141672046,0.00109278951376276,0.000920987945642507,0.000352588290435215,0.000182258710991133,9.64620831284752e-05,1.86590467897904e-05,2.63639726558434e-06,6.88013120685433e-07,1.08448028212811e-06,1.18566123912996e-06,3.65480786305121e-05,3.58335150936137e-05,0.000325528970053747,8.73384115691992e-05,0.000627237513469393,9.92954923602824e-05,0.00188967235204664,0.000148400154011092,0.000649498973243519,0.000923231834438982,0.00206480502660779,0.00228245906314134,2.11850302421933e-05,2.09934048819522e-06,3.42948515391314e-07
6.13234357338265e-07,1.2472979292761e-06,5.52826984282398e-08,6.4797388784599e-08,6.38886455770625e-07,1.59283187781415e-07,3.58799468306697e-08,1.09904028283658e-07,1.22800851673997e-06,1.18565440217758e-07,2.8028868590753e-07,2.95523109601773e-07,1.17767484567113e-07,3.17308188707244e-07,4.81654285950382e-07,3.76588143225339e-07,1.3603238774346e-07,1.31225113947623e-07,7.49992134148706e-08,2.86296625795614e-07,5.99202597860666e-07,2.07860568351466e-05,0.000258981249320262,3.20221397815163e-05,0.000781652189464194,0.00133946042958145,1.92436253409504e-05,0.000149180623424801,4.56885616610415e-05,4.28073825361347e-06,1.29083167323321e-05,1.04611075102753e-06,8.12189460076121e-07,9.41405725234951e-07,0.000117588016987795,2.60061914615495e-05,0.00024154861952825,0.000144143182085191,0.000672499737618148,0.000833262156894299,0.00231688727131933,0.000340851706518705,0.00166828836155856,0.00038997430494413,7.11717723954607e-05,0.00277750652340964,1.97021903402679e-05,2.75061449028169e-06,2.22084656253923e-06
1.39530651270834e-06,1.08230230398608e-06,1.85565426156156e-08,1.26677322863023e-07,1.94146588899275e-06,3.30751867629538e-07,7.54094074233042e-09,2.25421882130987e-07,8.89302565859237e-07,4.46176416110313e-07,1.80345561342459e-07,2.43828720374208e-07,1.69799529746375e-07,4.22568380144213e-08,4.47274506110293e-07,3.53193545116994e-08,1.68214719605217e-07,3.11580130401625e-07,4.96434282197981e-08,3.99801575253437e-07,2.22848583799456e-07,4.85308009434738e-06,8.50626890489704e-05,0.000132972551251925,0.000410235207343251,0.000457071171846133,3.9249332400012e-05,1.23627178517122e-05,1.96339690234451e-05,6.61706866506787e-06,8.90819113071908e-06,4.10510927829327e-07,6.59308058080583e-07,1.73046811558091e-06,8.04270520431248e-05,2.32134177215842e-06,0.00032509969669087,0.000419630269265483,0.00032893719538337,0.00104688494963346,0.000945379935738119,0.000265574754974934,0.00174019804447819,0.000469784877741443,0.000523573759795012,0.000829936970569986,6.22017818857659e-05,4.62686169404383e-06,1.46926886816884e-06
1.84133108872288e-06,1.01817738518602e-06,1.45772334021254e-07,3.87918203956024e-07,1.73360469930225e-06,7.29732905153482e-07,1.12976557927726e-07,3.4017829480376e-07,7.98480229231957e-07,9.25749156231493e-07,2.06848495859295e-08,2.88871470104653e-08,3.97179579134069e-07,3.07158595472778e-08,2.32758670067224e-07,2.35248322455127e-07,6.39950222667702e-09,5.69199997064588e-07,3.69362904394956e-07,2.2597206976149e-07,1.54893493746316e-07,6.1111669507845e-07,2.90414268099423e-06,0.000163040483010991,7.08164993207705e-05,9.24347530718341e-05,7.33304837243679e-05,0.000158348642170507,1.08406557947107e-05,8.19751574872522e-06,2.74439728496254e-06,6.80422718413596e-07,9.4024526615868e-07,1.63517823952082e-05,7.48360732920151e-05,0.000105869378047626,8.29410389810916e-05,3.91901910539774e-05,0.000352658727769684,0.000533336314522875,0.000708260232803949,0.00173342724672468,0.00170871968832534,5.23197251587588e-05,9.81832320712203e-05,7.01865206274689e-05,2.06013517053934e-05,8.88675900874307e-06,4.79845723293967e-07
8.42960154237905e-07,6.54203193843119e-07,8.0437709201503e-07,2.00096752637768e-07,1.0538909024978e-06,2.20883750171687e-07,5.78097769755577e-07,3.84833015907968e-07,1.11219892509007e-07,1.01320131871264e-06,6.73721087854855e-08,1.68081644793564e-08,2.28632666500781e-07,3.20449676584011e-07,9.23095501987961e-08,2.38856017145976e-07,2.81200290222886e-07,1.12427645537286e-06,9.01744858677393e-13,1.91360768788748e-07,2.66618516251169e-07,4.84461259379754e-06,5.9286218137848e-06,9.58859692299669e-05,0.00021924038274956,0.000134913183606079,0.000180696947723018,7.79423023514846e-05,6.36403143990966e-06,1.3735203493146e-05,1.62846581783439e-06,3.09077723379874e-06,9.59879473885413e-07,1.69851223688115e-05,6.59516082405344e-05,8.60069945130457e-05,0.000241504633814469,6.15009310054142e-05,0.00179581152536423,0.00044911105681159,0.000438507899102221,0.00408182581735791,0.000269527749301936,0.00011066324444655,7.48575336352645e-05,5.78907338333513e-05,9.28399989182975e-06,6.63586376467735e-06,1.13376261511158e-07
4.81071954772543e-07,3.54003078098125e-08,7.95749575891233e-07,2.69393014570453e-07,7.73480947369894e-07,1.33511534407493e-07,8.31058834071099e-07,2.63203693837979e-07,7.77691435301359e-07,1.38038082319098e-09,1.34174732708641e-07,1.63023570702041e-07,7.89140674720728e-08,8.15469605132264e-07,1.35091450350712e-07,3.7953353091408e-08,2.88146051282063e-08,4.06318670007698e-07,4.25474939306938e-07,5.64708827403112e-08,5.62409100051441e-07,3.19298929634926e-06,3.68073818471367e-06,7.46107916104617e-05,0.000164013899299736,3.85076712843606e-05,0.000172542379913413,2.12129447332798e-05,2.51112382902085e-06,1.38595757957696e-05,2.88837390758238e-06,1.13801110320207e-06,2.4849727487385e-07,7.14358746423011e-07,2.15256878851163e-06,1.20285434612021e-05,0.000232731340279343,6.20011477459939e-05,0.000928373067998952,0.000320046833036684,0.000130551008613141,0.00131508265259592,4.31233769480073e-05,0.000363140702456213,0.000204474465705035,1.19052750998353e-05,3.14623551123294e-06,2.18952178259959e-06,1.38446128499363e-07
1.82127345174863e-06,2.83379441179055e-08,2.10342025833624e-08,2.9173559666289e-07,6.63319949864771e-07,3.56191824400686e-08,2.93335584063255e-07,1.58268084762576e-07,6.02226471691942e-08,6.44840333723756e-07,2.62466871134289e-08,2.01609456170383e-07,5.56943538856495e-08,6.28793003316548e-07,1.36102629133203e-07,6.08460648641257e-08,4.55580768417586e-07,1.67271850099204e-08,4.54318291534489e-07,8.54133998387254e-09,4.40324089545792e-08,1.53323543323364e-06,2.13585902777023e-06,1.5114190783581e-05,3.15659527260959e-05,2.11985210265788e-05,1.22506489533262e-05,3.57309441840013e-06,4.79000196960899e-06,5.01157894392601e-07,1.86773657253051e-05,6.44409442189124e-08,7.90305101100731e-08,3.51867693456711e-06,7.56399588479568e-07,4.22238834038271e-05,9.24132678062551e-05,0.00035670679239887,0.000816080394611609,8.47327823480204e-05,0.000127278534574135,1.68911628686639e-05,0.000370432823117377,0.000147675135822529,5.64440489835463e-05,2.29750550192604e-05,3.50734241182476e-06,5.2344574589077e-07,5.30225099384443e-07
3.04009493320449e-06,2.36050272668397e-07,1.26622266376619e-07,3.83763269783605e-07,2.53159945293238e-07,7.37139308739933e-08,1.81228313856097e-07,2.70210223692987e-07,1.17439982504585e-07,2.05344564788187e-07,3.60975881258844e-07,1.05142582842751e-07,2.79046739370066e-08,7.21887455442628e-08,2.49266699958803e-07,7.48701855327159e-08,1.96907328590732e-07,5.93688693571831e-08,1.37448446017776e-08,1.52313344535725e-07,2.23382087250742e-07,8.46420439538199e-07,1.62270564754223e-05,1.35378704931325e-05,2.17041002154366e-05,4.19214773946691e-05,1.37598152509206e-06,3.79264548971627e-06,3.05601860989993e-06,9.67805356189374e-06,2.9596117771881e-05,1.19593056323127e-06,6.71222413548631e-08,2.04072082544952e-06,3.90919461284419e-05,2.19214376662761e-06,0.000276483641710724,0.000160157393769003,0.000301870216473369,8.99402879101345e-05,0.000130684086256228,2.83896971023481e-05,0.000109993823175304,4.37511589445025e-05,6.38643465689655e-06,2.52300966793405e-05,3.39395862210466e-06,5.65234854016581e-07,8.55810829286706e-07
2.47164353135378e-06,3.84540093196032e-07,4.14756480968736e-07,1.51957445445383e-07,3.66664011865553e-08,5.19545996655189e-09,1.83177968069429e-07,1.2835728013991e-07,2.65929515050091e-07,8.22736706071595e-07,1.98826080899361e-07,1.45317410549043e-07,1.9358513385677e-09,7.77581858007517e-07,6.00136335668556e-07,2.71752608808833e-09,2.05066247361039e-07,5.82674446123193e-08,1.9187459327856e-07,3.34759028410035e-07,2.76545152137968e-07,1.18146576321325e-06,1.11331276471504e-05,1.37618907651772e-06,1.3054960329881e-05,1.34163147401317e-05,5.78707576415715e-06,2.39168959901506e-05,6.04902880183867e-05,3.5570420293683e-05,1.65152060801386e-05,1.99169977586204e-06,4.53878134646852e-07,6.65154339823287e-07,2.9201985871701e-05,9.29872555746286e-06,0.000328424000571503,1.17903328064984e-05,0.000240256005158941,1.77476538221717e-06,0.000277746881118214,9.55926533274013e-05,1.90599513728336e-05,2.91058512265833e-05,4.79613306042503e-05,6.35267427414756e-06,8.8874892975192e-06,1.18738670064131e-06,1.20939905092965e-07
1.32275769275853e-06,3.46414821452183e-08,9.48719869881342e-08,6.32836988619295e-08,1.83951041418774e-08,2.91619537221871e-08,9.19944617276082e-08,8.63390156855491e-08,8.37227286870704e-08,1.27503159068533e-06,1.17446437680709e-07,6.567327769199e-08,1.62114040985659e-07,5.57771674607066e-07,5.53345024908006e-08,6.66848484229355e-08,1.20991201742625e-07,2.53788562664103e-08,3.5232135304892e-07,1.70841843981942e-07,2.94116406034312e-07,1.08835591816284e-07,4.55918367685661e-06,6.36287410836279e-06,8.42311994650735e-06,1.54342148361673e-06,1.3377951522113e-05,7.55504470805088e-05,2.93198015190233e-05,3.95693579781415e-05,4.32951976237439e-06,1.9222339699561e-06,1.70293505700974e-06,1.05466553557453e-06,7.80783677894249e-07,2.76054736594302e-05,7.32908446931494e-05,1.30316774440325e-05,7.18121466668484e-05,3.94335429476836e-05,0.000366210638751626,6.90832876130265e-05,3.23842997304131e-05,2.85772512336125e-05,6.55475271771467e-05,3.68108576075198e-06,1.17212512798781e-06,2.51039578706384e-07,2.03020294051193e-07
3.28171354607103e-07,8.39064514679226e-09,1.45224735119345e-07,1.91469562595571e-07,8.0137121366634e-08,9.86892196200224e-08,1.01314870439892e-07,1.90013866356043e-07,2.05693592732188e-07,7.53602823973575e-07,3.66640746125506e-07,3.98024348036977e-09,3.76787069141924e-07,4.16665730671457e-07,1.23287694174918e-07,1.47552504276281e-07,4.357226340895e-08,8.41356588095556e-09,3.99265964874329e-07,7.41851690584602e-08,4.31900687842333e-08,3.83955564797484e-07,1.64390995964284e-07,6.76896223264708e-06,2.27795280995429e-05,1.72868872822573e-06,8.29574660538939e-05,3.32178552368414e-05,3.3851976601927e-05,4.21858760724043e-05,2.30362098263384e-05,1.18093030611423e-06,1.0002467035099e-06,1.85498104358597e-05,1.99104857911132e-05,2.58362462291568e-05,3.20190046177169e-05,6.84902044800329e-05,2.03471961218213e-06,4.65615048114427e-05,8.34706267848697e-05,0.000148289536743013,2.95769880055795e-05,4.22686698667462e-05,0.00027112431469486,3.78563029260199e-05,8.52051860514097e-07,2.89075883961121e-07,1.44354205747671e-07
1.20834538043302e-06,2.67373905492033e-07,1.31236069517967e-07,7.77583782406871e-08,4.80524457312709e-08,1.47275615221617e-07,5.35606492878971e-08,2.43152482409768e-07,7.22598879554457e-07,8.86764025099459e-07,2.35551317261611e-07,1.01111535651426e-08,3.01421015695941e-07,2.73821438175513e-07,2.82876024671832e-07,2.97205605014733e-07,7.3017499972078e-08,1.33325722436071e-10,2.63409489283306e-07,5.25226873140786e-08,1.65252660721227e-09,5.00850665547602e-07,1.97784888152275e-07,1.81947594585644e-05,8.09772839413667e-05,6.84497832795791e-06,0.000167993503472718,3.30989145169964e-05,9.64205359697502e-05,2.45704051138982e-05,0.000113593901324147,3.24067893908418e-06,1.50857176526109e-07,1.35059539344831e-05,4.1343565386322e-06,3.31227896314188e-05,7.12014226590715e-06,0.000133452702149177,1.75320682831838e-05,6.32238332800298e-05,8.02604839021406e-05,0.000330698297337728,9.25660698363617e-05,5.36610499351612e-05,0.00027095834922832,0.00011814162138088,9.14964978831823e-06,1.17992908036718e-07,8.50629150520736e-08
6.55742747430185e-07,2.58377826093573e-07,2.39217561993452e-07,4.7056984896795e-08,2.51864430873445e-08,4.73920983242343e-09,9.88671079640165e-08,1.986146401099e-08,5.14647875037713e-07,4.30657683964643e-07,1.48926546887698e-07,3.23000480480259e-08,1.93769504117764e-07,7.25705451158799e-08,6.48633003601939e-08,3.73948621445388e-07,9.74952460170094e-08,2.09450828572602e-08,1.02960591168681e-07,2.60589976453098e-07,1.30038725127459e-07,6.35601338224279e-07,5.16733285145334e-06,6.12737935842239e-05,5.2576170856929e-05,8.45798480069653e-05,9.09272440092946e-05,0.000125942544961415,6.51611858136615e-05,0.000184649980857664,0.000277368685747182,1.61970139556745e-05,1.82376179508021e-07,1.06045113464443e-05,1.09557122515859e-05,5.14904176889202e-06,6.08701456124008e-05,0.000170825647354144,8.70526707901568e-05,9.80773876302994e-05,2.0035185852617e-06,9.65726475592206e-05,0.000565895933619583,0.000288458001943399,0.000167186509099918,0.000360504290288289,1.4481768412466e-05,1.34485025420457e-07,2.03153571198461e-08
2.06392748552254e-07,2.32021873496674e-07,5.08984724603142e-08,7.46599058698934e-08,1.37196949006335e-07,2.43081029662689e-07,2.34743265542875e-07,1.33621512309479e-08,1.94918411495132e-07,4.55851438897007e-07,2.31687400456147e-08,1.80050069489152e-08,2.21202897936665e-07,9.09146299375257e-09,1.03013551164739e-07,2.92408290253354e-07,9.19936812263925e-08,1.15202131966121e-08,3.94045368452283e-07,1.8910811851588e-07,5.9698947253689e-08,4.16345517048665e-07,2.47760528316448e-06,1.9806967355161e-05,0.000115870494538934,0.00040521275626553,1.70970656364701e-05,8.0641381887943e-05,0.000168068209976233,0.000102421864895082,0.00012722079005774,7.55825896810746e-06,4.37778169778789e-07,2.6670336746296e-05,7.76901913060875e-05,1.08467286693806e-05,0.00060147951873354,8.90409731628028e-05,7.09948194559071e-05,2.27849491454644e-05,3.20060756355655e-05,0.000220674892047141,0.000329886386218965,0.000230891682567043,0.000361644160443066,0.000133320822602123,7.1256076965655e-05,4.83921107649727e-08,5.26913609735293e-07
2.36541222834288e-07,4.44813674227479e-07,6.45978515162467e-08,4.19229001599391e-07,1.00703901632884e-08,3.32832778908971e-07,8.12280283696743e-08,3.51950210222104e-08,2.09638420740628e-07,3.10724104913646e-08,2.8368876543444e-08,6.70022051344803e-08,1.29255559415609e-07,2.92157733995077e-08,4.87276132955835e-07,2.00866365564216e-07,1.75757598653783e-07,1.91321266206669e-07,4.12470295878924e-07,1.99763840610828e-07,1.05473182755461e-07,8.85604642140304e-07,5.26813066038678e-05,4.98702235498283e-05,0.00032682792000416,0.000464769423341005,4.09364713926736e-05,0.000791359425994536,0.000383999141248425,0.000424990591450393,3.24506448998628e-05,2.52852353489701e-05,8.36908708216156e-07,1.20486932107333e-05,0.000256702542352243,3.83758713948933e-05,0.00111162940386362,1.52033438123539e-05,9.90826962396573e-06,7.37199738876361e-05,0.000183062309810185,5.17204858257816e-05,0.000204328118552447,1.64308945074717e-05,0.00043184246502868,0.000235443277792767,0.000256151995378697,8.10242632799377e-09,1.2304101987707e-07
1.50969212870012e-08,1.68094345485847e-07,3.66287952959559e-08,6.25539128229682e-07,1.42489720565885e-07,1.89230570440213e-07,1.09131062739831e-07,3.02168843353668e-07,8.90144098213502e-09,2.73236900411067e-07,7.17388573716937e-08,1.03009707039328e-07,2.87691571848551e-08,1.13159457762803e-07,8.07577131073342e-07,7.63704661469731e-08,7.57568161123005e-08,2.39179571243755e-07,3.38378101118487e-08,5.46936582018933e-07,1.08662171719119e-07,6.06126094785125e-06,0.000106814422795349,3.19405102802911e-05,0.000531092008637489,0.000483475222415708,0.000107660946030176,0.0011313044493038,0.000355648781886401,0.000657869125071451,7.93548586151272e-05,9.42768395485502e-05,1.15821547777564e-06,3.336016309942e-06,0.000449875273179027,8.65186063075932e-05,0.000914407038427668,0.000208303330854578,0.000143949008961442,6.82080032904388e-05,0.000200173150404744,0.000449466838097582,6.35739487758058e-05,1.10532855710268e-05,0.000191192332872894,0.000125182320835195,0.000508096001309443,1.69722513987247e-06,2.27189259928728e-07
5.28739729943454e-07,1.55675196461719e-07,1.186797098498e-07,4.34369401794542e-08,1.61977777780018e-07,2.2936279975012e-08,1.21526109382256e-08,3.76009247742157e-07,4.94352171574037e-08,6.33700540047044e-07,5.09908818512198e-07,2.71379811316504e-07,3.21653402393454e-07,1.17244412412298e-07,2.29746089798233e-07,8.66257503059472e-08,1.85600157332126e-07,1.05786533501337e-07,1.97623537348716e-07,3.39014108763636e-08,3.83123354682671e-07,4.67379045188512e-06,0.000114174300131677,0.000247756573842971,1.6645571387696e-05,0.000820111073443862,0.00101617452190547,0.000644443199200812,0.000727410148928063,0.000573304877273544,0.000450254511629277,8.05784516034213e-05,2.07864518328272e-07,3.20515951942919e-06,0.000269707506276379,0.000134020670646541,0.0003961865929369,0.000300192213417892,0.000160549405663129,0.00108996596444577,0.000116056669010321,0.000281726818586696,5.40451805712677e-05,2.77233354080184e-05,0.000755551007458466,0.000203462881953242,0.000567928385520709,3.22656982364083e-06,5.8520754438897e-07
7.94750959363006e-07,9.96341423597477e-08,5.42003200993448e-07,1.36672668879511e-08,4.69860028828447e-08,6.68885323802416e-08,7.00556821036684e-08,2.34231713459365e-07,1.00207903185421e-07,4.43689473506507e-07,2.54815309772949e-07,1.79520508941483e-07,3.81534476207082e-07,1.92777080095702e-07,4.90732903063823e-08,7.33045494778298e-08,1.34598816591671e-07,1.15811065307929e-07,1.83352313150433e-08,1.99401912064086e-08,1.32993681130831e-07,8.14880188831841e-07,2.64299556563365e-05,0.000370339641719931,0.00136603623040318,0.000376966717891217,0.00174385241472267,0.000393741225568304,0.000921791855453312,0.000310403566739656,0.000869551961933742,5.7317834720274e-05,1.83081631023509e-07,2.3627491148053e-05,2.27232444310325e-05,0.000103607113797953,7.87695040232537e-05,6.26592449160055e-05,1.17510281505102e-05,0.000433253861102901,0.00037699582699371,0.000296875160400668,1.52785811862529e-05,7.56319885725971e-05,0.00109868912524539,0.000107343486061773,0.000247908442386738,9.40385310617564e-07,4.77880404205065e-07
4.15585754336077e-07,1.94723992045527e-07,2.8843975028295e-07,9.24385054898181e-08,2.94643085624245e-07,1.85260246751313e-08,4.37197269911855e-08,1.29569889547678e-07,3.08577528683706e-08,6.51388286661277e-08,2.76784820205268e-09,3.35039228830288e-08,8.39050623324024e-08,2.91470807364926e-07,1.0784399666214e-07,8.11004628918752e-08,6.18008831859525e-08,1.41723272559474e-07,9.65405759906893e-08,1.687588292206e-07,1.74112111516975e-07,2.8635896376987e-06,7.24833682851075e-07,0.000474637507183304,0.000988879850145214,0.000242260419636641,0.000206348643013964,0.000343480182978311,4.01915666947824e-06,0.000274066818593453,0.000384707218511141,0.000135192429183842,6.81726677950037e-09,5.61897136651979e-05,5.48626557478039e-05,1.53266688018639e-05,0.000162389881994212,6.36874901856044e-05,0.00016822704078955,0.000192565493195335,0.000797047895975176,0.000233233088685717,6.31641482474485e-05,0.000192076406318686,0.000365369773296413,3.01411620334401e-06,4.75088801811605e-05,2.2374585955708e-06,4.61360515933048e-08
4.52267409908055e-07,2.8285441411848e-07,2.21188122659342e-07,1.65602443225966e-07,6.85931085686472e-08,2.12510250741992e-07,7.27567861880546e-08,4.07764108158167e-07,3.22996911698378e-08,1.36563554532196e-07,3.86457889788982e-09,1.11659018152331e-07,4.92618711343472e-08,3.43514791935993e-07,1.17031821778719e-07,7.92169072261135e-08,7.17720119216109e-08,1.39025534615168e-07,8.64839070545469e-08,2.30396361876728e-07,5.52879453025479e-07,8.78600178807183e-06,2.21042273818223e-05,0.000744649904560631,0.000752072691473514,0.00129612408996064,2.05206011167935e-05,0.00015924605554536,0.00182574723791541,0.00109804562151321,5.30053022404822e-05,9.73601250457282e-05,5.99341129515124e-06,1.07036665395998e-05,0.000336756101841009,0.000134541305662003,0.000508779604253399,0.00047139208835315,0.000279104992038235,0.000327200540113308,0.00227495177966981,0.000725669476010983,0.000114189714835103,0.000386590545364366,0.000148131982875293,6.05924205767745e-06,0.00019126701388029,4.96530283205381e-06,7.52206896436262e-07
6.7887139524366e-07,2.65916713831584e-07,1.42461928496836e-07,9.67275228250235e-08,3.72188496030031e-08,2.48818207568463e-07,1.86441875348146e-08,2.53866711579571e-07,4.68292557572553e-08,1.40727030703449e-07,3.9468417364904e-08,1.3212982791744e-07,1.07643916089374e-07,1.06348052258164e-07,3.34132840105706e-07,3.60456697301049e-07,3.21772478789692e-08,1.11101813249183e-07,2.29859275759073e-08,4.35345763366953e-09,5.11864303412662e-07,1.31780735664396e-05,8.04248428436919e-06,3.08928213436989e-07,0.00154320998572564,0.00166214145241726,0.000127272689781818,0.00263219815335859,0.000987604213495957,0.000976402608029775,9.99606374792791e-05,5.93783006441235e-05,7.35045068591271e-06,1.47296756671937e-05,0.000123295086140524,0.000719030345585895,0.000412460763928113,0.000350665778560638,0.000694567447719074,0.000189604615085365,0.00233573938738615,0.000429396205788475,0.000452559641845525,0.000821245306256131,0.00035034171977519,7.77206453442068e-05,9.70384321108974e-05,3.55542017480446e-06,8.66909563441342e-07
9.88347920589694e-07,1.33751854218621e-07,1.34493084422314e-07,1.08720244447812e-07,5.40031337409128e-08,4.76733869759714e-08,1.53344356338107e-07,1.23266920584595e-07,1.51198133234463e-08,1.50477984974472e-07,9.22934625724951e-09,3.61493023354834e-08,8.22579902000991e-08,7.48471342535457e-08,2.69237092380864e-08,4.24823517152126e-07,1.73120385481046e-07,2.53843979462454e-07,6.52264533292106e-08,5.27292352037939e-08,1.28994414467999e-07,9.35812111119062e-06,0.000151951723885083,0.000297906966997525,0.00135828607225651,0.000833178269552638,0.000100789969416377,0.00179484361125055,0.000330004854800845,0.00052567955360798,0.000401743771266287,0.00010382139178132,1.17614489679281e-05,7.68325111928537e-07,0.000164562361892342,0.000233296648626876,0.000143846590359642,0.000109246605454458,0.00062909026686774,0.000405336674999337,0.000309086772054989,9.06762220043368e-05,0.000384129224312636,0.00107118573999654,0.000188292923561791,4.36425094015226e-06,9.70837089869646e-06,3.91883863018745e-06,5.97201719349408e-08
1.16919819648413e-06,1.56865656149138e-07,1.38257461572363e-07,6.1595448407892e-08,1.94535356978179e-07,2.30450709542568e-08,2.79847752405766e-07,1.47227539607961e-07,2.456750237527e-07,1.22157160233857e-08,1.85623798621252e-07,1.04669797523324e-07,1.57435109515688e-07,6.32337095888307e-08,1.50016736836804e-07,7.74198605435061e-08,3.10104606294609e-07,3.03019650196532e-07,4.31774593562671e-08,5.34393444564058e-08,2.17322572738643e-07,2.17299818305335e-05,0.000324528888302364,2.44992986315765e-05,0.000476435060230503,9.28798837458552e-05,0.000594176171749037,0.000819561291705329,0.000391961343624925,6.59391453389991e-05,0.000901201603283004,1.94337611223905e-05,1.00428622366458e-05,9.59983244523094e-06,7.86023788003868e-06,0.00020507171441928,0.000134976099423404,0.000409667340781624,0.000434121927943238,0.000134932055793959,0.000195972151882053,0.0001222850349594,0.000164889702427068,0.000368970064262141,9.13779074635777e-05,2.25147137395215e-05,1.13211734452742e-05,5.77803125136368e-07,2.36317785815006e-07
7.78868969508164e-07,5.80289827012369e-08,1.61641849278332e-07,1.87772168481217e-08,7.60074019265401e-08,3.54304638469074e-07,5.62663047407254e-08,3.87875658303026e-09,4.51601215631109e-07,3.82001712399686e-07,7.29853424702627e-07,5.52880526520943e-08,1.16816697992408e-07,1.35259306144919e-07,1.34911980603401e-07,1.66316712252586e-08,2.55577599520601e-07,2.12264012826264e-07,2.79379175353571e-07,6.44708462138464e-09,2.20982621323495e-07,1.59111009942472e-05,0.000248339071659597,0.000343861814271618,0.000384211910883379,0.000114584617150581,0.00131378862495609,0.000831287503845824,0.000384255518392703,0.000475524344789166,0.00094905750085293,6.19136655333582e-05,8.83293732680162e-06,6.16131097038523e-06,0.000198062129334254,0.000481975551149917,0.00108138995530628,0.000127399326521082,0.000374319636677638,6.05557097490562e-05,0.00089903961489491,0.000275291388085513,3.35319971423415e-05,0.000323111867456334,0.000108982413148882,0.000120915230315316,8.67039475832577e-06,6.18164672746994e-07,5.41154498349781e-08
6.96739856165451e-07,1.5619817537676e-07,7.253628412519e-08,6.57113457063267e-09,3.69087596765382e-07,3.46258292868716e-07,1.02700576150562e-07,8.85837573555861e-08,5.84336240728009e-07,2.46036347017866e-07,5.15036647149218e-07,7.85293518163362e-09,7.70999169656291e-08,1.23169986257263e-07,9.6054153986172e-09,3.23042056711277e-09,4.93921918621953e-08,4.82490290717457e-09,2.14602450926874e-07,1.58233555782261e-08,4.29320168281255e-07,2.30122018333148e-06,0.000113815996977215,0.000357260804647548,0.00138238763638464,0.000434282931772138,0.000364650930583199,0.000697396582763976,2.88246093974006e-05,8.33007061689543e-05,0.00037886411093602,0.000103071294387291,1.29031504404955e-05,2.32767939281813e-06,0.00016279486420867,0.000201775179172268,0.000715591617169871,0.00202752759094514,0.000495116912941792,0.000128770033909315,0.000412693420369168,0.000663879269158931,0.000152905685913175,0.000299642651422471,2.00207287827015e-06,0.000135852605946131,1.30923173921909e-05,1.38351498993428e-06,3.51022694738598e-08
3.03581804320602e-07,3.8415521445081e-07,1.81056621061676e-07,1.07628112361337e-08,7.57176596433586e-07,1.95916926684215e-07,1.71071401644751e-07,3.34746670254263e-07,2.60584605012017e-07,2.00755528864228e-07,1.34323475238623e-07,1.47397781129428e-07,1.67192922971404e-07,1.65982763035266e-08,9.87836984269079e-08,6.55173570530065e-08,4.28540456509153e-07,8.61414039317449e-08,5.1397494576817e-08,2.09791856198761e-07,5.45169715414382e-07,8.70696739840694e-07,5.45128895444099e-06,0.000274808924025192,0.000307868735289964,0.000161806578992642,0.000126006742091739,0.00015386933770398,0.000219504977161417,0.000314510880384116,8.89348315930547e-05,2.00504215522038e-05,1.13836701109006e-05,9.90321922495338e-06,0.000429953920894161,0.000451790854244127,0.000190307846494618,0.0036608225384888,0.000245504340940483,0.000267556687930583,5.72300219201554e-06,0.000332145489206587,0.000165830933071174,0.00010594687797011,6.60152723901353e-05,6.80508398031455e-05,1.00572228107207e-05,5.12995672167651e-07,1.19376780249359e-07
4.11352558004958e-07,1.53980687794045e-07,9.86210841092233e-08,1.19645295471288e-08,7.43771870923067e-07,1.27118666258231e-07,1.7223724317439e-08,2.96736074779354e-07,3.30266990615528e-08,2.84898101645342e-08,4.78263018508051e-07,4.6226296610839e-07,7.78137451794404e-08,3.80483030015834e-07,3.63059684676882e-08,8.09834918997713e-08,1.71662143995377e-07,4.3086108353714e-08,1.05916561903933e-07,4.24914423166374e-07,3.16990612623123e-07,1.61015601863981e-06,3.99723545057109e-06,0.000336863166095285,0.000428092513338588,0.000502309655838932,0.000116738415824607,0.00190748230032512,7.10221234036729e-05,0.000347908233516655,0.000145088683582798,8.36496741354287e-05,7.96401898012272e-07,2.2296433061708e-05,0.000798444065222337,3.91575368282468e-05,0.00187252550376251,0.0018850698850015,0.000728636895071393,0.000310676920608733,0.000217061698817582,7.00172432053785e-05,0.000204048477825377,0.000491725871755205,2.17589522954424e-06,1.95876196439252e-05,8.48274701699052e-06,2.62839101061815e-07,1.87882326581309e-07
4.85794059259435e-07,1.58608215750376e-07,9.54263201128218e-08,1.17800728247714e-08,2.871219959846e-07,3.38678741580881e-07,4.4583939985749e-07,7.8840958967439e-08,1.98968624497004e-07,2.47695270181669e-08,1.92943885530541e-07,5.35541284711117e-08,1.26169552306197e-07,7.0520204419571e-07,1.82207813939011e-07,1.64321371027449e-07,2.17544230758443e-07,3.09140109979165e-07,2.0134319436831e-07,3.61995569867542e-07,3.56066230239914e-08,9.31276413300225e-07,5.88651971079646e-06,1.8354613945046e-05,0.000753205523596457,0.000386588607332049,0.000258310191181284,0.00128070024948763,0.000133488380392788,6.15379519354015e-05,0.000572435599861326,5.97404701347073e-05,3.74378120711568e-06,2.44104465829142e-05,0.000249961498253323,0.000602483854336882,0.00249134238095867,0.000381624885494763,0.00081558907331783,0.000157078517951156,0.000319435803800954,2.37979244696301e-05,0.00017776722760431,0.000159184683101497,1.3303139878457e-05,2.03959429213737e-05,6.11208588786922e-07,2.15480593007323e-07,5.48150181474073e-08
5.54221656421946e-08,5.63324649426712e-08,2.78984484338987e-07,3.88921311942629e-08,1.16244209932928e-08,3.04816195325148e-07,3.52580889312895e-07,1.75075846615461e-08,4.55142679149412e-07,4.97348654848265e-08,1.0599266205682e-08,1.31019176893585e-09,2.98849033307842e-07,1.75146423236018e-07,4.61516617422983e-08,1.01383896916907e-08,2.46732557542304e-07,1.31010946224553e-07,1.20770197109546e-07,3.50139912204502e-07,1.26868368439359e-07,7.87071330754909e-07,9.79146280398667e-06,3.41671717071357e-05,0.000508580142808105,0.00011649910408004,0.000841376661680086,0.000587211155542469,0.000323160317541701,0.000159268057154272,0.000545614968403644,2.86650161961526e-05,2.32782095388993e-06,1.85626560650907e-05,4.80155161831584e-05,0.000484361710326703,0.00167480307312454,0.00193003752712471,9.94366234925553e-05,0.000468247490783261,0.000545788558981273,0.000120917092766724,4.79105008355466e-05,6.87581103099297e-05,3.82158023206638e-05,3.94599273876412e-05,6.17054605313336e-07,4.97254516951737e-07,2.54501442429428e-07
6.74253256424538e-08,4.48533267141268e-08,3.59618145126173e-07,1.27523494723379e-08,3.89540295047839e-08,1.11472188270066e-07,2.31102271419e-08,1.24519319361443e-07,6.70475578184614e-07,1.59351397609652e-07,7.27922047707037e-08,3.38780739738194e-09,3.80797840210411e-08,7.22130093961133e-08,6.58645885506889e-08,4.16849694694798e-08,8.48683557749327e-08,1.75667730379674e-07,7.26622369383961e-08,2.96437959311898e-07,3.77227061522831e-09,6.54184564425019e-07,2.76207577603865e-05,3.52710980914948e-06,7.50579320933806e-05,6.91849016924728e-05,0.00176911404922214,0.000372094862257281,3.27906769582733e-05,0.00010557303754999,0.000179616946591929,3.87387561615987e-05,1.41399959667976e-06,2.00245483482511e-05,3.52341659981015e-05,0.000509093387513924,0.000858876766433509,0.00273407467031171,0.000126143611597703,0.000281881513465375,7.6483497252278e-05,0.000318161238091405,4.63733014124065e-05,0.00016268680366211,4.36577407421825e-05,9.60834865799173e-07,2.20684899185167e-06,8.56953403151157e-08,3.41953371482576e-07
5.66861713091515e-08,1.37136333370843e-08,1.33832421215443e-07,1.38542415888884e-07,1.98119529943493e-08,1.86959452010517e-07,1.08120924373115e-08,3.09833741642571e-08,1.96149053708916e-07,6.73411324182609e-08,2.37062703468992e-07,1.41512807990746e-07,4.08112962556836e-08,2.77683076560931e-07,1.07058219625123e-07,8.28401658381918e-08,2.09071032690689e-08,8.69923709967552e-08,1.94568575952772e-08,4.57799895601355e-07,3.69524562452025e-07,8.12528516199645e-07,1.85229090736475e-05,1.97270284502896e-05,0.000160271269110593,0.000227908122968338,0.000700219766930366,0.000519091338713907,0.000476333275143225,0.000299580219259082,6.182525046114e-05,2.3527047051799e-05,6.19171472139886e-07,8.48495517970088e-06,9.65548216369148e-06,0.00043012821823617,0.000554662622474847,0.000780460164706986,2.63102930422575e-05,2.64232879747866e-05,4.77192761264523e-05,0.000143075587673901,6.3018748525154e-05,8.86988240043033e-05,0.000103560433066923,1.44223295910786e-05,2.71694360404794e-06,5.45492158149031e-08,7.49907416163143e-08
2.64718816159346e-07,2.63673568289956e-08,3.01540027776504e-08,8.92057511402888e-08,2.16726091383524e-07,1.9310649734968e-07,1.12382170966343e-07,2.3205976128279e-07,2.39525367665669e-07,3.61379926668296e-07,1.11588431930541e-07,1.61325155712659e-07,2.72132453700066e-07,3.16157343063488e-08,1.3346993121716e-08,1.1905895568546e-07,2.82102882460606e-08,2.80573465313671e-08,3.7961648635463e-08,2.63449980992851e-07,2.58787532428695e-07,1.47324988540648e-07,1.11263680069117e-05,1.73144263715466e-05,0.000130017708685247,0.00041878069208598,0.000235476719006535,9.16028907738195e-05,0.000562139325014975,0.000233768586680127,9.60170711992211e-05,4.84073063477915e-05,6.92247319078881e-06,7.2365805383078e-06,5.95092712012202e-05,0.000278965819496617,0.00043090975911471,2.4046321620976e-05,4.85859122848371e-05,1.96509959751041e-05,3.572804946237e-05,7.78362905675145e-06,4.88687019443045e-05,0.000357304756038379,4.6052843322565e-05,7.64781215611481e-05,5.94157422460852e-07,6.02079143992574e-08,1.01906670613127e-08
8.34293563312954e-07,8.46925253209731e-09,8.36522160084881e-08,6.23574443543825e-08,2.44315749537434e-07,2.17933346371782e-07,7.30424313834595e-08,3.61777981822327e-07,2.75468310553839e-07,5.44898972427988e-07,1.04139187529582e-07,9.10244010914766e-08,5.03660656444136e-07,2.56170611388956e-08,1.1090917635885e-07,5.8490791915396e-08,1.79272070675129e-08,1.18595618233691e-11,1.0056860268199e-07,1.77158180995819e-08,1.73757355463063e-07,2.65860514335678e-07,6.58918715778329e-07,4.22975067043971e-05,2.08381537408812e-05,0.000497817687926288,6.34596163833015e-05,0.00172313139086537,0.000100631212960263,0.000115095568695495,0.000246085356726424,4.98426205345552e-05,3.45332265379762e-06,1.4337822419014e-05,0.000102479279174081,0.000398121415814324,1.55347341951664e-05,0.000111024726836328,7.47320343590773e-05,8.19980199194485e-06,1.3703645167239e-05,3.67482197779305e-05,1.77042187437584e-05,0.000343102095616754,0.000149004116020912,7.36740568990397e-05,4.8355734915285e-06,7.99741152565367e-07,5.48153191168826e-08
1.19618291919929e-06,1.56661953705794e-08,3.22147205163645e-07,3.62569640860959e-08,2.04258359238112e-07,1.24996381032464e-07,2.60945715160045e-07,3.07010553597194e-07,2.75856525998316e-07,1.69425233032411e-07,1.58551240052791e-07,1.24722069123794e-07,1.7268873652437e-07,1.54782150371091e-08,1.21839712995397e-07,5.2035885882948e-08,4.37612663670976e-08,5.40194466873102e-09,6.09234272683229e-08,3.06306806083634e-07,1.43107337751792e-07,8.74241768641824e-07,4.34759853883808e-07,3.47667551579847e-05,1.28217510969403e-05,0.000179750702487441,7.31560574615931e-05,0.000876943673991784,0.000216371416502859,0.000169088584604422,0.000237904461377776,2.19116514029642e-05,2.40099702939865e-06,3.13508232149279e-05,1.93681553304372e-05,0.000431860839485059,6.94802746968682e-05,0.000386429173955322,6.00360185333685e-05,2.85615942026843e-05,9.65233409412815e-06,5.66507356100784e-05,0.000147065871196468,9.38547755178613e-05,0.000309555333363741,4.16956364651604e-06,2.07732416742928e-05,8.77474597442788e-07,1.27928315919324e-07
9.26260458647916e-07,1.60457931335763e-07,2.63835712163548e-07,1.76861954823489e-07,1.3117631869773e-07,1.87241368126564e-07,3.6465842747005e-07,1.41891666277005e-07,1.04392708969717e-07,1.134995222766e-07,2.06974008826184e-07,1.36347526198692e-07,3.11638353885528e-08,1.70817704228733e-08,2.03248904028117e-07,1.6556671864568e-07,3.87008103081858e-08,2.67928733315535e-07,7.35885181526987e-08,8.11409074124287e-07,4.56184619419444e-08,6.55609448256177e-07,6.53720721406696e-07,2.27521276375637e-06,1.98749994527748e-05,2.78005173918244e-05,0.000356461027645999,0.000354557442030073,0.000356319710440248,0.000114940802271561,7.93728704263888e-05,3.90517451472233e-05,3.51693114132094e-06,6.69094121739614e-05,8.23551084446758e-05,0.000194514808115834,2.08173741939305e-05,0.000870343665191246,0.000208590898385294,5.03071308194642e-05,0.000143121029317346,5.7240080567732e-06,0.000271665023148646,6.93825164235154e-05,2.03393799449547e-05,1.25573949369765e-05,1.54759086814994e-05,8.80134202808441e-07,2.63049198195385e-07
1.72483999241247e-06,1.95870273293331e-07,3.72046462749266e-08,1.84060081622418e-07,2.7118245440757e-08,1.20014423499267e-07,1.9558010432934e-07,2.62277111708555e-09,2.77598900383031e-07,2.76917431933282e-07,5.54541046142262e-08,2.09754983813698e-07,9.08086401343437e-08,6.53516873087264e-08,1.06775868990853e-07,2.26234461264895e-07,2.04365398402014e-08,3.34459447811998e-07,4.53525868811858e-08,2.14048622375803e-07,1.39546444510658e-08,1.02364245959201e-07,9.00289112760199e-07,5.32577696030647e-06,9.048106614337e-06,3.18703689337719e-05,0.000813688388181471,0.000131514933308934,5.53969420879807e-06,4.4516186361004e-05,1.42162210875716e-05,2.92656193478898e-05,4.40399395838937e-07,6.81523566407555e-06,0.000114445351288781,0.000133280909317447,0.000183594895741408,0.000814217004640345,0.000135439693487935,0.000293562414610723,0.000206357001700783,0.000167504317504233,3.90762503803255e-06,8.57607873028395e-05,0.000117631122386859,3.14087417096398e-05,7.40047732991564e-06,4.3394414751243e-07,4.64946879361078e-07
3.3221793136452e-06,1.32262120719454e-07,1.8271013217565e-08,1.39745825447655e-07,7.37043417769641e-08,1.53384606693234e-07,8.57536711657398e-08,5.45093940151439e-08,3.56607982944152e-07,5.59247556864443e-09,6.72183226865789e-08,3.46976260834598e-07,1.86935376320253e-08,3.10119696147595e-08,1.50051445330591e-07,3.50183224286214e-07,1.59869495265376e-07,1.95054570946562e-07,2.13902483368197e-07,2.11097406860189e-07,1.36280792851443e-07,8.51511978334953e-08,2.37685060990954e-06,5.75046706224799e-07,5.93845080392983e-06,3.718548069187e-06,0.000234877298778562,0.000234869577724259,0.000314175702218692,0.000127608902875976,8.80714271660754e-06,4.25167879886639e-06,2.91039930517568e-07,5.14545272984681e-05,1.32456570859101e-05,4.84694721403093e-05,0.000281535779540498,0.000329944298705764,1.70847421255234e-05,0.000159043524925768,0.000153548858463594,6.93154805740915e-05,3.92758686371444e-05,2.16484087021462e-05,3.90004975335226e-05,3.59567789112042e-05,3.37794659693151e-06,2.8807288474754e-07,2.71887730872431e-07
3.20933710756782e-06,4.58077911406603e-08,7.23047044041947e-08,8.30298751850705e-08,1.38728707757693e-08,7.53958675326334e-08,7.00912860712703e-08,1.0131292877473e-07,9.20473024773102e-08,9.88252015659619e-08,1.02360797904995e-07,1.19056754629942e-07,6.69084690838428e-08,5.04204213341694e-08,2.27000389127194e-07,1.50409339306173e-07,1.24779095757123e-07,2.09035918596148e-07,2.38099316026267e-07,3.52914199711358e-07,3.41167435969241e-09,5.52046189856057e-08,6.04097742357822e-07,2.71753866038053e-07,2.40002879631621e-06,7.05926206189764e-05,2.63719850397049e-05,0.000138092447383479,7.84373896005157e-05,0.000113074976247046,1.6981887135478e-05,5.99913004609518e-07,1.01390117747157e-06,0.000213931721204179,3.48984077738269e-05,9.89408499156177e-05,0.000180459315198797,0.000108770053680943,4.05867126096815e-05,2.90264251845586e-05,8.83469904487586e-05,0.000119897382077829,7.80216306257341e-06,7.1783944457155e-05,1.72320691763047e-06,4.93120591253594e-05,5.64720762116231e-06,6.30501911992854e-07,1.46485206203945e-09
1.03136276372606e-06,3.63277755669327e-09,9.15787429784983e-08,1.68336666901132e-08,2.76673895796132e-07,1.79322027254952e-08,7.21139974350575e-08,1.90617942277176e-07,2.56253010306554e-08,1.17717814670964e-07,1.80163690984908e-08,2.16327622642799e-07,1.07678834909081e-07,1.01587582346797e-07,1.22947312685674e-07,8.6008583941558e-08,2.11526325759949e-08,1.046798914214e-07,3.8758466969536e-08,8.91672624643645e-08,6.9722305709284e-08,4.24585382780249e-08,4.17284051345575e-07,9.11989174017445e-07,1.1922328804322e-07,9.35129525351678e-05,1.41264415022756e-05,0.000417526567338555,4.73681355198628e-05,7.39346715969278e-05,2.22957790231039e-05,5.63567549539501e-06,1.82207819444359e-06,0.000199528073704102,6.9384076476254e-05,0.000313012642286434,0.00010613100696027,0.000264634677815988,0.000154066878246336,6.50217344430013e-05,5.01585363537003e-05,9.42740068067031e-05,4.41050782137331e-06,9.7299205146378e-05,4.39314298357192e-06,1.57372462297171e-05,6.77060632783513e-07,5.63913364377819e-08,3.17948735542371e-08
1.51028737900053e-06,5.81714071918438e-08,1.6931846709386e-08,1.7966144399552e-08,3.45586331894857e-07,1.05973461279727e-07,2.75887722242087e-07,8.79178461799747e-08,1.53272788866971e-07,4.74464866831034e-08,2.38934721986787e-08,1.50749931016988e-07,3.89774692250817e-08,3.91944732814236e-08,1.86343322243422e-07,3.5846527571413e-08,1.72884689004043e-08,2.49919427498036e-09,3.12891997168795e-08,5.84375983050777e-08,8.81119280276036e-08,5.3546498648853e-10,6.78327157503349e-08,1.10956614972081e-07,1.30101779448796e-07,3.79561368903003e-05,1.15922104375582e-05,0.000161841704322156,0.000118374467369118,5.68366251244568e-05,2.37855003650241e-06,4.96382046965069e-06,5.78371230824323e-07,6.01447762596452e-05,0.000325557917179577,3.60962181544354e-05,0.000128129718865509,0.000262067604060967,7.43612000200982e-05,5.55630494523347e-06,6.4695286156917e-06,3.37828246489577e-05,7.49433962795899e-06,6.92732501752315e-05,3.06948226004025e-06,2.10236229005465e-06,1.69521724371696e-07,3.03809817210225e-07,3.17551096716986e-08
1.26741608535443e-06,1.34610736696311e-09,9.50066488244824e-08,8.77724695541215e-09,1.95837136908285e-07,1.35726895260001e-07,4.00667817514897e-08,2.95111425364251e-07,5.40530977369189e-07,1.50907037615515e-07,3.67365453189592e-08,4.47570316581437e-08,3.4898617244197e-08,4.11054379206747e-08,6.66494566996157e-08,7.98199991247445e-08,2.23616440651144e-08,5.31506124053863e-09,2.19536990850152e-07,9.59206696779171e-08,9.72054880483497e-08,4.61936918700458e-08,3.00063714212311e-07,4.99860094599206e-08,5.23159598612442e-06,5.10893854634357e-06,4.12119670695025e-05,5.24060361226427e-05,2.51153648464046e-05,1.58855924084592e-05,2.35006859030037e-06,1.92705955670664e-06,1.887177316418e-07,1.83567401528339e-05,0.000308279558361136,4.04848075729708e-05,7.97509500001739e-06,0.000121857729294573,8.22595939783796e-05,6.64567212020365e-05,9.83074818887123e-06,2.96281181481867e-05,4.67373896864271e-05,6.86488767547562e-05,9.30961984862425e-06,2.18753020405938e-06,2.04691252178092e-07,1.04153019735243e-08,5.72906054859658e-08
1.27698276818959e-06,9.99773238013897e-08,2.76969975728719e-09,3.87514397689419e-08,1.24998969602448e-07,5.88250936687667e-08,7.56867539986991e-08,2.29993039973299e-07,2.28275336622434e-07,2.32869265153226e-07,2.62164150432892e-08,3.86195697954367e-08,1.17822648201836e-07,8.7867184658401e-08,2.21267849844944e-09,3.18098148087779e-08,3.72140251438057e-09,5.16789086600632e-09,1.14140375955977e-07,5.32866858211441e-08,2.75467289068616e-08,1.65183288194802e-07,2.92953079689515e-07,4.6659561532884e-08,6.56652367597738e-06,6.81261656115948e-06,0.000100575692185009,5.21879211756021e-05,5.82561768196209e-05,6.44048037694814e-05,4.08451231087254e-07,1.04602878759037e-06,1.86219087594313e-07,4.02725416321315e-06,6.36469113434276e-05,9.54408522149588e-06,0.000113239996769489,0.000104002865319049,1.32775414380263e-05,6.65945768256204e-05,3.35784798474841e-05,1.73426650607708e-05,7.79610078847457e-06,5.17003474833439e-05,7.00815973569931e-06,4.27603470291965e-06,7.65653854888231e-07,3.75391917027639e-08,4.30042410324202e-08
1.52974979900338e-06,5.30455875419722e-08,1.02671225934824e-08,5.02732377695901e-08,9.12115729574088e-08,3.49266457660879e-08,4.56758585850785e-08,7.09983033052057e-08,2.37955889976091e-07,1.79960114465825e-07,2.09757362146783e-07,3.0713198126917e-08,3.7186417465998e-07,2.45503408139816e-08,3.32745300057997e-09,1.578698737718e-08,2.5371250722761e-08,3.88863611551078e-08,1.51308325985991e-09,1.22668954665385e-07,5.35272799214252e-08,2.19731935367589e-07,1.22590375735537e-08,7.23740782710336e-08,2.56902779126638e-06,3.57553105619232e-06,3.58010394770555e-05,5.68679512887798e-05,0.000100096232168907,5.13484811728571e-05,2.51984380695279e-06,1.40016285718558e-07,1.60243145771496e-07,1.30229445999704e-05,8.23777245103135e-05,0.000106861403371657,7.45360402141923e-05,0.000118708962353497,5.56838157532934e-05,2.92450789734171e-05,5.09530279069932e-06,1.86255766473808e-05,8.2264759903588e-06,4.38627679339323e-05,4.26048892267915e-06,6.6393537405395e-06,3.07957240223962e-09,1.13011595531761e-07,2.8065385586817e-09
9.030582196545e-07,3.94411758798976e-08,1.81105842284266e-07,1.09120248440202e-07,1.29154922510667e-08,4.26379320565296e-08,8.16720422247158e-09,5.90243549684426e-11,4.44588546325074e-09,4.33866987848828e-07,2.56560920872802e-07,8.28869055132267e-10,3.64337752285821e-07,1.76639406590699e-08,1.964132021505e-08,8.08294339741413e-11,4.4926586536159e-08,4.58207732240347e-08,1.19394677784505e-07,2.01161445728723e-08,9.43102146616984e-09,2.01005165865342e-07,3.50360863827202e-07,6.24081727938561e-09,5.66196230126373e-06,1.0878536224775e-05,1.57500573746621e-05,8.04456490604198e-05,1.44045881006024e-05,1.88685276454468e-05,1.48615332547451e-05,7.75771249880982e-07,1.81361904902567e-08,1.32186827763926e-05,3.44875565079342e-05,0.000117161850201622,0.000154410600568067,9.15101569834348e-05,1.52412084102456e-05,9.99278248144324e-06,7.1377977346045e-05,1.36175674658856e-05,7.01788894007864e-06,1.8862425123762e-05,1.26182015535558e-05,2.54287846853326e-06,2.15468120687446e-06,8.05382009802128e-08,3.00510205115987e-08
7.29319486234656e-07,7.32907524528451e-08,1.74565804302922e-07,3.0338478760988e-08,4.99923485796728e-08,9.16314491677423e-08,4.73558275851558e-08,8.8981180221825e-08,3.2924347719818e-07,5.4877103845682e-08,2.27218650876778e-07,4.21524950565428e-08,1.50295664648405e-07,1.91535078185649e-08,1.90168615943736e-08,1.44142307865706e-08,7.36748967530632e-08,7.68662731365547e-09,1.41914968199907e-07,1.34628913960893e-07,1.77933991206181e-07,3.25619068290802e-07,2.83978956053471e-07,5.00903829967438e-08,3.67479910655226e-06,1.33241443634748e-05,4.66720673116455e-06,0.00015288462505829,1.13812019655661e-05,2.38757801688649e-05,2.95268142531782e-05,3.59894823974968e-08,1.60244092118952e-07,1.5444755329894e-06,0.000123575228941514,0.000197001246545759,0.000163417433544167,8.41616247251865e-05,7.13017478038964e-05,9.18589360358845e-06,6.16284530208099e-05,2.51838719328991e-06,8.32199681508381e-06,7.96451160616033e-06,5.69181211654723e-06,8.774086844929e-06,5.14480685410193e-06,1.04865324345268e-09,2.48792309009861e-08
1.13914756527597e-06,1.73282614653004e-07,8.88777360123513e-09,1.13084023654013e-08,7.87070723899114e-08,2.6717223496838e-07,6.94069789839177e-08,2.09332690177996e-08,1.09514305979748e-07,1.99613605869704e-07,1.99348632938435e-07,7.25488607896705e-08,1.07839319375982e-07,2.23853237794886e-08,8.68946683272656e-09,4.82479058501064e-08,1.61632500838732e-07,2.58458444694203e-08,2.27022176001518e-07,1.16801773578299e-07,6.39826238949503e-08,2.12401883709765e-08,7.57050496564258e-08,2.91613291090165e-07,1.74689304005328e-06,8.75392670987733e-06,7.390575143097e-06,4.35557396755793e-05,2.73177922399661e-05,1.74301230401626e-05,1.87353695705228e-05,3.30544699541213e-07,1.58203084128007e-07,4.10319745650266e-06,0.00029174751576991,8.29766714177456e-05,3.65857961469815e-05,2.58842349678329e-05,2.96796976653261e-05,5.25435296774197e-06,8.4737116133623e-05,4.99159179127035e-06,3.10738138977092e-05,3.65988450856174e-06,1.22852905342763e-05,8.55334342259236e-06,2.73601422200479e-06,2.0770701983578e-07,2.7513496606033e-08
1.79959162590247e-07,8.08143720502364e-08,1.87297782609837e-09,5.31761058156416e-09,1.33627993640564e-07,2.52897730846756e-07,2.77028976387148e-08,3.81289064227181e-08,5.32625937287503e-08,1.69139030178822e-07,2.26800365985943e-07,8.28623014759997e-08,6.70329991002589e-08,2.98627920290951e-08,5.23185948443343e-09,1.01810709045636e-09,1.13971047340831e-07,2.39694364364985e-08,4.27563915186795e-08,3.93415105973692e-07,1.18705853619631e-08,5.46477192697837e-08,1.51580305466814e-07,9.45112553765494e-07,1.95260108623284e-06,1.31923902728919e-06,1.17828494538661e-05,1.47945924392845e-05,2.16523161493601e-08,1.46446592220901e-05,3.22213876029097e-06,7.23832089155305e-07,1.12663615022141e-07,1.6242196053426e-06,0.000120289709945232,7.31137846943334e-05,0.000159522591245105,3.08620747055043e-05,3.19056791324671e-07,9.41226909496311e-06,3.09624259498145e-05,1.96372107347707e-05,3.67852641959926e-05,3.07685478022862e-06,1.16956637885368e-05,5.42493855244627e-07,6.36768276253449e-07,2.80072487208397e-07,4.84400420822793e-09
2.54434638831772e-07,1.27323914336096e-09,6.92042162961206e-09,5.5339929826667e-08,3.88073185281184e-08,2.18569670522057e-07,3.70418017353415e-08,2.39841739081483e-08,3.92358388100709e-08,3.0579755803829e-08,2.58617451909118e-07,2.07350415203725e-09,7.57806454939361e-09,1.59366505299276e-07,7.46774614051528e-08,1.21356053133618e-07,1.15431398067846e-08,1.65788117107053e-08,1.42997390364067e-09,2.75514062488892e-07,8.25082329075619e-09,5.36919572123362e-08,3.1582791300705e-07,5.4061685636584e-07,1.98965724764675e-06,1.84896982064656e-07,3.84412767736822e-05,1.18777233132185e-05,2.09605094250707e-05,1.708765780759e-05,3.41719407907476e-06,3.06530157942607e-07,4.30625737166944e-08,1.60736428529122e-06,5.44454700286291e-05,1.59932065285066e-05,5.55796799222977e-05,4.04125638665801e-06,2.20973171005002e-05,5.05315417597336e-05,2.66261027005914e-05,1.925463299672e-06,8.61511213016571e-06,1.16490233784174e-05,4.38613556711357e-06,2.94798654098374e-06,3.31436337324213e-07,9.41879797146468e-08,8.349538395085e-08
4.02439881082727e-07,2.3492288353534e-08,7.69688640731268e-08,1.85741078547497e-07,6.97611085304576e-09,2.92988620967187e-07,2.43505254020559e-08,1.3573140643213e-07,4.12388660261538e-08,9.16726924392222e-08,8.38136923800425e-08,6.28217892451504e-08,2.25249342294501e-08,1.50629965800518e-07,9.14377121743735e-08,1.2057573716593e-07,1.36819379068901e-08,9.23382642800789e-08,5.65705228227431e-09,3.91967271828317e-07,7.88522930921843e-08,3.25653605482673e-08,4.07644378641681e-07,8.35309677151497e-08,9.07641862208859e-07,3.59164614489863e-07,1.28529461341633e-05,1.06735474267636e-05,1.48532049490871e-05,6.281398157528e-06,8.96020565254234e-06,5.31694486342292e-09,4.95675565978029e-08,8.16169831197012e-07,3.29880744794014e-05,1.1980333895058e-05,6.89753464842286e-05,1.20637394678032e-06,8.0469097010988e-05,1.90214032582376e-05,4.15365570735078e-05,3.85404986621991e-07,1.19945725921509e-05,1.15246390251204e-05,1.4695664552224e-06,2.03909336566428e-06,4.97810721638576e-07,1.69513542306268e-07,2.42207184092856e-08
1.64556783987838e-07,1.60703249273961e-07,6.25565972662687e-08,1.77575123197622e-07,3.33906207985537e-08,6.97217806194088e-08,2.81277309502869e-08,1.67812278895696e-07,3.06621225536582e-07,4.40107568553972e-08,4.5378803488043e-08,4.76642820323094e-08,2.97251538665158e-09,9.46309822042782e-08,1.30620850346254e-08,9.32471721552668e-08,1.05109945180944e-07,3.88794372724923e-08,1.89237363555042e-08,2.27319444102084e-07,5.94777487267984e-08,1.51180108005101e-07,2.41342192344609e-07,5.06063331765984e-08,1.95535646794877e-06,1.71275454875731e-06,6.8957640702851e-06,2.06637421716475e-05,6.58597963341967e-07,2.33462119162449e-06,1.13450536398394e-05,3.99513429352658e-08,2.51009874019183e-08,6.29133466657998e-06,7.71380278878404e-06,8.7086638541609e-05,8.56121314401052e-05,1.843999300145e-06,3.8658684873573e-05,4.47468725141984e-07,2.34073352874354e-05,1.39215966954822e-06,2.12159480199629e-05,8.16919839807006e-07,3.9615095647496e-06,2.2605788539625e-06,1.28723871747163e-08,1.25089371172132e-07,2.95589874446143e-08
7.53040876477644e-08,1.14682500757066e-07,1.13280653195962e-08,1.39585832133725e-07,1.50802048692255e-07,9.25091364070869e-09,1.63052363272859e-08,8.30188714085613e-08,2.12634245665433e-07,2.31049516887886e-08,1.44318761421046e-07,1.58740055914094e-08,5.80982302560344e-08,9.13545360687354e-08,1.44619180507981e-07,6.33546129468777e-08,2.45732887724551e-08,4.16117401276719e-08,2.26131662243434e-08,2.93685152382752e-08,5.11773313675776e-09,2.33641152319205e-08,2.78077887501014e-06,7.15376270853011e-07,2.23708406956078e-06,2.71512699098749e-06,1.08590916846317e-06,3.28555255263104e-05,3.07333502285282e-06,7.47339295614125e-06,4.34797787107553e-06,1.30216056392826e-09,1.48835570810815e-07,4.07205710825246e-06,6.57852259082647e-06,7.52008210198838e-05,7.20487177215997e-05,2.149752773037e-05,1.29961076934441e-05,2.03918150854959e-06,5.39849300415907e-07,5.9344722925502e-06,6.37082448943336e-06,5.04833783882851e-07,4.85431865541489e-06,7.17760493721981e-07,5.62285740820125e-07,9.8230197193613e-08,2.75420021328813e-09
3.46366754455716e-07,1.01998655038897e-07,8.23567556165737e-08,4.44446755490801e-09,2.2607465519709e-07,8.7416519121003e-09,3.96952869451531e-08,7.19967379745209e-08,2.18030034357836e-07,4.33876636248053e-09,2.21588006782625e-07,7.64166615729168e-08,4.06196866885421e-09,8.96363589585166e-08,2.07894697603768e-07,5.23530608856343e-08,6.1007905963415e-08,1.19857075071101e-07,4.92795717059522e-08,1.35000115143749e-08,3.81728770997825e-08,1.53100310193836e-08,2.65506280180855e-06,1.70620828407418e-06,1.26737866958993e-06,9.71823651418688e-07,1.14313935512229e-06,1.08954369759497e-05,3.68517433035705e-06,3.14127773390873e-06,6.45801130164623e-07,8.26974474438006e-08,1.43856812919728e-07,9.82404829582863e-07,7.69429843999268e-06,9.59882542696839e-05,2.690021535629e-05,3.72343863210125e-06,4.52682609071725e-05,1.58813594099425e-05,1.27712943066021e-05,1.97883721552442e-05,2.17032189300467e-06,4.08374346801553e-06,2.27272025710275e-06,6.38929593002376e-07,1.13679450655404e-06,1.64770186936331e-07,1.96802518166506e-08
4.01146806343852e-07,9.74541251175897e-08,3.92816296783592e-07,1.02362075574325e-08,1.58180162440016e-07,2.6920562380581e-08,1.56500230456654e-07,2.3921534666868e-09,2.69520556656298e-07,1.51872638153699e-07,1.07947285698076e-07,1.08416140727277e-07,2.9102186329997e-08,1.27361151778334e-07,1.50706450483615e-07,4.9923067289206e-08,3.15764154190645e-07,1.00437885549167e-07,3.88321627832645e-08,5.39223605337893e-08,4.00247003427207e-08,2.45517989570384e-09,8.32893337573327e-07,2.53609381605223e-06,1.00033690627814e-06,5.1490872627202e-07,2.05240322037963e-06,4.25287019315011e-06,1.30145274046924e-06,7.4694504387709e-06,1.85567810957517e-06,4.81076775108437e-07,2.09753527536253e-08,4.0083380694879e-06,1.27617071045668e-06,3.3067801639132e-05,1.74242553067274e-05,2.53916992722218e-05,3.81297842298472e-06,7.51080743168509e-06,6.45510532065993e-06,1.27627364521483e-05,3.20982095335152e-06,2.90161890532134e-06,8.04751686084231e-06,1.98912981736511e-06,6.02937974494311e-07,8.26384977411344e-08,1.26871666798105e-07
7.92905190304958e-08,2.98632703796397e-08,7.36064907844536e-07,2.89102715616226e-08,5.11953071770794e-08,7.66745741619517e-09,4.02260981712353e-07,6.11491312690231e-08,1.51033980549702e-08,2.21820909101367e-07,3.78892712755437e-08,1.42972295075816e-08,1.87943627361465e-07,4.52926457391338e-09,1.81954200336894e-07,1.76270650276074e-08,8.64342245959078e-08,8.19803057791533e-08,3.24829387203098e-09,1.13090551369954e-07,9.21738352937335e-08,7.24473148967974e-09,3.33906504621116e-07,4.53066884891694e-06,2.85800600629524e-06,9.73488327733543e-07,5.1039895019748e-06,6.84942041203213e-06,7.51274504157092e-06,4.51503977625734e-06,3.59129537130336e-06,3.14739337731473e-07,1.70439247132465e-08,4.50450356658036e-06,4.44848834493085e-06,3.30193293785958e-05,2.41863149665033e-05,3.13701204025226e-05,1.19560380188157e-05,1.72315405641957e-06,3.37922831341725e-06,5.25020395391875e-06,2.29858887489012e-06,7.30383962977387e-06,3.2905205134248e-06,5.54157371039533e-06,1.05310346919472e-06,5.89076447053706e-08,1.10463050393914e-07
2.28957202071899e-07,2.24455604956265e-08,3.77701103980893e-07,4.73548197484476e-08,3.58093600835896e-08,3.28294508410788e-08,1.67507854846292e-07,7.20511812123893e-08,5.83301685706169e-08,1.29563922029547e-07,1.27819720174566e-10,5.07062019567242e-08,7.79068042910194e-08,3.5298058116628e-08,2.42806505206805e-07,8.4901741530786e-08,1.56625748019953e-08,9.8986213906524e-08,3.28580054691727e-08,2.32853874062818e-07,1.06402625128384e-07,6.24756760231771e-10,2.06358863436568e-07,3.18705237469086e-06,1.50448690670889e-06,3.18983322588713e-07,3.40063696776721e-07,5.00064283907828e-06,3.09884468929417e-06,6.73932319611675e-07,5.02214920506951e-06,2.50715922436991e-07,8.68941535892088e-09,6.61221962758831e-07,4.10929935337731e-06,3.72033645384944e-05,2.46567546551647e-05,2.74237290386813e-05,3.01999979963121e-05,1.03444209609197e-05,2.75389956731595e-06,1.92910541568085e-07,4.6425517884112e-06,1.04360371854896e-05,6.66764362115028e-07,4.20640263122442e-06,1.2430050506792e-06,1.75671873459652e-07,9.63856952755113e-08
6.17467118965101e-08,1.52249100409431e-08,1.70948767034683e-07,3.75766217987124e-08,2.83450791239176e-08,8.6909855374428e-10,1.55488953667747e-07,3.1853636929081e-08,5.17501191208709e-08,8.49040693320868e-08,7.78767364195089e-10,7.47265876810738e-08,6.54318525484117e-08,7.9331280970672e-08,3.50327551735872e-07,5.3177706492936e-08,1.42531457047425e-08,1.76249060520181e-07,5.97118225454777e-08,1.78855703474057e-07,7.6478815280631e-08,2.88830544699917e-09,2.28854326402449e-07,6.27966995316213e-08,1.48536515639477e-06,1.2056858587523e-06,2.74038690437354e-07,5.69220991693944e-06,2.53495544695306e-07,2.83930787740484e-06,3.73477108523875e-06,3.39761381717961e-07,1.43507469452405e-08,7.24636847387842e-08,1.55418378633694e-06,3.70733405989056e-05,4.19961238910537e-05,2.45133355263295e-06,2.02715276735137e-05,2.14653823532315e-05,2.00129032864555e-06,3.66148917702017e-06,4.14286691559905e-06,5.74704714473024e-06,1.0476779221146e-06,3.26583484880005e-07,5.70526347917698e-07,3.560886772819e-07,2.03544712308466e-08
8.87816042105776e-09,1.70768231789313e-09,4.88240191176491e-08,1.13788549813109e-08,8.72452648976646e-08,2.92106429663312e-08,1.04625215001445e-07,1.35892019641979e-08,7.3514709479023e-08,2.66504652524799e-08,1.92727926833702e-08,5.35159159829784e-08,1.62380916969571e-07,1.56783172126487e-08,3.30841647325042e-07,7.44697645145671e-08,1.39486849258985e-07,2.5137033434354e-07,2.46146025015082e-09,1.11913424546078e-07,9.83114973207452e-08,1.71481484361271e-08,1.16597106503e-07,9.02644054238979e-08,1.85759727552106e-06,7.42515548244952e-07,8.31868486882492e-08,5.2497880553712e-06,2.88259811010976e-06,7.94386434218892e-07,1.19450850873324e-06,7.04005065710236e-07,8.68878865697717e-08,5.41002376599925e-07,1.17809123286902e-05,4.58010767895836e-06,1.76321783115502e-05,3.06378810585317e-06,2.7058393728303e-06,1.1050318600284e-05,9.75803401978812e-07,3.01378280826952e-06,4.59346512425087e-07,3.39992505986057e-06,1.14772520190832e-06,3.4168698429829e-07,2.75224625437339e-07,8.51881684233039e-07,5.35062350843425e-08
1.08612840740704e-08,3.19748368251169e-09,1.5495989081792e-08,2.22504690188691e-08,9.12620449090669e-08,5.67930908434366e-09,1.92608707104366e-07,5.99273929497788e-09,1.09771056639841e-07,1.9453858502107e-08,1.04901643166693e-07,7.23977963309155e-09,4.49019636171549e-08,4.21346574738555e-10,2.62473864995063e-07,2.80326322077054e-08,3.6200400377352e-09,3.9480081852317e-08,1.3522294197008e-08,1.75901212529503e-08,6.43585542568466e-08,2.86704486360647e-08,4.52149741766427e-07,6.34171952574591e-07,4.32651811231104e-07,1.64255295113309e-06,5.92113119149861e-08,1.57570818969183e-06,2.85961285137138e-07,2.28272593515668e-06,8.10790992881079e-07,3.30957120536437e-07,1.12898853729924e-07,1.78824382377958e-06,2.31895974843167e-05,1.56826681869229e-05,3.46008510803942e-06,1.11212826367207e-05,4.0957721415514e-06,1.93773961201246e-05,1.58762949586189e-05,3.31030949686104e-05,9.60399263075331e-06,9.5781074635718e-06,2.80174536841211e-06,1.49098423703279e-06,1.92521216980426e-07,4.95571782784936e-07,1.05498424837739e-07
5.56820578794186e-08,7.20203079830081e-08,2.65365917654143e-08,2.33436715740156e-08,7.51385008261464e-08,1.93125513843e-08,1.37125463266646e-07,3.90477339760512e-08,2.30573410355559e-07,1.47908971584124e-07,1.7159725431346e-07,1.92374910153734e-08,1.80653726238725e-07,4.66244728195497e-08,2.15844803206202e-07,7.41282588007976e-08,6.61538750221948e-08,3.06373818061881e-09,1.90391420959398e-08,8.44838443183947e-08,1.20031686867433e-07,2.11922205998395e-08,5.23187185973836e-07,2.08009195916182e-06,3.37955000378366e-07,6.11368083832311e-07,3.8837180141389e-07,1.37166951302436e-07,9.02040046822674e-07,2.33361916042155e-06,2.33182657876964e-06,7.69313925749856e-08,5.68545143897297e-09,1.84935304853891e-06,4.20554952708151e-06,1.0316906862681e-05,2.60062878174769e-06,7.38593363331418e-06,4.61348750160699e-06,1.42296918902158e-05,5.49067707735323e-06,2.97127178168264e-05,1.16607053145784e-05,7.26662717260325e-06,1.14753445696686e-07,2.02085030782903e-07,2.970362832842e-07,7.67071631428818e-08,7.96008545860071e-08
4.2648569682394e-07,2.10213406883972e-07,5.7686287864427e-08,1.84639697732937e-10,5.54861862614874e-09,3.19342738014875e-08,3.07627884581977e-08,1.22058097751691e-07,3.47585452881509e-07,3.23386013442909e-07,1.39344599516656e-08,5.78262354362594e-08,2.20751810588918e-07,3.50528868434377e-08,3.19506401780925e-07,1.94885588403628e-07,6.61775741231948e-08,1.05189633135756e-07,1.17684961663655e-08,1.80007399693111e-07,1.87211026150571e-07,7.32032767485774e-08,3.88792269510493e-07,8.46833950012231e-07,1.16668404217375e-06,2.50522543311416e-07,7.14257237334423e-07,1.90359607946004e-06,3.64472437900212e-06,3.84334641192135e-07,2.90527888142297e-06,1.73587116065421e-07,3.37079625523105e-08,1.08832309967278e-06,5.26640583001132e-06,8.51160417763397e-06,7.71620497659158e-06,8.31017747485687e-06,3.27307147505696e-06,2.78620650656126e-06,1.06516368996811e-05,2.4422872152997e-05,1.57295327853022e-05,1.43702951419978e-05,3.53204459463006e-06,1.94880400087851e-07,2.83006907273871e-07,2.84197329760387e-07,2.30508921863553e-08
4.30876050595932e-07,1.70821425129633e-07,1.40941994872145e-07,6.83696516995433e-09,1.7880192273403e-08,2.84472803778439e-08,2.91225410284563e-08,5.55665349836907e-08,1.4596123844982e-08,2.2276500446747e-07,3.98333399232286e-08,1.80639505674879e-07,1.15643322338194e-07,5.90791996816154e-09,1.12422088043795e-07,1.50325244873478e-07,3.47732689541558e-08,2.02819578800593e-07,1.28198414974138e-08,1.72587428058867e-07,8.88862731055603e-08,1.09427554381967e-07,1.30451774288798e-07,1.93629916749504e-06,2.15235738613507e-06,1.15092880046e-07,5.30457970493688e-07,1.44938023722136e-06,1.1010044938488e-06,5.34434556374829e-07,1.32098003170383e-06,4.30785272921145e-07,5.01657747962084e-08,2.70770614916052e-06,2.04744156492456e-05,2.53139790896045e-05,1.45366389517892e-05,9.48617152685875e-06,1.20291943169567e-06,3.93775928209863e-06,5.6532051632221e-05,1.64286748338461e-05,4.0278082155085e-06,1.345114489781e-05,1.96091106450884e-06,1.99195301114024e-08,4.78185680869843e-07,2.52376383943507e-07,1.72989334276301e-08
1.18161045685764e-07,2.56805060459933e-08,2.07901830535473e-07,5.15060981917758e-08,8.28469183444852e-08,3.64917576374723e-09,2.77240775930078e-08,2.86354900584007e-08,3.7877553130226e-08,2.0061201345184e-08,1.52451667152179e-08,1.12908465796186e-07,1.62739997858197e-08,4.24381531824042e-08,2.56694873941108e-08,7.57262256556994e-08,1.45375288609987e-08,1.81463224485606e-07,7.62605363460452e-08,6.47924709256361e-08,2.78639872573862e-08,1.24642716935135e-08,2.47570811033435e-07,1.22619665391235e-06,1.780345742558e-07,3.80545999993399e-07,1.55693558242799e-07,2.69126874489286e-06,8.51583512117892e-07,9.29092394018104e-07,9.37749007057175e-07,3.53350787069609e-07,1.88550595477704e-08,6.138981135812e-06,1.23297204404338e-05,2.43851441316372e-05,5.59655107123167e-05,3.63319534612306e-06,3.72822335889984e-06,8.60415350332762e-06,3.47317811106897e-05,4.44002934035786e-05,1.45737887017578e-05,1.84674244630912e-06,3.06100986041623e-09,1.65812203378158e-06,1.08523782976058e-06,1.68821328528215e-08,1.05978829486851e-07
2.62185498111387e-07,3.41771867288779e-08,9.94194688654366e-08,2.14365011476e-07,3.89505601685721e-08,7.11224691341394e-09,2.04821217995447e-08,1.24309462809887e-08,1.53304842596596e-07,7.40231159653631e-09,6.97592527578387e-09,4.86091510594342e-08,5.94537882476747e-08,2.51825458289526e-08,4.37170595896829e-08,3.88056120437794e-09,1.44992792139172e-08,1.84625268752102e-07,1.16763564210482e-07,2.08364138288899e-08,1.06237978834112e-07,4.25473565380268e-09,5.06392529272409e-08,8.78472134866545e-08,6.15802360538436e-07,2.12045511678976e-07,3.48420547375564e-08,5.3360360658419e-07,1.21972729894756e-06,1.71275651426838e-07,5.14353079286862e-07,4.0286920224965e-08,1.17507585571518e-07,5.53785937913643e-06,2.4261954561252e-06,1.46945124826072e-05,5.91277447592721e-05,5.19215688024577e-06,1.14646662271008e-06,6.17746999266635e-08,2.95448256512517e-05,2.22427306714881e-05,1.4893448754966e-05,3.16392162141544e-06,2.16149848787082e-06,1.00189713168943e-05,2.34192233360241e-06,1.62193906959242e-08,1.13614266951785e-07
1.86731433957014e-07,3.74697087785576e-08,2.81044121856565e-08,1.44917330114975e-07,1.69208033970564e-08,1.5716553302057e-08,9.41280489706963e-09,1.6478151657657e-07,1.47269194914896e-07,7.25968784189189e-08,3.13391791352793e-09,2.27839937091441e-09,1.47161080051393e-08,3.68048504972204e-08,6.4750702732606e-08,6.42548977491054e-08,3.93853572425993e-09,8.2185373216006e-08,5.99777154809337e-08,3.54298572707271e-09,1.12432064313987e-07,9.86252264927067e-08,2.82500923417544e-08,4.30562029778124e-07,1.08018784127057e-06,9.18094309851726e-07,1.10147592602834e-06,3.09125208040295e-07,7.75338231160307e-09,4.81264946944143e-07,1.13847543969126e-06,1.13846501686619e-07,3.49424020657119e-07,1.34284568545226e-06,9.87346138493101e-07,7.21926590357988e-06,1.35868555320555e-05,1.96162349942721e-06,1.43585583397541e-05,1.92935240892979e-05,3.38286372354795e-05,4.06642282707806e-06,1.69433799540139e-05,1.62408493233166e-06,9.38379423529151e-08,1.39856771577525e-05,1.31620535115653e-06,6.96855349008314e-08,1.1172271393693e-10
1.34981742711458e-07,1.55990640788319e-08,7.87246139594889e-08,6.50508141207866e-08,8.08828149417143e-09,2.73397248444284e-08,1.69621923706639e-08,7.72656822188745e-08,4.71410872999567e-08,5.83964026609187e-09,7.54301866749447e-08,8.13899490228553e-09,6.7758138321728e-09,4.58115976485224e-08,2.23013178793435e-08,7.18360504100677e-08,3.5324968465792e-09,2.61016605911862e-08,3.97310095097234e-09,7.06723352578635e-09,7.02165970790969e-10,7.53912304506674e-08,4.49540057201824e-07,2.55104236436124e-07,3.09771474983455e-07,2.01798047635152e-07,5.60986446165545e-07,7.64838013719125e-08,6.09413104309268e-07,4.90535606169656e-07,1.59779180933515e-06,1.76996547014239e-07,1.53925550577548e-07,2.78838415026789e-07,2.54796286915581e-06,2.72732295446118e-06,6.5056926357554e-06,1.59192925919954e-05,2.98723709241316e-05,3.41490516498628e-05,2.35289038638048e-05,5.36044302589878e-05,2.36501526299128e-05,1.64596078360328e-06,2.37836104869343e-06,3.60046616927467e-06,1.13529658523637e-06,1.11996690028913e-08,5.55246158297862e-08
3.27369164339881e-07,2.65228729668413e-08,8.23641427657126e-08,4.34073001492464e-08,5.38745296551226e-10,9.09008411991011e-09,5.4393494826544e-08,5.76961499602894e-08,1.72419227438464e-07,2.30756629736703e-09,1.61658951266953e-07,1.43940750541595e-08,2.0659426604203e-08,1.77513351767813e-08,3.74623698601215e-08,7.90605921482944e-08,3.90093694477789e-08,1.27642328081971e-07,8.14291082310793e-09,6.50107627669653e-08,5.36974566526055e-08,2.70499587553211e-08,3.07760513976024e-07,5.68065432056434e-07,3.90879304849107e-07,2.48767999793026e-07,3.46070417215377e-07,6.71432036120098e-08,6.46753051316968e-07,1.81396778449878e-07,1.60968954888501e-06,1.64057230441978e-07,5.85345800424221e-08,3.8736690933962e-06,6.06484102894352e-06,9.63037619479077e-06,4.3680806392944e-05,7.2254865225583e-06,1.70272908724816e-05,3.38308483706156e-05,1.79639502785245e-05,7.22746282828774e-05,2.72855330775663e-05,2.41802688315807e-06,2.47402121705131e-06,2.42648105038002e-06,3.74281405247446e-07,1.20812082146873e-07,4.75958863845998e-08
2.44682821902492e-07,6.20541955975259e-08,2.26965330343192e-08,1.3917947825198e-08,1.11064663158797e-08,1.5949090520744e-09,4.2919927256266e-08,2.2109693712503e-08,8.97907119761213e-08,2.49782742873383e-08,1.53533631419147e-07,4.31943831402943e-08,4.9634172970669e-08,1.22946577902508e-08,1.9399630032292e-08,4.45534190471418e-08,9.16082254998992e-09,6.0939492402484e-08,8.60222043389786e-10,3.80148133405105e-08,4.61182004326288e-10,1.91732519463905e-08,4.89252302805923e-08,6.43509450808218e-07,1.85533361184279e-06,2.99225064291961e-07,9.92374758096442e-07,1.69751293960398e-07,1.36987488561468e-08,4.1284025776858e-07,5.58022988534935e-07,7.53264783346012e-08,4.49916693045084e-08,3.68015998234573e-06,5.68873499158117e-08,2.24491917607623e-05,5.61148829204528e-05,1.09154694979431e-06,2.16930545011828e-05,1.70349704798016e-05,3.72183769582131e-06,3.48918525631324e-05,2.17942480678121e-05,2.68014644888439e-06,2.04951468383226e-06,3.55155636464365e-08,3.78783675644701e-07,4.82855675386343e-08,2.91717864798e-08
1.57496032431256e-07,5.4487169151914e-08,4.02177556733929e-09,3.50051781690053e-09,5.33648133760421e-08,5.92428723532116e-08,1.83701446354551e-07,2.87943769131266e-08,2.89076326411946e-08,1.88879442460086e-07,8.67241930719895e-08,6.5925840703709e-08,1.43736194765065e-07,7.40509903052984e-09,3.76869491753637e-08,6.84206162328017e-09,6.49084647545171e-08,2.13985196599239e-08,5.04825166226071e-09,7.66035413257689e-08,1.78470101960763e-08,2.11772356838274e-08,9.33139542244481e-08,1.30335270016302e-06,6.74466391901547e-07,3.84048367409689e-07,3.61181008453009e-07,4.80189234458064e-08,7.23625494616981e-08,1.42682541025783e-07,8.31933764254012e-08,9.06568371705984e-08,2.54246559857633e-08,8.6453643657855e-07,3.48163490349876e-06,9.87869502025345e-06,2.3785918793555e-05,1.21067456877521e-05,4.87281912611874e-06,1.40469023907903e-05,2.93434267066812e-05,1.08706122258411e-05,8.64604219138113e-06,3.47918690390787e-06,1.71066673620888e-06,1.59825133112964e-06,3.16023916606251e-07,7.95289363367848e-08,2.24545481025544e-07
9.89541628540284e-08,5.63354510668965e-08,2.93931606182523e-08,8.22919155177852e-09,9.9778360604314e-08,1.18764272044384e-08,4.39818045047859e-07,1.61014198621666e-08,1.36795669668347e-07,1.38503412223911e-07,3.78634691431947e-08,2.21502775089353e-08,1.11866069052011e-07,6.62160356917941e-09,8.53344827872338e-08,1.96205889207154e-09,1.18435546046558e-08,2.39898596362169e-08,2.32548670281872e-08,2.84500886817719e-08,5.20922963665409e-08,4.48059165663148e-08,4.24390159118961e-08,5.70818690024429e-07,4.5333102833271e-07,3.61396310667906e-07,4.96205920310598e-07,7.58403122260884e-10,1.95826474840038e-08,1.84611410426145e-07,6.30496650121477e-08,3.8771289038808e-08,1.67074011159213e-07,6.44842648044654e-07,1.34956254246056e-06,2.53117363439376e-06,4.90152141028072e-06,3.68603346291343e-05,4.18180760244338e-06,3.82998094512207e-06,2.16497438075572e-05,6.23800680259055e-06,1.15312446088972e-06,5.63982902905041e-06,8.12557669599282e-07,9.53817718733813e-07,8.55517258775906e-08,1.0479632962274e-07,7.05603197815807e-08
1.702296171688e-07,6.98727031509589e-08,2.87962809783597e-08,7.52422418294075e-09,7.71402265350316e-08,3.41931967336874e-09,1.51920166330383e-07,7.15793306417419e-10,1.9243820314758e-08,1.16439543593862e-08,2.81740446625355e-08,6.06397920920402e-08,4.52848806924836e-08,4.91099226644432e-08,9.16043941299091e-09,5.73141882164727e-08,2.00168682920672e-08,2.70422910563166e-08,2.31793418801536e-08,5.13768975329029e-08,9.24071495861553e-08,1.92465385381971e-08,1.11633794723242e-07,7.23915908124067e-08,4.71184866085515e-07,9.80690279459007e-09,4.63576038746378e-08,2.54450043600662e-08,1.1634188988413e-07,1.53005898642077e-07,2.42616710217467e-07,1.04420693586317e-08,7.66390901637528e-08,1.89124223556961e-06,2.32844588528115e-06,3.71558087509453e-06,9.36343790878998e-06,4.97817701172617e-06,1.67405299503833e-05,7.27570522563718e-06,3.34161230699075e-06,7.55659257677297e-06,2.0275861113742e-06,3.87248543598921e-06,1.19880017993233e-06,2.11470512411428e-06,5.56560698479379e-07,3.4938655393766e-09,6.33969092565029e-10
2.06393650571378e-07,7.62247460441918e-08,1.63809256855002e-08,4.09683008682226e-08,3.88712213430639e-08,1.19288408581741e-08,5.76571662415257e-09,1.35740409437776e-07,1.00455329676044e-07,2.54432534061479e-08,1.49325551888627e-08,6.13613178772681e-09,6.31677120843454e-08,4.25602025445957e-08,9.80153101851398e-08,1.4679550502408e-07,3.69234571423912e-08,1.90851434067975e-08,1.36621980837081e-08,3.1561677571858e-08,7.81813133414778e-08,7.28916611989987e-09,1.33720597419259e-07,9.41985897627507e-08,1.88702632391245e-07,7.45897248703785e-08,9.86933754338261e-08,4.83856790771439e-08,2.0796835419391e-08,2.07057596040217e-08,1.02826662565706e-07,2.57719501008442e-08,9.7575766297025e-09,2.27644736332035e-06,7.17611554673765e-06,9.76083180973077e-07,7.72493625027252e-06,1.21078723209592e-05,2.16012913669306e-05,2.65523825807605e-05,5.66451619841001e-06,1.04308290895863e-06,2.69032069537292e-07,2.39283256747088e-06,2.82295424187798e-07,2.66295710408206e-06,4.69203744805251e-07,2.45720526171852e-08,1.69545132464703e-09
1.73423209516844e-07,4.89427432398894e-08,4.55619428875127e-08,5.93055899695466e-08,1.53109545198441e-08,1.40048252840923e-08,5.32066149682085e-08,2.43898788651736e-07,3.51790463976433e-08,9.32939905500909e-09,2.71724101502155e-08,9.86210356864794e-09,8.28485768758232e-08,3.42938743560713e-09,1.43110700862696e-07,5.38181467965704e-08,9.52571114961097e-08,3.07454359863779e-08,2.95513843595423e-08,3.65842121041838e-09,1.00939061495246e-07,2.02200807898912e-08,1.07745930983989e-07,6.71046586110793e-09,2.00257179342892e-07,1.13309929181268e-08,3.23542041242281e-07,1.24979168950739e-07,9.29327594950647e-08,6.60250323219036e-08,2.58055526637157e-08,4.82684225733873e-08,7.57016592747574e-08,2.38661393892186e-06,8.34181383144714e-06,5.30503700939279e-06,5.84602841285038e-06,2.14146401667196e-05,6.26843638631619e-06,3.19443939365722e-05,8.33492363828093e-07,1.40444496776939e-06,1.44009026313129e-07,3.48814395487318e-06,6.15404143857446e-07,1.46236496817468e-06,4.1327656245021e-07,1.47315352478733e-08,2.72949592315564e-09
1.20240063429857e-07,3.47430556474119e-08,1.7769693115694e-08,7.18670743551812e-08,2.28314236801506e-08,3.31244012682696e-08,3.82463342776541e-08,1.49212573739349e-07,1.06631485668203e-08,9.70507431381124e-08,1.5498283993551e-08,4.43906816259219e-08,6.92798316454018e-08,4.95932951450717e-09,9.9661321270476e-08,2.33876909354503e-08,2.80906307428529e-08,1.03990224370132e-08,8.09655030791309e-08,8.37551219338303e-08,1.97788939866051e-08,2.5549913317663e-09,8.03385329818313e-08,2.35736704359829e-07,3.60895159612941e-07,2.28770418355407e-08,3.85115179339787e-07,6.6490660318273e-09,1.18576416180234e-08,1.56395572672579e-07,1.20347246938271e-07,2.43494431263877e-09,2.13841341845252e-07,6.81777249079899e-07,6.7210024917769e-06,3.18767457919676e-07,3.12076509396162e-06,2.36790109530935e-06,7.22784728073701e-06,1.14558531350198e-05,8.24367863816115e-06,7.14553397857368e-06,1.60855265968856e-06,4.69182672374485e-06,3.18073883340635e-07,2.33949728329477e-07,2.85874838631096e-07,3.41202983413961e-08,6.10409314810272e-08
6.90798733080319e-08,3.39140598565272e-08,1.89746469748148e-08,5.47766096884646e-08,3.64784645000797e-08,9.68927910647256e-08,1.48893005983222e-08,5.36798815750022e-08,1.08719806844574e-07,3.80072664893621e-07,6.04567797705049e-09,5.09997963522531e-08,2.98041210842175e-08,1.01046650524408e-09,1.35930673337077e-07,6.71367957988721e-09,3.04574061970266e-08,3.61100822574638e-09,1.2139151500131e-07,1.68000277823193e-07,2.43417562993448e-08,1.54427494331649e-07,9.55480560483675e-10,7.38152606789554e-09,5.9981862373591e-07,6.98694354495092e-08,1.2351570864045e-08,7.86312108544724e-08,4.81077367537432e-08,3.65636328813633e-08,2.68362992201927e-07,1.32605355589443e-08,9.40176041422398e-08,6.36038795879177e-07,1.2582380017184e-05,1.44367688178339e-06,1.40247594166076e-05,6.93684837578199e-06,8.19530457563205e-06,3.65456013347801e-06,2.58691839662563e-05,5.41937959001438e-06,2.92092932036653e-06,2.18827294083135e-06,2.47910719937496e-06,2.2832325521124e-06,2.44092872517648e-07,8.07065039723504e-08,4.14867438675705e-08
9.14209374419498e-09,1.19729356067967e-08,5.52299368215685e-08,1.13138455330427e-08,1.55364485182672e-08,4.12401283815677e-08,1.04969839388743e-08,7.21209645618887e-09,4.05233254764114e-08,2.54913610291231e-07,5.09408021458896e-09,4.2735636485447e-08,9.13904046102258e-09,2.53659428368483e-08,4.69712090499991e-08,8.06592309466898e-08,2.14137749919338e-09,5.73353555328569e-08,5.79732817339285e-08,3.50017702081357e-08,1.07183054303792e-07,2.96369324404012e-07,5.83805558438622e-10,8.05516950717877e-08,3.15338071460889e-08,7.44515675075608e-08,2.3933989494537e-08,2.39582065713214e-08,8.72767805727104e-08,1.07390979245046e-08,1.27320840436194e-07,1.68924409037328e-08,8.58872886863065e-08,1.33040846188764e-06,2.17972849550297e-05,1.6043769748494e-06,3.02886848778458e-05,1.61131200413735e-05,1.48299381659915e-06,9.04992704050383e-07,1.36762111364277e-05,7.68754223873623e-07,2.97328588392722e-06,3.08190615273587e-06,6.80807590328845e-07,2.20673685592496e-06,2.19785167804793e-07,5.21945417136103e-08,2.92373940721187e-09
6.52803993210371e-08,2.30824410835822e-08,8.27224459044445e-08,2.85902160688801e-08,4.7206965439929e-08,2.43908295065317e-08,7.03372689000141e-10,7.59877065560816e-09,4.69537440527195e-09,1.34160839069326e-07,9.52449807256443e-10,1.60751949893406e-08,6.60897948479768e-09,1.89519130828507e-08,8.46020582998257e-09,5.81460045496428e-08,7.84104940475549e-10,1.54672757774756e-07,1.27380488674343e-08,1.80793658744533e-08,2.74466309689622e-08,3.57458828089112e-07,4.83334071332796e-09,7.3859161407398e-08,4.79485568749368e-09,5.92607843808915e-08,8.86764225395311e-08,5.90049004987146e-08,1.44572589618127e-08,2.76407045395537e-08,2.16133649006294e-07,1.50845667119977e-08,3.03130683573415e-08,7.06470205203419e-07,1.22531749035793e-05,1.89468347156183e-06,2.17656621104843e-05,1.09552874755968e-05,9.78419063930072e-07,8.26786984591288e-06,1.51594337200583e-05,1.20933121117741e-05,5.85816317490288e-06,5.15570800434958e-08,5.64961566341305e-07,9.70516600423106e-07,5.08609790343787e-09,7.78902518905347e-09,5.09125346220082e-09
3.81502347732306e-08,6.99754968800055e-09,4.10072599287946e-08,7.3451102247121e-09,8.44043163267268e-08,3.32899342639151e-08,5.72309967124926e-08,2.56989673163354e-08,1.86325766891079e-08,1.83494259828303e-08,1.22327738044876e-08,2.49897611435498e-08,9.20474985458334e-09,1.63011583204319e-08,4.98155378922069e-09,4.14867611159787e-09,3.05420893890216e-08,3.35455934695296e-08,3.77256410326913e-08,6.83179267650296e-08,5.59407213625966e-08,3.85984953161998e-07,2.63963203832816e-08,2.06158724376529e-07,1.01256230861404e-07,4.9055826688347e-08,8.52645495798605e-09,2.66712812062834e-08,3.39389855303257e-08,4.08398456210503e-08,1.70908170184534e-07,3.11204084416843e-09,9.24127629302831e-09,1.20220555681766e-08,9.871169723374e-06,3.43281490449078e-06,7.06371613015058e-06,2.77775283108942e-06,2.53759748451262e-06,6.09892731090305e-06,4.94600845535425e-06,1.86750022706351e-05,1.18036531028983e-05,8.20525612845411e-07,9.15578442114637e-07,1.26299668543201e-06,4.47159587920213e-08,1.10334105607231e-08,2.30646508451257e-08
2.15379696177349e-07,7.04717517506934e-08,3.89855578925666e-08,3.23929957069079e-09,4.93500696252368e-08,1.13311108835021e-07,4.0994922416242e-08,1.16756783044774e-07,1.06836945402778e-07,2.8438735949559e-08,1.88773422825103e-08,1.92278723490844e-08,8.34763790461937e-09,1.13363162903522e-09,7.46627554234345e-08,3.30898619244423e-08,6.14301845386712e-09,2.07613710799992e-08,2.5433459486557e-08,3.23415266544669e-09,9.61136734084886e-08,2.17296926891938e-07,2.24641520347424e-07,6.87487736012171e-09,5.24600384796148e-08,1.73953458950484e-08,2.98798931588741e-07,1.14230926252049e-07,5.63269954888085e-09,2.60573282623295e-10,4.99729360806365e-08,1.66637643500951e-08,2.45505450637009e-08,9.89134282062249e-08,1.1919015619875e-05,5.41159875622085e-07,1.7942335911927e-06,1.46219301650453e-06,1.51307429517508e-06,7.50505254809169e-06,4.40945916307565e-06,1.57411421270301e-05,2.02330948468325e-05,4.78321436659551e-07,2.50946344661165e-06,4.42762352803207e-07,2.71888280040485e-09,3.59464268155354e-08,5.00447732782135e-08
2.4310446370909e-07,1.92774983455601e-08,3.69566783503401e-09,2.44962635709173e-08,3.15329846517513e-08,1.3461092386257e-07,2.86445018891257e-08,9.46074829568415e-08,4.98412531682873e-08,1.31652060963817e-07,3.51538677081727e-08,4.22469800062186e-09,7.01390038811757e-08,3.66578925409069e-09,2.37451828032305e-07,1.52314346572796e-08,1.4549115519189e-09,4.88496062247195e-08,5.24573986998686e-09,1.77366636215416e-08,6.57803400390334e-09,8.42532929178105e-08,3.08472026418262e-07,1.92005266390361e-07,3.25973711366777e-08,9.86660460448152e-08,6.99645182184784e-08,2.12264516781251e-07,1.05655538625854e-07,1.1118790839008e-08,5.89494021130161e-08,4.15392359621183e-08,1.95249862431864e-08,2.355656818675e-07,8.90381329505147e-06,1.25181264462002e-05,2.75730867919138e-06,2.75201464569657e-07,1.34650452154753e-05,7.82682147065749e-06,2.20142428464356e-06,6.49766689526623e-06,8.18081197370656e-06,1.79774511177841e-06,5.16278894604297e-07,1.32877806497477e-07,2.17968812744825e-08,5.72163223119834e-08,6.33839299637044e-08
5.13770246188725e-08,8.05450803140332e-08,9.87223756478588e-09,2.05214384727662e-08,4.39303022657178e-09,4.8263921154231e-08,8.12220451882714e-08,4.21481987551071e-08,9.28081884637249e-08,1.35961301564279e-07,1.53652354919525e-08,8.20364393016839e-09,1.46052800333343e-07,2.6074849361882e-08,1.8293292725201e-07,1.75788992714262e-08,6.45018495501025e-09,8.69856851388981e-09,7.35553876205098e-08,6.70604096653169e-08,3.79343505426734e-08,1.21551851554017e-08,2.98426755467231e-07,2.02690060593225e-07,5.08140878984339e-08,3.25930666146265e-08,1.8926398557497e-07,1.21020892245227e-07,4.03846430716301e-08,5.29467865039432e-08,7.99975527560475e-08,1.34924033594495e-07,1.2130533865292e-09,1.15660401233974e-06,8.54073230864148e-06,1.94486134969912e-05,6.23706744659969e-06,3.03498499098067e-06,6.7428326063591e-06,6.66126186901284e-06,1.66604752421146e-06,7.91072108491207e-06,1.24987462862419e-06,2.23648799111149e-06,5.44739641647821e-07,1.4458142556813e-06,3.59376219336783e-07,2.28066835363434e-08,4.41488231998621e-09
4.4724085500864e-08,7.51055588443997e-09,1.05582983871048e-08,1.50212355329281e-09,5.59890119385558e-08,9.97956472650803e-08,7.97760521354726e-08,6.52065066821414e-08,2.23675619860494e-07,9.95133484193018e-09,1.08850173205069e-08,9.87929169941591e-09,1.1764820416043e-07,3.0492785385865e-08,4.43821561558992e-08,4.2859774729881e-08,9.66210482979342e-09,1.31913981941057e-09,1.37065834766938e-08,1.74792310238957e-08,2.75321923651078e-09,2.82442961663813e-08,2.65104887019104e-07,6.52051882118528e-07,2.71785426584916e-07,1.36287547407558e-07,1.50336079037889e-08,3.68721762242295e-07,8.61727562278184e-08,4.77174154419991e-08,1.43701616280204e-07,5.51039817635553e-08,5.36012510434078e-09,8.46377891920439e-07,8.8576871170646e-06,1.03351009969875e-05,1.80318559797764e-05,1.16600898738016e-05,1.17219041469919e-05,1.52138990782907e-05,1.02224799666677e-06,2.26231631446374e-05,1.71770068122619e-06,7.60741254256742e-07,5.20832432406402e-07,1.34115905723218e-06,3.02912729324962e-07,3.77031384303013e-09,2.24050058374092e-08
4.39471191215814e-08,5.61608706878189e-08,2.37869789769953e-08,7.69741043264525e-09,4.98621761386469e-08,1.86964561941821e-08,1.85735682729049e-08,2.88724256740473e-08,5.6457978192155e-08,3.01972587655582e-08,5.52900787733687e-09,4.72873097927452e-08,2.89664024936866e-08,3.08153966195172e-08,2.045377791675e-08,1.82317222871646e-08,5.79487023020295e-08,2.98468431588642e-08,7.34438030258772e-08,5.48639680375107e-08,1.80263456492786e-08,1.0200669252587e-07,2.38425918896143e-07,4.32282863099138e-07,4.16574644470667e-08,9.41203391124536e-08,1.19206593725452e-07,2.76991057382764e-07,5.91133433898196e-08,1.01133247543844e-07,6.9857149430005e-08,1.40200125258996e-09,1.95614220151977e-09,1.53828378757143e-07,2.28131392215319e-06,1.11052717643252e-06,9.019355234324e-06,5.62957583855074e-06,2.34593342570687e-05,5.02285006501419e-06,1.14518345125018e-06,1.06142216586045e-05,7.03571862523619e-06,4.4832888634383e-06,6.81606110696082e-07,5.9270987869025e-07,1.30873179084563e-07,4.5334641920849e-08,2.32325732512719e-08
2.82925348517585e-08,5.0171906212774e-08,3.8218760091227e-08,2.3091705462817e-09,3.85907185060188e-08,8.74521438094069e-09,2.12954594492026e-08,8.77851935190212e-09,4.71576576146357e-08,1.19859133302265e-08,4.26350860987308e-08,6.08838970443332e-08,4.57642268893077e-08,3.49544708474148e-08,8.58254382981177e-09,6.37830354115286e-09,9.24784377198836e-08,3.46910285621251e-08,9.14885519846794e-08,6.50556736858526e-08,3.47590783933403e-08,1.07195440514648e-07,3.26246737182506e-08,1.56032146932562e-07,2.62354568104665e-08,1.59133695775492e-07,2.07512818694635e-08,3.06161010876772e-08,9.18949739177297e-08,1.99057480332384e-08,1.88723058662897e-08,2.9219803260159e-08,1.73603357352469e-08,4.11027574536774e-08,2.63212409058441e-06,4.62976057471244e-06,1.45780843098381e-05,1.38931144050935e-05,8.4568159845418e-06,4.5916986097279e-06,4.28719580835276e-06,4.18792782677954e-06,6.09393266241314e-06,5.0458204539088e-06,1.02700842582927e-06,5.58217555749663e-07,1.61617322818816e-07,2.29366786881362e-08,3.48019361637612e-08
1.11372842657679e-08,2.22677469559009e-09,4.73296098767167e-08,1.71762628270209e-11,2.6944359765353e-08,3.82028465988569e-08,7.2143573289138e-09,2.5064713158972e-08,5.42375353276658e-08,7.683796979453e-09,7.8473711582698e-08,7.54276412567951e-08,3.49144037211445e-09,2.56689929389599e-08,8.13012126445895e-09,9.516939694488e-10,1.92013486707159e-08,2.10786695614e-08,6.74413009069516e-09,1.26173019222805e-08,8.89010748479432e-09,1.31259523292761e-07,7.70735325175995e-08,1.37065785337982e-08,1.91630185738706e-08,5.04407168682382e-08,2.25020990957182e-07,4.73490643233907e-08,3.1128615352077e-08,7.4632497039482e-08,3.68672277573412e-10,1.21111047924067e-08,2.21422315217878e-08,3.39230026474134e-07,2.09596705659877e-06,1.47947080719503e-05,7.49470874994202e-07,4.15287698305873e-05,5.84902548991149e-07,1.66788218947634e-05,1.1445569249667e-05,9.86484811032405e-06,1.38314509554993e-06,3.06442392250913e-07,1.9260651003293e-06,1.15201947056586e-06,1.18587646797764e-07,4.74191362944245e-09,3.7912990889642e-08
7.97806300732963e-09,2.72319984817384e-08,1.31442834010251e-07,6.33550297191232e-09,3.17915549505334e-09,4.52841825394538e-08,3.32033308326011e-09,9.66515902827553e-09,7.22163814757047e-08,1.15153296172781e-09,5.14354093859027e-08,3.03318420905626e-08,2.51456423660025e-08,5.32843947215546e-08,4.89214473147134e-08,5.50394364187706e-10,5.37997589434455e-09,3.73518562921919e-08,1.55672970690193e-08,8.92861303391469e-09,1.86844678834043e-08,7.1032221233618e-08,1.18942174688736e-07,1.54648366579768e-07,1.4824129700734e-08,1.80363289071578e-07,1.85842130581066e-07,1.14099818452577e-07,6.30191643444416e-09,8.12227762519894e-08,4.54454658399939e-10,8.64665116594201e-09,2.48609328758781e-08,1.27297692890428e-06,1.82186913095315e-06,2.0439576810803e-05,7.13141077304446e-06,2.79966769318563e-05,1.30723059093766e-06,1.09191551194858e-05,1.0843497339008e-05,4.6619359696355e-06,1.13695349625249e-07,1.09139211742994e-06,1.39534336866138e-06,1.42457245855587e-06,5.27805265992685e-09,5.76668834212487e-08,4.53828678779651e-08
1.79470071865834e-08,9.59979135377531e-08,7.12028615413545e-08,4.3716838253778e-09,2.37923525948797e-08,3.37621040693906e-08,9.24570839899662e-09,3.75142450245332e-09,1.66993111978161e-08,6.36109062226319e-08,2.52078597086443e-08,1.12560651258552e-08,2.85801920440054e-08,1.88216287742479e-08,6.99280849666703e-08,1.04672372077344e-09,5.77880202348609e-08,2.91804273161542e-09,4.0368676042129e-08,2.28344991528053e-08,3.81145097033582e-08,1.88688882290239e-08,1.92592153401965e-07,2.29118384729029e-08,9.69356693663067e-09,5.21366987968498e-08,1.72872158605166e-08,1.42962924140934e-07,5.53167632252701e-09,1.30237950989546e-07,3.09075759137148e-08,1.94284424791279e-08,1.38407443882275e-08,1.82676294640956e-06,3.80591827107917e-06,7.74515837828076e-06,6.10937340430921e-06,4.19728905302003e-06,3.04144636889114e-07,1.07739296948479e-06,2.08101217297535e-06,3.45222173360594e-06,9.61997571500492e-07,3.05948284100493e-06,1.25076367024989e-06,8.60851156491345e-07,7.23381320132635e-08,2.59857507270696e-08,4.57902575217709e-08
2.73666179300711e-09,5.34010120516425e-08,1.24203948100937e-09,4.24792383841573e-09,1.65218445948782e-08,1.41837839357078e-08,2.36912153184976e-08,1.11563487845103e-08,8.10593689739164e-09,5.30263118135751e-08,1.13452080909009e-08,5.57737840446285e-09,1.48269188959409e-08,1.33117062449027e-08,4.97838368485595e-09,2.66835511087166e-08,1.46278248171493e-08,5.56151573588842e-09,5.65909569931567e-09,2.10666747696682e-08,5.55033978677495e-08,1.92043713252953e-08,2.75750551718005e-07,1.25697008533309e-07,1.89252445940279e-07,9.34481411574253e-08,8.83987919501003e-08,7.24202106290888e-08,7.51323449004606e-08,4.28618930795255e-08,3.54024521675051e-08,3.25406294557411e-08,1.83660424101515e-08,1.015379093354e-06,1.79564962513481e-07,5.11248871681794e-06,1.08150969560357e-06,3.61288210655778e-06,3.22753774734078e-06,5.67448503019011e-06,1.69432577397855e-06,1.79515221184204e-07,1.74836087192226e-06,2.01912845773804e-06,1.30145779263981e-07,3.86222592767486e-07,1.42743140456883e-07,3.81247675619952e-09,3.51754259876299e-08
2.00795475806331e-08,8.64842710065701e-09,3.36982515704182e-08,3.28773469533588e-09,1.22116752270718e-09,9.53135031764044e-09,4.62451762354611e-08,3.931336078778e-08,5.91940662046422e-09,9.55743695631288e-09,2.19971540378093e-08,1.45436087073584e-08,7.24264479578573e-09,3.16417528153496e-08,4.02279151538396e-09,3.59696321750132e-09,1.63343191266409e-08,6.67662198971103e-08,6.0127523917303e-09,2.80556715333069e-08,6.02627265655334e-08,2.22006058685275e-08,2.68901523038246e-07,6.21992468646387e-07,1.13986565638065e-07,1.5236908909044e-07,4.34361282211099e-08,7.21519531397689e-08,2.24129145944699e-08,5.26478333017347e-09,9.06313955416442e-09,3.41850683309978e-08,2.99623806537922e-08,2.35022005318315e-07,1.85782641304935e-06,1.63896670145259e-05,1.56556835085169e-06,7.46583159857475e-06,1.2158445439798e-05,1.10565695470313e-05,5.63690231827285e-06,2.3838710897193e-06,1.14556197179994e-06,2.27767411629078e-07,1.10679811610971e-07,1.12070641536925e-07,1.3141390289885e-07,1.93205080186747e-08,6.41383331227126e-08
4.76885038852464e-08,7.0965021653265e-08,1.84849023577667e-08,1.78925042012698e-08,8.37825693638026e-09,2.5132836114318e-08,3.01032977830726e-08,3.72910611698403e-08,2.26688923297477e-09,5.93694454545451e-09,8.64982283553304e-08,3.74533113200423e-08,3.52700116830718e-09,3.90846294866107e-08,9.55892756334945e-09,9.91675120801914e-09,9.53218950670727e-08,8.24597292043659e-08,7.81919769428443e-10,3.01839308694105e-08,1.3020125613512e-08,2.35162541171396e-08,4.2787188931617e-08,8.49474483366726e-07,1.09291225396926e-07,1.13978201606373e-07,9.59907599554867e-09,1.57647317683853e-08,1.42545612265029e-10,2.81282317428799e-08,5.93976160469601e-09,6.31294374240811e-09,2.56041878981392e-08,1.63623833362654e-07,1.85759346522013e-06,1.63421782787912e-05,4.56802113539073e-06,1.57724033247475e-05,2.12943557966253e-05,1.18651014818798e-05,3.1633966699296e-06,9.91975663331694e-07,2.2866431090677e-06,1.63359417331305e-07,2.29567451730717e-07,1.77863115177853e-08,7.3615368821622e-08,2.0686780158851e-08,7.23475546804839e-08
5.70379281896783e-08,6.98148169924144e-08,4.88992369282907e-09,8.42593783271503e-09,5.29994790141556e-09,3.64134990705743e-08,7.78670431519372e-10,1.58419474228678e-08,9.69975149314109e-09,1.09803644636346e-08,5.9010135641194e-08,3.31013308382083e-08,4.46087567580245e-09,2.69495240594029e-08,2.68669597780967e-09,4.65500372561012e-10,4.03184300916032e-08,4.15572372853183e-08,5.01045560210407e-08,8.96940476159395e-10,3.38890572123237e-08,3.49642582363484e-09,6.60566382461676e-09,4.43705260988239e-07,4.2350001939558e-08,8.25749888453721e-08,1.5636756671631e-08,2.72744758662196e-08,1.04136435124287e-07,2.14860372635449e-09,3.55154680002536e-08,1.46130649180985e-08,1.17910219899998e-09,5.87111320096326e-08,2.38702717484393e-07,4.20550085223887e-06,4.45150345221144e-06,7.81193663575461e-06,8.92686945144789e-06,1.05300313996103e-05,3.24217537589824e-06,1.58515352482355e-06,9.55792495033865e-07,4.46901202629231e-07,3.84718015466906e-07,1.54925456378957e-07,5.41350640142812e-09,1.89040755132534e-08,2.65663548612986e-08
7.05601569690704e-09,1.509050729073e-09,5.43010751764414e-09,2.58418610146015e-09,4.70243083830724e-09,1.42736258745026e-07,1.15513209997672e-08,2.24770587910342e-08,3.95613039063464e-08,1.07379141594689e-08,1.70355319392256e-08,2.0084895520326e-08,2.35810244408977e-09,9.37904498360163e-09,1.76590722372797e-08,1.42557127769435e-09,3.05221412893243e-08,4.12764679070705e-08,1.10741444925107e-08,2.74781223934724e-08,1.33587983917781e-08,2.55282048605702e-08,6.71926811835514e-10,4.48360481670625e-08,4.84621002887806e-08,2.17030387181904e-08,3.29685322833444e-07,1.52828125933531e-08,2.14453544541335e-08,4.07995309480571e-08,5.15642717605601e-08,2.37674292794759e-08,2.5950206293612e-08,9.01443915681054e-09,2.75675024750618e-07,1.76192367943792e-06,1.03414509527143e-05,1.52626895728209e-06,5.52455514093265e-06,3.60485356852556e-06,5.4528268533817e-06,1.15899590485197e-06,3.85446858040562e-07,7.13781446482646e-07,3.67447024317228e-07,6.78934138904327e-08,4.95301874241776e-08,1.3986399743002e-08,2.86210591287799e-08
1.22619185792546e-07,1.72587451946551e-08,4.82205605305099e-08,5.4141651792005e-09,7.08459974017357e-09,9.45485610026523e-08,4.98194981857628e-08,1.48111275344098e-08,3.24264123251445e-08,1.57683873262272e-08,5.92934666839069e-10,1.48398716773128e-08,9.11059416026434e-09,3.03564144630303e-08,6.09141395695109e-09,6.6344270022745e-09,4.65420799604752e-08,2.66344724770784e-08,1.96203380262219e-09,4.06391154826395e-08,2.49138378431177e-08,1.66527045568571e-08,1.42188588139325e-07,6.90611781059517e-08,7.58665597373388e-08,4.43949638580517e-08,1.65083759897133e-07,8.63717149741822e-08,1.23359389232831e-08,2.32124876878575e-09,1.03835187704644e-08,2.04581972667896e-09,4.69818963525097e-08,1.05666509124075e-07,3.04962872734194e-06,3.44683577650714e-06,5.61370914408732e-06,6.83480197501628e-06,3.78132613242175e-07,7.04130969811047e-07,6.06974081417359e-06,3.97176742955948e-06,1.09066741202178e-07,2.45622876834833e-06,2.6959053576261e-07,9.49913148274489e-09,1.18510455445466e-07,2.32947391238823e-08,5.53171390147161e-08
7.72240220149771e-08,4.54684788521633e-09,5.12940040430952e-08,1.66014556273712e-08,5.55213365099779e-09,1.38236434929263e-08,2.30401307023977e-08,3.02943582051656e-08,4.27659060346455e-08,1.26458157107329e-08,9.86168335699318e-12,1.4007175513289e-08,4.64997305963991e-09,1.74268230550774e-08,1.37949943780852e-08,4.62979242722546e-08,3.61115274835725e-08,8.05495924683402e-10,2.86994601033973e-08,5.16319282560818e-09,5.59235010185402e-09,3.21593408939975e-09,6.67556930699532e-08,8.79234595037987e-09,5.15002989086906e-07,2.24932119172978e-08,1.2043144708788e-07,4.64378559178253e-09,4.85027316035183e-08,1.01288758927576e-07,2.39882850461952e-08,9.5875909361896e-10,2.61232233310923e-08,1.76513148508055e-07,4.06642455805192e-06,4.76100121858371e-07,5.90774975768816e-06,4.28602492668181e-06,2.96101409110742e-06,1.20748689376788e-06,6.72949184710335e-06,2.08399075700283e-06,1.06251112977756e-07,2.07491254034129e-06,4.68793867659733e-07,8.50364665592184e-08,1.00375210110773e-08,4.44316143006823e-09,4.83674983183936e-08
7.37877102002531e-09,1.32602740435518e-08,1.87558642086082e-08,9.75737307391675e-10,1.14168120865394e-08,2.25314891361506e-08,2.60984829662975e-08,1.66241015135262e-08,3.09133326953086e-08,4.26461475067248e-09,5.47236480837668e-09,6.74539161413598e-09,1.73300286242284e-08,2.39969592932076e-08,1.39518486629749e-08,9.26185941487186e-09,5.59629488902188e-09,1.48490291567311e-08,8.49637900250329e-09,2.3801827055436e-08,1.3844448990431e-09,3.06482535577638e-08,9.8088952660639e-08,6.57794521697415e-09,4.78454483340713e-08,1.38847860330963e-07,1.18345932659498e-08,1.28534374745154e-08,2.17616371777295e-08,6.43570936985004e-08,1.53774213744845e-08,1.04033319414558e-10,2.69856309550809e-08,9.91780092671743e-08,1.5736833022634e-06,7.41849875426547e-07,7.41733425836106e-07,7.10819882853502e-07,6.87044206264204e-07,2.14313549290072e-06,1.83747029146571e-06,7.99205185685276e-07,1.11730607861435e-06,6.5924333198676e-07,4.63408557025637e-08,9.99332773851497e-09,1.6405926527302e-08,6.15937796327095e-09,3.34091750521319e-08
2.59848401641419e-09,4.33408392733695e-08,2.93152116709298e-08,7.28410619201161e-09,7.71226526948426e-09,7.51430896738279e-09,1.22464034647512e-08,2.39442781907925e-08,6.79527518170425e-09,6.73739475880018e-09,2.56927475557408e-10,4.63407356532584e-08,1.56187913274682e-08,4.1634847362552e-09,4.50247522324902e-10,8.52559918820381e-10,6.5050297658462e-09,8.81463757025021e-09,1.89337330596727e-09,2.79306971488816e-08,6.22013575776336e-09,4.10902805801583e-08,1.5432325684992e-07,2.15078947815493e-07,2.5120219246541e-07,6.35804879733309e-08,1.21576150093822e-08,1.85499231575246e-08,2.17706524190056e-08,3.89824735250001e-10,1.74256342282618e-08,1.73831464310624e-09,5.69089761236337e-09,9.37440267793308e-08,1.12095203245134e-06,3.82441525151817e-06,4.47105332002247e-07,1.52703770517377e-07,6.34570608833761e-07,1.18349365924242e-07,1.93068548271271e-06,3.76579047102091e-08,6.22544365474499e-07,2.57741259336117e-07,6.63589124667502e-07,1.01350269547062e-08,4.49325685996297e-08,1.12411929104042e-08,1.75311587466299e-08
4.15801513525833e-09,1.45892271201197e-08,1.42837378113281e-08,1.48060105122495e-08,1.12634247168669e-08,6.60203177280187e-09,2.5108926679503e-09,1.87078373335126e-08,1.26314118434364e-08,2.16799084595844e-08,6.96787852835497e-09,2.03050785842558e-08,3.73311274397983e-10,3.15321530725816e-09,7.27234929413043e-09,1.30884874056346e-09,1.18832778952372e-09,1.39810079044904e-08,2.89535959556246e-09,5.43875260444142e-09,2.33916643985064e-08,1.23565466360041e-08,3.55914724738126e-08,5.29179595783652e-07,3.45837969136591e-07,2.56934306491525e-07,5.33300800030224e-08,9.11342264332413e-09,3.65992191831279e-08,3.68348287862001e-08,1.70969596657797e-08,5.48747120916247e-09,3.27644632132139e-09,1.03490339886494e-07,3.78555219439596e-07,7.80430128981008e-06,1.38437304314093e-06,2.03484918721706e-06,9.15348400818141e-07,6.37278072772647e-06,4.35342193037175e-06,1.65276497073121e-06,3.48643851805403e-07,1.92232087420647e-07,4.16428254167009e-07,2.09455653325326e-07,5.22245478184043e-08,1.46134158150818e-08,5.24172370435463e-09
1.92722089917661e-08,1.93612307751365e-09,2.4383293761436e-08,1.06245271840729e-08,1.27776643238725e-08,1.12623244153357e-08,6.94164463815262e-09,1.25962263900034e-08,1.60940480216707e-08,1.41626880083246e-08,2.29893842098275e-08,5.4646421715073e-09,3.52097623288793e-09,2.08076798309719e-09,1.39902425891983e-09,1.06551279286541e-08,6.43185764259536e-09,2.98705592116358e-08,2.00845581034908e-08,1.42971949482951e-08,1.46522161074619e-08,1.06241428583696e-09,1.74819783403244e-07,5.21923371283637e-08,4.22055482716737e-08,1.19988527946322e-08,4.97676697494764e-08,2.49428807298629e-08,4.82256688508773e-09,1.45567030521686e-08,4.06475984593333e-08,7.3983620768111e-09,9.97587931477591e-09,5.10432888524355e-08,4.4773507374925e-07,5.29434336539948e-06,2.35893181537242e-06,1.63559797931155e-06,2.89867581160361e-06,1.10077684090228e-05,3.71117278581056e-06,4.94471616991582e-07,3.66852320910445e-07,4.06199917200297e-07,2.97370103490267e-07,1.33666378849641e-08,1.43876093403167e-08,4.7852788730263e-10,6.20424351502413e-09
3.16421978226163e-08,6.09369363646672e-09,2.63880007065388e-09,1.79330327954937e-09,3.05172323735348e-08,9.63885998948538e-09,1.72282506518944e-08,2.32460428150395e-08,3.30072810219025e-09,5.14309029984382e-09,6.17395712553453e-10,3.5016059557765e-09,1.93659734065523e-09,9.82620722625702e-09,7.45917034399337e-09,1.94416473677706e-08,1.13161801138782e-09,2.68702176963134e-08,1.16276252827943e-08,4.49910416704854e-10,3.46334462491252e-08,1.5821897371939e-08,1.01091666450984e-07,3.29319445926146e-08,9.38319999739558e-08,6.41189277871515e-08,7.18610532420213e-08,5.24150646763292e-08,4.01421293476916e-10,9.02985547171016e-09,1.08761633117482e-08,1.12401458110456e-08,4.41541079921053e-09,4.42765874081758e-08,3.93377434060388e-07,7.97556409042677e-07,2.02151635306879e-06,1.36659800681816e-06,8.90201684091131e-07,7.70186979349794e-06,2.2799208098848e-06,5.42415723721036e-07,2.13922061759189e-07,2.23412127978136e-07,2.11158611964225e-07,1.26224756188566e-07,1.6947078551908e-08,3.12451511299694e-09,1.62586983543471e-08
1.43597518976021e-08,9.29602072915873e-09,1.91124646600552e-09,8.11224165303948e-09,1.06985214706968e-08,5.4141280288545e-09,6.56723398710119e-09,1.70865076978541e-08,1.0511810528125e-08,2.92167234380599e-08,1.23496180041601e-08,7.22531864588829e-11,2.2370184980509e-09,3.30271253090093e-09,2.57916164544842e-09,5.50768558386203e-09,6.20380502482195e-09,1.22182409410374e-08,1.66483672782699e-09,1.11736397563878e-08,8.73754533208081e-09,2.63958519518372e-08,7.16857713247069e-09,9.25900963196601e-08,1.66028290067557e-07,8.26667719541904e-08,1.99947542670136e-09,1.36722111071731e-08,2.20709043801926e-08,6.00802646201062e-09,1.28131619974146e-08,1.26886371217373e-08,2.628687345522e-10,1.97161162341623e-07,9.72227247887404e-07,9.88478964946348e-08,1.71587477349603e-06,1.08787478211353e-07,7.47813136130199e-07,4.59477472374251e-06,3.47009209052737e-07,8.73970080727916e-07,1.62766944930926e-07,6.64942329645206e-09,4.26401645886909e-09,3.26012514982948e-10,1.84631793901167e-09,1.55374082760209e-09,3.12389071980221e-08
3.47321428144659e-09,3.66126625296491e-09,7.07625819153502e-10,9.4438169893252e-10,1.06225159246569e-10,1.13133997298074e-08,1.43003112635415e-09,2.42282277435716e-09,7.74468142602284e-09,7.12042195342076e-09,2.32226067170558e-09,1.09608767214655e-09,1.87194763827487e-11,4.88639588526411e-09,2.45259414024048e-10,2.18665154604528e-09,3.28990679754954e-08,4.02825702906656e-09,7.99024338664825e-10,1.90411906452077e-09,4.99559260565293e-09,2.93892704248603e-08,7.15517883236069e-08,1.10444916786429e-07,4.14154625366645e-07,6.37964090179774e-08,1.33699723525317e-08,5.63621277414997e-09,2.9586630615969e-08,1.18763200340553e-09,8.61141501825959e-09,1.99332319979135e-08,3.35424456501442e-09,1.61871279358364e-07,1.09063326566452e-06,6.97489932298483e-08,6.77066945636025e-06,3.35483510956632e-06,4.87226716389347e-07,2.05018773438024e-07,2.39402897559336e-08,7.61695800863238e-07,2.27260653406105e-07,4.0394213653433e-08,1.60051962631255e-07,1.06674903300872e-08,7.57161045789156e-09,4.46859685704703e-09,3.05912668036811e-08
6.25331368274127e-09,2.36929436660001e-09,9.35333487321816e-09,2.56798060740852e-09,2.75941619370789e-09,3.27107226958888e-09,1.61590664084845e-10,1.18105171541603e-09,1.36488401383768e-11,9.18249163269663e-09,4.65998117626532e-09,8.8232038765672e-10,2.67438339794333e-09,2.93973759194598e-09,1.39558669811067e-09,2.02390228867069e-09,2.21123980053692e-08,1.94551033453823e-09,4.52976200127036e-11,1.68001311224118e-09,1.09869677502921e-08,8.66032497458083e-09,8.90944586905371e-09,2.11512510280769e-08,8.13319954741452e-08,4.24314535206754e-08,3.56709230392829e-08,2.13427518336769e-08,8.46990050669304e-09,2.48251087483867e-08,7.13094635503812e-11,5.36130281680116e-09,1.23845830222492e-09,4.9384912819258e-08,4.86959557022972e-07,1.51742022903517e-07,6.03656450388974e-06,1.56253496307704e-06,7.32096611649056e-07,1.66517291254063e-06,6.3436776751037e-08,4.13113206249769e-07,2.93170150382696e-07,1.49647643131646e-07,1.49140147692128e-07,4.28286133236786e-08,1.24968172676852e-08,4.06368975195515e-09,1.23553040905486e-09
1.36977562945782e-09,9.34245902053264e-09,4.23275282212548e-09,3.60408581713378e-09,9.18161238113767e-09,4.62493880581484e-11,1.38245752254334e-09,2.6730097883181e-09,3.79721771093955e-10,1.53874448970343e-09,1.68004748926562e-09,1.96560810592373e-09,1.02089589674704e-10,2.0994798314826e-09,3.37772906019578e-09,7.17730405059545e-09,3.33015497348255e-10,3.06251002264978e-09,2.00663654983634e-09,2.96787796654981e-09,1.98746849738347e-09,5.91259421744701e-09,9.9889931626253e-08,2.89020754453851e-07,5.78985585236343e-08,1.16836739489801e-08,2.00369231811446e-08,8.00243819410975e-09,1.0821445249992e-08,1.4224775262139e-08,1.27384961019271e-09,4.17644502601949e-09,9.52656445695651e-10,4.15703164732766e-09,9.48243111917819e-07,3.94227011448833e-07,1.53436030972861e-06,2.47806486292743e-08,3.71993863060169e-07,2.55900604457069e-06,8.25276672940332e-07,1.65359270293747e-07,2.67506101827043e-07,2.66207382070489e-08,7.31541088462455e-08,2.59024477514135e-08,6.30509233807472e-11,1.02885808052799e-09,4.65812146204547e-09
9.37676464456569e-11,6.52414120249858e-09,9.74039279326412e-11,2.56834536672578e-09,9.82822298664105e-09,1.92263858225426e-09,1.99381481909401e-09,4.55660957125734e-09,8.96435715125892e-09,2.90437766032657e-10,3.14739197110849e-09,5.97370325563525e-09,1.27427576684341e-09,1.20215980033642e-09,7.08748735044469e-09,3.63519522935989e-10,9.72908502298946e-09,5.73389310797067e-10,4.51151514513228e-09,2.46404290955214e-09,4.67458524220195e-09,1.64462882258679e-09,2.4113498266499e-08,4.48455045916729e-07,4.41065203851618e-08,4.45729609338487e-08,4.36267060617527e-09,4.14736481610146e-08,1.02593618688969e-08,4.1357410045245e-09,1.63948169819613e-09,4.81997446489478e-09,6.89891821903645e-11,4.33596911668243e-09,6.59045519546818e-07,8.50606889807644e-08,4.22376128988345e-08,2.05749582220474e-07,6.1991488777204e-07,2.17760780269352e-06,1.21079515061443e-06,1.30696076379126e-07,5.51489380982002e-08,1.68083392489301e-08,4.5362615010517e-08,4.34741531837415e-10,4.33421229883556e-09,8.26170568636921e-10,1.15706524559204e-09
1.21867758039121e-09,8.06739181269575e-09,3.42852744386443e-09,1.52476497165423e-09,3.57814413112563e-10,7.63762584855776e-10,1.05557118503668e-09,1.08563270065597e-08,1.11469033877837e-08,1.93184282287555e-09,8.02464204153869e-09,5.04386093520965e-09,3.23629049493213e-09,3.40745682012774e-09,2.22589398512963e-09,2.32350520946953e-09,2.86527548622382e-10,5.96212917957321e-09,3.08795470771682e-09,2.19850117481886e-09,8.31191888693678e-10,3.66007041440213e-09,9.23399847023732e-09,2.20631601398345e-07,6.38839445959825e-08,1.41886661001154e-08,3.59614543614955e-08,3.18883694898659e-09,4.11616386881542e-08,1.50934961417102e-08,1.95924704692394e-10,8.61038008235683e-09,2.26253226893356e-09,3.10441942341951e-08,9.74944992710947e-08,2.62130298011636e-08,6.97845964651401e-08,3.85111076011856e-07,3.76143332403569e-07,1.16986607627501e-06,1.44326257759515e-07,1.74819836618775e-07,1.06457176805694e-08,3.10635713193936e-08,1.51444476148018e-08,3.4390041190764e-10,6.19180703312535e-09,2.34229294187514e-10,2.64543985078203e-10
3.1227895425762e-10,3.19577122190991e-09,2.22786183030357e-09,9.00534599295962e-10,2.2679472834305e-09,7.2579691571281e-11,9.31476784033599e-10,4.10410049868148e-09,7.16521597197255e-09,1.48321781819078e-09,4.65356269324763e-09,2.28154691880588e-09,1.89999318799346e-09,3.28052784807655e-09,1.2799460222374e-09,2.76412851584587e-10,1.0013528920544e-08,8.44876382110373e-09,4.62429044109537e-10,3.65213830013009e-09,2.61701294890364e-09,1.61569229423112e-09,1.98309833248393e-08,1.86167494054942e-09,1.16159619288899e-07,8.92852222298267e-09,1.31134771894691e-09,5.46100075990513e-09,2.53735026083424e-08,2.62095119846162e-09,2.90705307800504e-09,3.8175708001617e-09,2.558477986924e-10,2.31007887213003e-08,4.1196278081399e-08,2.05170728789137e-08,1.64687607344805e-08,1.17063429074217e-07,7.59914668373965e-08,6.11045012075211e-07,1.83814728872243e-07,6.24699264412058e-08,3.28317317667587e-08,1.39540071972423e-08,1.47268278718002e-08,1.96853610968939e-08,2.39189401709804e-10,1.26064217384105e-09,2.51487562156496e-09
1.35719964716843e-09,1.92674046683211e-09,4.31353079734169e-10,1.05314337378776e-11,3.81687415350291e-09,2.46167977859779e-10,1.01463136638292e-09,2.63031877319403e-11,1.25687624219379e-09,3.14063754803179e-09,3.39032727331324e-09,2.5352709826944e-09,5.04434277309498e-10,3.66053325086126e-09,8.86781316090961e-10,9.54689342472039e-10,5.41587701019495e-09,1.70864357396417e-09,3.93298204937954e-10,2.05943720408498e-09,3.68063690807661e-09,9.43525063622202e-09,6.09344750617596e-10,6.15577521320368e-08,2.04010742064688e-07,2.18678422171696e-08,1.24256107849939e-08,9.09962219192313e-09,1.07410977090221e-08,1.77059328124748e-09,1.07119188327209e-09,4.04336255931007e-09,2.11310198937211e-09,2.6279043819146e-08,5.60036052769236e-08,7.65485360022974e-08,5.96615015293957e-07,4.23273060447001e-07,1.64539254933621e-06,2.35190339223004e-07,4.24519195264804e-08,7.27597221424495e-08,1.05128249900397e-08,8.89289307277463e-09,5.0513579161927e-09,1.0969851546706e-08,3.89481026418328e-09,1.6259896910306e-09,5.3109040386972e-10
4.91775855094665e-10,6.19729248020226e-10,1.21639960762663e-09,7.96111669698496e-10,1.40647299775011e-09,1.71044570701549e-09,2.89223151941413e-09,1.48748759723384e-10,4.85248589987984e-09,3.51504190997365e-10,2.20156373014671e-09,1.85661956157542e-09,1.04885588034598e-10,2.05245803423711e-09,9.85669748126385e-10,1.07825307640781e-09,1.24891067080206e-09,1.38997411734185e-09,3.28876041066761e-11,1.28870782186154e-09,2.72483828090153e-09,1.08153191487524e-08,1.24691575893223e-08,2.48060206397659e-10,2.343844905701e-08,9.23267484677608e-09,1.51504687806417e-08,1.24937838023953e-08,2.40976565792e-08,8.49030950884276e-10,3.65626021825773e-09,1.04299642279723e-09,3.15758521695783e-11,5.18311934653266e-08,7.67910149494982e-08,2.34069461542271e-07,4.58401519911667e-07,3.60692489369661e-07,6.09279294868169e-07,2.81011385237484e-08,2.14872215318025e-07,1.88721364077978e-07,3.77904164280358e-10,9.54578493331146e-09,8.0612039253659e-09,7.55665415629135e-09,3.17790078650786e-09,2.37528586517412e-09,1.10042248494367e-09
2.10231116754374e-11,2.08633491813622e-09,1.89331252929339e-10,3.59842049945873e-09,2.87751895582527e-09,1.02048201210377e-09,1.56365344290935e-09,1.07272554438314e-09,5.56235381436236e-10,1.72667352442993e-09,4.42003567933051e-10,3.73199510681632e-10,2.45348664953053e-09,3.3075982787877e-10,1.50160401339636e-09,6.67776033196632e-10,1.02440429001558e-09,1.68796155333016e-09,4.78383759302424e-10,5.84254330177923e-10,3.09955565675497e-09,2.78174980059005e-09,4.89679831392971e-09,3.50605354700103e-09,3.70612998005867e-09,9.52075335613313e-09,3.58725316768525e-08,1.67758601121359e-09,8.00913890187863e-09,1.41253035305555e-08,2.23707937831036e-09,1.18537283718861e-09,7.03187201693181e-10,4.0446200487681e-09,1.36447599522954e-08,4.36546435488297e-07,4.98452021042552e-07,2.31789907363336e-07,2.93141850442332e-07,9.92452545357253e-08,2.76340983980232e-07,3.31207592692559e-07,3.54848245655907e-08,3.03892272308429e-08,1.64083081465464e-08,1.70375981768772e-08,8.21933640900712e-10,6.82110974024996e-10,3.42375002460668e-09
1.0335656994185e-09,2.13648151735252e-09,6.50251540333121e-10,1.38726216042095e-09,1.52684411454892e-09,3.18916208794564e-10,2.05431331409316e-10,8.41960037079277e-10,8.24360537391133e-09,1.68360369333251e-10,6.20677632901366e-10,2.98852836584743e-10,2.53745282670104e-09,4.04373088497374e-10,5.93068172784866e-10,4.63262482499628e-10,2.21348534339053e-09,1.35153906968153e-09,2.73972959822379e-09,5.06331528214717e-10,1.20707219626895e-09,2.55505955577337e-10,1.42555571055793e-08,3.38424905640415e-08,2.05335516805042e-08,5.63720353235739e-08,4.86204139479913e-09,8.26618912626212e-09,1.82601340709927e-08,6.81995410012037e-09,1.60284943004177e-10,7.26231985514923e-10,1.5022083253882e-09,1.09753243632653e-09,9.22702029088469e-08,4.07749614216978e-08,1.13603643218043e-08,2.33369655671795e-07,1.55676932027151e-07,9.97124766548908e-08,4.13704903680247e-08,9.55482766146776e-08,1.33119124639659e-08,1.86171007655897e-08,1.36961445402134e-09,1.63755094300782e-08,8.87052039183681e-10,8.35295967876596e-10,1.02293727412101e-09
3.1205076412396e-10,7.26944015375268e-10,8.98926068581644e-10,1.54013036978486e-09,6.92700120624793e-10,1.40331601395406e-09,6.97771067852728e-11,2.63857896001058e-10,2.81191077846932e-09,2.16924048612413e-09,5.48236840167035e-10,5.76706589020139e-10,1.72698630902906e-10,3.43960401913148e-10,1.09278491912641e-09,2.96309330865691e-10,3.3936375910165e-10,3.2577311186679e-10,1.40378457677751e-10,2.00076367099679e-09,2.8295907236418e-09,5.05706992763774e-11,1.02560488515268e-09,2.12777630004713e-08,1.72377235268482e-09,1.44743987385192e-10,4.60823138572594e-08,8.69303300979509e-09,1.25767632513015e-08,2.30960392062959e-09,5.44960066283013e-10,1.05264281550347e-09,2.6341233747372e-10,4.51027624028684e-09,1.87960554594575e-08,3.13513983356373e-08,4.74909682725756e-09,8.57326379001191e-08,3.03688129113728e-07,1.37911150340195e-08,4.41889882381812e-09,2.76573848230131e-08,1.10168637576826e-08,2.7730502228127e-08,3.89558165498826e-09,8.80765238081969e-09,5.60590609854767e-10,2.45197915598298e-10,3.90058806880521e-10
1.3851535449882e-09,1.40688834881655e-09,6.72999390773626e-10,1.83688511717542e-10,8.83224014600006e-10,9.75226645984271e-10,7.17258099448429e-11,1.54490302287998e-10,1.73127249288281e-09,4.13396085133647e-10,4.95102143358822e-10,1.17492712952122e-10,2.40434581773094e-10,7.20680145633154e-10,1.04828323539647e-09,4.75558996879633e-10,4.6427264109203e-10,7.01794423141145e-10,9.08790799641201e-10,2.84114681172214e-10,9.81084868268151e-10,2.28191251213142e-09,2.6985325776392e-09,2.94607907500298e-08,2.43973922803056e-08,1.5468064461114e-08,1.13253416948837e-08,2.70838907280362e-09,6.0981256851163e-11,8.65482776700657e-09,1.98869312711411e-09,1.39278198626062e-09,1.91522109036791e-09,1.05296795480579e-10,4.72835229477308e-09,1.98653086408387e-08,9.06213311289243e-08,2.09040133431127e-08,5.14414885994311e-07,6.21389102150521e-08,2.20243054319456e-07,1.11602896019509e-07,1.26270403334881e-08,8.4599308495554e-09,1.01304432751501e-08,6.32585898660884e-09,3.41949311707022e-10,1.19049187567843e-10,1.01893750294075e-09
3.09303654063071e-10,1.384878511225e-09,1.14195535108072e-09,2.30111850668791e-09,2.94119430379405e-11,9.08287538810709e-10,2.01699382322697e-10,6.28728053753618e-10,5.67764805377657e-11,1.15438029452847e-10,6.88142304025769e-10,4.0338805968647e-10,9.26253785795275e-11,1.76143411637769e-10,8.35966074178285e-10,1.15024361769168e-10,9.23683810967066e-10,1.96443131692666e-10,2.93431004377422e-11,1.07095684963683e-09,3.56741910978151e-09,1.03690812329081e-10,4.66507135190342e-09,2.94291127367487e-09,6.2636528686529e-09,1.85079170829122e-08,2.19201763548688e-08,1.20951591007974e-08,4.75938383854976e-09,7.99932738809644e-09,7.00072392278786e-10,7.86536112073641e-12,4.23227593972289e-09,1.67598341855997e-10,6.96429352556266e-08,2.36024703078889e-08,6.63795914929368e-09,1.00777162611604e-08,1.43633128026493e-07,4.20217980049226e-08,1.2086078266622e-07,1.37923416035703e-07,2.3493570112008e-08,2.247843478206e-09,5.1498621777341e-09,7.95027658997503e-09,4.11389044822272e-10,8.52655386915447e-10,2.92049642244517e-10
1.35603993773915e-10,3.77443827566982e-10,1.43150545191582e-09,6.59888718451596e-10,3.93677213419802e-11,9.59567390994831e-10,7.88714406211364e-11,1.63194346442273e-10,1.2691789327576e-09,5.96783487137418e-10,4.77145898647956e-10,2.51585860197093e-11,5.55396988752127e-10,3.33989499599472e-10,1.56247500750546e-11,4.96513019969328e-10,1.19223821415309e-10,1.6738610067264e-10,9.34639774451859e-11,1.44965798153948e-10,1.04058867099529e-09,7.30904894941543e-10,2.69727942017647e-09,5.74308327670457e-09,6.16329986557574e-09,3.91837246033475e-09,1.79434095662248e-08,6.57566204069986e-09,7.39426749822701e-10,7.06256351610681e-09,1.98878108112265e-09,5.57795499108611e-10,1.07007124639865e-09,2.8561385022373e-11,6.19111729507735e-09,1.15571821809296e-08,2.36935776954022e-09,3.06364053316617e-09,8.44210782068095e-08,3.86063602295588e-08,3.42713870832603e-08,4.3282608424778e-08,3.89303809595148e-10,4.25208022384962e-10,1.3875093638032e-09,1.15539993159673e-08,3.54509478215278e-10,9.3439002425625e-10,6.32407764477919e-11
6.41645845191327e-10,9.83330378235954e-11,3.38870039025681e-10,6.42862443528453e-10,2.26339207732374e-10,1.66227238267948e-10,9.52515482442153e-11,6.26584855538371e-10,9.81438304800703e-10,1.30022349986971e-10,9.52542499441794e-11,1.44594129541275e-10,5.61646761649794e-11,4.22521262009685e-10,1.01887373176515e-11,5.44675521050823e-11,3.56301824750607e-10,8.67863486014741e-11,4.01603395189119e-10,3.05753595950438e-10,3.01620285921923e-09,9.39853415469082e-11,2.41469072998184e-09,9.13526731503704e-09,9.62125477911003e-09,1.13005977149369e-08,1.7826609328917e-08,4.15606079840593e-09,1.87640145155572e-09,1.05958707479504e-08,3.19305170614204e-10,1.10274036727943e-10,8.43694305430346e-10,1.00070163868514e-11,5.50185033049902e-08,2.10523839051354e-08,5.43844172480858e-08,5.99901552519167e-08,3.94125118167265e-08,4.07683779822936e-08,3.46338426707399e-08,1.32392619797424e-09,3.04023458249985e-08,3.23349735081765e-09,2.19253600426887e-09,7.1060238056628e-09,1.79838107790537e-10,7.19086367709852e-10,6.64889182059456e-11
1.0524966891926e-10,1.24928896314193e-10,8.1910667762391e-12,5.7822303012949e-12,2.32904712306783e-10,2.30786768354926e-11,6.86424848040303e-11,3.38740110085489e-10,4.3255042740506e-10,1.19621613930344e-10,1.13579429584076e-10,2.41404098604179e-10,1.12121007016544e-10,3.16650196218282e-11,2.84452976185519e-11,3.71574127897232e-10,2.46648013059998e-11,1.38531908907426e-10,1.90951488629941e-10,2.55426991101021e-10,1.56528510009727e-09,8.92549120006712e-10,2.80402964086179e-09,6.00692932950159e-09,5.41730596026202e-09,7.13080932349411e-09,1.83455697179947e-08,5.9257577327773e-09,3.57076820937683e-09,3.76160747989503e-09,5.18833475546198e-10,6.31876656359499e-10,6.77452838166429e-11,2.39027766920164e-09,4.74260525862308e-09,1.23883749167271e-08,1.71629510385677e-08,2.37570025560774e-08,1.15766329770794e-08,9.4695841024109e-09,1.59867650280675e-08,1.36479374841208e-08,7.70094190343797e-09,1.67565098271158e-09,3.07493121081072e-11,7.74757355431736e-09,9.20286652979149e-11,3.45499966523394e-10,9.46703312962528e-11
1.56622598351825e-10,1.10056127897937e-10,3.17529436128819e-10,2.99532176950782e-10,1.35661306319864e-10,4.43510543624887e-11,4.00547623023321e-12,2.53366726292513e-10,5.02806707868904e-10,3.39303570232755e-10,2.25507160923644e-11,1.18282208078524e-10,1.1436165365922e-10,1.86420879777188e-10,8.63923204227499e-11,3.49505513640739e-10,5.62344301082226e-11,1.84574360265315e-10,6.68931367906856e-10,3.5012376836855e-11,1.3868509790455e-09,6.59664693677686e-11,1.7383227809053e-09,6.44037505946548e-09,6.91784010627643e-09,1.14886091071467e-08,1.30888447433286e-08,6.22384488571647e-09,9.33877395041636e-09,5.93891769875808e-09,7.13908877998927e-10,7.28968426709096e-11,2.45028938386036e-11,1.67615426337559e-10,1.25372148715358e-08,8.30596805586943e-10,6.21738933028782e-09,9.25746726903364e-09,1.09502071487623e-08,5.81371272882713e-09,3.52790854704827e-10,2.26382692221713e-09,7.4545083345421e-09,6.24048472702495e-11,2.21893880629122e-09,7.37225529965975e-09,3.73339596685036e-11,4.34140416391059e-11,1.17467768879544e-10
3.38092772243611e-10,3.29145246162553e-10,2.95155189110707e-11,7.07986006963371e-11,8.79683570199308e-11,1.39471665811458e-10,8.12140240212493e-12,1.49199291532881e-10,1.75247471829388e-10,2.60049368600734e-11,1.00021068127374e-10,1.14464990536905e-11,2.66640658802191e-12,4.18136494103846e-11,1.70232296498873e-10,1.07409572062071e-10,6.55373457070835e-11,7.10031183244808e-13,5.30604249881716e-11,8.22198244458031e-11,2.49783227194043e-09,1.80383332536426e-10,2.24212784265122e-09,6.86604271744237e-09,6.12448151991131e-09,3.6152263974561e-09,1.19625638817861e-08,5.68229892804562e-09,1.04911615392108e-08,4.44198253603047e-09,8.28605828740779e-10,4.10468215691812e-11,4.14217370489422e-10,5.60405991041687e-10,2.57501487725266e-09,3.27404442407841e-09,1.2096452828675e-08,4.75177205755811e-09,2.02426985461605e-09,7.87477081691918e-09,4.45974697352264e-09,2.54649921104454e-09,3.7134271468399e-09,1.02763954020845e-09,1.39556693069124e-10,3.80015371787176e-09,8.31182227134055e-11,1.08626264250637e-11,2.24644690320744e-11
3.80849715552454e-11,9.6271422698091e-13,1.59457081609328e-11,1.11083220743522e-10,2.11780017156877e-10,1.601324786435e-13,2.75459162448343e-11,4.87573930753047e-11,1.77476384969527e-10,1.21823942713348e-10,4.51889865723363e-11,1.69198545568158e-12,9.89800321830883e-11,3.320465414529e-10,1.60354399404819e-10,5.64332499740146e-11,2.10956128921046e-11,1.07348729668962e-10,1.98149048725537e-10,1.33025875451245e-11,1.07762157719951e-09,9.1945963376784e-11,1.63506274783531e-09,7.52047465291283e-09,8.41941818289485e-09,2.62812551722291e-09,8.04310216803454e-09,5.50825802277402e-09,1.28324021033663e-08,2.90981846849459e-09,6.05104683289668e-10,3.05732111160466e-10,9.75874386341406e-12,1.26909545811937e-09,1.03162180269472e-08,2.20846121717163e-10,6.84202591490532e-09,8.09759876857386e-10,1.65033847663106e-09,1.11459679004003e-09,6.85741795135023e-09,4.32947060942854e-10,2.16016873783707e-09,1.320215538413e-09,3.934134148202e-10,3.60803359300852e-09,2.79526092289371e-10,5.5701705443196e-10,1.62645029685765e-11
6.89004630540612e-11,8.55505809922897e-12,2.35745469214876e-10,3.36264626457236e-10,1.6953605026322e-11,3.32952565105655e-12,4.69831571827254e-13,3.27421705973326e-11,4.45144149418199e-11,3.57973950342713e-12,1.07751279608672e-10,1.02338899805811e-10,2.03455049288452e-11,7.31418378305468e-11,7.06104400009919e-11,2.76047836146929e-11,1.45502845976853e-11,2.19571622493311e-11,3.52118656369991e-11,1.42704259769004e-10,9.10100005948223e-10,9.17411664578289e-11,1.86186037103507e-09,4.52837065855873e-09,1.09558766639942e-08,2.86788406373783e-09,5.85126981249875e-09,5.89071932949502e-09,2.18982178499372e-08,1.18823066287006e-09,3.83815842612984e-10,3.31731555413528e-11,1.31938601416015e-10,1.00704916884252e-09,5.61536569428218e-10,1.15089457267093e-08,5.30418298458023e-09,1.47875104792804e-09,6.25675121859982e-09,5.95713632784284e-09,5.88808732665924e-10,7.24332155132623e-09,1.44269379909812e-09,3.73111125051226e-09,5.80539749698563e-10,2.67860959083285e-09,2.85766249366604e-11,1.22282791084275e-11,4.81787850127498e-11
5.86554436211042e-12,3.10379803562002e-12,6.92534501484566e-13,1.84438892031013e-14,1.90279250645582e-11,1.32407856563912e-10,1.08767406129703e-11,5.91169085866814e-11,9.97307729446749e-11,3.25131281173518e-11,6.72673366395274e-11,7.58640520838162e-11,2.30232143818337e-11,3.20287824572007e-11,6.77592491173787e-11,5.42996333471379e-11,7.3389976142888e-11,7.12245946328755e-11,2.53038670701343e-12,1.69996691582289e-11,1.07977934521068e-09,6.45731561683732e-11,1.26987539362043e-09,6.23348137340754e-09,6.45046804439094e-09,6.76204983812453e-10,3.37413666847411e-09,3.65603573521014e-09,1.89993735580362e-08,1.97767630405997e-09,6.42084834547306e-10,5.14963334636219e-11,3.85026753426209e-11,1.10571243016708e-09,7.05358498006123e-09,3.27150681115948e-09,9.46611270795183e-09,8.22128547355847e-10,3.04041782174586e-09,5.06870733782008e-09,5.90596187521686e-09,5.28636545244546e-10,1.01416872351333e-10,9.84899148345893e-10,1.5973791171933e-10,2.39403989030041e-09,3.3032467067942e-10,1.47094000485239e-10,3.8474706031452e-11
1.59225092828726e-12,3.0581040230018e-12,9.34075332590834e-12,1.62130842564593e-11,5.11687277745668e-11,4.4445336312838e-12,8.58843508268355e-11,6.6282223037201e-11,1.60557277618625e-10,2.39921678417229e-11,5.24871548930975e-11,1.22611973666454e-10,2.17739538574101e-11,1.87459052424544e-11,5.97873059456887e-12,1.95685042647789e-12,5.90201564947377e-11,5.90053691135295e-11,5.17663605883971e-11,5.35767103882346e-11,1.15920600117517e-09,1.01704907236669e-10,1.98223036470583e-09,6.32149471679064e-09,1.01368012768619e-08,8.86598580621782e-13,3.89065728251136e-09,7.32523380249267e-09,2.44838682918981e-08,1.22442664721664e-10,6.25097233347856e-10,4.72800484309805e-10,7.58760150150998e-11,1.40694213557856e-09,2.84371676734585e-09,4.08401169435175e-09,3.15284144930718e-09,1.13229614533168e-10,3.07660528242353e-09,2.07905937333828e-09,3.9199107314703e-10,3.97140615848811e-09,9.65772660667758e-11,2.07080423021266e-09,8.23811375155968e-11,5.12017717980068e-10,1.46606054881599e-10,3.96587220539244e-10,8.15149674291075e-11
