-0.00022216796875,-0.00023681640625,-0.00021240234375,-0.0002490234375,-0.0002685546875,-4.8828125e-06,-0.00015625,-0.00028076171875,-0.00038818359375,-0.000283203125,-0.000146484375,-0.00010009765625,-0.00012451171875,-0.000185546875,-7.568359375e-05,-0.00026611328125,-0.00019775390625,-0.00028564453125,-0.00032470703125,-0.0001220703125,-0.0001708984375,-0.00066162109375,0.00044189453125,-0.0005859375,-0.00267333984375,6.591796875e-05,-8.7890625e-05,0.00079833984375,-0.00477294921875,0.00339111328125,0.000185546875,7.568359375e-05,-0.00045654296875,-0.00053955078125,-0.000478515625,0.0002490234375,-0.0012548828125,-0.0006298828125,0.00072998046875,-0.00050048828125,0.00029052734375,-3.41796875e-05,0.00013916015625,9.27734375e-05,0.0002392578125,-0.00220458984375,-0.00054931640625,0.00015625,-0.00025634765625
-0.000429900055844796,-0.000307769358161616,-0.000268687534902998,-0.000219835255829725,-0.000129458539544172,-2.44261395366362e-05,-0.000109917627914863,-0.000271130148856661,-0.000376162548864197,-0.000403031302354497,-0.000214950027922398,-7.81636465172357e-05,-0.000131901153497835,-0.000170982976756453,-0.000200294344200416,-0.000212507413968735,-0.000117245469775854,-0.000263802306995671,-0.000368834707003206,-0.000131901153497835,-0.000139228995358826,-0.000537375069805995,0.000349293795373897,-0.00671718837257494,-0.00333172543279717,-0.00145824053033718,-0.00197118946060654,0.00483149040034663,-0.00146556837219817,0.00374941241887365,-0.00151930587917877,0.000307769358161616,-0.000258917079088343,-0.000224720483737053,0.000359064251188552,0.00025647446513468,-0.000315097200022606,-0.000576456893064613,-0.000517834158176687,-0.000185638660478435,-0.000576456893064613,-0.00144114223266153,0.000210064800015071,-0.000852472269828602,-0.000669276223303831,0.000903767162855538,-0.000615538716323231,-0.000170982976756453,-0.000324867655837261
-0.000271532291110987,-0.000217715080260161,-0.000379166712812639,-0.000286209712252121,0,-9.54032374173738e-05,-4.40322634234033e-05,-0.000198145185405315,-0.000310672080820679,-0.000388951660240062,-0.000151666685125056,-4.6478500280259e-05,-8.80645268468066e-05,-0.000212822606546449,-0.000154112921981912,-0.000117419369129075,-0.000220161317117016,-0.000244623685685574,-0.000371828002242072,-0.000185914001121036,-0.000210376369689593,-0.000381612949669495,-0.000437876397377177,-0.00263459709483363,0.000648252767066771,1.22311842842787e-05,0.00086107537361322,0.0013870162978372,0.0105457270899051,0.00276424764824698,-0.00185424753749665,4.89247371371148e-06,0.000203037659119026,-0.00011497313227222,-0.000425645213092898,-0.0014701883509703,0.000799919452191826,-0.000308225843963823,-0.00168301095751675,7.58333425625279e-05,-0.000540618345365118,0.000342473159959803,-0.000831720531330951,-0.000212822606546449,-0.000457446292232023,0.00170013461551474,0.000459892529088879,-0.000773010846766413,-0.000242177448828718
-0.000232966061940517,-0.000269750176983756,-0.000468384398217249,-0.000345770681406451,-4.41409380518874e-05,-0.000186372849552413,-5.14977610605353e-05,-0.000269750176983756,-0.000348222955742667,-0.000343318407070235,-5.14977610605353e-05,-9.31864247762067e-05,-6.37591327416151e-05,-0.000240322884949165,-0.000137327362828094,-0.000176563752207549,-0.000264845628311324,-0.000208443318578357,-0.000360484327423747,-0.000183920575216197,-0.000210895592914573,-0.000519882159277785,-0.000993171106167466,0.00770014141571813,0.0027489995308981,0.00114030756634042,0.00373481381405691,-0.00203783997339547,0.0128057765837198,0.0008754619380291,-0.00118444850439231,-0.000323700212380507,5.64023097329672e-05,-0.000188825123888629,-0.000755300495554517,-0.000416886637156714,-0.00124085081412528,0.000188825123888629,0.00136591680527229,-0.00139289182297067,0.00106673933625394,0.000399720716803202,-0.000801893707942621,0.000110352345129718,0.00100543247784855,-0.00146646005305715,1.47136460172958e-05,-0.000760205044226949,-0.000196181946897277
-0.000295287042351536,-0.000243611809940017,-0.000346962274763055,-0.000346962274763055,-0.000216543831057793,-0.000187015126822639,-0.000108271915528896,-0.000314972845174972,-0.000398637507174573,-0.00036664807758649,-0.000105811190175967,-0.000120575542293544,-0.000127957718352332,-0.000189475852175569,-0.000167329323999204,-0.000238690359234158,-0.00013780061976405,-0.000209161654999005,-0.000273140514175171,-0.000204240204293146,-0.00013780061976405,-0.000494605795938823,-0.000698846000231968,0.00586390851603092,9.35075634113197e-05,5.65966831173777e-05,0.000391255331115785,-0.000159947147940415,-0.00679652342479118,-0.000300208493057395,-0.000858793148172384,-0.000497066521291752,-0.000159947147940415,-0.000147643521175768,0.000433087662115586,0.000898164753819255,-0.000531516676232765,-0.000848950246760666,-0.000428166211409727,0.000403558957880432,-0.00124512702858231,-0.00197350173304943,3.6910880293942e-05,-8.85861127054608e-05,-0.00064717076782045,-0.00134601676805242,-0.000602877711467719,-8.36646619996018e-05,-0.000297747767704465
-0.000373209856388764,-0.000237272491478949,-0.000244687256837666,-0.000234800903026043,-0.000210085018496986,-0.000111221480380757,-0.000177954368609212,-0.000341079206500989,-0.000321306498877743,-0.000390510975559104,-0.000153238484080155,0,-0.000123579422645286,-0.000187840722420835,-0.000101335126569134,-0.000143352130268532,-0.0001730111917034,-0.000202670253138269,-0.000269403141366723,-0.000202670253138269,-0.000123579422645286,-0.000573408521074127,0.000175482780156306,-0.00623828925513403,-0.00216511148474541,-0.00106772621165527,-0.00396937105536658,0.00235542379561915,-0.0160455522362639,0.00135690206064524,-0.00130499870313422,0.000491846102128238,-0.000205141841591175,-9.6391949663323e-05,-0.00073900494741881,-0.000766192420400773,0.000484431336769521,-0.000484431336769521,-0.00217005466165122,0.000474544982957898,-0.00124320899181158,0.000538806282733447,0.000249630433743478,-0.000202670253138269,-0.00109985686154304,0.00124568058026448,-0.000291647437442875,0.000170539603250495,-0.000383096210200386
-0.000330486615014818,-0.000213698111964469,-0.000241031591401785,-0.00023109214433367,-0.000164000876623895,4.96972353405741e-06,-0.000116788503050349,-0.000332971476781847,-0.000397577882724593,-0.000392608159190536,-8.69701618460048e-05,2.23637559032584e-05,-0.000111818779516292,-0.000208728388430411,-0.000141637120720636,-0.000208728388430411,-0.000129212811885493,-0.000223637559032584,-0.000250971038469899,-0.000166485738390923,-0.000218667835498526,-0.000638609474126378,0.000449759979832196,-0.00914429130266564,-0.00168970600157952,0.000546669588746316,-0.00274328739079969,0.00332722990605144,0.000608791132922033,0.00248983149056276,-0.00255443789650551,0.00196552565771971,-0.000484548044570598,-8.69701618460048e-05,-0.000482063182803569,-0.000738003944807526,-0.000740488806574555,-0.000434850809230024,0.000869701618460048,-0.00126479463941761,0.000660973230029636,0.000829943830187588,-0.000504426938706828,-0.00106103597452126,0.000144121982487665,0.000432365947462995,-0.000206243526663383,-0.000621215441757177,-0.000258425623770986
-0.000332572220526643,-0.000167536381769061,-0.000330071677515165,-0.000307566790411858,-0.00015253312370019,-1.00021720459141e-05,-5.00108602295704e-06,-0.000182539639837932,-0.000470102086157962,-0.000312567876434815,0,-0.000132528779608362,-0.000177538553814975,-0.000250054301147852,-0.000227549414044545,-0.000200043440918282,-0.000110023892505055,-0.000327571134503686,-0.000315068419446294,-0.000177538553814975,-0.000125027150573926,-0.000525114032410489,-0.0003375733065496,0.00134529214017544,-0.00102272209169471,0.00224798816731919,0.00173287630695461,0.00256305658676548,0.0112074337774467,0.000322570048480729,-0.00265307613517871,0.00205794689844682,-0.00027005864523968,-0.000200043440918282,0.000822678650776433,-0.000447597199054655,-0.0010127199196488,-0.000182539639837932,0.000972711231465144,-0.000157534209723147,0.000410089053882477,-0.00228799685550285,-0.00118525738744082,-8.25179193787912e-05,0.000615133580823716,-0.00174287847900053,-0.000415090139905434,-0.00105022806482098,-0.000240052129101938
-0.000329940462944284,-0.000221639394954939,-0.00043320427195738,-0.000289642391134295,-0.000115856956453718,-3.2742183345616e-05,-3.2742183345616e-05,-0.000188897211609323,-0.000329940462944284,-0.000322384574479911,-4.02980718099889e-05,-0.000125931474406215,-0.000188897211609323,-0.000176304064168701,-0.000302235538574916,-0.000105782438501221,-0.000193934470585571,-0.000294679650110544,-0.000372757164242397,-0.000236751171883685,-0.00014608051031121,-0.000423129754004883,-0.000999895906785349,0.00941211839712052,-1.76304064168701e-05,0.000425648383493007,0.00388120804119955,-0.00126183337355028,0.00626886879594139,-0.00121649804276404,0.00270752669973363,0.000979746870880354,0.000289642391134295,-0.000463427825814872,-0.00104271260808346,-0.00034505223987303,0.000229195283419312,0.000118375585941842,-0.00212320465848879,0,-0.00157666205956581,-0.00018134132314495,-0.000808480065687902,0.000987302759344727,-0.000115856956453718,-0.000322384574479911,5.28912192506104e-05,1.25931474406215e-05,-0.000390387570659267
-0.000309772406368599,-0.000276763871263748,-0.000416415365938117,-0.000185355620204162,-0.000157425321269288,-6.60170702097014e-05,-0.000111721195739495,-0.000284381225518714,-0.000335163587218484,-0.00046211949146791,-7.10953063796785e-05,1.26955904249426e-05,-0.000154886203184299,-0.00011933854999446,-0.000246294454243886,-0.000210746801054047,-0.00018789473828915,-0.000312311524453588,-0.00032500711487853,-8.63300148896095e-05,-0.000251372690413863,-0.000492588908487772,-0.000860761030811107,0.00397371980300703,0.00169359176268734,-0.00211254624671045,0.000665248938266991,-0.00313327171687583,-0.000685561882946899,3.80867712748277e-05,0.0107963300973712,0.000451963019127956,5.07823616997703e-05,-0.000685561882946899,-0.000870917503151061,0.000619544812737198,7.10953063796785e-05,-0.000619544812737198,-0.000652553347842049,2.53911808498852e-06,-0.000632240403162141,0.000792204842516417,0.000754118071241589,-0.000776970134006486,-0.000863300148896096,0.00175706971481205,0.000264068280838806,0.000469736845722875,-0.000248833572328875
-0.000407358839008396,-0.000274134564615713,-0.000330498680704925,-0.000261324538231801,-0.000210084432696154,-0.00015115831133016,-5.38021108124297e-05,-0.000263886543508584,-0.000394548812624484,-0.000461160949820826,-0.000102480211071295,1.02480211071295e-05,-4.35540897053002e-05,-0.000263886543508584,-0.000187026385205113,-0.000258762532955019,-0.000253638522401454,-0.000269010554062148,-0.000343308707088837,-3.58680738749531e-05,-0.000163968337714071,-0.00067124538251698,-0.000348432717642402,-0.00682518205734822,0.000950503957686258,-0.00171141952489062,-0.00454499736101192,0.000163968337714071,-0.00666121371963415,0.000732733509159757,0.00723254089635662,0.000561079155615338,-0.000763477572481145,-0.00048678100258865,0.00109653825846285,-0.000814717678016793,-0.000896701846873828,-0.000766039577757928,0.00137323482835535,-0.000330498680704925,0.00122207651702519,-0.00150389709747125,-0.000174216358821201,-0.00114009234816815,-0.000384300791517355,-0.000230580474910413,-0.000604633245320639,-0.000742981530266886,-8.19841688570357e-05
-0.000382918494575833,-0.000263903286802263,-0.000292363445182899,-0.000338934613442122,-0.000230268554170602,-0.00011901520777357,-7.76186137653715e-06,-0.00028201429668085,-0.000385505781701345,-0.000240617702672652,-0.00016299908890728,-0.000160411801781768,-5.95076038867848e-05,-0.000238030415547139,-0.000116427920648057,-0.000201808395789966,-0.000225093979919577,-0.000248379564049189,-0.000320823603563535,-0.000178522811660354,-0.000116427920648057,-0.000566615880487212,7.76186137653715e-06,-0.00701672268438958,-0.00174383152259535,3.62220197571734e-05,-0.00430007120260158,0.00347731389668864,-0.00220695591806206,0.000137126217652156,-0.0052237327064095,0.000465711682592229,-0.000975407246318168,-8.27931880163962e-05,-0.000551092157734137,-0.00101421655320085,-0.000432076949960568,-0.00087967762267421,-0.00121861223611633,-0.000610599761620922,-0.00101162926607534,-0.000983169107694705,-0.00168691120583407,0.000532981147855551,0.000100904197894983,-0.00258728712551238,-0.000809820870285376,-0.00114616819660199,-0.000258728712551238
-0.000332099828707065,-0.000287645520927379,-0.000358249421518645,-0.000188277068243376,-0.000196121946086849,-3.13795113738959e-05,-2.35346335304219e-05,-0.000253651050272325,-0.000452387955640333,-0.00011767316765211,-0.000248421131710009,-0.000222271538898429,-0.00011767316765211,-0.000172587312556428,-5.75291041854759e-05,-0.000180432190399902,-0.000154282597588322,-0.000279800643083905,-0.000347789584394013,-0.000253651050272325,-0.000240576253866535,-0.000470692670608439,-4.44543077796859e-05,0.00305427244039254,-0.00216518628479882,3.39944706550539e-05,0.00062497526819676,0.0032373195900736,0.00696102160644258,-0.000394858851454857,-0.00506517612760303,0.000295490398770853,-0.000658969738851814,-7.58338191535818e-05,-0.00119242143220804,0.000766183069379292,-0.000457617874202649,0.00113489232802257,-0.000878626318469086,-0.000366094299362119,-0.00111920257233562,0.00108259314239941,0.000313795113738959,0.000253651050272325,0.000355634462237487,0.000384399014330225,0.000251036090991167,1.8304714968106e-05,-0.000428853322109911
-0.000185151188769399,-0.000245986579365058,-0.000372947394521218,-0.000211601358593599,-0.000158701018945199,-1.32250849120999e-05,-6.87704415429196e-05,-0.000230116477470538,-0.000412622649257517,-0.000190441222734239,-0.000187796205751819,-0.000105800679296799,-0.000142830917050679,-0.000227471460488119,-0.000169281086874879,-0.000203666307646339,-0.000235406511435378,-0.000298886919013458,-0.000330627122802498,-0.000214246375576019,-0.000253921630312318,-0.000576613702167556,-0.000542228481396096,0.00599889851612852,-0.000211601358593599,1.58701018945199e-05,0.00211336856895357,-0.000827890315497455,0.000703574517323715,-0.00227206958789877,0.00335652655069096,0.000409977632275097,-0.000642739126728056,-0.000198376273681499,0.000402042581327837,-0.000343852207714598,-1.85151188769399e-05,-0.000372947394521218,0.000470813022870757,0.000375592411503638,0.000288306851083778,-0.000163991052910039,0.000444362853046557,-0.00119819269303625,-0.000518423328554317,0.0025154111502814,0.000912530858934894,0.000211601358593599,-0.000322692071855238
-0.000270422960811514,-0.000224906224833338,-0.000294520056329371,-0.000230261134948418,-0.000125840387704368,2.40970955178577e-05,-3.21294606904769e-05,-0.000267745505753974,-0.000353424067595246,-0.000348069157480166,2.67745505753974e-06,-3.74843708055563e-05,-0.000141905118049606,-0.000224906224833338,-0.000214196404603179,-0.000163324758509924,-0.000297197511386911,-0.000297197511386911,-0.000366811342882944,-0.00010174329218651,-0.00020348658437302,-0.000602427387946441,-0.00102011037692264,-3.48069157480166e-05,0.00138156680969051,0.00102546528703772,2.67745505753974e-05,-0.00586898148612711,-0.00781013640284342,-0.00495596931150606,0.00385553528285722,-5.0871646093255e-05,-0.000749687416111127,-0.000112453112416669,-0.000581007747486123,-0.0016573446806171,-0.000556910651968266,-0.00269887469800006,-0.000947819090369068,-0.000396263348515881,0.000672041219442474,-0.00209644731005362,-0.00164127995027186,-0.000661331399212315,-0.000747009961053587,-0.00148598755693456,-0.000939786725196448,-0.000763074691398826,-0.000168679668625004
-0.000409552456703555,-0.000249528649117398,-0.000257665452892965,-0.000273939060444099,-0.00012205205663351,-5.69576264289712e-05,2.7122679251891e-05,-0.000246816381192208,-0.00036344390197534,-0.000401415652927987,-5.42453585037821e-05,-0.000103066181157186,-9.76416453068077e-05,-0.000179009683062481,-0.000203420094389183,-9.49293773816186e-05,-0.000216981434015128,-0.000290212667995234,-0.000325472151022692,-0.000149174735885401,-0.000200707826463994,-0.000667217909596519,-0.000930307898339862,-0.00184434218912859,0.00134799715881898,-0.000404127920853176,-0.000591274407691225,-0.00446168073693607,-0.00345542933669092,-0.0040575528160829,0.00184434218912859,-0.0010713458304497,-0.000743161411501814,-0.000265802256668532,-0.000279363596294478,0.000781133162454462,-0.000222405969865506,0.00100896366817035,-0.000471934618982904,-0.000992690060619212,-0.0016680447739913,0.00015188700381059,-0.000648232034120196,0.000716038732249923,0.000105778449082375,-0.00258479133270522,-0.00167075704191649,-0.000800119037930786,-0.000336321222723449
-0.000423415237696328,-0.000357428447405992,-0.000376674594574006,-0.000371175695383145,-0.000184213122893857,-0.000126474681389812,-7.97340382674904e-05,-0.000277694409138501,-0.000329933951451685,-0.000316186703474531,-0.000120975782198951,-9.89801854355054e-05,-0.000123725231794382,-0.000225454866825318,-0.000203459270061872,-0.000206208719657303,-0.00011822633260352,-0.000332683401047115,-0.000252949362779625,-0.000222705417229887,-0.000175964774107565,-0.000794590933079474,-0.000307938354688239,-0.000365676796192284,-0.000307938354688239,-0.00413792164112321,-0.00104204139666824,0.00190811801922891,-0.00100629855192764,-0.000236452665207041,-0.000695610747643968,-0.00130598855782958,-0.00089632056811041,-0.000571885515849587,-4.6740643122322e-05,0.000261197711565917,-0.000574634965445017,0.00136647644892906,0.000145720828557827,0.000637872306139923,-0.000824834878629211,0.000316186703474531,0.000874324971346964,0.000164966975725842,0.000456408632841497,0.00163592250928127,0.000635122856544493,2.19955967634456e-05,-0.000395920741742021
-0.000460183955673517,-0.000356991189855819,-0.000432294018966031,-0.000317945278465339,-0.00021754150631839,-0.000105981759488446,-0.000139449683537429,-0.000306789303782345,-0.000362569177197316,-0.000432294018966031,-6.97248417687147e-05,-1.11559746829943e-05,-8.92477974639548e-05,-0.000209174525306144,-0.000186862575940155,-0.00025658741770887,-0.000195229556952401,-0.000287266348087104,-0.000382092132892556,-0.000189651569610904,-0.000192440563281652,-0.000574532696174209,9.48257848054519e-05,-0.00220330499989138,-0.00146701067081376,-0.00335515938591055,-0.00299537920238398,0.00232044273406282,-0.00175706601257161,0.00141123079739878,-0.00430899522130657,-0.000396037101246299,-0.000733505335406878,-0.000563376721491215,-0.00109886350627494,-0.00202202041129273,-0.000502018860734746,-0.00302605813276222,-0.000822753132870833,0.00027611037340411,0.00166224022776616,-0.00160924934802193,-0.000727927348065381,-0.00124110218348312,-0.000518752822759237,0.00125225815816612,0.000722349360723884,-4.7412892402726e-05,-0.000239853455684378
-0.000351030775046473,-0.000317060054880686,-0.000433126682113794,-0.000229302361119067,-0.000113235733885959,-6.79414403315755e-05,-0.000113235733885959,-0.000243456827854812,-0.000458604722238135,-0.000478420975668177,-0.000124559307274555,-3.11398268186388e-05,-0.000130221093968853,-0.00024911861454911,-9.90812671502143e-05,-0.000161360920787492,-0.000246287721201961,-0.000271765761326302,-0.000399155961948006,-0.000133051987316002,-0.000232133254466216,-0.000492575442403922,-0.000339707201657877,-0.00131636540642427,-0.000368016135129367,0.00220526591742905,-0.00240342845172948,-0.00238361219829944,0.00410762624671317,7.92650137201714e-05,0.000897393191046226,1.13235733885959e-05,0.000854929790838992,-0.000532207949264008,-0.000189669854258982,8.49268004144694e-05,0.000257611294590557,-0.000532207949264008,-0.000399155961948006,-0.00134467433989576,-0.00077566477711882,-0.000390663281906559,-0.00194482372949135,-0.000965334631377802,-0.000614303856331328,-0.00219394234404046,-0.000931363911212014,-0.000871915150921885,-0.000263273081284855
-0.000278888717287107,-0.000276013575871776,-0.000408270080977002,-0.000212760464734494,-0.000158132777843205,-0.00011500565661324,-9.4879666705923e-05,-0.00023001131322648,-0.000468648050698953,-0.000414020363807664,-0.000166758202089198,-0.000149507353597212,-0.000181133909165853,-0.000307640131440417,-0.000241511878887804,-0.000163883060673867,-0.000178258767750522,-0.000319140697101741,-0.000347892111255051,-0.000207010181903832,-0.000247262161718466,-0.000621030545711496,-0.0010206752024425,0.00351629795094981,0.000738911343740067,0.00322878380941671,0.0015583266471094,-0.00350479738528849,0.00400219685014075,-0.00175383626335191,0.00650069474006339,-0.0015957034855087,0.00204135040488501,-0.000678533374018116,0.000411145222392333,0.000445646919376305,-0.00154682608144808,0.00212760464734494,-9.2004525290592e-05,-0.00117880798028571,-0.00239499279897072,0.000281763858702438,0.00103792605093449,0.00118168312170104,0.00077628818213937,-8.3379101044599e-05,-0.000736036202324736,-0.000707284788171426,-0.000281763858702438
-0.000271720914359219,-0.000347685901169323,-0.00035060763143125,-0.000347685901169323,-0.000268799184097292,-0.000157773434144062,-0.000102260559167448,-0.000300938216978489,-0.000362294552478958,-0.000458711651122552,-0.000151929973620208,-0.000157773434144062,-9.64170986435937e-05,-0.000230816690692239,-0.000379824934050521,-0.000213286309120677,-0.000169460355191771,-0.000333077249859687,-0.000303859947240416,-0.000277564374883073,-0.00018991246702526,-0.000604798164218906,-0.00114823999293734,0.00290712161061745,0.000309703407764271,-0.00152514319672594,0.00301522563030875,-0.00191957678208609,-0.0074007427534613,-0.0019955417688962,-0.000479163762956041,-0.00300061697899911,0.000689528341814791,-0.000496694144527604,-0.00061064162474276,-0.000645702387885885,0.000236660151216094,-0.00191957678208609,0.000280486105145,0.00156604742039292,0.000467476841908333,-0.00115116172319927,0.000224973230168385,0.00109857057848458,-0.000423650887979427,0.0012943265060337,0.000254190532787656,0.000113947480215156,-0.000283407835406927
-0.000273299972114792,-0.000401038002559749,-0.000487186906813325,-0.000484216254942512,-0.0001604152010239,-0.000103972815478454,-0.000103972815478454,-0.000297065187081296,-0.000427773869397066,-0.000368360831980807,-5.94130374162592e-05,-0.000133679334186583,-7.42662967703239e-05,-0.000279241275856418,-5.94130374162592e-05,-0.00018120976411959,-0.000246564105277475,-0.000276270623985605,-0.000415891261913814,-0.000222798890310972,-0.000305977142693735,-0.000519864077392268,-0.00047233364745926,-0.00237355084477955,8.31782523827628e-05,-0.00417376587849221,-0.00018120976411959,-0.000900107516856326,-0.0109319988845917,-2.37652149665037e-05,-0.00689191234028606,-0.00212104543576045,-0.000484216254942512,-0.000166356504765526,-0.00111696510342567,-0.000154473897282274,-0.000187151067861216,-0.00216263456195183,-0.00116746618522949,-4.45597780621944e-05,0.00190121719732029,-0.000463421691846821,-0.00214183999885614,-0.00243593453406663,-0.00113775966652136,-0.00129520421567445,0,-0.000204974979086094,-0.000344595617014303
-0.000314277373746638,-0.000377737228060862,-0.000417021899779192,-0.000380759125885349,-8.15912412611463e-05,-0.000139007299926397,-3.62627738938428e-05,-0.000380759125885349,-0.000553007301881103,-0.000296145986799716,-6.95036499631987e-05,-9.97226282080677e-05,-5.74160586652511e-05,-0.000208510949889596,6.95036499631987e-05,-0.000163182482522293,-0.0002538394172569,-0.000202467154240622,-0.000456306571497522,-0.000132963504277424,-0.000274992702028308,-0.000495591243215852,0.00013598540210191,-0.00317299271571124,0.000761518251770699,-0.00187659854900636,-0.00291008760498088,-2.71970804203821e-05,-0.0014082043862109,0.00208208760107147,-0.00520068615594195,-0.000546963506232129,0.000205489052065109,-0.000287080293326255,0.000211532847714083,-0.00103953285162349,-0.00135683212319462,0.00135683212319462,-0.00129035037105591,-0.00244169344218542,-0.00264113869860155,2.71970804203821e-05,0.000317299271571124,-0.00203675913370417,3.0218978244869e-06,-0.000637620440966736,-0.000824978106084924,-0.000951897814713373,-0.000332408760693559
-0.0004766961923553,-0.000449017058605637,-0.000310621389857324,-0.000246036744441445,-0.000202980314164192,-0.000129169290831759,-5.22828081938071e-05,-0.000452092517911155,-0.000485922570271854,-0.000390583331800794,-0.000196829395553156,-8.91883198600238e-05,-6.76601047213974e-05,-0.000209131232775228,-0.000126093831526241,-0.000292168634024216,-0.000264489500274553,-0.000335225064301469,-0.000298319552635252,-0.000138395668748313,-0.000246036744441445,-0.000445941599300119,-0.000319847767773879,-0.000390583331800794,0.000279866796802144,0.00096876968123819,-0.00139933398401072,-0.000833449471795395,0.00596331559339952,0.00147314500734315,-0.00530209184271314,8.91883198600238e-05,0.000445941599300119,-8.91883198600238e-05,0.000159923883886939,-0.000608940942492576,0.000218357610691782,0.00100259973359889,0.000547431756382215,0.000851902227628503,-0.00142086219914934,-0.000725808396102263,-9.8414697776578e-05,0.00288478082857594,0.000651997372769829,0.000673525587908456,-0.00028601771541318,-0.00058741272735395,-0.000218357610691782
-0.00046030508341535,-0.000306870055610233,-0.000385153233061824,-0.00022545555106058,-0.000259900149139279,-0.00011272777553029,-9.08084858438446e-05,-0.000369496597571506,-0.000507274989886304,-0.000535456933768877,-0.000206667588472198,-0.000165960336197371,-0.000178485644589626,-0.00034757730788506,-0.000281819438825725,-0.000310001382708297,-0.000297476074316043,-0.000428991812434714,-0.000256768822041216,-0.000250506167845089,-0.000360102616277315,-0.000472830391807605,-0.000980105381693909,0.00117111633467579,-0.0012650561476177,0.000817276372594601,0.00153748160514923,-0.00293718481798366,0.00337870193881063,-0.000344445980786997,-0.00346637909755641,-0.000206667588472198,0.000300607401414106,0.000228586878158643,-0.000735861868044948,0.000222324223962516,-0.000519800298278559,-0.0023829399216264,0.000598083475730149,0.000115859102628353,0.00226394949189999,-0.000469699064709541,-0.00164394672648339,0.00140909719412862,7.2020523255463e-05,0.000344445980786997,0.000272425457531534,5.63638877651449e-05,-0.000316264036904424
-0.000334896616892712,-0.000354033566429438,-0.000519887129081067,-0.00029024373464035,-5.42213570207247e-05,-0.000118011188809813,-0.000108442714041449,-0.000315759667355985,-0.000513508145902158,-0.00042101288980798,-0.00013076915516763,-0.000137148138346539,-0.000108442714041449,-0.000255159327156352,-0.000197748478546173,-0.000220074919672353,-0.000216885428082899,-0.000325328142124348,-0.000334896616892712,-0.000287054243050896,-0.000232832886030171,-0.000934521035710138,-0.000975984426373045,0.00140337629935993,-0.00152138748816975,-0.000867541712331596,0.000893057645047231,-0.001993432243409,-0.00208273800791372,-6.37898317890879e-05,0.00466303670378233,-0.00108442714041449,0.000727204082395602,-0.000360412549608347,-0.00102701629180432,-0.000526266112259975,-0.000816509846900325,-0.00172870444148428,-0.00141613426571775,-0.000861162729152687,-0.00115140646379304,-0.00100150035908868,-0.000146716613114902,-0.00421969737284817,-0.00114183798902467,-0.000293433226229804,-0.000315759667355985,-0.000124390171988721,-0.00044971831411307
-0.000328244219956744,-0.000568739985073566,-0.000519990843495832,-0.000383493247078176,-0.000103998168699166,-6.82487982088279e-05,-0.000110498054242864,-0.000285994963922708,-0.000545990385670624,-0.000178746852451692,-1.94996566310937e-05,-0.000129997710873958,-5.84989698932811e-05,-0.000250245593432369,-0.000168997024136145,-0.00024699565066052,-0.00021774616571388,-0.000334744105500442,-0.000419242617568515,-0.000295744792238254,-0.00021774616571388,-0.000783236208015597,-0.000532990614583228,0.000415992674796666,0.000181996795223541,-0.00074423689475341,-0.0018654671510413,0.00217421171436695,-0.00254795513312958,0.00188496680767239,0.00474816638967132,-0.00095873311769544,-0.000263245364519765,-0.000669488211000884,-0.000688987867631977,-0.000575239870617264,-0.000256745478976067,0.00201496451854635,-0.00168672029858961,-3.24994277184895e-05,-0.00148847378950682,-0.000380243304306327,0.00049399130132104,-0.0015534726449438,-0.000474491644689947,-0.00113423002737528,-0.000640238726054243,-0.000698737695947524,-0.000386743189850025
-0.000334579694639497,-0.000390895088786739,-0.000311391002931809,-0.00031801634341972,-0.000258388279028522,2.65013619516433e-05,-0.000112630788294484,-0.000354455716103229,-0.000516776558057045,-0.000288202311224121,-0.000125881469270306,-6.62534048791083e-05,-0.000155695501465905,-0.000327954354151586,-0.000255075608784567,-0.000149070160977994,-0.000410771110250472,-0.000314703673175764,-0.000321329013663675,-0.000165633512197771,-0.000344517705371363,-4.63773834153758e-05,-0.000278264300492255,-0.00114949657465253,0.00175571522929637,0.000142444820490083,-0.000910984317087739,0.00450191886153541,0.000987175732698714,0.0033954870000543,-0.00431972199811786,0.000904358976599828,-0.00107330515904155,-0.000225261576588968,0.000642658027327351,-0.00118924861757999,-0.00091760965757565,0.000265013619516433,0.0020505428810084,-0.0011296205531888,-2.98140321955987e-05,-0.000539965249764733,-0.00102030243513827,0.00395864094152672,0.000503525877081223,-0.000185509533661503,-0.000337892364883452,-0.000785102847817433,-0.000288202311224121
-0.000364787626984692,-0.000172260823853882,-0.000412074911964189,-0.000327633331643659,-0.000226303435259022,-0.000155372507789776,-0.000121595875661564,-0.000341143984494943,-0.000398564259112904,-0.000486383502646256,-0.000199282129556452,-0.000172260823853882,-0.000179016150279525,-0.000337766321282122,-0.000300612025941089,-0.000175638487066704,-0.000391808932687262,-0.000395186595900083,-0.000307367352366731,-0.000124973538874385,-0.000391808932687262,6.75532642564244e-05,-0.000516782471561647,-0.00163816665821829,0.000314122678792374,-0.00128351202087206,0.00217183744584405,0.0014490175183003,0.00350263675169561,0.00291830101587754,-0.00513404808348826,0.00142537387581056,0.000645133673648854,-0.000472872849794971,-0.00041545257517701,-0.000945745699589942,-0.000131728865300028,-0.00273590720238519,-0.000530293124412932,-0.000148617181364134,-0.000445851544092401,0.000462739860156508,-0.000814016834289915,0.000290479036302625,2.70213057025698e-05,0.00110787353380536,0.000300612025941089,-0.000503271818710362,-0.000199282129556452
-0.000378940154525914,-0.000337601228577632,-0.000509846753362138,-0.000413389259482815,-0.000223919182219858,-0.000313486855107801,-0.000161910793297436,-0.000296262302629351,-0.000427168901465575,-0.000492622200883688,-0.000230809003211238,-0.000299707213125041,-0.000141241330323295,-0.000344491049569012,-0.000316931765603491,-0.000306597034116421,-0.00026870301866383,-0.000458173095926786,-0.000478842558900927,-0.000175690435280196,-0.000358270691551773,-0.000702761741120785,-0.000950795296810474,-0.00127117197290966,-0.00277659785952624,-0.00251822957234948,0.000781994682521658,-0.00405121474293159,0.00293850865282368,0.000358270691551773,0.00171901033734937,0.000313486855107801,0.00116437974754326,-0.000471952737909547,-0.00153298517058211,0.00102658332771566,0.000316931765603491,-0.00026525810816814,-0.00283860624844866,0.000788884503513038,0.00120227376299585,-0.000726876114590616,3.44491049569012e-06,-0.00394786742806088,-0.000506401842866448,0.000306597034116421,-0.000313486855107801,-0.000213584450732788,-0.000241143734698309
-0.000411184861065379,-0.000530674478810873,-0.000509588075679315,-0.0002670944396664,-0.000249522437056768,-9.84032146139368e-05,-0.000238979235490989,-0.000390098457933821,-0.000618534491859031,-0.000544732080898579,-0.000158148023486684,-0.000140576020877053,-8.43456125262315e-05,-0.00029520964384181,-0.000168691225052463,-0.000217892832359431,-0.000337382450104926,-0.000372526455324189,-0.000474444070460052,-0.000175720026096316,-0.000140576020877053,-0.00118786737641109,-0.00106486335814367,-0.000625563292902884,-0.00292398123424269,8.08312120043052e-05,-0.00311024446190479,-0.00399235899290829,-0.000889143332047357,-0.00243899396221686,0.00308212925772938,0.000720452106994894,-0.000593933688205547,0.000235464834969063,0.000369012054802263,-0.000660707298122147,-0.00225975953559862,0.00147253381868713,0.00165528264582729,-0.000586904887161694,-0.000685308101775631,-0.0029380388363304,-0.000882114531003505,-0.0004006416594996,-0.000439300065240789,-0.00258308438361584,-0.00102269055188056,-0.000344411251148779,-0.000393612858455747
-0.000498470865565734,-0.000405231710855597,-0.000487712501560719,-0.000473368016220697,-0.00025820073612038,1.43444853400211e-05,-0.000107583640050158,-0.000505643108235745,-0.000720810388336062,-0.000613226748285903,-0.00012192812539018,-0.000114755882720169,-3.58612133500528e-06,-0.000297648070805439,-0.000157789338740232,-0.000215167280100317,-0.00031199255614546,-0.000487712501560719,-0.000294061949470433,-0.000236684008110349,0.000294061949470433,-0.000491298622895724,-0.00116548943387672,0.00195443612757788,6.45501840300951e-05,0.00235966783843348,-0.00246725147848363,0.00213732831566315,-0.00424955378198126,-0.00246007923581362,0.000294061949470433,0.00121210901123179,-0.00107583640050158,0.000125514246725185,5.73779413600845e-05,-0.00202615855427799,-0.000720810388336062,-0.000896530333751321,0.00102921682314652,-0.00118342004055174,-0.00290475828135428,0.00164602969276743,-0.000136272610730201,0.00215167280100317,-1.43444853400211e-05,-0.000971838881786432,0.000301234192140444,-0.000885771969746305,-0.000530745957580782
-0.000461167634915956,-0.000391626483619105,-0.000464827695510527,-0.000618550240482512,-0.000172022847944841,-0.000117121939026274,6.58810907022794e-05,-0.000446527392537671,-0.00061123011929337,-0.000494108180267095,-0.000252544181025404,-0.000223263696268836,-7.32012118914215e-06,-0.000252544181025404,-9.15015148642769e-05,-0.000303785029349399,-0.000333065514105968,-0.000541688967996519,-0.000311105150538542,-0.000175682908539412,-0.000161042666161127,0.000344045695889681,-0.00117853951145189,0.00233877871993092,0.000936975512210196,-0.0004428673319431,0.0004428673319431,0.00596223870855628,-0.000380646301835392,7.32012118914215e-06,-0.000801553270211066,0.000607570058698799,-0.0011638992690736,-0.000501428301456238,-0.00153356538912528,0.000662470967617365,0.00152624526793614,-0.00316229235370941,-0.00362712004921994,0.000234243878052549,-0.000113461878431703,0.00117853951145189,-0.000230583817457978,0.000131762181404559,-0.00034038563529511,0.00275236556711745,0.000450187453132243,-0.000534368846807377,-0.000322085332322255
-0.000526804986576901,-0.000362411941120279,-0.000515596369841222,-0.000467025697319948,-0.0001756016621923,-0.000119558578513907,-7.0987905992632e-05,-0.000343730913227482,-0.000515596369841222,-0.000373620557855958,-0.0001756016621923,-0.000164393045456622,-8.59327283068704e-05,-0.000227908540292134,-5.23068780998341e-05,-0.00044460846384859,-0.000336258502070362,-0.000336258502070362,-0.000396037791327316,-0.000145712017563824,-0.00117690475724627,0.000145712017563824,-0.000960204833689812,-0.00271248525003426,-0.00139360468080272,-0.00365774526140983,0.000384829174591637,0.00306368857441886,0.0062768253719801,0.000840646255175906,-0.00106855479546804,0.00194282690085098,-0.00209601132957193,-0.000470761902898507,-3.73620557855958e-05,-7.84603171497512e-05,-0.00209601132957193,0.0011096530568322,-0.000254061979342052,0.000145712017563824,0.0026713869886701,-0.00271248525003426,-0.00159535978204494,-0.00286940588433376,-0.000571639453519616,-0.000145712017563824,-0.00171865456613741,7.47241115711916e-05,-8.966893388543e-05
-0.000602697823291225,-0.0003356798003141,-0.000541665132325025,-0.000434857923134175,-0.000362381602611813,-0.000156396270600888,-0.00016783990015705,-0.0002746471093479,-0.000461559725431888,-0.0005187778732127,-0.00010680720919085,-0.000133509011488563,-0.0001525817274155,-0.000324236170757938,-0.0002441307638648,-0.000347123429870263,-0.00028990528208945,-0.000446301552690338,-0.000328050713943325,-0.000225058047937863,-0.00104899937598156,-0.0007934249825606,-0.000926933994049163,-0.0050657133501946,-0.0025023403296142,-0.0029906018573438,-0.00105662846235234,-0.00252904213191191,0.00764815908670194,-0.000972708512273813,0.00194541702454763,0.00307833635060771,-0.000907861278122225,-0.000164025356971663,0.000236501677494025,-0.00164406811290201,-0.00158303542193581,0.00262822025473199,0.00220862050433936,-0.00184242435854216,-0.00178520621076135,-0.00203315151781154,-0.000118250838747013,-0.000801054068931375,0.000843014043970638,-0.00277317289577671,-0.00108714480783544,-0.000678988686998975,-0.000282276195718675
-0.000486882492025827,-0.000537518271196514,-0.000607629350048233,-0.000459617072472381,-0.000260969015725844,-0.000237598656108604,-0.000148012277575852,-0.000370030693939629,-0.000630999709665472,-0.000572573810622373,-0.000159697457384471,-0.000370030693939629,-0.000233703596172397,-0.000237598656108604,-0.000315499854832736,-0.000249283835917224,-0.000358345514131009,-0.000615419469920646,-0.000334975154513769,-0.000194752996810331,-0.00027654925547067,-0.000954289684370622,-0.000494672611898241,-0.000307709734960323,-0.00139443145716197,-0.00144896229626886,-0.0016476103530154,-0.00338480708456355,0.00331859106564804,-0.00262137533706706,0.00813288514679942,0.000798487286922357,0.000615419469920646,-0.000486882492025827,-0.00144896229626886,-0.000183067817001711,0.00146454253601369,-0.00431962146925314,-0.00169045601231367,-0.000802382346858564,-0.00397296113493075,0.00162034493346195,0.000366135634003422,0.0026486407566205,0.000654370069282712,-0.000370030693939629,0.00157360421422747,-0.00105166618277579,-0.000444036832727555
-0.000533017424947882,-0.000604616780537896,-0.000525061940993436,-0.000620527748446788,-0.000171042905020589,-0.000135243227225582,-0.000206842582815596,-0.000489262263198429,-0.000692127104036802,-0.000497217747152875,-0.000246620002587826,-0.000286397422360056,-0.000103421291407798,-0.00023866451863338,-0.000163087421066143,-0.000385840971790631,-0.000302308390268948,-0.000457440327380645,-0.00043755161749453,-0.000151154195134474,0.00035799677795007,-0.000270486454451164,0.000751793233695147,0.00345268003622956,-0.00095465807453352,-0.00442324907867198,-0.00141209840191417,0.000851236783125722,-0.00549723941252219,-0.00237073421842491,0.00816630427923882,-0.00107001259187299,-0.000942724848601851,-0.00059666129658345,-0.000417662907608415,-0.000262530970496718,-0.00187351647127203,-0.00111376775362244,-0.000906925170806844,0.00219173582944987,0.00235880099249324,-9.5465807453352e-05,-0.00166667388845644,-0.000906925170806844,-0.00190136066511259,0.00206444808617874,-0.00043755161749453,-0.000282419680382833,-0.000413685165631192
-0.0004834464347676,-0.000475321284603439,-0.000520009610506326,-0.000532197335752568,-0.000312818281320212,-0.000134064977708662,-0.000235629354760679,-0.000398132358043906,-0.000678450038707472,-0.000475321284603439,-0.000288442830827728,-0.000166565578365308,-8.93766518057748e-05,-0.000507821885260084,3.25006006566454e-05,-0.000227504204596518,-0.000268129955417324,-0.000438758108864713,-0.000410320083290148,-0.00030469313115605,0.000597198537065859,0.000162503003283227,-0.000195003603939872,0.00078813956592365,-0.00167378093381724,0.000897829093139828,-0.00162909260791435,0.00204347526628658,-0.0109567649963716,-0.00108064497183346,0.00133658720200454,-0.000706888064282037,-0.00170628153447388,-0.000629699137722504,-0.000414382658372228,-0.000865328492483183,-0.00203535011612242,0.00184847166234671,-0.000138127552790743,-0.000731263514774521,0.00139752582823575,-0.00357100349714891,-0.000394069782961825,-0.003172871139105,-0.00144221415413864,-0.000471258709521358,-0.00244160762433048,-0.00036156918230518,-0.00030063055607397
-0.000390057197505086,-0.000373459018887849,-0.000568487617640392,-0.000419104010085252,-0.000248972679258566,-0.000136934973592211,-0.000253122223912875,-0.00051039399248006,-0.000788413484318792,-0.000493795813862822,-0.000224075411332709,-0.000128635884283592,-0.000207477232715471,-0.000456449911974037,-0.000136934973592211,-0.000203327688061162,-0.000186729509443924,-0.00036515992957923,-0.000431552644048181,-0.000248972679258566,-0.000265570857875804,-0.000174280875480996,-0.00436532097633352,-0.0023776890869193,-0.00257271768567185,0.02124151908541,-0.00302916759764588,-0.0020664732378461,-0.00412879693103788,-0.00129880747679885,-0.00307481258884329,-0.000207477232715471,0,-0.00107058252081183,-0.00065562805538089,0.000224075411332709,0.000991741172379954,-0.00188804281771079,-0.000709572135886913,-0.00329473845552169,-0.00348976705427423,0.00115772295855233,0.000593384885566248,0.00133615337868764,0.00219510912212969,-0.00314950439262086,0.000302916759764588,-0.000937797091873931,-0.000356860840270611
-0.000517113559040033,-0.000457772658822324,-0.000623079452285941,-0.000432340844443306,-0.000330613586927234,-5.51022644878723e-05,-0.00012715907189509,-0.000474727201741669,-0.000690897623963322,-0.00068242035250365,-0.000457772658822324,-3.39090858386907e-05,-0.000118681800435417,-0.000241602236600671,-0.000288227229628871,-0.000322136315467561,-0.000296704501088543,-0.000339090858386907,-0.00058917036644725,-0.000114443164705581,-0.00123768163311221,-0.00097064758213252,-0.00368337444922777,-0.00236515873724867,-0.00155981794857977,0.0138900092866737,-0.00220832921524473,-0.00331885177646185,0.00533644238386394,-0.0036748971777681,-0.00342481766970776,-0.000224647693681326,7.20568074072177e-05,-0.000529829466229542,0.00108085211110826,-0.00105542029672925,-2.5431814379018e-05,0.000271272686709525,3.39090858386907e-05,0.000924022589104321,-0.00219561330805522,0.00123344299738237,-0.0015047156840919,0.00247536326622442,0.00130549980478959,0.00113595437559614,0.00136907934073714,-0.00104270438953974,-0.000517113559040033
-0.000562878287342854,-0.000614836283097579,-0.000614836283097579,-0.000571537953301975,-0.000381025302201316,-0.000121235323427692,-9.95861585298895e-05,-0.000363705970283075,-0.0006234959490567,-0.000545558955424612,-0.000497930792649448,-0.000186182818121098,-0.000147214321305054,-0.000277109310691867,-0.000281439143671427,-0.000281439143671427,-0.000480611460731206,-0.000303088308569229,-0.0004156639660378,-0.000168863486202856,-0.00102184058317626,-0.000783699769300435,0.0039704568422569,-0.00180554035247669,-0.000632155615015821,-0.030672536827206,0.000112575657468571,-0.000818338433136918,0.00282305110267339,-0.0049879675924536,-0.00093524392358505,-0.00121235323427692,-0.000515250124567689,0.000112575657468571,-0.00161502770137603,-0.00166698569713076,-0.00172327352586505,-0.00106946874595142,-0.0002078319830189,0.00237274847279911,0.00314778857614042,-0.00358077187409646,-0.00160636803541691,-0.00331232222936372,-0.00322139573679295,0.00221254465255537,-0.00113441624064483,-0.000402674467099119,-0.000454632462853844
-0.000645775623950576,-0.000575005692558732,-0.000442312071199025,-0.000588275054694703,-0.000318464691263298,-0.000318464691263298,-0.0003626958983832,-0.000521928244014849,-0.000636929382526596,-0.000504235761166888,-0.000243271639159464,-0.000287502846279366,-0.000331734053399269,-0.000287502846279366,-0.000336157174111259,-0.000269810363431405,-0.000406927105503103,-0.000305195329127327,-0.000322887811975288,-0.000141539862783688,-0.000384811501943152,-0.000132693621359707,0.00638256318740193,-0.000411350226215093,-0.00248579384013852,-0.0345047646742359,-0.00225579156311503,-0.000937701590941933,-0.00452042936765403,-0.00504235761166888,0.00402503984791113,-0.00265387242719415,0.000283079725567376,-0.000490966399030918,-0.00230444589094692,0.000597121296118684,-0.00186213381974789,-0.00193732687185173,-0.000946547832365913,-0.00276002732428192,-0.000442312071199025,-0.000557313209710771,-0.000207886673463542,-0.00285291285923371,-0.000959817194501884,-0.00364465146667997,-0.0022248297181311,9.73086556637855e-05,-0.000345003415535239
-0.000736512708778843,-0.000402144975959,-0.000659698499887798,-0.000456366770470326,-0.000325330767067955,-0.000393108010207113,-0.000456366770470326,-0.000546736427989203,-0.000736512708778843,-0.000655180017011854,-0.000456366770470326,-0.000167183866409921,-0.000239479592425023,-0.00036599711295145,-0.000234961109549079,-0.000316293801316068,-0.000478959184850045,-0.000605476705376472,-0.000438292838966551,-0.000189776280789641,-4.51848287594382e-06,-0.000140072969154259,-0.00291442145498377,0.00176220832161809,-0.00535892069086937,0.0238756635164872,-0.00802030710480029,-0.0018254670818813,-0.00490707240327499,-0.00450492742731599,0.00388137679043574,-0.00258005372216392,-0.000609995188252416,-0.000912733540940652,0.00171250500998271,-0.000853993263553383,0.000203331729417472,0.000510588564981652,-0.0012787306538921,-0.00151821024631712,-0.0055577339374109,0.00163117231821572,0.000492514633477877,0.00368256354389422,0.00264331248242714,-0.00187517039351669,0.000388589527331169,-0.000885622643684989,-0.000347923181447674
-0.000452358500204413,-0.000433894887951171,-0.000641610525800136,-0.00055390836759724,-0.000304649602178482,-0.00027695418379862,-0.000313881408305103,-0.000456974403267723,-0.000932412418788687,-0.000673921847243309,-0.000484669821647585,-0.000166172510279172,-4.61590306331033e-05,-0.000456974403267723,-6.00067398230343e-05,-0.000323113214431723,-0.000530828852280688,-0.00055852427066055,-0.000406199469571309,-0.000350808632811585,-4.1543127569793e-05,-0.00027695418379862,-0.00966108511150853,0.00124629382709379,-0.0025018194603142,0.0517442733397088,-0.00800397591178012,-0.00191559977127379,-0.00272799871041641,-0.00254336258788399,-0.00316189359836758,-0.000793935326889377,-0.00165710919972841,-0.000632378719673516,0.000263106474608689,-0.00176789087324786,-0.000235411056228827,0.000775471714636136,-0.000817014842205929,0.00179558629162772,0.00171711593955144,-0.00290801892988551,-0.00161556607215862,0.00108473721987793,-0.000664690041116688,0.0035311658434324,0.00182789761307089,-0.00128783695466358,-0.000336960923621654
-0.000537551554353565,-0.000612997386543539,-0.000353652338390503,-0.000509259367282324,-0.000240483590105542,-0.000249914319129289,-0.000245198954617415,-0.00041966744155673,-0.000650720302638526,-0.000551697647889185,-0.000273491141688656,-0.000292352599736149,-0.000141460935356201,-0.000358367702902376,-0.000188614580474935,-0.000287637235224276,-0.000424382806068604,-0.000424382806068604,-0.000381944525461743,-0.000429098170580477,-0.000480967180211084,-0.000320644786807389,-0.00209833720778365,-0.00192386872084434,0.0107510310870713,0.00597436683654357,0.00887903137585756,-0.00421082050910292,-0.0016645236726913,0.00389017572229553,-0.00621013506213723,-0.000462105722163591,0.000518690096306071,-0.000495113273746704,-0.00271604995883906,0.000447959628627971,-0.00140517862453827,-0.00153720883087072,4.24382806068604e-05,-0.000848765612137207,0.00220207522704487,-0.00132501742783642,-0.00220207522704487,-0.00517275486952509,-0.00147590909221637,-0.000174468486939315,-0.00162680075659631,-0.000235768225593669,-0.000292352599736149
-0.000717710666121065,-0.000626190514065359,-0.00036126375811463,-0.000423882809521166,-0.000187857154219608,-0.000216758254868778,-0.000322728957249069,-0.000366080608222825,-0.000496135561144092,-0.000409432259196581,-6.26190514065359e-05,-0.000236025655301558,-0.000134871803029462,-0.000515402961576872,-0.000457600760278531,-0.000476868160711312,-0.00034199635768185,-0.000558754612550628,-0.000457600760278531,-0.000236025655301558,-0.000645457914498139,-0.000587655713199798,0.00867996389496751,-0.00337179507573655,0.0103273266319702,-0.0425279696052542,0.0278702947260167,-0.00541413952161126,-0.000549120912334238,0.0176874735972923,-0.00131018322942906,-0.00216276569857958,0.00184003674133052,-0.000520219811685067,3.85348008655605e-05,-0.00115122717585862,-0.00034199635768185,-0.00183040304111413,0.00033236265746546,-0.00197009169425178,-0.00425327864553624,0.00135835173051101,0.00202789389555012,-0.000510586111468677,0.000472051310603117,-0.00366080608222825,-0.00342478042692669,-0.000255293055734339,-0.000438333359845751
-0.000541237662961668,-0.000644564853163441,-0.000615042798820077,-0.000511715608618304,-0.000359184994510925,-0.000147610271716818,-0.000314901912995879,-0.000452671499931577,-0.000851219233566986,-0.000472352869493819,-0.000103327190201773,-0.000270618831480834,-0.000123008559764015,-0.000605202114038956,-0.00031982225538644,-0.00040346807602597,-0.000418229103197652,-0.000501874923837183,-0.000467432527103258,-0.000246017119528031,-0.000314901912995879,-0.000738051358584092,0.00658833846096066,-0.00173196052147734,-0.0154892378454848,-0.0287052775065306,0.00599789737409339,-0.00290300201043076,-0.00344423967339243,0.0177476750027521,0.00137769586935697,-0.00290300201043076,0.00047727321188438,-0.000432990130369334,0.000610122456429516,-0.00200257935295817,-0.00109723635309502,-0.000231256092356349,-0.00122024491285903,0.000492034239056061,-0.00244541016810863,-0.00194353524427144,-3.93627391244849e-05,0.00380342466790336,-6.3964451077288e-05,0.000334583282558122,0.00107755498353277,-0.00149578408673043,-0.000531396978180546
-0.000517659825854226,-0.000472427413886381,-0.000834286709629141,-0.000567918061374054,-0.000346781825086812,-0.000185955471423363,-0.000371910942846725,-0.000628227943997847,-0.000854390003837072,-0.000708641120829571,-0.000321652707326898,-0.000392014237054656,-0.000190981294975345,-0.000311601060222932,-0.000241239530495173,-0.000201032942079311,-0.000512634002302243,-0.000492530708094312,-0.000472427413886381,-0.000577969708478019,-0.000160826353663449,-0.000407091707710605,-0.00535752790641364,0.00143738553586707,-0.0236766547533909,0.0207767545638968,-0.0378142964051184,-0.000432220825470519,-0.00746334797469442,-0.00703615297277589,-0.00331704354430863,-0.00270389307096673,0.000432220825470519,-0.000477453237438364,-0.00147256630073095,0.00126148171154768,-0.00229177553970415,-9.54906474876727e-05,-0.00153287618335475,0.000366885119294743,0.00275415130648656,-0.00109562953433225,-0.00440262143153691,-0.00190981294975345,-0.000834286709629141,0.00199525195013716,0.00284461613042225,-0.00135697235903535,-0.00041714335481457
-0.000600593226862094,-0.000230997394946959,-0.000580060125089031,-0.000523594095213108,-0.000220730844060428,-0.000246397221276757,-0.00020533101773063,-0.000672459083067815,-0.000826457346365788,-0.000487661167110247,-0.000446594963564121,-0.000256663772163288,-9.23989579787837e-05,-8.21324070922522e-05,-0.000261797047606554,-0.000354196005585338,-0.000487661167110247,-0.00047226134078045,-0.000554393747872702,-0.000518460819769842,-0.00050819426888331,-0.000400395484574729,-0.00932716148041389,0.00303889906241333,0.0101741519285527,0.0371187147302547,-0.0252711150071973,5.64660298759234e-05,-0.00207897655452263,-0.0157591556108259,-0.00753564835071414,-0.00181204623147281,0.000713525286613941,-0.000184797915957567,-0.000323396352925743,5.13327544326576e-06,0.000384995658244932,-0.000287463424822883,-0.00081105752003599,-0.0019044451894516,-0.000610859777748626,0.00087265682535518,0.00156564901019606,-0.00409635380372608,-0.00112932059751847,-0.00181204623147281,-0.00276683546392025,0.000159131538741239,-0.000390128933688198
-0.00081261533429984,-0.00047184116185152,-0.000466598482275392,-0.000477083841427648,-0.000408929006937984,-0.000267376658382528,-9.96109119464321e-05,-0.00049805455973216,-0.000875527489213376,-0.000555724035069568,-0.00047184116185152,6.8154834489664e-05,-8.3882873218048e-05,-0.000256891299230272,-0.000256891299230272,-0.000534753316765056,-0.000461355802699264,-0.000482326521003776,-0.000477083841427648,-0.00041941436609024,-0.000964653042007553,-0.000665820306168256,-0.000152037707707712,-0.000361744890752832,0.0335898480442521,0.00263706782679239,0.0297312358762219,-0.00139979544682618,0.00830440444858676,0.00459782998826426,-0.00634888496669101,0.000256891299230272,-0.000346016852024448,0.000503297239308288,-0.000875527489213376,-0.00354405139346253,0.000917468925822401,-0.00101707983776883,0.00132115525318426,-0.000193979144316736,-0.00434093868903399,-0.00199221823892864,0.00257939835145498,0.00171435622139386,0.00111669074971526,-0.00155707583411002,-0.00343395512236384,0.000146795028131584,-0.000277862017534784
-0.000953015048496221,-0.000556817781143859,-0.000605003935281309,-0.000562171798270242,-0.000481861541374494,-0.00021416068505533,-0.000208806667928947,-0.00052469367838556,-0.000669252140797908,-0.0010226172711392,-0.000299824959077463,-3.74781198846828e-05,-0.000160620513791498,-0.00047650752424811,-0.000380135215973212,-0.000530047695511943,-0.00050863162700641,-0.000615711969534075,-0.000519339661259176,-0.000267700856319163,-0.000856642740221322,-0.00075491641482004,0.00750097799406295,-0.00413330122156788,0.00624278396936288,-0.0226528464617276,0.0408993368284417,-0.00379064412547935,0.00870563184749918,0.0135724334153816,-0.00319634822445081,0.00114575966504602,0.000315887010456612,3.74781198846828e-05,-0.000348011113214912,-0.00052469367838556,-0.00334090668686316,-0.000289116924824696,0.000107080342527665,-0.000540755729764709,0.000487215558500877,-0.00173470154894818,-0.00517733456121261,0.00286439916261504,0.00107615744240304,0.000787040517578339,0.00229687334721842,-0.00149377077826093,-0.000572879832523009
-0.000902099374634622,-0.000634203196712825,-0.000721679499707698,-0.000667006810335903,-0.000393643363476926,-0.000442848783911542,-0.000295232522607695,-0.000841959416325648,-0.000841959416325648,9.2943571932052e-05,-0.000256961640047438,-0.00023509256429872,-0.000267896177921797,-0.000437381514974362,-0.00034443794304231,-0.000486586935408978,-0.000595932314152569,-0.000601399583089748,-0.000453783321785901,-0.000240559833235899,-0.000224158026424361,-0.000847426685262827,0.00322568867293592,-0.00185340416970386,-0.02896012356024,-0.00422619888843978,0.00225251480211797,-0.00399110632414106,0.000164018068115386,0.00666460083442185,0.00115906101468206,-0.000420979708162824,0.00136681723429488,-0.000497521473283337,0.000174952605989745,0.00170032063946283,-0.000317101598356413,-0.00273910173752694,-0.00354825754022951,-0.000759950382267955,0.000973173870817956,0.00177686240458335,-0.00219784211274617,-0.00315461417675259,-0.00308900694950643,-0.00022962529536154,0.00167845156371412,-0.00186433870757822,-0.000787286726953852
-0.000759208511032147,-0.000815032666255099,-0.000524747059095749,-0.000641977785063948,-0.000228879036414103,-0.00041868116417214,-0.000541494305662634,-0.000742461264465262,-0.000921098561178708,-0.000111648310445904,-0.000228879036414103,-0.000161890050146561,-0.00027912077611476,-0.000362857008949188,-0.00041868116417214,-0.000240043867458694,-0.000552659136707225,-0.000591736045363291,-0.000441010826261321,-0.000374021839993778,-0.000156307634624266,-0.00107182378028068,-0.00330478998919876,0.00170263673430004,-0.0208000802360719,0.00528654749961355,-0.0293076814920498,-0.000413098748649845,-0.00470597628529485,0.000764790926554442,0.00574430557244176,-0.000904351314611822,-0.000374021839993778,-6.14065707452472e-05,-0.00315406477009679,-0.00136769180296232,-0.000909933730134118,-0.000100483479401314,0.000217714205369513,0.000273538360592465,-0.0023222848572748,-0.00126162590803872,0.00452733898858141,-0.00336061414442171,-0.00180870262922364,-0.000602900876407882,-0.00330478998919876,4.46593241783616e-05,-0.000262373529547874
-0.000706730196616991,-0.000541446521601727,-0.000547145958671219,-0.000370463409516971,-0.000267873542266117,-8.54915560423779e-05,-0.000376162846586463,-0.000632637514713596,-0.00079792118972886,-0.0018181204251679,-0.000250775231057642,-0.000205179734501707,-9.68904301813616e-05,-0.000296370727613577,-0.000450255528489857,-0.00039896059486443,-0.000359064535377987,-0.000655435262991564,-0.00055284539574071,-0.000159584237945772,-0.000467353839698333,-0.00100310092423057,-0.00294660896492729,0.00101449979836955,0.0152003986643348,-0.0104641664595871,-0.0207459509329504,0.00192071029241876,-0.00187511479586282,-0.00577922918846475,0.00376732790293412,0.000746626256103434,-0.00155594631997128,-0.000592741455227153,-0.000324867912961036,-0.0029409095278578,-0.00229117370193573,0.0022398787683103,0.00266733654852219,-0.000621238640574613,-0.00184091817344587,-0.00419478568314601,-0.00198910353725266,0.00243935906574252,0.00425178005384093,-0.000359064535377987,-0.00200620184846113,3.9896059486443e-05,-0.000199480297432215
-0.00084947376281279,-0.000564376404060552,-0.000872747016588483,-0.000488738329289551,-0.00050619326962132,-0.000145457836098081,-0.000203640970537313,-0.00054110315028486,-0.000878565330032406,-0.00166985595840596,-0.000418918567962472,-0.00018036771676162,5.81831344392322e-06,-0.000471283388957781,-0.000482920015845627,-0.000680742672939017,-0.000413100254518549,-0.000634196165387631,-0.000558558090616629,-0.000302552299084007,-0.000517829896509167,-0.000552739777172706,-0.00108802461401364,-0.000482920015845627,0.0298479479673261,-0.000820382195593174,0.0135217604436776,-0.00115784437534072,0.00391572494776033,0.000226914224313006,-0.00239714513889637,0.00198404488437782,-0.000430555194850318,-0.00102984147957441,0.00247278321366737,-0.0013033022114388,0.0023564169447889,-0.00357244445456886,-0.00213532103391982,-0.00235059863134498,-1.74549403317697e-05,0.00131493883832665,-0.00567285560782514,0.0020305913919292,0.000616741225055861,-0.000401463627630702,0.00247860152711129,-0.00233314369101321,-0.000389827000742856
-0.000914609725506329,-0.000718621927183544,-0.000736438999758343,-0.000700804854608745,-0.000587963394968354,-0.000320707306346375,-0.000118780483831991,-0.000403853645028769,-0.000878975580356732,-0.000807707290057537,-0.000445426814369965,-0.000166292677364787,5.34512177243958e-05,-0.000617658515926352,-0.000498878032094361,-0.000433548765986766,-0.00077207314490794,-0.000724560951375144,-0.000582024370776755,-0.000201926822514384,-0.000635475588501151,-0.000605780467543153,-0.000350402427304373,-0.000659231685267549,0.00593902419159954,0.0196165969048533,0.0228889992344246,-0.00503035349028481,0.00712089000572785,0.0114444996172123,-0.00284479258777618,0.00188860969292865,-7.12682902991945e-05,-0.00064141461269275,-0.00292793892645857,0.00103339020933832,-0.0012234389834695,-0.00222713407184983,-0.00446020716789125,-0.00111059752382911,-0.000760195096524741,0.00143130483017549,0.00246469503951381,-0.00400290230513809,-0.0064438412478855,5.34512177243958e-05,9.50243870655926e-05,-0.00149069507209148,-0.000635475588501151
-0.000981970863950924,-0.000721324276605926,-0.000763755116406274,-0.000624339499919415,-0.000442493043632206,-0.000284892781516626,-0.000339446718402789,-0.000557662465947438,-0.000975909315408017,0.000363692912574416,-0.000345508266945695,-0.000175784907744301,-0.000115169422315232,-0.000448554592175113,-0.000290954330059533,-0.000484923883432555,-0.000745570470777553,-0.000618277951376508,-0.000460677689260927,-6.06154854290694e-06,-0.000691016533891391,-0.00101227860666546,0.00270345065013649,-0.00143658700466894,-0.0210456965409729,0.00021821574754465,-0.0032368669219123,-0.00544327059153043,0.00444917663049369,-0.00133354067943953,0.00141840235904022,0.000636462597005228,-5.45539368861624e-05,-0.000460677689260927,-0.00223671141233266,0.000169723359201394,-0.00580090195556194,0.00143052545612604,0.0019215108881015,0.00390969881017497,-0.0024428040627915,-0.00421277623732032,0.00343689802382823,-0.00210941889293161,0.000981970863950924,-0.000691016533891391,-0.00420065314023451,0.000715262728063019,-0.00067283188826267
-0.000866021158265349,-0.00075467558077409,-0.000797976638687357,-0.000575285483704839,-0.000420638848300312,0.00011753144290744,-0.000327850867057596,-0.000686631061196098,-0.000958809139508065,0.000191761827901613,-0.000494869233294485,-0.000197947693317794,-0.000136089039155983,-0.000309293270809053,-0.00023506288581488,-0.000668073464947555,-0.000420638848300312,-0.000593843079953382,-0.00046393990621358,-0.00017320423165307,-0.000692816926612279,-0.00147223596905109,0.00325995107432742,-0.00223309741524136,-0.0111469294799583,-0.0215824844370557,-0.0110417697678832,-0.00458991213880635,-0.000562913752872477,-0.0171905199915672,0.00406411357843096,-0.000142274904572164,-4.33010579132674e-05,-0.000878392889097711,0.00157120981570999,-0.0026475503981255,0.00136707625697602,-0.00207226491442066,0.00312386203517144,-0.00256094828229896,-0.000884578754513892,-0.000884578754513892,-0.00418783088675458,0.00290117088018892,0.0052579856037539,-0.00152790875779672,-0.000321665001641415,-0.000569099618288658,-0.000154646635404527
-0.000883673478986818,-0.000467084553178747,-0.000946793013200163,-0.000624883388712107,-0.000624883388712107,-6.94314876346786e-05,-0.000119927115005354,-0.000738498550296127,-0.000877361525565484,-0.00219024783720304,-0.000574387761341432,-0.000189358602640033,0.000119927115005354,-0.000284037903960049,-0.000220918369746705,-0.000675379016082783,-0.000448148692914744,-0.000984664733728169,-0.00075743441056013,-0.000340845484752059,-0.000833177851616143,-0.00147068514717092,-0.0017420991442883,-0.000984664733728169,0.0101559330549271,-0.00527679306023557,0.00392603502807001,-0.00600266770368903,-0.00048602041344275,-0.0120179593142207,0.00470240529889414,0.000511268227128088,-0.00195039360719234,-0.00110459184873352,-0.00121189505689621,-0.00232279885905107,0.00372405251858731,-0.00162217202928295,-0.00665279890608648,-0.0040522740964967,-0.000561763854498763,0.00138862975269357,-0.00602160356395303,0.00048602041344275,-0.00364830907753129,2.52478136853377e-05,0.00338951898725658,-0.00262577262327512,-0.000126239068426688
-0.00103680632902941,-0.000708376994989041,-0.00109476444680125,-0.000663298458944284,-0.000470104733038182,-0.000586020968581843,-0.0003155497523133,-0.00061178013203599,-0.00092732988434929,-0.00207361265805883,-0.000463664942174645,-0.000173874353315492,6.43979086353674e-05,-0.000547382223400623,-0.000309109961449763,-0.000579581177718306,-0.000618219922899527,-0.000740575949306725,-0.000804973857942092,-0.000360628288358057,-0.000618219922899527,-0.000933769675212827,-0.00504235624614927,0.000598900550308917,0.00685837726966663,0.00649130919044503,-0.00214445035755773,0.00785010506265128,0.00126863880011674,-0.00830733021396239,0.00319413626831422,0.00106256549248356,-0.00307822003277056,-0.000173874353315492,-0.00174518332401846,0.000804973857942092,-0.00455937193138401,0.00373507870085131,-0.000759895321897335,0.00301382212413519,-0.00122356026407198,-0.00421806301561656,0.00332937187644849,-0.00331005250385788,-0.00336157083076618,0.00112052361025539,-0.00223460742964725,-0.00103680632902941,-0.000586020968581843
-0.000873724314344065,-0.00100511142928302,-0.000880293670091013,-0.000689782353429525,-0.000387591989069924,-0.000400730700563819,-0.000466424258033298,-0.000499271036768037,-0.00103795820801776,-0.000328467787347393,-0.000223358095396227,-0.000177372605167592,-0.000137956470685905,-0.000512409748261933,-0.000453285546539402,-0.000532117815502777,-0.000407300056310767,-0.000663504930441734,-0.00055182588274362,-0.000118248403445061,-0.000328467787347393,-0.000755475910899004,-0.00195109865684351,3.28467787347393e-05,0.00111022112123419,-0.00636570571879247,-0.010583232108333,0.0397774490477693,-0.000624088795960047,-0.00686497675556051,0.00119562274594451,0.000236496806890123,-0.000893432381584909,0.000177372605167592,0.000413869412057715,0.000571533949984464,-0.00417154089931189,-0.0038430731119645,0.00698979451475252,-0.000709490420670369,-0.00104452756376471,0.000289051652865706,0.0038299344004706,-0.00190511316661488,0.00371825535277249,-0.000716059776417317,-0.00538687171249724,0.00107737434249945,-0.000972264650548283
-0.000837578222312789,-0.000817476344977282,-0.000837578222312789,-0.000790673841863273,-0.00043554067560265,-0.000140713141348549,-0.000569553191172697,-0.000596355694286706,-0.000904584480097813,0.000616457571622213,-0.000381935669374632,-0.000194318147576567,-0.000221120650690576,-0.000335031288925116,-0.000616457571622213,-0.000536050062280185,-0.000455642552938157,-0.000844278848091292,-0.000529349436501683,-0.000194318147576567,-0.000314929411589609,-0.00138702953614998,0.00237202152558982,-0.00251943529271687,0.00777942652884119,-0.00702225581587043,0.00263334593095141,0.0233784833411946,-0.00112570513078839,0.00783303153506921,0.00474404305117964,-0.00105199824722486,0.000743769461413757,7.37068835635255e-05,-0.000609756945843711,-0.00292817346520551,0.00222460775846277,-0.00402037546710139,-0.00532029686813084,-0.00109890262767438,-0.00184267208908814,0.00300858097454754,-0.00649290637936874,0.00331680976035865,0.000120611264013042,-0.00281426282697097,0.00264674718250841,-0.000529349436501683,-0.000783973216084771
-0.000881531609955121,-0.000676524258802768,-0.000874698031583376,-0.000574020583226591,-0.000512518377880885,-1.36671567434903e-05,-0.000492017642765649,-0.000765360777635454,-0.00109337253947922,-0.000225508086267589,-0.000608188475085316,-0.000184506616037118,-0.000287010291613295,-0.000512518377880885,-0.000526185534624375,-0.000717525729033238,-0.000676524258802768,-0.000758527199263709,-0.000649189945315787,-0.000328011761843766,-0.000601354896713571,-0.00203640635478005,0.00259675978126315,-0.00388147251515123,0.000164005880921883,0.00589737813481604,0.00149655366341218,-0.0428875378610724,-0.00268559630009584,0.0106193807896919,0.00753060336566313,-0.00211157571686924,-0.000341678918587256,-0.000710692150661493,-0.0017562296415385,-0.0016810602794493,0.00108653896110748,0.00335528698052686,-0.00597254749690524,-0.00222091297081717,0.000259675978126315,-0.00578804088086812,-0.0035739614884227,0.00172889532805152,-0.00311611173751578,-0.000498851221137394,0.00453749603883876,-0.00283593502427423,-6.83357837174513e-05
-0.000787405543531138,-0.000752564590277548,-0.000905864784593345,-0.000564423442708161,-0.000766500971578984,-0.000195109338220105,-0.000397186867090928,-0.000801341924832574,-0.00124033793582781,-0.0015469383244594,-0.000536550680105289,-8.36182878086165e-05,-2.09045719521541e-05,-0.000508677917502417,-0.000292664007330158,-0.000689850874421086,-0.00064107353986606,-0.000836182878086165,-0.000877992021990473,-0.0004250596296938,-0.00107310136021058,-0.00165146118422018,0.000264791244727285,-0.00193715700089961,-0.014333568168527,0.0076092641905841,-0.0144659637908906,-0.0415164798969781,-0.0092328526122014,-0.00909348879918704,0.00299632197980876,-0.00275243530703363,-0.00144938365534935,-0.001853538713091,0.000209045719521541,0.000801341924832574,-0.00569997995228736,-0.0017768886159331,0.00608323043807685,-0.00245977129970347,-0.00199290252610536,-0.00213923452977044,0.00442480106320595,-0.00503800184046914,3.48409532535902e-05,0.00222982100822977,-0.00592296205311033,-0.00157481108706228,-0.000397186867090928
-0.00085253273446747,-0.00105856147863044,-0.00115091919153108,-0.000589668474673333,-0.000433370806687631,-0.000383639730510361,-0.000234446501978554,-0.00078859277938241,-0.00100883040245317,-0.00121485914661614,-0.000809906097744096,-9.94621523545382e-05,0.000149193228531807,-0.000518624080134378,-0.000568355156311647,-0.000554146277403855,-0.000753070582112932,-0.000959099326275904,-0.000682026187573976,-0.000412057488325944,-0.000966203765729799,-0.00131432129897068,-0.0028986112971894,-0.000639399550850602,-0.00453263237158538,-0.0030478045257212,-0.00631584667451317,0.0281335802374265,-0.00811326985634876,-0.0179458140605402,-0.00201055636545245,-0.00186136313692064,-0.00131432129897068,-0.00180452762128948,-0.00120065026770835,-0.000504415201226586,7.10443945389558e-06,-0.000362326412148675,0.000703339505935663,0.00350248865077052,-0.00317568443589133,0.0035309064085861,-0.000753070582112932,-0.00333198210387703,-0.000781488339928514,-0.000355221972694779,-0.00507256977008145,0.000994621523545382,-0.00102303928136096
-0.00123843352882712,-0.000934256872623965,-0.00106461829671103,-0.000622837915082643,-0.000224511341483278,-0.000304176656203151,-0.000333145861555833,-0.000753199339169708,-0.000861833859242262,-0.00102840679002018,-0.00054317260036277,-5.06961093671919e-05,-5.06961093671919e-05,-0.000427295778952046,-0.0005359302990246,-0.000593868709729962,-0.00054317260036277,-0.000709745531140687,-0.000492476490995578,-0.000296934354864981,-0.000854591557904092,-0.00139776415826686,-0.00425123088550595,-0.00181781763588074,0.00984952981991157,-0.0174032501156232,0.0123843352882712,0.0482120000081995,0.00371530058648135,-0.00541724140095136,-0.0037515120931722,7.24230133817027e-06,-0.000869076160580433,-0.00107910289938737,-0.00183230223855708,-0.00384566201056841,0.000622837915082643,-0.00148467177432491,-0.00741611657028636,0.00113704131009273,0.00145570256897222,-0.00336042782091101,-0.00538102989426051,0.00594592939863779,0.00136155265157601,-0.00343285083429271,0.0056272681397583,-0.000144846026763405,-0.000673534024449835
-0.00125489793909066,-0.000457668660138948,-0.000893192062529237,-0.000848901547031919,-0.000487195670470493,-0.000324797113646995,-0.000450286907556061,-0.000752938763454398,-0.000900573815112123,-0.00104082711418696,-0.000162398556823498,-0.000155016804240611,-0.000184543814572156,-0.000398614639475858,-0.000597921959213786,-0.000723411753122853,-0.000568394948882242,-0.00064959422729399,-0.000863665052197692,-0.000250979587818133,-0.000752938763454398,-0.00138776948558262,-0.00171256659922961,-0.00349895072428808,0.0037573120646891,-0.0173397368171998,0.00677644887108958,0.0099875112446451,0.00676906711850669,0.00678383062367247,-0.00339560618812768,-0.000524104433384924,-0.000147635051657725,-0.000701266495374194,0.00171256659922961,-0.000686502990208422,-0.00431094350840557,-0.00514508155027172,0.00169780309406384,-0.00673215835559226,-0.00124013443392489,-0.0029527010331545,0.00226619804294608,0.00168303958889807,0.00265004917725616,-8.11992784117488e-05,0.00168303958889807,-0.00284197474441121,-0.000383851134310085
-0.000977959995209689,-0.000624389843095417,-0.00114346091747594,-0.000917777841658324,-0.000564207689544052,-0.000263296921787224,-0.000278342460175065,-0.000895209534076562,-0.0010531876871489,-0.00153464491555982,-0.000300910767756828,-0.00032347907533859,-0.0002181603066237,-0.000473934459217003,-0.000488979997604845,-0.000835027380525196,-0.000707140304228545,-0.00121116584022123,-0.000744754150198148,-0.000203114768235859,-0.0006544809198711,-0.0017828962989592,0.00219664860462484,-0.00230949014253365,-0.00288122060127162,0.00824495503653707,-0.0166554109953404,-0.0253366866451249,-0.00458888920829162,0.00620628458498457,-0.000458888920829162,-0.00373129352018466,0.000406229536471717,-0.00102309661037321,-0.00245994552641206,0.00272324244819929,0.000526593843574448,0.00203114768235859,0.00242985444963638,-0.000744754150198148,-0.00313699475386493,0.00239224060366678,0.000526593843574448,-0.00983225933645434,-0.00613857966223928,0.00255774152593303,-0.00740992765601188,-0.00166253199185647,-0.000511548305186607
-0.000988827171107779,-0.00126477893978902,-0.000981161844199966,-0.000774198017689036,-0.000521242229731232,-0.000229959807234367,-0.000268286441773428,-0.000613226152624979,-0.0010654804401859,-0.00160971865064057,-0.000567234191178106,-0.000245290461049992,-0.000145641211248432,-0.000643887460256228,-0.000160971865064057,-0.000475250268284359,-0.000835520632951534,-0.00128777492051246,-0.0003756010184828,-0.000367935691574987,-0.000774198017689036,-0.00213862620727961,0.00354138103140925,-0.00361036897357956,-0.000145641211248432,0.0257325024295257,-0.0243987355475664,-0.0272962291187194,-0.0124638215521027,-0.000559568864270293,0.0033190865510827,-0.00516643033586545,-0.000367935691574987,-0.000528907556639044,-0.0040089659727858,-0.00472184137521234,-0.000360270364667175,0.00460686147159515,-0.00292048955187646,0.0062625720836826,7.66532690781224e-06,-0.00235325536069836,-0.00448421624107016,0.000904508575121844,-0.00182434780405931,-0.00353371570450144,-0.00190100107313743,0.00088917792130622,-0.00118046034380308
-0.000890271736336684,-0.00102303155666759,-0.00089808113753262,-0.000601323892087058,-0.000531039281323636,-0.00018742562870246,-0.000812177724377326,-0.000531039281323636,-0.00106988796384321,-0.000445135868168342,-0.000640370898066738,-0.00018742562870246,-0.000210853832290267,-0.00061694269447893,-0.00042951706577647,-0.000640370898066738,-0.00100741275427572,-0.0010464597602554,-0.000577895688499251,-0.000554467484911443,-0.000585705089695187,-0.00179616227506524,-0.000171806826310588,-0.00589609790293155,-0.00341270832262395,0.0069113200584032,-0.00227253574801732,0.0105036446085337,-0.00823110886051636,0.000148378622722781,0.00194454089778802,-0.00347518353219144,-0.000968365748296042,0.00018742562870246,0.00242872377193604,-0.00378755958002887,-0.00354546814295486,-0.0053416304180201,-0.00183520928104492,-0.00442012107689968,-0.00192111269420021,-0.00268643401140192,-0.00118702898178225,0.00834044047725946,0.00901204898010994,-0.00213196652649048,0.00516201419051358,-0.000968365748296042,-0.00106207856264727
-0.000962551039515492,-0.000493207970660831,-0.00105801064674017,-0.000453433134317215,-0.000485253003392108,-0.000373883461629984,-0.000684127185110184,-0.000867091432290815,-0.0009307311704406,0.0002068291489868,-0.000564802676079338,-0.000167054312643185,-0.0001034145744934,-0.000644352348766569,-0.000652307316035292,-0.00080345169414103,-0.000668217250572738,-0.000922776203171877,-0.000715947054185077,-0.000564802676079338,-0.000692082152378907,-0.00127279476299569,-0.00586281087704891,0.00676172217841461,-0.00768449838158649,-0.0172225041367855,0.0215340963964334,0.0258138687870064,0.000604577512422954,0.00876637393013283,-0.0043434121287228,-0.00122506495938335,0.000381838428898708,-0.000421613265242323,0.000294333788942754,0.00385815912533069,-0.000715947054185077,-0.00660262283304015,0.000564802676079338,-0.00614123473145421,-0.00251376965691649,0.00138416430475781,-0.000119324509030846,-0.00605373009149826,-0.00302288756211477,0.00478889029577129,-0.000501162937929554,-0.00231489547519841,-0.000246603985330415
-0.00100464800991103,-0.000348386003436888,-0.00115858601142965,-0.000664364006554066,-0.000388896003836526,-0.000405100003996381,-0.000405100003996381,-0.000793996007832908,-0.00109377001079023,-0.000502324004955513,-0.000542834005355151,-0.000251162002477757,-0.000283570002797467,-0.00064816000639421,-0.000534732005275224,-0.000866914008552256,-0.000607650005994572,-0.00100464800991103,-0.000672466006633993,-0.000275468002717539,-0.000745384007353342,-0.00157178801550596,-0.00613321406050522,0.0125662021239678,-0.00371881803668678,-0.0155153301530614,0.01343311613252,-0.0183996421815156,0.00505564804987484,0.0152479641504238,-0.00853140608416379,-0.00030787600303725,0.00117479001158951,-0.00103705601023074,-0.00388896003836526,-0.000534732005275224,0.000664364006554066,0.00388085803828533,-0.000696772006873776,0.00414012204084302,0.00156368601542603,-0.0017581340173443,-0.00013773400135877,-0.00550936005435079,-0.00859622208480322,-0.00140974801390741,-0.00668415006594029,5.67140005594934e-05,-0.00013773400135877
-0.000882800753410005,-0.000354770396230189,-0.00101480834270496,-0.000866299804748136,-0.000569282728834489,-0.000198011383942431,-0.000610535100489162,-0.000800296010100659,-0.00136957873893515,-0.0021203719030502,-0.000618785574820097,-0.000148508537956823,-0.000354770396230189,-0.000387772293553927,-0.00023101328126617,-0.00087455027907907,-0.000717791266791313,-0.00099830739404309,-0.000833297907424397,-4.95028459856078e-05,-0.00100655786837402,-0.00203786715974085,0.00140258063625889,-0.0127799847386177,0.00174910055815814,-0.000519779882848881,-0.0129037418535818,-0.0306422616650912,0.00130357494428767,0.0138607968759702,-0.00624560906851751,0.000189760909611496,0.000189760909611496,-0.000635286523481966,-0.00129532446995674,-0.0065756280417549,-0.00286291459283432,0.00206261858273366,-0.00269790510621562,0.00241738897896385,-0.00261540036290628,-0.00395197720451769,-0.00127882352129487,0.00588258819795639,0.00582483487763985,-0.00680664132302107,-0.000684789369467574,0.000264015178589908,-0.00087455027907907
-0.00103324483043897,-0.000739232073809997,-0.000890438634362042,-0.000369616036904999,-0.000697230251434429,-0.000268811663203635,-0.00039481713033034,-0.000999643372538519,-0.001108848110715,-0.00281412209916306,-0.000831636083036247,3.36014579004544e-05,-8.40036447511361e-06,-0.000655228429058861,-0.000554424055357498,-0.000688829886959316,-0.000697230251434429,-0.000756032802760225,-0.000898838998837156,-0.000445219317181021,-0.00176407653977386,-0.00179767799767431,0.00614906679578316,-0.0276203983941735,0.00629187299186009,0.0113656931348287,-0.0193964415730373,0.00613226606683293,-0.0035197527150726,0.00249490824910874,-0.00213369257667886,0.00183967982004988,-0.000100804373701363,-0.000672029158009089,0.000529222961932157,0.000730831709334884,-0.00203288820297749,-0.00477140702186453,0.000319213850054317,-0.00572904857202748,-0.00710670834594611,0.00158766888579647,-0.00253691007148431,0.000730831709334884,0.00336854615452056,0.00281412209916306,0.00504861904954328,-0.00192368346480102,-0.00111724847519011
-0.00108605887972119,-0.00100909407722126,-0.00101764572194348,-0.000487443749166204,-0.000684131577777128,-0.00033351414416635,-0.000641373354166058,-0.000966335853610193,-0.000991990787776836,-0.000983439143054622,-0.000838061182776982,-0.000119723026110997,-0.000128274670833212,-0.000820957893332554,-0.000803854603888125,-0.000820957893332554,-0.000829509538054768,-0.000906474340554695,-0.000641373354166058,-0.000572960196388345,-0.00173598387860946,-0.00154784769472075,-0.000102619736666569,0.00584077334527223,0.00370286216471871,0.0151620660924856,-0.00247142532471988,0.00524215821471724,-0.00128274670833212,-0.0100567341933238,-0.00148798618166525,0.00338645130999678,-0.000247997696944209,-0.0014537796027764,-0.000273652631110851,0.00164191578666511,-0.000624270064721629,-0.00401927301944063,-0.0011544720374989,-0.00387389505916299,0.00318121183666365,-0.00241156381166438,-0.00105185230083233,-0.00597759966082766,-0.00765372202638162,0.00524215821471724,-0.00085516447222141,-0.00230039243027559,-0.000735441446110413
-0.00100969752896516,-0.000853020326194704,-0.00123600904407804,-0.000818203170023491,-0.000548370209696595,-0.000739864568638264,-0.000713751701509854,-0.000705047412467051,-0.00127082620024925,-0.000156677202770456,-0.000809498880980688,-0.000400397295968943,-0.000330762983626518,-0.000635413100124626,-0.000661525967253036,-0.000826907459066295,-0.000809498880980688,-0.00109674041939319,-0.000705047412467051,-0.000348171561712124,-0.00128823477833486,-0.00124471333312084,-0.00712010843701294,0.0365841268469014,-0.0106888669445622,0.00573612647920724,0.0135786909067728,-0.00948767505665538,0.0030987268992379,-0.00710269985892733,-0.0025155395333701,0.00287241538412502,-0.000809498880980688,-0.00127082620024925,-0.00219348083878638,-0.00474383752832769,-0.00100969752896516,0.00213255081548676,0.00201939505793032,0.00397786009256102,0.0025155395333701,-0.00498755762152618,0.00163640634004698,0.000330762983626518,0.000635413100124626,-0.00644117389167429,-0.00660655538348755,-0.000539665920653792,-0.000705047412467051
-0.00100098464252004,-0.000806102676719681,-0.00155019745523016,-0.000602362439746575,-0.000602362439746575,-0.00077952786320145,-0.000690945151474012,-0.000912401930792606,-0.00131102413356607,-0.00103641772721102,-0.000363189118082494,-0.000487204914500906,-0.000363189118082494,-0.000248031592836825,-0.000726378236164987,-0.000797244405546937,-0.000859252303756144,-0.00129330759122059,-0.000885827117274375,-0.000522637999191881,-0.00104527599838376,-0.00120472487949315,-0.00522637999191881,0.0079370109707784,-0.015519691094647,-0.00918602720613527,0.0127293356752328,0.00498720667025473,0.00285236331762349,0.00639567178672099,-0.00285236331762349,0.00144389820115723,9.74409829001812e-05,-0.000407480473946212,-0.00104527599838376,-0.00142618165881174,-0.00189567003096716,0.00154133918405741,-0.00166535498047582,0.00264862308065038,-0.00815846775009699,0.00429626151878072,-0.00657283721017586,0.00265748135182312,0.00523523826309156,-0.00428740324760797,-0.00248031592836825,-4.42913558637187e-05,-0.000416338745118956
-0.000991492107948578,-0.00100951923718401,-0.00134302112803944,-0.000612922394004575,-0.000657990217093147,-0.00041462397241486,-0.000730098734034862,-0.00132499399880401,-0.00121683122339144,-0.00155934667886458,-0.000459691795503432,-0.00027040693853143,-0.000405610407797145,-0.000189284856972001,-0.000730098734034862,-0.000676017346328576,-0.000811220815594291,-0.00126189904648001,-0.000928397155624578,-0.000585881700151432,-0.00122584478800915,-0.00173961797121887,0.000342515455473145,-0.036288611150918,0.000757139427888005,-0.0103475721811361,0.00020731198620743,-0.00513773183209718,-0.00247873026987144,0.0124116784785927,-0.000657990217093147,0.00131598043418629,0.00128893974033315,-0.000387583278561717,0.000432651101650289,0.00118979052953829,-0.00230747254213487,-0.00503858262130232,-0.00510167757362632,-0.0082293844959732,-8.11220815594291e-05,-0.00242464888216516,-0.00306461197002288,-0.00126189904648001,-0.00374964288096917,0.00584980343689661,0.00466902647197603,-0.00157737380810001,-0.000369556149326288
-0.000981205264381066,-0.00109124697627427,-0.00111875740424757,-0.000962864979065533,-0.000440166847572815,-0.000247593851759708,-0.000559378702123786,-0.0010545664056432,-0.00101788583501213,-0.00178817781826456,-0.000852823267172329,-0.000128381997208738,-0.000623569700728154,-0.000687760699332523,-0.000761121840594659,-0.000852823267172329,-0.000751951697936892,-0.000953694836407765,-0.000889503837803397,-0.000669420414016989,-0.00155892425182039,-0.00213664323925971,0.00180651810358009,-0.024832746317233,0.0104447924871966,0.00446585947433252,-0.00629071786322815,-0.0355709833694781,-0.0069968188478762,0.00976620193052183,0.00456673104356795,0.00136635125600728,0.000238423709101941,-0.000201743138470873,-0.00143971239726942,-0.00271436222669903,0.00030261470770631,-0.00135718111334951,-0.000779462125910193,-0.00356718549387135,0.00249427880291262,-0.00507108888974514,0.00808806582415047,-0.00142137211195388,-0.0030811679330097,-3.66805706310679e-05,0.000917014265776698,-0.00219166409520631,-0.000641909986043688
-0.00135255686102913,-0.00106338953211945,-0.001119357402231,-0.000820862094969402,-0.000652958484634752,-0.000121263718575025,-0.000410431047484701,-0.000820862094969402,-0.000914141878488652,-0.000680942419690526,-0.000624974549578976,-0.000298495307261601,-0.000326479242317376,-0.000923469856840577,-0.000587662636171276,-0.000792878159913627,-0.000839518051673252,-0.00135255686102913,-0.000746238268154002,-0.000475726895948176,-0.001492476536308,-0.0021267790642389,0.000671614441338602,0.023394569706628,0.00146449260125223,0.0119957801605756,-0.00124994909915795,-0.0200458254782869,-0.00337672816339686,-0.00173500397345805,0.00600721805863971,0.000242527437150051,-0.000783550181561702,0.000289167328909676,-0.00207081119412735,-0.00166970812499458,-0.00341404007680456,0.00102607761871175,0.00250922617666783,0.00651092888964367,-0.00637100921436479,0.00183761173532923,-0.00505576426674336,-0.0016417241899388,0.00174433195180998,-0.00751835055165157,-0.00762095831352274,-0.000886157943432877,-0.000764894224857852
-0.00118588056785232,-0.000977165587910316,-0.0013756214587087,-0.000445891093512474,-0.000692554251625758,-0.000445891093512474,-0.000180253846313553,-0.000863321053396492,-0.00109101012242414,-0.000806398786139581,-0.000635631984368846,-0.000303585425370195,4.7435222714093e-05,-0.000901269231567767,-0.000692554251625758,-0.000863321053396492,-0.000749476518882669,-0.00129023805782333,-0.00105306194425286,-0.000445891093512474,-0.00138510850325152,-0.00201125344307754,-0.00205868866579164,0.0360697433517963,-0.00393712348526972,0.00369994737169925,0.00473403522686648,0.0189361409074659,0.00332995263452933,-0.0160520793664491,0.00136613441416588,0.000142305668142279,-0.000436404048969655,-0.000588196761654753,-0.000464865182598111,0.00158433643865071,-0.00150844008230816,-0.00194484413127781,0.00123331579056642,-0.00088229514248213,-0.00176459028496426,-0.00185946073039245,-0.011033432803298,-0.000151792712685098,0.000872808097939311,0.00136613441416588,-0.00228637773481928,3.79481781712744e-05,-0.000996139676995953
-0.00103226258316523,-0.00102261526930387,-0.00136991856831274,-0.000684959284156369,-0.000559544203958724,-0.00050166032079058,-0.000337655985147506,-0.00110944109405609,-0.00129274005742188,-0.00220923487425082,-0.000771785108908585,-0.000376245240592935,-1.92946277227146e-05,-0.000656017342572297,-0.00089720018910623,-0.000974378699997088,-0.00110944109405609,-0.000742843167324513,-0.00123485617425374,-0.000588486145542796,-0.00156286484553988,-0.00198734665543961,-0.00546037964552824,-0.00147603902078767,-0.00458247408414472,-0.00239253383761661,0.0075924360088882,0.0228351919098327,0.0058752141415666,-0.0132071726761982,-0.00229606069900304,0.00176545843662839,-0.000993673327719803,-0.00117697229108559,-0.000916494816828944,-0.00489118812770816,0.000540249576236009,-0.000569191517820081,-0.00706183374651355,-0.00765031989205635,0.00292313609999126,-0.00249865429009154,0.00490083544156951,0.00191016814454875,0.000733195853463155,0.00389751479998835,0.00676276701681147,-0.00118661960494695,-0.00116732497722423
-0.00123590360016136,-0.000990684631875379,-0.000804318215978031,-0.00101030214933826,-0.00111819849538409,-0.000343306555600379,-0.000833744492172349,-0.00115743353030985,-0.00131437367001288,-0.00239333713047121,-0.000735656904857955,-0.000627760558812121,-0.000304071520674621,-0.000461011660377652,-0.0010201109080697,-0.000794509457246591,-0.00119666856523561,-0.00125552111762424,-0.000951449596949622,-0.000372732831794697,-0.00175576781292765,-0.00178519408912197,-0.00407063487354735,-0.0325160351947216,-0.0093869821059875,0.000539481730229167,0.00302109768928333,-0.00153016636210455,0.00345268307346667,-0.00276606996226591,-0.00234429333681402,0.0019911780224822,-0.0012457123588928,-0.000716039387395076,-0.00184404664151061,-0.000902405803292425,-0.0059244902737894,-0.00558118371818902,-0.000284454003211743,-0.00198136926375076,-0.00558118371818902,-0.00188328167643636,0.00800394712485455,-0.00160863643195606,-0.00306033272420909,-0.0044826027402678,-0.00111819849538409,-0.00274645244480303,-0.000284454003211743
-0.00128630432733585,-0.000857536218223901,-0.00088745027234799,-0.00125639027321176,-0.0014259032465816,-0.000448710811861343,-0.000927335677846776,-0.00105696324571783,-0.00120653351633828,-0.00218372595105854,-0.000418796757737254,-0.000319083243990289,-0.000319083243990289,-0.000388882703613164,-0.00116664811083949,-0.000967221083345562,-0.00107690594846722,-0.00141593189520691,-0.000807679461350418,-0.000488596217360129,-0.00162533027407553,-0.00194441351806582,0.000408825406362557,-0.011137999485536,-0.0048660194708519,0.00207404108593688,-0.0104300335379326,-0.0204213276153785,-0.00408825406362557,-0.00788733893738495,0.0014259032465816,0.000468653514610736,-0.000109684865121662,-0.00121650486771298,-3.98854054987861e-05,0.00209398378868627,-0.000289169189866199,0.000388882703613164,0.00325066054815107,0.00625203731193472,-0.0045768502809857,-0.00408825406362557,-0.0107590881332975,-0.00433753784799299,-0.00495576163322417,-0.00222361135655732,-0.00910384380509792,-0.000957249731970866,-0.000348997298114378
-0.00135809855124662,-0.00115539727494115,-0.00113512714731061,-0.00114526221112588,-0.00101350638152733,-0.00080067004140659,-0.000618238892731671,-0.00131755829598553,-0.00141890893413826,-0.00107431676441897,-0.000557428509840031,-0.000121620765783279,-4.05402552610931e-05,-0.000374997361165112,-0.000912155743374596,-0.000861480424298229,-0.00143917906176881,-0.0010641817006037,-0.000962831062450962,-0.000587833701285851,-0.00130742323217025,-0.00228038935843649,0.00221957897554485,0.0220133586067736,0.00922290807189869,0.000233106467751286,-0.00711481479832185,-0.0131755829598553,-0.0107330325803744,-0.014128278958491,0.0062229291825778,-0.00136823361506189,-0.000962831062450962,-0.00169255565715064,-0.00266552178341687,-0.0072465706279204,0.00261484646434051,0.00359794765442202,-0.00529050331157266,5.06753190763664e-05,0.00206755301831575,0.00293916850642925,-0.00787494458446734,0.00120607259401752,0.0031114645912889,0.00186485174201028,0.000729724594699677,0.000587833701285851,-0.00168242059333537
-0.00120508454250298,-0.00115358520307978,-0.00145228137173436,-0.000968187581156242,-0.000679791280386298,-0.00109178599577193,-0.00114328533519514,-0.0012359841461569,-0.00128748348558011,0.000185397621923536,-0.000844589166540552,-0.000422294583270276,-0.00023689696134674,-0.000556192865770607,-0.000885788638079115,-0.00100938705269481,-0.00162737912577326,-0.0013595825607726,-0.000957887713271601,-0.000679791280386298,-0.00131838308923403,-0.00159647952211934,-0.000267796565000663,0.0132353302317635,0.0100320713196402,-0.003326857326739,0.015717598391962,0.0129984332704168,-0.00856949008002121,-0.00731290619809502,0.00613872125924596,-0.0032753579873158,-0.00252346763173701,-0.000669491412501657,-0.00262646631058342,-0.00178187714404287,-0.0056443276007832,-0.00640651782424662,-0.000896088505963756,-0.010124770130602,-0.00148318097538829,0.000247196829231381,0.00959947686848529,0.00344015587347005,0.00347105547712397,-0.000185397621923536,0.00695241082213259,-0.00217327212365922,-0.001462581239619
-0.00126635396239969,-0.00111983366922947,-0.00174777778281609,-0.000763998671530389,-0.000669807054492396,-0.000491889555642853,-0.000941916170379931,-0.00100471058173859,-0.00079539587720972,-0.000753532936303945,-0.000701204260171727,-0.000324437792019754,-0.000439560879510635,-0.000627944113586621,-0.000826793082889051,-0.000763998671530389,-0.00117216234536169,-0.0010779707283237,-0.000931450435153488,-0.000586081172680846,-0.00196755822257141,-0.00106750499309726,-0.00403977379740726,-0.00536892217116561,-0.00394558218036927,-0.00718996010056681,0.0168393679793479,0.0195813906086761,-0.00294087159863067,-0.00305599468612156,0.000230246174981761,-0.00379906188719906,-0.00123495675672035,-0.00120355955104102,0.00111983366922947,0.00614338657792244,-0.00216640719187384,-0.00360021291789663,0.00311878909748022,0.00174777778281609,-0.00321298071451821,-0.0105494611082552,-6.27944113586621e-05,-0.00276295409978113,-0.00526426481890117,-0.00213500998619451,-0.00458399202918233,-0.0031397205679331,-0.000774464406756832
-0.000999467906329568,-0.00115895746585024,-0.0013290796626723,-0.000648590875384081,-0.000627325600781325,-0.000223285383328946,-0.000308346481739973,-0.00104199845553508,-0.000871876258713027,-0.00271132251185149,-0.000552897139671676,-0.000297713844438595,-0.000595427688877189,-0.000499733953164784,-0.000712386699192352,-0.000446570766657892,-0.00104199845553508,-0.00101010054363095,-0.000893141533315784,-0.000637958238082703,-0.00219032328408395,-0.00203083372456327,-0.00553960403401814,-0.000595427688877189,-0.011717166306119,-0.00162679350711089,-0.00931419027600746,-0.000393407580151,-0.00356193349596176,-0.000552897139671676,-0.00271132251185149,-0.00456140140229133,-0.000606060326178568,-0.001573630320604,-0.001967037900755,-0.00508240063005887,0.00316852591581076,0.000861243621411649,-0.00497607425704508,0.00716639754112903,-0.00297713844438595,0.00158426295790538,-0.0110047796069266,-0.00335991338723557,-0.00127591647616541,-0.00128654911346678,-0.0094949451101309,-0.000744284611096487,-0.000829345709507514
-0.0012312621746999,-0.00106925399381834,-0.00116645890234728,-0.000810040904407832,-0.000626431632742056,-0.000756038177447309,-0.000399620179507864,-0.00115565835695517,-0.00177128944430512,-0.00205210362449984,-0.000907245812936771,-0.000421221270292072,-0.000421221270292072,-0.000486024542644699,-0.000939647449113085,-0.000756038177447309,-0.0012312621746999,-0.00125286326548411,-0.000939647449113085,-0.000777639268231518,-0.00174968835352092,-0.00248412544018402,-0.00230051616851824,-0.00206290416989194,-0.00554067978614957,0.0100445072146571,-0.0229187573220456,-0.00899685431162298,-0.00790599922702044,0.00778719322770729,0.000669633814310474,-0.00628591741820477,-0.000820841449799936,0.00046442345186049,-0.00386659525037338,-0.00852163031437039,-0.00556228087693378,0.000972049085289398,-0.00462263342782069,-0.00716076159496523,-0.00234371835008666,0.00698795286869156,-0.000140407090097357,0.000572428905781534,0.0046442345186049,-0.000615631087349952,0.00388819634115759,-0.000162008180881566,-0.00104765290303413
-0.00183189491156692,-0.000866585018046625,-0.00155765914636229,-0.000932401601695736,-0.000943371032303921,-0.000910462740479365,-0.000460716085543775,-0.00117372907507581,-0.00199643637068969,-0.000526532669192886,-0.00087755444865481,-6.58165836491108e-05,-0.000153572028514592,-0.00087755444865481,-0.00102015704656122,-0.0013273011035904,-0.000943371032303921,-0.00122857622811673,-0.00126148451994129,-0.000581379822233812,-0.00178801718913418,-0.000954340462912106,0.00266557163778899,-0.0110352471918342,0.00553956245713349,0.0080405926357997,-0.00945564918425558,0.00327985975184735,-0.0165419013571432,0.0033895540579292,0.000767860142572959,-0.00533114327557797,-0.000219388612163703,-0.000142602597906407,0.000329082918245554,0.0059015536672036,-0.0024352135950171,-0.00399287274137939,0.00425613907597583,-0.0081831952337061,-0.000734951850748403,-0.00996024299223209,0.00632936146092282,0.00252296903988258,-0.0039819033107712,-0.000109694306081851,0.00502399921854879,-0.00217194726042065,-0.00107500419960214
-0.00153721841696609,-0.0011584834446701,-0.00130329387525386,-0.000802027000156223,-0.000846584055720457,-0.000590380986226108,-0.000924558902957868,-0.0013478509308181,-0.00128101534747174,-0.00139240798638233,-0.000701773625136695,-7.79748472374105e-05,-0.000456709819533405,-0.000891141111284692,-0.00124759755579857,-0.00193823191704421,-0.00106936933354163,-0.00126987608358069,-0.00130329387525386,-0.000835444791829399,-0.00217215645875644,7.79748472374105e-05,0.00183797854202468,0.00123645829190751,0.00964660252965679,-0.0105043258492683,0.0105711614326147,0.0168425670032807,-0.00545823930661874,-0.012152936905145,-0.00286279082000207,-0.00217215645875644,-0.00154835768085715,-0.00287393008389313,-0.00121417976412539,0.000835444791829399,0.00451140187587875,-0.00194937118093526,0.00140354725027339,0.00468963009813569,-0.00208304234762797,-0.00741874975144506,-0.00434431291751287,-0.00169316811144091,-0.00357570370902983,-0.000222785277821173,-0.00739647122366294,-0.00320810800062489,-0.00100253375019528
-0.00141375200237973,-0.00139113197034165,-0.0010179014417134,-0.00100659142569437,-0.000701220993180345,-0.000848251201427836,-0.000814321153370723,-0.00148161209849395,-0.0014363720344178,-0.00154947219460818,-0.000791701121332647,-0.000452400640761513,-0.000667290945123231,-0.000735151041237458,-0.00127803181015127,-0.00168519238683664,-0.000972661377637253,-0.00105183148977052,-0.000995281409675328,-0.00108576153782763,-0.00212628301157911,-0.0012554117781132,-0.00286143405281657,0.016150702875186,0.00174174246693182,-0.0209687696992961,0.0147482608888253,0.0218057108847049,0.0505105315410229,-0.0116266964675709,-0.00574548813767121,-0.00159471225868433,-0.00253344358826447,-0.0016738823708176,-0.00468234663188166,-0.00783784110119321,-0.00675207956336558,-0.000633360897066118,-0.00781522106915513,0.00409422579889169,-0.00144768205043684,0.00841465191816414,-0.00838072187010703,-0.00532701754496681,0.00450138637557705,-0.00355134502997788,-0.00475020672799588,-0.000757771073275534,-0.000961351361618215
-0.00156150543527797,-0.000780752717638987,-0.00144668885915459,-0.00119409239168316,-0.000803716032863663,-0.00121705570690783,-0.00121705570690783,-0.000849642663313015,-0.00173373029946304,-0.00117112907645848,-0.000746307744801972,-0.000539637907779888,-0.000459266304493521,-0.000665936141515606,-0.00120557404929549,-0.00121705570690783,-0.00140076222870524,-0.00157298709289031,-0.00101038586988575,-0.000746307744801972,-0.00174521195707538,-0.00273263451173645,-0.00496007608853003,0.00428265828940209,-0.00616565013782553,-0.00750900407846908,-0.00312301087055595,0.00822086685043403,0.0571442099366064,0.00321486413145465,-0.00802567867102429,-0.0031689375010053,-0.000711862771964958,0.00011481657612338,8.03716032863663e-05,0.00186002853319876,-0.00463858967538457,-0.0037430203816222,-0.00141224388631758,-0.00567193886049499,-0.00360524049027414,-0.00186002853319876,0.00261781793561307,0.00270967119651178,0.000137779891348056,-0.00184854687558642,0.00380042866968389,0.000310004755533127,-0.000930014266599381
-0.00144511573312842,-0.0012586491869183,-0.00139849909657589,-0.000664287070873546,-0.00102556600415565,-0.000943986890188723,-0.00142180741485215,-0.000874061935359929,-0.00184135714382492,-0.00166654475675293,-0.000792482821393002,-0.000337970615005839,-0.000372933092420236,-0.000699249548287943,-0.0011887242320895,-0.00123534086864203,-0.00185301130296305,-0.00129361166433269,-0.00149173236968095,-0.000617670434321016,-0.00149173236968095,-0.00142180741485215,-0.00379925587903116,-0.0113861134779553,-0.00266880244263232,0.0117473924112374,-0.0193225958510235,-0.017516201184613,-0.0353703729842318,0.0150688277656052,-0.00546580063578409,-0.00236579430504087,0.000139849909657589,-0.00157331148364787,0.00195789873520624,-0.000617670434321016,0.00652632911735414,-3.49624774143972e-05,0.00237744846417901,-0.00588535036475685,-0.00546580063578409,-0.00967295208464988,0.00270376492004671,0.0025172983738366,-0.00518610081646891,0.00364775181023544,2.33083182762648e-05,-0.00298346473936189,-0.00134022830088522
-0.0017859511282606,-0.00114726661881641,-0.00136016145529781,-0.000780614400431785,-0.00101716421874445,-0.000792441891347418,-0.000638684509444188,-0.00159671127361047,-0.0016795037100199,-0.00136016145529781,-0.000721476945853619,-9.46199273250649e-05,-0.000201067345565763,-0.00109995665515388,-0.000579547054866022,-0.00145478138262287,-0.00125371403705711,-0.000851579345925584,-0.00136016145529781,-0.000922544291419382,-0.00165584872818863,0.000709649454937986,-0.00109995665515388,-0.00641050007627314,0.00269666792876435,0.0112715988425984,-0.0109995665515388,-0.0219754781212463,-0.0681263476740467,0.0191960177560725,0.00238915316495789,-0.00162036625544174,-0.00133650647346654,-0.0016085387645261,-0.00319342254722094,-0.00484927127540957,-0.00390307200215893,0.000295687272890828,-0.00386758952941203,0.000792441891347418,0.00190422603741693,0.0018569160737544,-0.00765238662241462,-0.00592557294873219,-0.000662339491275454,-0.00221174080122339,-0.00484927127540957,-0.003642867202015,-0.00133650647346654
-0.00145219639766502,-0.000840113618483893,-0.00124816880460464,-0.000996134719059473,-0.000576077909817527,-0.000360048693635954,-0.000636086025423519,-0.00148820126702861,-0.00135618341269543,-0.000852115241605092,-0.000720097387271908,0.000204027593060374,-0.000192025969939176,-0.000792107125999099,-0.000924124980332282,-0.00142819315142262,-0.00110414932715026,-0.00110414932715026,-0.000828111995362695,-0.000852115241605092,-0.00255634572481527,0.000696094141029511,0.00103213958842307,0.00136818503581663,0.000960129849695878,-0.00660089271665916,0.00114015419651385,0.000780105502877901,0.00840113618483893,0.0110534948946238,0.00528071417332733,-0.00303641064966321,-0.00171623210633138,-0.00181224509130097,-0.0055087450126301,0.00115215581963505,-0.00856915890853571,-0.00224430352366411,2.40032462423969e-05,0.00417656484617707,0.000492066547969137,0.00105614283466547,-0.00249633760920928,-0.000852115241605092,0.00230431163927011,-0.00796907775247579,-0.00220829865430052,-7.20097387271908e-05,-0.00055207466357513
-0.00130288825990068,-0.00125418215672682,-0.00132724131148761,-0.00101065164085754,-0.00108371079561832,-0.000474884505945108,-0.000365295773803929,-0.00142465351783532,-0.00169253708529154,-0.000840180279749037,-0.00070623849602093,0.000243530515869286,-0.000450531454358179,-0.000547943660705894,-0.00147335962100918,-0.00150988919838957,-0.00144900656942225,-0.00127853520831375,-0.00125418215672682,-0.000681885444434001,-0.00295889576781183,-0.00135159436307454,-0.000207000938488893,0.00232571642655168,0.000815827228162109,-0.0169010178013285,-0.000718415021814394,0.0213819792933233,0.0466360937889683,0.00172906666267193,-0.00164383098211768,-0.00202130328171508,-0.000511414083325501,-0.00283713050987718,0.00200912675592161,-0.00211871548806279,0.00450531454358179,-0.00488278684317919,-0.000316589670630072,-0.00462707980151644,-0.00761032862091519,-0.00578384975189555,0.00299542534519222,0.00323895586106151,-0.00172906666267193,0.00256924694242097,0.000986298589270609,0.000450531454358179,-0.000511414083325501
-0.00185282532577487,-0.00118580820849592,-0.00172930363738988,-0.000901708325210437,-0.0013834429099119,-0.00101287784475693,-0.000654664948440454,-0.00161813411784339,-0.00171695146855138,-0.00238396858583033,-0.000580551935409459,-0.000518791091216964,-0.000370565065154974,-0.000827595312179442,-0.00119816037733442,-0.0014204994164274,-0.00180341665042087,-0.00188988183229037,-0.00150696459829689,-0.000580551935409459,-0.00200105135183686,-0.00254454678073082,-0.00455795030140618,0.0029027596770473,0.0043603155999902,-0.00867122252462639,0.000555847597732461,0.0152919850220619,0.0258036807036247,0.00774480986173896,-0.00783127504360845,0.000765834467986946,-0.000494086753539965,-0.000506438922378465,0.00223574255976834,-0.00334743775523327,0.00161813411784339,-0.00216162954673735,-0.00302628136543229,-0.00749776648496898,-0.00329802907987927,-0.0014452037541044,-0.00196399484532136,-0.00235926424815334,-0.00127227339036541,0.00688015804304402,0.000914060494048936,-0.00300157702775529,-0.0013957950787504
-0.00129043776960317,-0.00157859377640776,-0.00164123638658267,-0.000701597233959004,-0.00085193949837879,-0.00085193949837879,-0.00116515254925335,-0.00103986732890352,-0.00159112229844274,-0.00339522947148018,-0.000977224718728612,-0.000350798616979502,-0.000275627484769609,-0.000902053586518719,-0.00131549481367313,-0.00177905012896747,-0.00149089412216288,-0.00165376490861765,-0.00146583707809292,-0.000601369057679146,-0.00167882195268762,-0.000801825410238861,-0.00613897579714128,0.00185422126117737,0.000927110630588683,0.0019043353493173,0.00462302463090843,-0.0173895885845553,-0.00175399308489751,0.012641278733297,-0.0061264472751063,0.00191686387135228,6.2642610174911e-05,2.50570440699644e-05,-0.00635196067173598,0.000977224718728612,-0.00942144857030662,0.00300684528839573,-0.00533715038690242,0.00300684528839573,0.00192939239338726,0.00250570440699644,-0.00414694079357911,-0.00131549481367313,0.000125285220349822,-0.00786791183796883,-0.00313213050874555,-0.00344534355962011,-0.00137813742384804
-0.00121973328378272,-0.00171524993031946,-0.000952916627955253,-0.000889388852758236,-0.000343049986063891,-0.00101644440315227,-0.000495516646536732,-0.000787744412443009,-0.00172795548535886,-0.001511961049689,-0.0014992554946496,0.000127055550394034,0,-0.000762333302364203,-0.00120702772874332,-0.00205829991638335,-0.000876683297718833,-0.00125784994890093,-0.00142302216441318,-0.000686099972127782,-0.00213453324661977,0.000749627747324799,-0.00327803320016607,-0.00170254437528005,-0.00682288305615961,-0.000304933320945681,-0.00707699415694768,-0.0357915485459993,-0.0291338377053519,0.00289686654898397,-0.00133408327913735,0.00254111100788068,0.000228699990709261,-0.00362108318622996,-0.00283333877378695,-0.00448506092890939,0.000508222201576135,-0.00278251655362934,0.00174066104039826,0.00486622758009149,-0.00222347213189559,-0.00744545525309038,-0.00161360549000423,-0.000724216637245993,-0.000546338866694345,-0.00989762737569523,-0.00496787202040672,-0.000127055550394034,-0.000368461096142698
-0.00179076999738849,-0.00128832373912841,-0.00117237460260685,-0.000914709854781169,-0.000657045106955488,-0.00128832373912841,-5.15329495651363e-05,-0.00127544050173712,-0.00154598848695409,-0.000154598848695409,-0.00115949136521557,-0.000115949136521557,2.57664747825681e-05,-0.000592628919999067,-0.00114660812782428,-0.00123679078956327,-0.00123679078956327,-0.00148157229999767,-0.000966242804346305,-0.00109507517825915,-0.00231898273043113,0.000180365323477977,-0.000579745682607783,-0.00462508222347098,-0.0063900857460769,-0.00483121402173153,-0.0161942294008441,-0.0130764859521533,-0.00508887876955721,-0.00398092035390678,-0.000657045106955488,0.00385208797999394,-0.00230609949303985,-0.00354289028260312,0.00332387524695129,-0.00235763244260498,0.00295026136260405,-0.00409686949042833,0.0072790291260755,-0.0091342153104204,-0.0059005227252081,-0.00544960941651316,0.000334964172173386,-0.00304044402434304,-0.00310486021129946,0.00843852049129106,0.00101777575391144,0.000644161869564203,-0.000438030071303658
-0.00218127693257586,-0.000561646156291987,-0.00184167693109698,-0.00120166154369448,-0.0015673846222102,-0.00104492308147346,-0.000496338463699896,-0.00124084615924974,-0.00150207692961811,-0.00188086154665224,-0.000966553850362955,-0.000587769233328824,-0.000535523079255151,-0.0009273692348077,-0.00137146154443392,-0.00128003077480499,-0.00130615385184183,-0.00197229231628116,-0.000953492311844536,-0.0010710461585103,-0.00224658462516795,-0.00129309231332341,-0.00109716923554714,-0.00758875387920104,0.0022857692407232,0.00148901539109969,-0.000417969232589386,0.00818958465104828,0.0312170770590198,-0.00195923077776275,-0.00800672311179042,0.00453235386589115,-0.00304333847479147,0.000169800000739438,-0.00274292308886784,0.00236413847183371,-0.00743201541698002,-1.30615385184183e-05,-0.0117423231280581,-0.00330456924515983,-0.00084900000369719,0.0074189538784616,-0.00336987693775192,0.00286047693553361,-0.000731446157031425,0.00606055387254609,0.0035658000155282,-0.00279516924294152,-0.00167187693035754
-0.00211846843874129,-0.00087386823098078,-0.00133728320195544,-0.00117839806904984,-0.00104599379162851,-0.000913589514207179,-0.000701742670333051,-0.000926829941949312,-0.00176097688970369,-0.00344251121295459,-0.00107247464711278,-0.000728223525817317,-0.000622300103880252,-0.00131080234647117,-0.00101951293614424,-0.00158885132905596,-0.000940070369691445,-0.00141672576840823,-0.00112543635808131,-0.000860627803238647,-0.00161533218454023,-0.00173449603421943,-0.00389268575618711,-0.00177421731744583,0.00561394136266441,0.00534913280782175,0.0137965257073026,-0.000251568127100528,-0.00802369921173262,-0.00185365988389862,-0.0148160386434469,0.00407805174457697,-0.00104599379162851,0.000198606416131995,-0.00530941152459535,-0.00511080510846335,0.00221115143293622,-0.00307177923617486,-0.00680557985945638,0.00854007589367581,-0.00266132597616874,-0.00217143014970982,-0.00178745774518796,0.0016020917567981,0.00626272232202892,-0.0110954784479075,-0.00508432425297909,-0.00426341773296684,-0.00203902587228849
-0.00191904202240704,-0.00190562214812447,-0.00162380478819057,-0.000684413588410901,-0.000402596228477001,-0.000939391199779668,-0.000496535348454967,-0.0011272694397356,-0.0018519426509942,-0.00166406441103827,-0.00107358994260533,4.02596228477001e-05,-0.000254977611368767,-0.000751512959823734,-0.0010064905711925,-0.00118094893686587,-0.001207788685431,-0.000979650822627368,-0.00162380478819057,-0.00134198742825667,-0.00206666063951527,-0.000697833462693468,-0.00687097563267414,0.0113934732658991,-0.00232163825088404,-0.00897789589503711,0.0027376543536436,-0.011272694397356,-0.0408098376932853,-0.000630734091280634,-0.0117960694943761,0.00398570266192231,-0.000254977611368767,-0.00101991044547507,0.00135540730253924,-0.0025766158622528,-0.00324760957638114,1.34198742825667e-05,0.00764932834106301,-0.00433461939326904,-0.00483115474172401,-0.0141579673681079,-0.0012480483082787,-0.00770300783819328,-0.00393202316479204,-0.00508613235309277,-0.00602552355287244,-0.000402596228477001,-0.0011272694397356
-0.00224397479855426,-0.00130558533734066,-0.00168638106073169,-0.00057119358508654,-0.00116958686470101,-0.000707192057726192,-0.000421595265182922,-0.00138718442092445,-0.00224397479855426,-0.000829590683101879,-0.00107438793385325,0.000231197403487409,-0.000190397861695513,-0.000652792668670331,-0.000979189003005497,-0.00116958686470101,-0.00119678655922894,-0.00164558151893979,-0.00155038258809204,-0.00101998854479739,-0.00278796868911287,-0.000190397861695513,-0.00558953722548971,0.00542633905832213,-0.0087991011797855,-0.0184821924317287,-0.0120358648286092,-0.0134910484858535,-0.0140214425291482,0.00201277739506685,-0.00203997708959478,0.00175438029705151,0.000339996181599131,-2.71996945279305e-05,-0.00247517220204167,-0.00101998854479739,-0.00779271248225208,0.000747991599518088,0.00274716914732098,-0.00971029094647118,0.00244797250751374,0.00224397479855426,-0.00276076899458494,-0.000516794196030679,-0.0112198739927713,0.00805110958026742,0.00354956013589493,0.000979189003005497,-0.0003127964870712
-0.00166741820211935,-0.00133669062483948,-0.00152961504491941,-0.000992182731839615,-0.00165363788639936,-0.000992182731839615,-0.000675235470279738,-0.00124022841479952,-0.00213594893659917,-0.0010197433632796,-0.000950841784679631,-2.75606314399893e-05,-8.26818943199679e-05,-0.00108864494187958,-0.00117132683619955,-0.00136425125627947,-0.00122644809907952,-0.00166741820211935,-0.0012815693619595,-0.000854379574639668,-0.00188790325363927,-9.64622100399625e-05,-0.00297654819551884,-0.0149654228719142,-0.00508493650067803,-0.0023288733566791,-0.00792368153899692,-0.00985292573979617,-0.00913634932235645,-0.0023288733566791,0.0274503889142293,-0.00152961504491941,0.00121266778335953,-0.0010197433632796,-0.00329349545707872,-0.00151583472919941,0.00841977290491673,-0.00573261133951777,-0.0111207147860357,0.00312813166843879,-0.00250801746103903,0.00960488005683627,0.000165363788639936,0.00705552164863726,0.00414787503171839,0.00117132683619955,0.00097840241611962,-0.00384470808587851,-0.000730356733159716
-0.00152177609729853,-0.00131235736831249,-0.00154969859449667,-0.00124255112531715,-0.00143800860570411,-0.00143800860570411,-0.00060033368975997,-0.00127047362251529,-0.00149385360010039,-0.000921442407538559,-0.000614294938359039,-0.000251302474783243,-0.00044675995517021,-0.00122858987671808,-0.00166138858328922,-0.00147989235150132,-0.00125651237391622,-0.00163346608609108,-0.00132631861691156,-0.000837674915944144,-0.00189872980947339,0.000488643700967417,-0.00029318622058045,-0.013737868621484,-0.00321108717778589,0.0118251775634115,0.0075809579892945,0.00596145315180249,-0.0102754789689148,-0.0132911086663138,0.0535274271288308,-0.000321108717778589,-0.0013542411141097,-0.00256886974222871,-0.000139612485990691,-0.00120066737951994,-0.00530527446764625,-0.00547280945083508,-0.00780433796687961,0.00316920343198868,-0.00647801934996805,-0.0106384714324906,-0.00321108717778589,-0.00544488695363694,0.0109595801502692,-0.0105965876866934,-0.00645009685276991,-0.00506793324146207,-0.00226172227304919
-0.00216382005976311,-0.000735415968024063,-0.00155568762466629,-0.000735415968024063,-0.0010889813372664,-0.00127283532927242,-0.000438421057860499,-0.00111726656680579,-0.00188096776436924,-0.00315380309364165,-0.000254567065854483,-0.000452563672630192,-0.000438421057860499,-0.000975840419108852,-0.00101826826341793,-0.00142840409173904,-0.00110312395203609,-0.00168297115759353,-0.00132940578835119,-0.000608132435096821,-0.00275780988009024,-0.000367707984012031,0.00561461806356833,0.00524691007955629,-0.00753801367224664,0.00354979630719307,0.0127424959074939,0.0114272327339124,0.0259516981023876,-0.0217230562862492,0.0107342446101974,0.00127283532927242,-0.00275780988009024,-0.000848556886181611,-0.00374779291396878,-0.00386093383212633,-0.0110312395203609,0.00554390498971986,0.0127000680631848,-0.00796229211533745,-0.00274366726532054,-0.00947555189569465,-0.00366293722535062,-0.00598232604758036,-0.007198590917774,-0.00207896437114495,-0.00364879461058093,0.000650560279405902,-0.00171125638713292
-0.00237784758228619,-0.00124622132324638,-0.00176189911217591,-0.000730543534316842,-0.000873787364575046,-0.000773516683394303,-0.00068757038523938,-0.00121757255719474,-0.00159000651586607,-0.00366704205461003,-0.000300812043542229,-0.000587299704058637,0.000386758341697151,-0.000501353405903715,-0.00107432872693653,-0.00137514077047876,-0.00116027502509145,-0.00151838460073696,-0.00157568213284025,-0.00106000434391071,-0.00313703988265467,-0.00201973800664068,-0.000744867917342662,0.0079930057284078,-0.00292217413726737,-0.00786408628117541,-0.00216298183689888,-0.00744867917342662,0.0222744156051508,-0.019380890233935,-0.0377590736560626,-0.000701894768265201,0.000157568213284025,8.59462981549225e-05,-0.00065892161918774,-0.00289352537121573,0.00674678440516142,-0.000315136426568049,-0.00240649634833783,0.00101703119483325,-0.00236352319926037,0.00868057611364718,0.00213433307084724,0.00568678006125071,-0.00998409496899683,0.00923922705165417,0.00232055005018291,0.0021773062199247,0.000128919447232384
-0.00230653701266282,-0.00171176960688184,-0.00162473047432853,-0.00117502828946974,-0.00133460003248415,-0.000913910891809797,-0.00105897611273199,-0.00158121090805187,-0.00139262612085302,-0.00107348263482421,-0.000406182618582132,-0.000174078265106628,4.3519566276657e-05,-0.000957430458086454,-0.00174078265106628,-0.00140713264294524,-0.00136361307666859,-0.000986443502270892,-0.00140713264294524,-0.000667300016242074,-0.0023645631010317,-0.00104446959063977,-0.0170741765025418,-0.00326396747074927,0.00304636963936599,-0.00684707842752736,-0.0130268568388127,-0.0173933199885706,-0.0372092291665417,-0.0072532610461095,-0.00390225444280691,-0.00176979569525072,1.4506522092219e-05,-0.00224851092429394,-0.0020599261370951,-0.00043519566276657,0.00140713264294524,-0.00957430458086454,-0.0157540829921498,-0.00295933050681267,-0.00188584787198847,0.000333650008121037,-0.000449702184858789,-0.00269821310915273,0.00715171539146396,-0.00288679789635158,0.000246610875567723,-0.00472912620206339,-0.000449702184858789
-0.00186550307999177,-0.0018214360781022,-0.00142483306109607,-0.000954785040940668,-0.00152765606550507,-0.00120449805164823,-0.00149827806424536,-0.00146890006298564,-0.00149827806424536,-0.00020564600881799,-0.000587560025194257,2.93780012597129e-05,-0.000440670018895693,-0.00133669905731694,-0.00186550307999177,-0.00139545505983636,-0.00141014406046622,-0.00110167504723923,-0.00149827806424536,-0.000646316027713683,-0.00157172306739464,0.000602249025824114,-0.0130291435586827,-0.0061693802645397,-0.00511177221919004,-0.00480330320596305,-0.00152765606550507,-0.00170392407306335,-0.0535560962964566,0.00129263205542737,0.0261317321205146,-0.00123387605290794,-0.00315813513541913,-0.00399540817132095,-0.00452421219399578,0.00123387605290794,-0.0094744054062574,0.00384851816502239,0.00384851816502239,-0.00550837523619616,-0.0037750731618731,-0.0121478035208913,-0.00653660528028611,-0.00577277724753358,0.00282028812093244,-0.0115896214969567,-0.00517052822170946,-0.00609593526139042,-0.00192425908251119
-0.00211179378826321,-0.00113025583033805,-0.00102615331964902,-0.000713845787581929,-0.00144256336240515,-0.000713845787581929,-0.000579999702410317,-0.0012046147665445,-0.00197794770309159,-0.0019630759158503,-0.000639486851375478,-0.000505640766203866,-0.000490768978962576,-0.0012046147665445,-0.00145743514964644,-0.00144256336240515,-0.00124923012826838,-0.00182922983067869,-0.00102615331964902,-0.00156153766033547,-0.00261743455446707,-0.000148717872412902,0.0141728132409495,-0.0039410236189419,-0.0148717872412902,-0.00599333025823994,0.00706409893961284,0.0209692200102192,-0.00868512374891347,-0.00107076868137289,0.00874461089787863,-0.00223076808619353,-0.00267692170343223,-0.00114512761757934,0.000401538255514835,-0.0102466614092489,-0.00263230634170836,-0.000520512553445156,0.00916102094063475,0.00725743217374961,-0.000386666468273545,0.000208205021378063,-0.00398563898066577,0.00459538225755867,-0.00642461208823736,0.00371794681032255,-0.00269179349067352,0.00220102451171095,-0.00141281978792257
-0.0022732824218866,-0.000632303719994948,-0.00144526564570274,-0.00114416863618133,-0.00152053989808309,-0.000858126477136001,-0.000451645514282106,-0.00106889438380098,-0.00316151859997474,-0.00323679285235509,-0.000436590663806035,-0.000587139168566737,-0.000677468271423159,-0.000632303719994948,-0.000722632822851369,-0.00106889438380098,-0.00106889438380098,-0.00123449773903776,-0.00079790707523172,-0.00103878468284884,-0.00304107979616618,-0.001716252954272,0.0199928414322212,-0.00534447191900492,-0.0111255345018159,-0.00349272531044828,-0.00322173800187902,0.0272191696607349,0.0252770939493218,-0.00249910517902765,0.00194207571141305,-0.00359810926378078,-0.000316151859997474,0.00147537534665488,-0.00132482684189418,-0.00127966229046597,0.00486271670377067,-0.0110050956980073,-0.0116675091189544,-0.00382393202092183,-0.00316151859997474,0.00569073347995453,0.00269481823521656,-0.00362821896473292,-0.00423041298377572,0.00703061517232478,0.000677468271423159,0.00234855667426695,-0.000481755215234246
-0.00205715144288029,-0.00135619613641738,-0.00167619747197653,-0.00129524350107278,-0.00131048165990893,-0.00161524483663193,-0.00108190927736667,-0.00169143563081268,-0.00243810541378405,-0.00265143963749015,-0.00047238292392066,-0.000182857906033804,-0.000777146100643666,-0.000579050035773712,-0.00134095797758123,-0.00132571981874508,-0.00140191061292583,-0.000548573718101411,-0.00147810140710658,-0.000579050035773712,-0.00307810808490236,-0.00195048433102724,-0.00911241898401788,-0.00179810274266574,0.00102095664202207,0.000716193465299064,-0.00825908208919347,0.00618669248747702,0.0162591154781724,0.00156953036012348,-0.0147810140710658,-0.0047238292392066,0.000944765847841319,-0.00099048032434977,-0.00649145566420003,0.00687240963510379,-0.00580573851657327,0.00612573985213242,-0.0100267085141869,-0.00790860443596201,-0.0118400494156888,-0.00777146100643666,0.0024838198902925,-0.00387049234438218,0.00281905938468781,-0.0076647938945836,-0.00124952902456433,-0.00612573985213242,-0.00164572115430423
-0.00177349328985041,-0.00192771009766349,-0.00166554152438125,-0.000817349081409318,-0.00101783093156632,-0.0021590353093831,-0.00112578269703548,-0.0019585534592261,-0.00200481850157003,-0.00160385480125602,-0.00107951765469155,9.25300846878473e-05,-0.000616867231252316,-0.00135710790875509,-0.0021590353093831,-0.00211277026703918,-0.00144963799344294,-0.00118746942016071,-0.00148048135500556,-0.00127999950484855,-0.00302264943313635,-0.00134168622797379,-0.0267566161555692,0.00453397414970452,0.00286843262532327,-0.00260626405204103,1.54216807813079e-05,-0.0152366206119322,-0.00345445649501297,0.0048886728076746,-0.0235489065530572,-0.00589108205845961,0.00200481850157003,-0.00362409498360735,-0.0011720477393794,-0.0115816822667622,-0.00266795077516627,0.0043026489379849,0.0116279473091061,0.00346987817579428,0.00515084138095684,-0.00525879314642599,-0.00427180557642229,0.00518168474251945,0.00636915416268016,-0.0080038523254988,-0.00385542019532697,-0.00538216659267645,-0.00223614371328964
-0.00234080771018559,-0.00151372231925335,-0.00162296001239534,-0.000733453082524819,-0.00104556077721623,-0.00187264616814847,-0.000733453082524819,-0.00120161462456194,-0.00224717540177817,-0.00191946232235219,-0.0011704038550928,-0.000218475386283989,-0.000436950772567977,-0.00138887924137679,-0.00193506770708676,-0.00179461924447562,-0.00145130078031507,-0.00207551616969789,-0.000889506929870525,-0.00162296001239534,-0.00294941771483385,-0.00099874462301252,-0.00550870081130343,0.00255928309646958,-0.00833327544826071,-0.0142165054931938,-0.00168538155133363,-0.0060548892770134,-0.00251246694226587,0.00304305002324127,0.0217539063199914,-0.00468161542037119,0.000421345387833407,-0.00349560618054382,0.00129524693296936,-0.0071160554389642,0.00198188386129047,-0.0130148908686319,-0.0017009869360682,0.00291820694536471,0.00494690696085889,0.00235641309492016,-0.00483766926771689,-0.00458798311196376,-0.00630457543276653,0.00234080771018559,-0.0022315700170436,0.00221596463230903,-0.000842690775666813
-0.00287364151395224,-0.00179997325599206,-0.00161050238694027,-0.000931565106171331,-0.000884197388908382,-0.00131050684427492,-0.000252627825402395,-0.00124734988792432,-0.0023841751022351,-0.00175260553872911,-0.000710515758944235,-0.000268417064490045,-0.000331574020840643,-0.00135787456153787,-0.00202102260321916,-0.00102630054069723,-0.00159471314785262,-0.00175260553872911,-0.00121577140974903,-0.00104208977978488,-0.00325258325205583,6.31569563505987e-05,0.0217417822236936,-0.00478413944355785,-0.0188049837533908,-0.0271101235134945,-0.0115735122512472,0.0100735345379205,0.00860513530276907,-0.00164208086511557,0.0354468417517735,-0.00307890162209169,-0.00296837694847814,-0.00148418847423907,-0.00682095128586466,0.00888934160634677,-0.00399467748917537,-0.000552623368067739,-0.0145892569169883,-0.00809987965196428,-0.0134208532245022,-0.00285785227486459,0.000631569563505987,-0.00701042215491646,-0.0095367004089404,0.00541570900706384,0.000331574020840643,0.00126313912701197,-0.00102630054069723
-0.00186886582814626,-0.00194873188917815,-0.00172510691828886,-0.000862553459144428,-0.00100631236900183,-0.00084658024693805,-0.00108617843003372,-0.00172510691828886,-0.00210846401124193,-0.00124591055209751,-0.00103825879341459,-0.000447249941778592,-0.000479196366191349,-0.00166121406946334,-0.00190081225255902,-0.000958392732382698,-0.00153342837181232,-0.00148550873519318,-0.00225222292109934,-0.000479196366191349,-0.00281128534832258,-0.000303491031921188,0.0158294532965209,-0.00760324901023607,-0.0117243377594817,-0.0133376321923259,-0.010174936175463,0.00991936478016092,0.0134494446777705,-0.000942419520176319,-0.0189282564645583,-0.00332242813892669,-0.00289115140935447,-0.000319464244127566,-0.00214041043565469,-0.00271544607508431,-0.00188483904035264,0.00423290123469025,0.0064052580947577,-0.00555867784781965,-0.00912070416984201,-0.00367383880746701,-0.000319464244127566,0.00549478499899413,0.00982352550692265,-0.00551075821120051,-0.00151745515960594,-0.00479196366191349,-0.00215638364786107
-0.00108253725322237,-0.00124410997758392,-0.00189040087503011,-0.00129258179489238,-0.00195502996477473,-0.000630133625010036,-0.000872492711552358,-0.00201965905451935,-0.00148646906412624,-0.00213275996157243,-0.000872492711552358,-0.000888649983988513,-0.00037161726603156,-0.00179345724041318,-0.00103406543591391,-0.00176114269554087,-0.00103406543591391,-0.00121179543271161,-0.00179345724041318,-0.00108253725322237,-0.00332839812184788,-0.00250437722760399,-0.0113262479777445,-0.00405547538147485,-0.00562273080778186,0.0591194598438903,-0.00130873906732854,0.00599434807381342,0.0114231916123614,0.00484718173084643,-0.0397792047378131,-0.00145415451925393,-0.000953279073733132,-0.00158341269874317,-0.000258516358978476,-0.0123118415963499,-0.00326376903210327,-0.00790090622127969,0.00180961451284934,0.00568735989752648,0.00765854713473737,-0.00192271541990242,-0.00295678085581632,0.00169651360579625,0.00715767168921657,-0.0113262479777445,-0.00358691448082636,-0.00415241901609178,-0.00198734450964704
-0.0014870663177724,-0.00140535937723546,-0.00176486991559801,-0.0014870663177724,-0.0017812113037054,-0.000784386629154673,-0.000506583031329059,-0.00202633212531624,-0.00240218405178618,-0.00232047711124924,-0.000637314136188171,-0.000800728017262062,-0.000539265807543837,-0.00150340770587979,-0.00117657994373201,-0.00179755269181279,-0.00127462827237634,-0.0010458488388729,-0.00127462827237634,-0.0017812113037054,-0.00361144677173297,-0.00276169459014874,-0.0204921006866658,0.00321925345715564,-0.00702679688617727,0.0841581487530534,-0.00122560410805418,0.00049024164322167,-0.00331730178579997,0.0103604400600846,-0.0198057623861555,0.00142170076534284,-0.00183023546802757,-0.00258193932096746,-0.00212438045396057,0.00331730178579997,-0.00117657994373201,-0.00130731104859112,-0.0109323886438432,-0.000604631359973393,0.00083341079347684,-0.00428144368413592,-0.00235315988746402,-0.00993556396929252,-0.0166028503171072,0.00532729252300882,-0.000915117734013785,0.000702679688617728,-0.00127462827237634
-0.00323900339802651,-0.00170212933671801,-0.00150382300622659,-0.00170212933671801,-0.0010906848177028,-0.00100805717999805,-0.000793225321965675,-0.00104110823507995,-0.00234662491081512,-0.00213179305278275,-0.000826276377047578,-0.000611444519015208,-0.00084280190458853,-0.00123941456557137,-0.00213179305278275,-0.00133856773081708,-0.00203263988753704,-0.00195001224983228,-0.00178475697442277,-0.00145424642360374,-0.00328857998064936,-0.00173518039179991,-9.91531652457094e-05,0.005800460166874,0.0275645799383072,-0.0491138678517081,-0.00864285090391767,-0.00507333695507213,-0.0199463117419285,0.0135178815284984,-0.0222929366527437,0.000677546629179014,-0.00127246562065327,-0.00168560380917706,-0.00318942681540365,-0.00148729747868564,-0.00133856773081708,0.0106920163189957,-0.0015699251163904,-0.0111216800350604,-0.0152200108652164,-0.00373476922425505,-0.00274323757179796,0.00201611435999609,-0.00657715996129872,0.00715555342523203,0.00175170591934087,0.000958480597375191,-0.00107415929016185
-0.00302444828870602,-0.00162083692820157,-0.00187148181400594,-0.00185477215495231,-0.000668386362144978,-0.00100257954321747,-0.00015038693148262,-0.00152057897387982,-0.00170438522346969,-0.00243961022182917,-0.000551418748769607,-0.000367612499179738,-0.000384322158233362,-0.00123651476996821,-0.00238948124466829,-0.00178793351873782,-0.00120309545186096,-0.00158741761009432,-0.00233935226750742,-0.000768644316466724,-0.00280722272100891,-0.000467870453501484,0.014236629513688,-0.00265683578952629,0.044046661265354,-0.149083578076437,-0.010944826680124,-0.00523012328378445,-0.00740237896075563,0.00992553747785292,-0.00740237896075563,0.000668386362144978,0.00138690170145083,-0.00108612783848559,-0.00686766987103965,-0.00466199487596122,-0.00100257954321747,-0.0127995988350763,-0.00128664374712908,-0.00330851249261764,0.00178793351873782,0.00210541704075668,-0.00220567499507843,0.00668386362144978,0.0165926914402491,-0.0127661795169691,-0.00170438522346969,-0.00340877044693939,-0.0015038693148262
-0.00217929387429827,-0.00140218132997486,-0.00189210010791788,-0.00101362505781315,-0.000844687548177625,-0.00138528757901131,-0.000219618762526183,-0.00207793136851696,-0.00275368140705906,-0.00265231890127774,-0.00094605005395894,-0.000422343774088813,-0.000777112544323415,-0.00136839382804775,-0.00211171887044406,-0.00138528757901131,-0.0013515000770842,-0.00125013757130289,-0.00211171887044406,-0.00087847505010473,-0.00263542515031419,-0.00087847505010473,0.00494986903232088,-0.00647030661904061,-0.0398016772701297,-0.00652098787193127,-0.00853134423659402,-0.00736567542010889,0.0240060201192081,-0.000625068785651443,0.0280605203504607,0.00168937509635525,1.68937509635525e-05,-0.0023482313839338,0.00163869384346459,0.0017062688473188,-0.00160490634153749,-0.0150354383575617,0.00476403777172181,0.00866649424430244,0.00263542515031419,-0.00346321894752826,-0.000422343774088813,-0.00751771917878087,0.00118256256744868,-0.00424033149185168,-0.00662235037771258,-0.00376730646487221,-0.00150354383575617
-0.00269828791211977,-0.00145161058563405,-0.00174193270276086,-0.000819733036593347,-0.00182732156073934,-0.00146868835722975,-0.000734344178614874,-0.00181024378914364,-0.00276659899850255,-0.00225426585063171,-0.00163946607318669,-0.000444022061488063,-0.000392788746700979,-0.00146868835722975,-0.00174193270276086,-0.000836810808189042,-0.00128083286967711,-0.00175901047435656,-0.00148576612882544,-0.000819733036593347,-0.00380834306583993,-0.00230549916541879,-0.00392788746700979,-0.000495255376275147,-0.0971895981510987,0.167550017125361,-0.00804363042157222,-0.0104857517597566,0.0370416865910619,-0.00800947487838083,0.00556735354019648,-0.000461099833083758,-0.000700188635423484,-0.00121252178329433,-0.000256166573935421,-0.0106565294757135,-0.00742883064412721,0.0209885812911088,-0.00488424267636869,-0.00242504356658865,-0.0140891615664482,-0.00964894095156753,0.00192978819031351,-0.00466223164562466,-0.0185806154961159,0.00995634084029003,-0.00223718807903601,-6.83110863827789e-05,-0.00126375509808141
-0.00182973906445107,-0.00222675791805837,-0.00196783257874926,-0.00115653318224737,-0.00157081372514195,-0.000638682503629146,-0.00126010331797102,-0.00191604751088744,-0.00212318778233473,-0.00124284162868374,-0.00129462669654557,-0.000811299396501888,0,-0.00101843966794918,-0.00177795399658924,-0.00172616892872742,-0.00165712217157833,-0.00172616892872742,-0.00141545852155649,-0.00112200980367282,-0.00374578657533851,-0.00333150603244392,-0.00264103846095296,0.000310710407170936,0.014413510554874,0.10094635895198,-0.0134986410226484,-0.0111855746581537,0.0160706327264523,-0.00756061990782611,-0.0320722186957555,-5.17850678618227e-05,0.000949392910800082,-0.000552374057192775,-0.00787133031499705,-0.000500588989330952,0.00264103846095296,0.000932131221512808,-0.0170372873265397,-0.0151385015049395,0.00181247737516379,-0.000414280542894581,-0.00666301206488785,0.00523029185404409,-0.000276187028596388,-0.00566183408622594,0.00438446907896765,0.000742252639352792,-0.00132915007512011
-0.00247725707983811,-0.00216323857676004,-0.00141308326385131,-0.00148286515342422,-0.000976946454020662,-0.00129096495709873,-0.00163987440496325,-0.0016049834601768,-0.00186666554607519,-0.00204112027000745,-0.000924610036840984,-0.000558255116583235,-0.000610591533762914,-0.00132585590188518,-0.00169221082214293,-0.0019364474356481,-0.00251214802462456,-0.00136074684667164,-0.0016049834601768,-0.00157009251539035,-0.00327974880992651,-0.00362865825779103,-0.00502429604924912,-0.00263426633137714,0.128869704568761,-0.088186862947758,-0.0213009217921291,-0.0150728881477474,-0.0280348741359144,-0.00511152341121525,-0.00532086907993396,0.00244236613505166,-0.000645482478549366,-0.00368099467497071,-0.002006229325221,0.00739688029472787,0.00451837734984556,-0.0254878351665033,0.00614080628241559,0.003471649006252,0.005477878331473,0.00673395234378528,-0.0063501519511343,-0.000907164564447758,0.0143925147244115,-0.00894952733772499,-0.00245981160744488,-0.00293083936206199,-0.00165731987735648
-0.00373736692982821,-0.0018686834649141,-0.000951970821748695,-0.00100485808962362,-0.0014103271433314,-0.00100485808962362,-0.00123403625041497,-0.00171002166128932,-0.00195682891137232,-0.0029440579117043,-0.00098722900033198,-0.00028206542866628,-0.000405469053707777,-0.00151610167908125,-0.00174527983987261,-0.00160424712553947,-0.0018686834649141,-0.00114589080395676,-0.00174527983987261,-0.00119877807183169,-0.00371973784053657,-0.00091671264316541,-0.0046893377515769,0.00163950530412275,0.050542598999139,-0.13512696942044,-0.0260910521516309,-0.00932578823527888,-0.0520587006782203,-0.00417809416211927,0.0231646233292182,0.00100485808962362,-0.00303220335816251,-0.00264436339374637,0.00204497435783053,-0.0121464425219417,-0.0147555477371048,0.00867351193148811,0.015830922183895,0.00983703182473651,-0.0161482457911445,-0.00812701016344719,0.00911423916377917,-0.00721029752028178,-0.00098722900033198,0.00426623960857748,-0.00960785366394516,-0.00446015959078555,-0.00162187621483111
-0.00210187598992717,-0.00238687612415458,-0.00158531324663998,-0.000445312709730333,-0.00195937592281346,-0.00101531297818516,-0.00135375063758021,-0.00204843846475953,-0.00238687612415458,-0.0030815639513339,-0.00105093799496358,-0.000623437793622466,-0.000819375385903812,-0.00117562555368808,-0.00192375090603504,-0.0012112505704665,-0.00124687558724493,-0.00135375063758021,-0.00108656301174201,-0.0018703133808674,-0.00384750181207007,-0.000391875184562693,0.00625219044461387,0.00422156448824355,-0.0962409828269195,-0.00573562770132668,0.0106518800167496,0.00922687934561249,-0.0228534482633607,-0.00304593893455547,0.00657281559561971,0.00220875104026245,-0.00302812642616626,0.000765937860736172,-0.00607406536072174,-0.00532594000837478,0.00021375010067056,0.01018875479863,-0.0157996949412322,-0.013608756409359,-0.00550406509226691,-0.0118987556039945,-0.00236906361576537,0.00171000080536448,-0.0144815693204304,0.000979687961406731,-0.000463125218119546,-0.0002671876258382,-0.00112218802852044
-0.00115172468010639,-0.00224946226583278,-0.00156562573701962,-0.000755819321319816,-0.00172758702015958,-0.00116972037823305,-0.00120571177448637,-0.00253739343585938,-0.00280732890775932,-0.00307726437965925,-0.000755819321319816,-0.000701832226939829,-0.000755819321319816,-0.000917780604459776,-0.00170959132203292,-0.00152963434076629,-0.00118771607635971,-0.00179956981266623,-0.000665840830686504,-0.0021954751714528,-0.00305926868153259,-0.00295129449277261,0.0088718791764445,-0.0047688600035655,-0.0946573721462436,0.113444880990479,0.0912021981059244,0.00244741494522607,0.0142705886144432,-0.00232144505833943,-0.00386907509723239,0.00487683419232548,-0.00255538913398604,-0.00183556120891955,-0.0047688600035655,0.00687435668438499,0.00851196521391126,-0.0202091689962417,-0.0205870786569016,-0.00530873094736537,0.0080620727607447,0.00709030506190494,-0.0136047477837567,0.00131368596324635,-0.00352715683282581,-0.00354515253095247,0.00512877396609875,0.000953772000713101,-0.00183556120891955
-0.0023814001349272,-0.00189057720635442,-0.00156336192063923,-0.00159971917460758,-0.0012725038888924,-0.00069078782539873,-0.000890752722224678,-0.00185421995238606,-0.00252682915080062,-0.00221779249206961,-0.000927109976193032,-0.00069078782539873,-0.000927109976193032,-0.00101800311111392,-0.00183604132540189,-0.0019814703412753,-0.00139975427778164,-0.00201782759524366,-0.00132703976984493,-0.00132703976984493,-0.0027813299285791,-0.00463554988096516,-0.00265407953968986,-0.0107981044286012,0.035102928706446,0.0693332833176514,0.065388521262085,-0.0271406900873764,0.00272679404762656,-0.0036539040238196,-0.00699877138890818,0.000581716063493667,-0.00152700466667088,-0.00354483226191453,0.00101800311111392,-0.00765320196033856,-0.0144338298254366,0.000545358809525313,0.0200692041905315,0.00741687980954425,-0.00785316685716451,0.00219961386508543,0.00421744146032909,-0.00599894690477844,0.0137975778809904,-0.00116343212698733,-0.00538087358731642,-0.00292675894445251,-0.00229050700000631
-0.00266238320559074,-0.00130364970756512,-0.00145053981545978,-0.00192793266611743,-0.00141381728848612,-0.0009547857013153,-0.00141381728848612,-0.000936424437828468,-0.0030296084753274,-0.00183612634868327,-0.00156070739638078,-5.50837904604981e-05,-0.000587560431578646,-0.00172595876776227,-0.00214826782795943,-0.00183612634868327,-0.00178104255822277,-0.00150562360592028,-0.00218499035493309,-0.0010649532822363,-0.00370897522434021,-0.00448014829078718,-0.0087583226832192,-0.00425981312894519,0.109910523232181,-0.0498508303667508,-0.097792089330871,-0.0286068485124853,-0.020748227740121,-0.00635299716644411,-0.013715863824664,-0.0058939655792733,0.00143217855197295,0.000110167580920996,-0.00602249442368113,-0.00288271836743273,-0.00192793266611743,0.0118062924220334,0.00886849026414019,-0.00402111670361636,-0.00962130206710034,-0.0162680794493338,0.0068487512805886,-0.00117512086315729,-0.0019095714026306,-0.00530640514769465,-0.00514115377631316,-0.00409456175756369,-0.000844618120394304
-0.00218814199278082,-0.00205833695931077,-0.00118678887744044,-0.00152057324922057,-0.00194707550205073,-0.000704655895980263,-0.00157620397785059,-0.00118678887744044,-0.00309677722707116,-0.00190998834963071,-0.00142785536817053,-0.00024106649073009,0.000389415100410145,-0.00139076821575052,-0.00239212133109089,-0.00200270623068075,-0.0021325112641508,-0.0016132911302706,-0.00231794702625087,-0.00176163973995066,-0.00396832530894148,-0.00222522914520083,-0.00270736212666101,0.00248483921214093,0.0397574273942548,-0.0540545246521702,-0.127895045120418,-0.00369017166579138,-0.0132215698377349,-0.0109036228114841,0.0165594135555362,-0.0067127745880225,0.0013351374871205,-0.000797373777030298,-0.00255901351698095,0.00111261457260042,0.0112559507594742,-0.0143712715627554,-0.0259610066940097,-0.00782538916062292,0.00699092823117261,-0.00211396768794079,-0.0109407099639041,0.00341201802264127,-0.0198230829684974,-0.000519220133880194,0.00333784371780125,-0.00118678887744044,-0.000741743048400277
-0.00219088745282013,-0.00239686832445279,-0.00106735542573288,-0.00153549377035257,-0.00189127891226353,-0.00174147464198523,-0.00161039590549172,-0.00166657250684608,-0.00181637677712438,-0.00275265346636375,-0.00123588522979597,-0.000168529804063087,-0.000524314945974047,-0.000917551155454582,-0.00235941725688321,-0.00161039590549172,-0.00196618104740268,-0.00191000444604831,-0.00116098309465682,-0.00121715969601118,-0.00303353647313556,-0.00119843416222639,0.00318334074341386,-0.00125461076358076,-0.0658577023210973,0.008014528459889,0.049678841131041,0.00979345416944381,-0.00617942614897984,-0.0146808184872733,0.04932305598913,-0.00574873887192973,-0.000973727756808944,-0.00451285364213376,-0.00110480649330246,-0.00773364545311719,-0.0123026756966053,-0.0069846241017257,-0.000617942614897984,-0.00176020017577001,-0.00573001333814494,0.00960619883159593,-0.0038574599596662,0.000224706405417449,0.00413834296643801,0.00646030915575165,-0.00249049599337672,-0.000449412810834897,-0.00202235764875704
-0.0030440438894424,-0.00179617496582005,-0.00217431706388743,-0.00156928970697962,-0.0013424044481392,-0.00128568313342909,-0.00103989076968529,-0.00179617496582005,-0.00259027337176155,-0.00325202204337946,-0.00172054654620657,7.56284196134758e-05,-0.000737377091231389,-0.00113442629420214,-0.00198524601485374,-0.00147475418246278,-0.00149366128736615,-0.00234448100801775,-0.00105879787458866,-0.00162601102168973,-0.00317639362376598,-0.00226885258840427,0.00349781440712326,-0.00703344302405325,-0.0502361777282513,-0.0044431696522917,0.152334544206444,0.00336546467279967,-0.011325355837118,-0.0139156292088795,0.0225750832546225,-0.00618262330340165,-0.000472677622584224,-0.00266590179137502,-0.00510491832390962,0.00238229521782449,-0.0077330059054779,0.0131215308029381,0.0125732247607404,0.00563431726120395,-0.0151824052374053,-0.0114198913616348,0.00924557429774742,-0.00811114800354528,0.0182075420219443,-0.00676874355540609,-0.00478349754055235,-0.0030440438894424,-0.00277934442079524
-0.00419941683137691,-0.001603413699253,-0.00261509139044835,-0.00188973757411961,-0.0015079724076308,-0.000706265558004298,0,-0.00206153189903957,-0.00269144442374611,-0.0025005618405017,-0.00158432544092856,-0.000286323874866607,-0.000591736008057655,-0.0015079724076308,-0.00194700234909293,-0.001603413699253,-0.00135526634103528,-0.00164159021590188,-0.0015079724076308,-0.0023096792572573,-0.00423759334802579,-0.00431394638132355,-0.000229059099893286,-0.00687177299679858,0.0273343859205988,-0.0164159021590188,0.0614641918046984,-0.00815068630453609,-0.00717718512998963,-0.0160150487342056,-0.0124264561692108,-0.00421850508970135,-0.000706265558004298,-0.00129800156606195,-0.00038176516648881,-0.00192791409076849,0.00986862955373573,-0.0133617808271083,-0.00952504090389581,-0.00473388806446124,0.00673815518852749,-0.0113384254447177,-0.00971592348714021,-0.00330226869012821,-0.00910509922075812,-0.0085324514710249,7.6353033297762e-05,-0.00215697319066178,-0.00158432544092856
-0.0035454891696551,-0.00129102051286354,-0.00169566873331331,-0.00211958591664164,-0.0024278893226986,-0.00125248258710642,-0.00134882740149922,-0.00240862035982004,-0.0023315445083058,-0.00192689628785604,-0.000674413700749612,-0.00100198606968514,-3.85379257571207e-05,-0.00156078599316339,-0.00148371014164915,-0.00167639977043475,-0.00219666176815588,-0.000712951626506733,-0.00159932391892051,-0.00163786184467763,-0.0042777097590404,-0.00522188894008985,-0.00302522717193397,-0.00512554412569705,0.0255699137398496,0.030329347570854,-0.0737808588620076,-0.00965375040215874,-0.0109833088407794,-0.0226410313823084,-0.0122935983165215,-0.00368037190980503,-0.00227373761967012,-0.00285180650602693,-0.00545311649463258,-0.00601191641811083,-0.00368037190980503,-0.00946106077337313,-0.00672486804461756,-0.00886372292413776,0.00159932391892051,0.0114072260241077,-0.0088444539612592,0.0041813649446476,-0.018189900957361,0.00859395744383792,-0.00477870279388297,-0.000847834366656655,-0.000327572368935526
-0.00289792893355439,-0.00239225005924288,-0.00210051224714009,-0.0019060203724049,-0.00145868906051395,-0.00105025612357005,-0.00192546955987842,-0.00188657118493138,-0.00274233543376623,-0.00256729274650456,-0.000758518311467256,-0.00108915449851709,0.000602924811679101,-0.00141979068556692,-0.00184767280998434,-0.00171152849766971,-0.00176987606009026,-0.00176987606009026,-0.00213941062208713,-0.00143923987304043,-0.00280068299618679,-0.00268398787134567,-0.00404543099449203,-0.00859654086329557,-0.00138089231061988,0.0153454089166068,-0.0965263174310767,0.00208106305966657,-0.0260813604019895,-0.0193324923486783,-0.00552356924247951,-0.00505678874311504,-0.00303407324586902,-0.00153648581040803,-0.00338415862039237,0.000525128061785023,-0.00748793717730496,0.0224054639694943,0.00248949599661048,-0.00550412005500599,-0.018535075662264,-0.00352030293270701,0.0121946405458967,-0.0012058496233582,0.0106192563605416,-0.00254784355903104,-0.00332581105797181,-0.00353975212018053,-0.00116695124841116
-0.00100107395608422,-0.00225732362646443,-0.002728417252857,-0.00219843692316536,-0.000314062417595051,-0.000922558351685462,-0.0010599606593833,-0.00153105428577587,-0.00308173747265144,-0.0035724600001437,-0.0010599606593833,-0.000196289010996907,-0.000176660109897216,-0.00127587857147989,-0.00284619065945515,-0.00186474560447061,-0.00133476527477897,-0.00172734329677278,-0.00133476527477897,-0.00145253868137711,-0.0021002924176669,-0.000667382637389483,-0.0035724600001437,-0.0101873996707395,0.0231424743965353,-0.0487581903316317,0.0150357382423631,0.00706640439588865,-0.00930409912125338,-0.000824413846187009,0.00622236164860195,-0.00429872934083226,-0.00182548780227123,-0.00157031208797525,0.000647753736289793,-0.00486796747272329,-0.00131513637367928,-0.0173912063743259,-0.000726269340688555,0.00602607263760504,-0.000235546813196288,-0.0195700143963916,-0.00730195120908493,-0.00178623000007185,0.0102070285718392,-0.0139757775829798,0.00290507736275422,-0.0029443351649536,-0.00206103461546752
-0.000871555204756067,-0.00154502968115848,-0.00324852394499989,-0.00207984764771334,-0.00154502968115848,-0.0013073328071341,-0.0017034942638414,-0.00202042342920725,-0.0034664127461889,-0.00372391769304865,-0.00166387811817067,-0.000316929165365843,-0.00116867629728654,-0.00110925207878045,-0.00255524139576211,-0.00198080728353652,-0.00188176691935969,-0.00144598931698166,-0.000930979423262163,-0.00289197863396331,-0.00293159477963404,-0.00241658488591455,-0.00112906015161581,-0.00297121092530478,0.010795399695274,-0.0265428175993893,0.0883440048457286,-0.00578395726792663,0.0295932608160356,0.0474799505863703,0.0153314483745726,-0.0022185041575609,-0.000594242185060955,-0.00380314998439011,-0.00980499605350576,-0.00526894737420713,-0.00186195884652433,-0.0183026592998774,-0.0117065710457008,0.00691301741954244,0.010141733291707,0.0115084903173472,-0.0157672259769507,-0.00475393748048764,-0.0149352869178653,0.00657628018134124,-0.00606127028762174,0.000376353383871938,-0.00211946379338407
-0.00283810740299422,-0.0011392402955681,-0.00221852057557999,-0.00101932026445567,-0.00225849391928413,-0.00179880046668648,-0.00159893374816576,-0.00223850724743206,-0.00243837396595278,-0.0019986671852072,-0.00155896040446162,-0.000479680124449728,-0.00119920031112432,-0.000779480202230808,-0.00247834730965693,-0.00195869384150306,-0.00253830732521314,-0.0016389070918699,-0.00157894707631369,-0.00255829399706521,-0.00369753429263332,-0.00501665463487007,0.00369753429263332,-0.000359760093337296,-0.0454097184479076,0.0257028600017646,0.00453697451042034,-0.0125516299231012,0.0318787416040548,0.0856828622298326,-0.00421718776078719,-0.00359760093337296,-0.000539640140005944,-0.00293804076225458,0.00405729438597061,0.00239840062224864,0.000839440217787024,0.0273217804217824,0.00159893374816576,-0.017208524464634,-0.0102131893164088,0.00333777419929602,0.0113524296119769,-0.00525649469709493,-0.00465689454153277,0.00789473538156844,-0.00701532182007727,-0.00177881379483441,-0.00137908035779297
-0.00221811341618712,-0.00114938604293333,-0.0016535027284304,-0.00133086804971227,-0.00221811341618712,-0.00108889204067368,-0.000705763359695902,-0.0021172900790877,-0.00221811341618712,-0.00155267939133098,-0.000826751364215199,-0.000564610687756721,-0.00014115267193918,-0.00106872737325379,-0.00278272410394384,-0.00163333806101052,-0.00191564340488888,-0.0023592660881263,-0.00173416139810993,-0.00106872737325379,-0.00369013413783857,-0.00451688550205377,0.00520248419432979,-0.0142564198658572,-0.0272827950191016,-0.00776339695665492,-0.0584372061828207,-0.00510166085723037,0.00671483425082101,0.0192774220534081,-0.0242379302386992,-0.00617038823048417,-0.000241976009038595,-0.00151235005649122,0.00175432606552981,-0.00356914613331927,-0.00336749945912044,-0.00580742421692628,0.00992101637058239,-0.00492017885045143,-0.0158897579268677,-0.0175029313204584,0.00675516358566077,0.00387161614461752,0.00725928027115784,-0.0134901625039017,0.00588808288660581,-0.00342799346138009,-0.0014115267193918
-0.00170873042866677,-0.00199351883344457,-0.00213591303583347,-0.00207488694909537,-0.00193249274670647,-0.000813681156507987,-0.000935733329984185,-0.00254275361408746,-0.00229864926713506,-0.00337677679950815,-0.000935733329984185,-0.000589918838468291,-2.03420289126997e-05,-0.00203420289126997,-0.00203420289126997,-0.00130188985041278,-0.000793339127595288,-0.00235967535387316,-0.00170873042866677,-0.00111881159019848,-0.00374293331993674,-0.00276651593212716,-0.00433285215840503,-0.0245324868687158,0.0281940520730018,-0.0483733447543998,0.00303096230799225,0.000142394202388898,-0.00270548984538906,-0.063060289629369,-0.0120831651741436,-0.00339711882842085,-0.000976417387809585,-0.00305130433690495,-0.0217863129655014,-0.0105168289478657,-0.0116559825669769,-0.0289670491716843,-0.0150734434243105,0.00974383184918315,0.00439387824514313,0.00154599419736518,-0.0177789332696995,0.00248172752734936,-0.00494311302578602,-0.00823852170964337,0.000183078260214297,-0.00207488694909537,-0.00164770434192867
-0.00211342875879294,-0.00194927895228475,-0.00262639690413103,-0.00192876022647123,-0.00110801119393028,-0.000759192855100377,-0.00127216100043847,-0.00227757856530113,-0.00240069092018227,-0.00371388937224779,-0.00135423590369256,-0.000307780887202856,-0.000123112354881142,-0.00219550366204704,-0.00231861601692818,-0.00178512914577656,-0.00135423590369256,-0.00110801119393028,-0.00172357296833599,-0.00219550366204704,-0.00447308222734817,-0.00238017219436875,-0.011244261745811,0.0158609750538538,0.0161892746668702,-0.0102183254551348,0.0223448924109273,-0.00174409169414952,0.00203135385553885,-0.0192260460872717,0.0066685858893952,0.00145682953276018,-0.00209291003297942,-0.00301625269458798,0.00556057469546492,0.00853578993842586,0.0055400559696514,0.0147940013115506,-0.00939757642259386,-0.00558109342127845,0.00818697159959596,0.00295469651714741,-0.00843319630935824,-0.00734570384124149,-0.00535538743732969,0.00935653897096681,-0.0120239733267249,-0.00270847180738513,-0.0019903164039118
-0.00107612584142475,-0.00177974658389478,-0.00264892514812246,-0.00244197787092539,-0.00115890475230358,-0.000951957475106509,-0.000538062920712374,-0.00136585202950064,-0.00316629334111513,-0.00343532480147131,-0.00149002039581888,-0.000558757648432081,-0.000165557821757654,-0.00120029420774299,-0.00254545150952393,-0.00269031460356187,-0.0018625254947736,-0.00146932566809918,-0.00200738858881155,-0.00271100933128158,-0.00351810371235014,-0.00304212497479689,-0.00306281970251659,0.0457974324437109,-0.01481742504731,0.0372091204400327,-0.0212120959126994,-0.0125410049981423,0.010016248216338,0.0421758550927623,0.00374574571726691,0.00237989368776627,-0.00302143024707718,-0.00111751529686416,0.010512921681611,-0.0012209889354627,-0.00130376784634152,0.0117546053447934,0.010161111310376,-0.0149829828690677,-0.0157900772501362,-0.00951957475106509,0.0149002039581888,-0.00335254589059249,0.00149002039581888,0.00128307311862182,-0.00173835712845536,-0.00177974658389478,-0.00211086222741008
-0.00169047035220274,-0.00246266051308547,-0.00181569037829183,-0.00185743038698819,-0.00154438032176546,-0.00185743038698819,-0.000751320156534549,-0.0024209205043891,-0.00212874044351456,-0.00333920069570911,-0.000584360121749094,-0.00110611023045364,-0.00100176020871273,-0.000584360121749094,-0.00210787043916637,-0.0027757105783082,-0.00202439042177365,-0.0019617804087291,-0.00208700043481819,-0.00198265041307728,-0.00294267061309365,-0.00492532102617094,0.00619839129141003,-0.0230196147960447,-0.00628187130880276,0.0241048550221501,-0.0133150627741401,-0.037169477744112,0.015026403130691,0.0291136560657138,-0.0130854927263101,0.000229570047830001,-0.00425748088702911,-0.00210787043916637,-0.0229152647743038,-0.0207447843220928,-0.0091201919001555,-0.0238335449656238,-0.00440357091746639,0.000146090030437274,-0.0127098326480428,-0.00768016160013095,0.00296354061744183,0.0051966310826973,0.00517576107834912,-0.00955846199146732,0.00916193190885187,-0.00112698023480182,-0.00202439042177365
-0.00305145620339782,-0.0028199664224504,-0.00166251751771329,-0.00166251751771329,-0.00145207226230655,-0.00168356204325397,-0.0012416270068998,-0.00258847664150298,-0.00214654160514881,-0.00220967518177083,-0.000736558393923611,-0.000841781021626984,-0.000420890510813492,-0.000883870072708333,-0.00404054890380952,-0.00170460656879464,-0.00225176423285218,-0.00191505182420139,-0.00185191824757936,-0.00206236350298611,-0.00412472700597222,-0.00469292919557044,0.0028199664224504,-0.0862615101912252,-0.00254638759042163,-0.0315878328365526,-0.00835467663964782,-0.00210445255406746,0.00585037810030754,0.0127108934265675,-0.0276735510859871,-0.0013258051090625,-0.00366174744407738,-0.00254638759042163,-0.00220967518177083,0.00721827226045139,0.00195714087528274,0.00271474379474702,-0.0077022963478869,0.0145417671486061,0.00995406058073909,0.00717618320937004,-0.018498137950253,-0.00408263795489087,-0.00193609634974206,-0.000947003649330357,-0.00568202189598214,-0.00338816861204861,-0.00197818540082341
-0.00127309567613346,-0.00171867916278018,-0.00248253656846025,-0.00231279047830913,-0.00197329829800687,-0.000891166973293425,-0.00135796872120903,-0.00144284176628459,-0.00358588615444259,-0.00195208003673798,-0.00184598873039352,-0.000297055657764475,-0.000212182612688911,-0.00110334958598234,-0.00339492180302257,-0.0014216235050157,-0.0023764452621158,-0.00129431393740236,-0.00157015133389794,-0.00201573482054465,-0.00407390616362708,-0.00339492180302257,-0.0049862913981894,-0.00314030266779588,-0.0152347115910638,-0.0645883873025044,-0.0456616982506536,0.11939515616005,-0.00326761223540922,-0.0134735959057458,-0.0289629266320363,-0.00195208003673798,-0.00108213132471344,-6.36547838066732e-05,0.0120307541394612,0.00657766099335623,-0.00575014880386948,0.0113942063013945,0.00229157221704024,-0.0104181662830255,0.00120944089232679,-0.00744760970538076,-0.00674740708350736,-0.00430730703758489,-0.0171655733665329,0.00207938960435132,-0.0150861837621815,-0.00377685050586261,-0.00184598873039352
-0.00245998588856382,-0.00141181798821924,-0.0025027682518432,-0.00181825043937326,-0.00143320916985892,-0.00111234144526364,-0.00207494461904949,-0.00218190052724791,-0.0030803301561147,-0.00359371851546715,-0.00162572980461609,-0.000705908994109619,-0.000598953085911192,-0.00188242398429232,-0.00158294744133672,-0.0020535534374098,-0.00171129453117483,-0.00126207971674144,-0.00207494461904949,-0.00224607407216697,-0.0035295449705481,-0.0042568451462974,-0.00802169311488204,0.105244613667252,-0.020129101922944,-0.0198296253799884,-0.0280010567663482,0.102142892329498,0.00622483385714846,-0.0250490737000716,-0.0100752465522918,-0.00218190052724791,-0.000491997177712765,-0.000941211992146159,-0.0162786892278006,-0.0183108514835707,-0.00111234144526364,-0.0192948458389963,-0.00421406278301803,-0.0226104789931475,-0.0175193777629024,-0.0100324641890125,0.0149096536028607,0.00515527477516419,0.00325145960923219,-0.0061606603122294,0.00442797459941488,0.000427823632793709,-0.00156155625969704
-0.00327761504883086,-0.0021563256900203,-0.0014231749554134,-0.00172506055201624,-6.46897707006091e-05,-0.00200538289171888,-0.00168193403821584,-0.00265228059872497,-0.00258759082802436,-0.00385982298513634,-0.00146630146921381,-0.00109972610191035,-0.000301885596602842,-0.00163880752441543,-0.00239352151592254,-0.00263071734182477,-0.00133692192781259,-0.0021563256900203,-0.00271697036942558,-0.00224257871762112,-0.00379513321443573,-0.00491642257324629,-0.00562801005095299,0.0423502365519988,-0.0149649002887409,0.0541022115626094,0.0344365212696242,-0.102554849817366,0.00933689023778791,0.0296494782377792,0.0158921203354496,-0.00560644679405279,-0.00194069312101827,-0.00487329605944588,-0.00562801005095299,-0.000517518165604873,-0.00243664802972294,-0.00103503633120975,-0.00377356995753553,0.0162586957027531,-0.00414014532483898,0.00677086266666375,-0.00174662380891645,-0.0042910881231404,0.0180268827685697,-0.00327761504883086,0.00776277248407309,6.46897707006091e-05,-0.00166037078131563
-0.00117366070192199,-0.00258640043571697,-0.00139100527635198,-0.00241252477617297,-0.00167355322311098,-0.00173875659543998,-0.00141273973379498,-0.00271680718037497,-0.00276027609526097,-0.00278201055270397,-0.00223864911662897,-0.000717237095618991,-0.000499892521188994,-0.000956316127491988,-0.00299935512713396,-0.00228211803151497,-0.00212997682941397,-0.00230385248895797,-0.00184742888265498,-0.00152141202100998,-0.00460770497791594,-0.00404260908439795,-0.000717237095618991,-0.0919150205264459,0.0101717260833239,0.0509673027038344,0.0349272731109006,-0.138209414880035,-0.00599871025426793,0.0356879791214056,0.0211258926345957,-0.0138448493911908,-0.000478158063745994,-0.00204303899964197,0.0102369294556529,0.0117366070192199,-0.00652033723289992,0.0137579115614188,-0.00456423606302994,0.0106716186045129,0.00556402110540793,-0.00393393679718295,-0.0194958083263708,-0.00760706010504991,-0.0160400295929338,0.00399914016951195,-0.0121495617106368,-0.00539014544586393,-0.00269507272293197
-0.00398666519362679,-0.00269428471876976,-0.00155523752059067,-0.00216857062730249,-0.00227809439635817,-0.000722856875767496,-0.00140190424391272,-0.00234380865779158,-0.00247523718065839,-0.00282571324163657,-0.00111714244436795,4.38095076222725e-05,-0.000416190322411588,-0.00052571409146727,-0.00271618947258089,-0.00179618981251317,-0.00286952274925885,-0.00205904685824681,-0.00166476128964635,-0.00179618981251317,-0.00442476026984952,-0.00335142733310384,0.00214666587349135,-0.0813104461469377,0.0285857037235328,-0.0128142809795147,-0.0303380840284237,0.0435466505765388,-0.014960946853006,-0.0369314149255757,-0.00098571392150113,-0.0177866600946426,0.00245333242684726,0.000919999660067722,-0.00856475874015427,-0.0166914224040858,0.000766666383389768,-0.0189257072928217,-0.00245333242684726,-0.0290457035535666,-0.00466571256177202,-0.00917809184686608,0.007075235480997,0.00346095110215952,-0.0196047546609669,-0.000131428522866817,-0.00711904498861928,-0.00341714159453725,-0.00177428505870203
-0.00538608447559213,-0.00169970698614997,-0.00240607872065386,-0.00147896581911751,-0.00121407641867855,-0.00101540936834934,-0.00128029876878829,-0.00249437518746685,-0.0030903763384545,-0.00353185867251943,-0.000154518816922725,-0.000286963517142204,-0.000485630567471421,-0.00125822465208505,-0.00238400460395061,-0.00150103993582076,-0.0021411893202149,-0.00207496697010516,-0.00222948578702789,-0.00220741167032464,-0.0040395633566941,-0.00258267165427983,-0.00030903763384545,0.0477242403124188,-0.00836609023053039,-0.0377246654458481,-0.07282251100401,0.116485113843031,-0.0203523356003932,-0.0606817468172244,-0.0159816604931504,-0.00324489515537722,-0.000375259983955189,-0.00362015513933241,-0.00980090781624141,-0.0070857914617421,-0.001523114052524,-0.00470178685779149,0.0055626774092181,-0.0070857914617421,-0.0113902442188752,-0.00229570813713763,0.00516534330855966,0.00271511635449931,0.0160699569599634,-0.00953601841580246,0.00823364553031092,0.000640149384394146,-0.00130237288549154
0.00111212584892895,-0.000645032992378792,-0.00302498230908675,-0.00220200918087933,-0.00173491632432917,-0.00189061394317922,-0.00106764081497179,-0.00324740747887254,-0.00340310509772259,-0.00375898536937986,-0.000889700679143162,-0.00117885339986469,-0.000822973128207425,-0.00195734149411496,-0.00326964999585112,-0.0019128564601578,-0.00182388639224348,-0.00220200918087933,-0.00204631156202927,-0.00189061394317922,-0.00464868604852302,-0.00071176054331453,-0.00638360237285219,0.0982896825283408,-0.0504905135413744,-0.0169710404546558,-0.0329411676452756,0.044596246542051,-0.0310950387360535,-0.0410374438254783,-0.00046709285655016,0.0298717003022317,-0.00480438366737307,-0.00504905135413744,0.00324740747887254,0.0123668394400899,-0.0151471540624123,0.0183945615412849,-0.00967549488568189,0.0209079659598643,-0.00068951802633595,-0.00313619489397965,-0.0150804265114766,-0.00544941665975187,0.00651705747472366,-0.00573856938047339,-0.00120109591684327,-0.00249116190160085,-0.00271358707138664
0.00123254591141064,-0.00147905509369277,-0.00257714145113134,-0.00242027197149726,-0.00125495583707265,-0.00116531613442461,-0.000963626803466501,-0.00264437122811738,-0.00277883078208945,-0.003854507213866,-0.00138941539104472,-0.000560248141550291,-0.00100844665479052,-0.000851577175156443,-0.00271160100510341,-0.00221858264053915,-0.00221858264053915,-0.00194966353259501,-0.00217376278921513,-0.00224099256620117,-0.00376486751121796,-0.0021065330122291,-0.0078882938330281,0.0140062035387573,-0.0228133043239279,0.00542320201020682,0.0393742393881545,-0.0433183863046685,-0.024964657187481,-0.0313963058524783,0.0176366114960032,0.0396431584960986,-0.00322702929532968,-0.00118772606008662,-0.00419065609879618,-0.0123702789654304,0.0069246670295616,-0.0171660030571009,-0.0148801906395757,-0.00652128836764539,0.00156869479634082,0.00250991167414531,0.00145664516803076,-0.00463885461203641,-0.0190932566640339,0.00770901442773201,-0.00974831766297507,-0.00459403476071239,-0.00221858264053915
-0.00469587330139951,-0.00282203924362951,-0.00178352880197385,-0.00237051296464879,-0.0013771551508912,-0.000745018360318192,-0.00173837617407578,-0.00259627610413915,-0.00313810763891602,-0.00437980490611301,-0.00149003672063638,0.000293492081337469,-0.000970781499808553,-0.000767594674267228,-0.00209959719726036,-0.0016254946043306,-0.00207702088331132,-0.00144488409273831,-0.00209959719726036,-0.00320583658076313,-0.00331871815050831,-0.0073147257194877,-0.00444753384796011,-0.0764208227174872,0.0218312955887179,0.0267303557156588,0.0464620541071163,-0.0846386009949364,-0.000541831534776867,0.0135909409973197,0.015645385566682,0.00176095248802482,2.25763139490361e-05,-0.00121912095324795,-0.00598272319649457,-0.00614075739413782,0.0128459226370015,-0.00609560476623975,0.0169999644036242,-0.0252403189950224,-0.0121009042766834,-0.00160291829038156,0.00442495753401108,0.00521512852222734,-0.00182868142987193,0.00241566559254686,-0.00101593412770663,-0.00110623938350277,-0.00101593412770663
-0.00457107229535366,-0.00307012318344649,-0.00179659060364646,-0.00256980681281076,-0.00186481556327861,-0.0013872408458536,-0.00156917407153932,-0.00234239028070362,-0.00343398963481792,-0.00341124798160721,-0.00104611604769288,-4.54833064214294e-05,-0.00106885770090359,-0.000909666128428589,-0.00334302302197506,-0.00177384895043575,-0.00193304052291075,-0.00211497374859647,-0.00286544830455005,-0.00313834814307863,-0.00332028136876435,-0.00614024636689297,0.000727732902742871,-0.0428452746489865,0.0205811961556968,0.0329299138491149,-0.00855086160722873,0.00241061524033576,0.00761845382558943,0.0481668215002938,0.00227416532107147,-0.0184889640603111,-0.000181933225685718,-0.00281996499812863,0.00188755721648932,0.00589008818157511,-0.0235830943795112,0.0139861167245896,0.000136449919264288,0.00996084410629305,-0.00393430600545365,-0.0166468901502432,-0.00593557148799654,0.00459381394856437,0.0125306509191038,-0.0147820745869646,0.0021604570550179,-0.000955149434850018,-0.00163739903117146
-0.00114529574993031,-0.00206153234987455,-0.00311520443981044,-0.00194700277488152,-0.00169503770989686,-0.00235930924485643,-0.00130563715492055,-0.0018553791148871,-0.0029777689498188,-0.00267999205483692,-0.00137435489991637,-0.000572647874965154,-0.0010994839199331,-0.000984954344940064,-0.00389400554976305,-0.0018553791148871,-0.00139726081491498,-0.00281742754482856,-0.00272580388483413,-0.00288614528982438,-0.00380238188976862,0.00513092495968778,0.00325263992980207,0.0444374750972959,0.00396272329475886,0.00274870979983274,-0.0349773322028716,0.0727262801205745,-0.00939142514942852,-0.00474152440471147,-0.00673433900959021,0.00400853512475608,-0.00121401349492613,-0.00233640332985783,-0.00616169113462505,-0.00689468041458045,-0.00943723697942573,-0.0179582373589072,-0.0268457323783664,0.0115903929892947,0.0037107582297742,0.00547451368466687,-0.0078338229295233,-0.00996407302439367,-0.00728408096955676,-0.00384819371976583,-0.00565776100465572,-0.00355041682478395,-0.00293195711982159
0.00198394011027079,-0.0014533514761286,-0.00309125552065448,-0.00173018032872452,-0.00170711125767486,-0.00212235453656875,-0.00106117726828437,-0.00223769989181705,-0.00341422251534973,-0.0032527390180021,-0.000807417486738111,-0.000830486557787771,-0.000461381420993206,-0.0013380061208803,-0.0030220483075055,-0.00200700918132045,-0.00237611431811501,-0.00196087103922113,-0.00244532153126399,-0.00237611431811501,-0.00472915956518036,0.00888159235411922,-0.00228383803391637,0.0379947600187905,-0.0116498808800785,-0.0248453895204842,-0.00913535213566549,-0.0307049335670979,-0.0233920380443556,-0.0540969716114534,0.00629785639655727,0.00722061923854368,-0.000622864918340829,-0.00203007825237011,-0.0121804695142206,-0.0041293637178892,0.018063082631884,-0.000369105136794565,0.00830486557787771,-0.0167942837241527,-0.00878931606992058,0.00232997617601569,-0.00258373595756196,-0.0100350459066022,-0.0165174548715568,0.0140721333402928,-0.00362184415479667,-0.00299897923645584,-0.00207621639446943
-0.00343820180708004,-0.00276450010163868,-0.00262511354189219,-0.00218372276936165,-0.00185848746328651,-0.00104539919809866,-0.000720163892023521,-0.00318265978087814,-0.00313619759429598,-0.00350789508695328,-0.000325235306075139,-0.000139386559746488,-0.000302004212784057,-0.00181202527670434,-0.00185848746328651,-0.00157971434379353,-0.00243926479556354,-0.00178879418341326,-0.00295034884796733,-0.00188171855657759,-0.00374020601986409,-0.00464621865821627,-0.00940859278288794,-0.00882781545061091,-0.0301307279985325,-0.00636531956175628,0.0207453663089356,-0.0794503390554981,-0.0171677779421091,-0.0250663496610768,0.0302004212784057,-0.00350789508695328,-0.000209079839619732,-0.00295034884796733,-0.00371697492657301,0.00566838676302384,-0.00694609689403332,0.0169586981024894,0.0104772230742777,-0.00957121043592551,-0.00339173962049787,-0.0150769795459118,0.00778241625251225,0.0126144836570572,0.00650470612150277,-0.00464621865821627,0.00257865135531003,-0.000720163892023521,-0.00034846639936622
-0.0095205252149792,-0.00184796435376746,-0.00231580343067062,-0.00245615515374156,-0.00196492412299325,-0.00102924596918694,-0.00100585401534178,-0.0027134666460383,-0.00276025055372861,-0.0040935919229026,-0.00170761263069651,-0.000140351723070946,-0.000865502292270836,-0.00173100458454167,-0.0022690195229803,-0.00140351723070946,-0.00149708504609009,-0.00175439653838683,-0.00194153216914809,-0.0028772103229544,-0.00276025055372861,-0.0155322573531847,-0.00645617926126353,-0.000467839076903155,-0.0184562515838294,0.0251697423373897,0.0278598170295829,0.00161404481531588,-0.0051462298459347,0.0154854734454944,0.0265264756604089,-0.00100585401534178,-0.000912286199961152,-0.00346200916908334,0.00633921949203775,-0.011719368876424,-0.0120936401379465,-0.0169825584915845,-0.0107135148610822,0.00568424478437333,-0.00481874249210249,0.00353218503061882,-0.00119298964610304,0.00538014938438628,0.0101988918764888,-0.0160468803377782,-0.00451464709211544,-0.00109942183072241,-0.00170761263069651
-0.00315591775456393,-0.000753652001089894,-0.0016721653774182,-0.00247292062857621,-0.00190768162775879,-0.000682997125987716,-0.000706548751021775,-0.00174282025252038,-0.00355629538014294,-0.00365050188027917,-0.00174282025252038,-0.000730100376055834,-0.000918513376328308,-0.00148375237714573,-0.00303815962939363,-0.00277909175401898,-0.00244936900354215,-0.00136599425197543,-0.00150730400217979,-0.0024258173785081,-0.00313236612952987,-0.00463967013170966,0.00113047800163484,0.00301460800435957,0.0211964625306533,0.0149081786465595,0.00786624276137577,0.000376826000544947,-0.00289684987918928,0.0156853822726834,0.00254357550367839,-0.0158502436479218,-0.00117758125170296,-0.00176637187755444,-0.00560528675810608,-0.00982102763920268,0.00343853725497264,-0.0133302197692775,-0.00419218925606253,0.00122468450177108,-0.0102449568898157,0.00548752863293579,-0.0146020075211167,-0.0221856307820837,-0.0152614530220703,0.00916158213824902,-0.00468677338177778,-0.00456901525660748,-0.00273198850395086
0.00161228539815271,-0.00158857531876811,-0.00149373500122972,-0.00244213817661367,-0.00241842809722907,-0.000450491508307375,-0.000948403175383948,-0.00239471801784447,-0.00312973047876703,-0.0036276421458436,-0.000806142699076356,-0.00035565119076898,-0.000450491508307375,-0.00125663420738373,-0.00272665912922885,-0.00310602039938243,-0.00241842809722907,-0.00104324349292234,-0.00227616762092148,-0.00170712571569111,-0.00424410420984317,0.0134436150110675,-0.000118550396922993,-0.02835725494398,0.0307756830412091,-0.0169527067599881,-0.0125189219150681,-0.0214102016842926,-0.00384103286030499,-0.00284520952615184,-0.0110726070726076,-0.0172135176332187,-0.00139889468369132,-0.00192051643015249,-0.0169052866012189,0.0121632707242991,-0.00580896944922668,0.0163362446959885,0.00158857531876811,-0.00922322088060889,0.011048896993223,-0.0127797327882987,-0.00388845301907419,-0.00419668405107397,-0.011285997787069,0.00787174635568677,0.00341425143138221,-0.00386474293968959,-0.00220503738276768
-0.0025537999907267,-0.00224352522549822,-0.00221965793586526,-0.00221965793586526,-0.0021957906462323,-0.000119336448164799,-0.00262540185962558,-0.0019571177499027,-0.00372329718274173,-0.0039142354998054,-0.00114562990238207,-0.000477345792659196,-0.00138430279871167,-0.00138430279871167,-0.00233899438403006,-0.00169457756394014,-0.00152750653650943,-0.00126496635054687,-0.00293567662485405,-0.00262540185962558,-0.00458251960952828,0.0105016074385023,-0.00396197007907132,-0.0111937588378581,0.00145590466761055,-0.00916503921905656,-0.00143203737797759,0.0357054652909078,0.000190938317063678,-0.0061100261460377,-0.0145590466761055,0.0218624373037912,-0.00176617943283902,-0.00568041493264443,0.00365169531384285,-0.00513146727108635,-0.00145590466761055,-0.00214805606696638,-0.00637256633200026,-0.00747046165511641,-0.00918890650868952,-0.0115517681823525,0.00735112520695161,0.0212896223526001,0.0122916541609743,-0.0170173775083003,-0.00467798876806012,-0.00116949719201503,-0.00152750653650943
-0.00341129847957301,-0.00288278744752648,-0.00278669453260894,-0.00206599767072731,-0.00182576538343344,-0.000984952377904882,-0.002666578388962,-0.00230622995802119,-0.00365153076686688,-0.00278669453260894,-0.00158553309613957,-4.80464574587748e-05,-0.00127323112265753,-0.00221013704310364,-0.002666578388962,-0.00196990475580976,-0.00158553309613957,-0.00110506852155182,-0.00177771892597467,-0.0024743925591269,-0.00420406502764279,-0.00838410682655619,-0.00442027408620728,0.0360588663228105,-0.0211164180531315,0.021332627111696,0.0196510011006389,0.0098975702365076,0.00879250171495578,0.0137893332906684,-0.00540522646411216,0.025800947655362,-0.00146541695249263,-0.00588569103869991,0.00314704296354975,-0.0173447711426177,0.00211404412818609,-0.0176090266586409,-0.00651029498566398,-0.000120116143646937,-0.0239751822719286,0.00953722180556679,-0.00141737049503386,-0.00204197444199793,0.00451636700112483,-0.00617396978345256,-0.00727903830500437,-0.00177771892597467,-0.00127323112265753
-0.000822047574656633,-0.00229689763507,-0.00256285420334127,-0.00157156153978474,-0.00157156153978474,-0.00186169597789885,-0.00159573940962758,-0.00287716651129822,-0.00311894520972664,-0.00270792142239832,-0.00145067219057053,-0.000604446746071054,7.25336095285264e-05,-0.00152320580009906,-0.00280463290176969,-0.00222436402554148,-0.00224854189538432,-0.00152320580009906,-0.00157156153978474,-0.00224854189538432,-0.00406188213359748,-0.0148693899533479,-0.00618953467976759,0.0188829163472597,-0.0155705481787903,0.0183510032107172,0.0254592969445128,-0.0896757192471015,0.0171904654582608,0.037524053996091,0.0134912513723059,-0.0116537332642499,-0.00290134438114106,-0.00229689763507,-0.0170212203693609,0.00166827301915611,-0.00780945195923801,0.0115328439150357,0.00420694935265453,0.00345743538752643,0.0148210342136622,0.000507735266699685,-0.0111218201277074,-0.0249757395476559,-0.0126208480579636,0.0132011169341918,0.00565762154322506,-0.00311894520972664,-0.00207929680648442
-0.00389298981849872,-0.00160585830013072,-0.00233579389109923,-0.00150853355466825,-0.00150853355466825,-0.00145987118193702,-0.00182483897742128,-0.0021411444001743,-0.00260343694112102,-0.00367400914120817,-0.000802929150065361,-0.000413630168215489,-0.000802929150065361,-0.000681273218237276,-0.00284674880477719,-0.00192216372288374,-0.00277375524568034,-0.00255477456838979,-0.003430697277552,-0.00240878745019608,-0.00408763930942366,-4.8662372731234e-05,-0.00705604404602893,-0.0233092765382611,0.00639910201415727,-0.0124575674191959,0.00917285725983761,-0.0648182804780037,0.01143565759184,0.0448423764718322,0.0118736189464211,-0.0184917016378689,-0.00403897693669242,-0.00048662372731234,0.00148420236830264,0.00888088302345021,-0.00352802202301447,-0.00547451693226383,-0.00428228880034859,-0.00982979929170927,0.00892954539618144,-0.0142094128375203,-0.00610712777776987,0.00197082609561498,-0.00832126573704102,0.00111923457281838,-0.00170318304559319,-0.00381999625940187,-0.00248178100929294
-0.00355005702809772,-0.00151795541891075,-0.00217900052069446,-0.00257073095138111,-0.00186071954576157,-0.00110174183630619,-0.00178727009000782,-0.00217900052069446,-0.00325625920508274,-0.00369695593960522,-0.000195865215343323,0.00102829238055244,-0.000416213582604561,-0.00134657335548534,-0.00318280974932899,-0.00188520269767948,-0.00210555106494072,-0.00254624779946319,-0.00313384344549316,-0.00330522550891857,-0.00435800104138893,0.0120212275916964,-0.00489663038358307,-0.0165261275445928,0.0187051280652873,-0.0308242882646554,-0.0317056817337004,0.0352557387617981,-0.00555767548536678,0.0256828263618932,-0.0128536547569055,-0.017358554709802,-0.00171382063425407,0.000293797823014984,0.00570457439687427,-0.0139064302893759,0.00166485433041824,-0.0159385318985629,-0.00746736133496418,-0.00854462001935245,-0.0296980632764313,-0.00203210160918697,0.00971981131141239,0.0188275438248769,0.00555767548536678,-0.0162812960254137,-0.0124864074781368,-0.00217900052069446,-0.00249728149562736
-0.00317775250545828,-0.00179826304572445,-0.00295604884228677,-0.0026604439580581,-0.00179826304572445,-0.00113315205620993,-0.00160119312290534,-0.0024141065545342,-0.00477894562836362,-0.00339945616862979,-0.000812913431628863,-0.000517308547400185,-9.85349614095591e-05,-0.00160119312290534,-0.00332555494757262,-0.00123168701761949,-0.00147802442114339,-0.00238947281418181,-0.00204460044924835,-0.00344872364933457,-0.00472967814765884,0.00514845173364946,-0.00147802442114339,0.00187216426678162,0.00800596561452668,-0.0191650499941592,-0.0414832187534244,0.0567315040315537,-0.0136717258955763,-0.0141151332219193,-0.0237222919593514,-0.0288707436930008,-0.00349799113003935,-0.00310385128440111,-0.0195345560994451,-0.00941008881461289,-0.01061714209188,0.014090499481567,-0.00300531632299155,0.00635550501091656,-0.00492674807047795,-0.00204460044924835,-0.00189679800713401,-0.00546869035823053,0.00320238624581067,-0.00610916760739266,0.00268507769841049,-0.00103461709480037,-0.00172436182466728
-0.00631964606845354,-0.00225524624403636,-0.00255264135314006,-0.00173480480310489,-0.00171002187734625,-0.00111523165913886,-0.00106566580762158,-0.00267655598193326,-0.00411396567593446,-0.00379178764107212,-0.0015613243227944,-0.000892185327311088,-0.000594790218207392,-0.00111523165913886,-0.00309786571983017,-0.00180915358038082,-0.00153654139703576,-0.00195785113493267,-0.00235437794707093,-0.00190828528341538,-0.00480788759717642,-0.00522919733507332,-0.000991317030345654,0.000123914628793207,-0.00505571685476283,0.0113505799974577,0.0209911381175692,0.0144236627915293,-0.00964055812011148,-0.0326886790756479,-0.0113257970716991,-0.00213133161524315,-0.00798010209428251,-0.0070135679896955,-0.00180915358038082,0.00921924838221458,0.00173480480310489,-0.0011400145848975,-0.000545224366690109,-0.0048574534486937,0.021486796632742,0.00426266323048631,-0.0142749652369774,-0.0158610724855305,-0.00832706305490349,0.00991317030345653,0.00874837279280039,-0.0032961291258993,-0.0014374096940012
-0.000473682966885872,-0.00194459323247884,-0.00214403869222026,-0.00152077163052833,-0.00139611821818994,-0.000722989791562647,-0.00112188071104549,-0.00246813756430007,-0.00386425578249001,-0.00368974100521627,-0.00112188071104549,-0.000274237507144452,-0.000373960237015162,-0.00152077163052833,-0.00361494895781323,-0.0017700784552051,-0.0019944545974142,-0.00204431596234955,-0.00289195916625059,-0.00286702848378291,-0.0043130080669082,-0.00635732402925776,-0.00777837292991537,-0.00142104890065762,-0.00334071145066878,0.0277229189040573,0.059135578813331,-0.0301162644209544,0.000598336379224259,-0.0103462332240862,0.000373960237015162,0.0190969027702409,-0.00526037400067995,-0.000922435251304066,0.010745124143569,-0.0035401569104102,0.00266758302404149,-0.0164791811111348,-0.00413849328963446,-0.00683100699614363,-0.0144847265137206,-0.0055346115078244,0.00196952391494652,-4.98613649353549e-05,-0.00518558195327691,0.00239334551689704,-0.0127894401059185,-0.00309140462599201,-0.00259279097663846
0.00240739056540756,-0.0021816976999006,-0.00258292946080186,-0.00275846835619616,-0.00140431116315441,-0.000476462716070246,-0.00223185167001326,-0.00215662071484427,-0.00310954614698476,-0.00310954614698476,-0.000250769850563287,-7.52309551689862e-05,-0.000752309551689861,-0.00220677468495693,-0.00381170172856196,-0.00195600483439364,-0.00220677468495693,-0.00160492704360504,-0.00295908423664679,-0.00295908423664679,-0.00431324142968854,-0.00115354131259112,-0.014419266407389,0.00378662474350564,0.000852617491915176,0.00514078193654739,0.00609370736868788,-0.0290140717101723,0.0119617218718688,0.0195349713588801,-0.00137923417809808,-0.0127892623787276,-0.000476462716070246,0.00273339137113983,-0.0168015799877402,-0.0120118758419815,-0.0147703441981776,0.00486493510092777,-0.0068961708904904,-0.000576770656295561,-0.0271834518010603,-0.0151966529441352,0.00403739459406892,0.00677078596520875,0.00205631277461895,-0.0109335654845593,-0.0114601821707422,-0.000225692865506958,-0.00280862232630882
-0.00390938029450157,-0.00300139519384314,-0.00224474094329445,-0.00393460210285319,-0.00108453775911979,-0.000630545208790576,-0.00211863190153634,-0.0025221808351623,-0.00315272604395288,-0.00330405689406262,-0.000151330850109738,0.000353105316922723,-0.00058010159208733,-0.00151330850109738,-0.00257262445186555,-0.00239607179340419,-0.00176552658461361,-0.00181597020131686,-0.00320316966065613,-0.00249695902681068,-0.00494347443691812,0.00315272604395288,-0.00925640366504566,0.00451470369494052,-0.00216907551823958,-0.0333936742575489,-0.0502670640447847,0.0277439891867853,0.00983650525713299,0.0311993769309577,-0.0130648967261407,-0.0164950626619615,-0.000529657975384084,-0.00459036911999539,-0.00418682018636943,-0.00113498137582304,-5.04436167032461e-05,0.00870152388130995,0.00100887233406492,-0.00481736539516,0.0164446190452582,0.00653244836307037,-0.00395982391120482,-0.0025221808351623,0.0025221808351623,-0.00741521165537717,0.0112993701415271,-0.00128631222593278,-0.00100887233406492
-0.00895388998459635,-0.00243505223377125,-0.00172482866558797,-0.00248578248864148,-0.00152190764610703,-0.00172482866558797,-0.000963874842534451,-0.00218140095942007,-0.00372867373296222,-0.00360184809578663,-0.000735588695618397,0.000202921019480937,-0.00071022356818328,-0.00180092404789332,-0.00230822659659566,-0.00200384506737425,-0.00185165430276355,-0.00175019379302308,-0.00294235478247359,-0.00393159475244316,-0.00484473934010737,0.00431207166396991,0.000126825637175586,-0.00271406863555753,-0.00121752611688562,-0.0406349341510577,-0.0422075720520349,0.0490307913320814,-0.00829439667128331,0.0138747247070091,-0.0228286146916054,0.0164873328328261,-0.00228286146916054,-0.00522521625163413,0.00461645319319132,0.00608763058442811,0.00398232500731339,-0.0178824148417576,-0.00233359172403078,-0.00304381529221406,0.00781245925001608,0.00367794347809199,-0.00796465001462678,-0.00464181832062644,-0.00743198233848932,0.00438816704627527,-0.000481937421267226,-0.00484473934010737,-0.0019277496850689
-0.00982016329416581,-0.00198953957648035,-0.0020660603294219,-0.00201504649412753,-0.00229562258824655,-0.00188751190589161,-0.000994769788240173,-0.00216808800001063,-0.00369850305884167,-0.00464225901178747,-0.000459124517649311,-2.55069176471839e-05,-0.00135186663530075,-0.00272924018824868,-0.00336691312942828,-0.00130085280000638,-0.00224460875295219,-0.00170896348236132,-0.00283126785883742,-0.00298430936472052,-0.00461675209414029,0.00119882512941764,-0.00275474710589586,-0.0207116171295133,0.00392806531766632,-0.0108404400000532,-0.00244866409412966,-0.00280576094119023,-0.0176252800942041,-0.0255069176471839,-0.0128809934118279,0.0116821682824102,-0.00295880244707334,-0.00137737355294793,-0.0102537808941679,-0.00885090042357282,-0.00367299614119448,-0.00775410296474391,0.000561152188238046,0.00109679745882891,-0.0296900521413221,-0.0131870764235941,-0.00303532320001489,0,-0.00706541618826995,0.00527993195296707,-0.0126514311530032,-0.00387705148237196,-0.00441269675296282
-0.00412919188919213,-0.00297506993258563,-0.00284683415962935,-0.00271859838667308,-0.00171835935761412,-0.000461648782642598,-0.0018978894397529,-0.00292377562340312,-0.00353930733359325,-0.00400095611623585,-0.00110282764742398,-0.000179530082138788,-0.000615531710190131,-0.00207741952189169,-0.00400095611623585,-0.00133365203874528,-0.00335977725145446,-0.00256471545912554,-0.00289812846881187,-0.00251342114994303,-0.00392401465246208,-0.00420613335296589,-0.0162090017016734,-0.0203638407454568,0.00269295123208182,0.0184403041511127,0.0228772618953999,-0.0278271627315122,-0.016670650484316,-0.0391375579062558,0.0104127447640497,-0.0030520113963594,-0.00289812846881187,-0.00323154147849819,-0.00379577887950581,-0.00712990897636902,-0.00736073336769031,0.0171322992669586,-0.00692473173963897,-0.00795061792328919,-0.000795061792328919,-0.00530896100038988,0.00187224228516165,-0.000307765855095065,0.0077710878411504,-0.00795061792328919,0.00138494634792779,-0.000359060164277576,-0.00335977725145446
0.00172764954724738,-0.00275908211276821,-0.00242386652897394,-0.00188236443207551,-0.0021144367593177,2.57858141380207e-05,-0.00175343536138541,-0.00265593885621613,-0.00260436722794009,-0.00309429769656248,-0.00177922117552343,0.000335215583794269,-5.15716282760413e-05,-0.00128929070690103,-0.00402258700553122,-0.00244965234311196,-0.00293958281173436,-0.00239808071483592,-0.00180500698966145,-0.00353265653690883,-0.00381630049242706,-0.00361001397932289,-0.0159872047655728,0.013743838935565,-0.00195972187448957,0.0183079280379947,0.0093602505321015,0.00533766352657028,-0.0212732966638671,-0.011242614964177,0.0183337138521327,-0.000515716282760413,-0.00123771907862499,-0.00201129350276561,0.00139243396345312,0.00219179420173176,-0.00304272606828644,-0.0110363284510728,-0.0140532687052213,-0.0110879000793489,0.012428762414526,0.011216829150039,-0.00675588330416142,-0.00618859539312496,0.00214022257345572,-0.0131507652103905,0.00332637002380467,-0.00270751048449217,-0.000825146052416661
0.000959146279894353,-0.00189236968735913,-0.00230713564623236,-0.00165906383549293,-0.00171090958035209,-0.000855454790176044,-0.00134798936633801,-0.00178867819764082,-0.00285151596725348,-0.00414765958873234,-0.000881377662605621,0.000855454790176044,-0.000725840428028159,-0.0012442978766197,-0.00375881650228868,-0.00295520745697179,-0.00217752128408448,-0.00197013830464786,-0.00222936702894363,-0.00383658511957741,-0.00495126863404923,0.00101099202475351,0.0134280479185209,0.0230972793347532,-0.00658440959711258,-0.00935815694707733,-0.0229676649726053,0.0335701197963023,-0.0241601171043659,-0.00552157182749992,0.00873600800876748,-0.0127281303629224,-0.00108876064204224,-0.0012442978766197,-0.00552157182749992,-0.00539195746535204,-0.000725840428028159,-0.0107839149307041,0.00868416226390833,0.00650664097982385,-0.0121578271694717,-0.0114838324863027,-0.0043031968233098,-0.00295520745697179,-0.0151130346264434,0.00754355587700693,-0.00684363832140835,-0.00578080055179569,-0.00168498670792251
-0.00229313091775116,-0.00271006381188773,-0.00291853025895602,-0.00192831463538165,-0.000885982400040219,-0.00127685698829326,-0.0013810902118274,-0.00195437294126519,-0.00401297910606452,-0.00364816282369502,-0.000964157317690827,0.000364816282369502,-0.000182408141184751,-0.00169378988242983,-0.00310093840014077,-0.00284035534130541,-0.00218889769421701,-0.00182408141184751,-0.00271006381188773,-0.00315305501190784,-0.00469049505903645,0.00299670517660662,0.0254850231540981,-0.0136284939770893,-0.0113874796711052,-0.0271527547306444,-0.024703273977592,0.0440124786372921,-0.0261885974129535,-0.0331201067779741,-0.00122474037652619,-0.0154265170830532,-0.00411721232959867,-0.00591523543556264,-0.00919858197688816,-0.000938099011807291,-0.00531589440024132,0.0106057304945991,0.00680121783560286,-0.0058891771296791,-0.0154004587771697,-0.0132376193888362,-0.00273612211777127,0.00844289110626562,-0.00698362597678761,0.00802595821212904,-0.00424750385901635,-0.0020325478589158,-0.00437779538843402
-0.00348354812921154,-0.00324781930843783,-0.00319543512604367,-0.00204298311337218,-0.00117864410386857,-0.00144056501583936,-0.00146675710703644,-0.00306447467005828,-0.00400738995315313,-0.00413835040913853,-0.00141437292464228,7.85762735912378e-05,5.23841823941586e-05,-0.00185963847499263,-0.00345735603801447,-0.00154533338062768,-0.00217394356935758,-0.0029073221228758,-0.00282874584928456,-0.00246205657252545,-0.00419073459153269,0.00178106220140139,-0.0224990063382911,-0.0333949162762761,-0.0114983280355178,-0.0129127009601601,-0.0108173336643937,0.027423119483342,-0.0306447467005828,-0.0372451536822467,-0.00827670081827705,0.0129127009601601,-0.00500268941864214,-0.00481934478026259,0,-0.00348354812921154,0.000707186462321141,-0.00775285899433547,-0.0264802042002472,-0.0109221020291821,0.00856481382144493,0.0125198195922039,-0.00319543512604367,-0.00385023740597065,0.0142484976112111,-0.0210584413224517,0.00230490402534298,0.000130960455985396,-0.0029073221228758
-0.00344847090097712,-0.00273771735650092,-0.00234285427623637,-0.00255344791904413,-0.00179004596386599,-0.00152680391035628,-0.00215858483877957,-0.0025797721243951,-0.00344847090097712,-0.00405392762404944,-0.00147415549965434,0.000368538874913586,-0.000579132517721349,-0.0016057765264092,-0.00360641613308295,-0.00176372175851502,-0.00321155305281839,-0.00334317407957324,-0.00350111931167906,-0.00194799119597181,-0.00350111931167906,-0.000816050365880083,-0.0577553065400291,-0.00613353984677611,-0.000789726160529112,0.00339582249027518,-0.00571235256116058,-0.0246131320031573,-0.0301148909215102,-0.016900139835323,-0.004448790704314,0.0251922645208787,-0.00326420146352033,-0.00113194083009173,0.00060545672307232,-0.0131357784701342,0.00321155305281839,-0.00626516087353096,-0.00429084547220818,0.00358009192773198,-0.000421187285615527,-0.0018690185799189,0.000421187285615527,-0.0156365779784764,-0.00168474914246211,-0.00579132517721349,-0.00544911050765088,-0.00439614229361206,-0.0011582650354427
-0.00431210397500274,-0.00166664141365136,-0.00158727753681082,-0.00224864317714867,-0.00280419031503246,-0.00164018678803785,-0.00304228194555408,-0.0025131894332838,-0.00306873657116759,-0.00314810044800813,-0.00100527577331352,-0.000396819384202706,-0.00142854978312974,-0.00124336740383515,-0.00362428370905138,-0.00256609868451083,-0.00317455507362165,-0.00124336740383515,-0.00296291806871354,-0.00283064494064597,-0.00391528459080003,-0.00291000881748651,0.00320100969923516,0.0109786696296082,0.00785702380721358,-0.00645492864969735,0.00865066257561899,-0.054999166650495,0.020184879343111,0.00362428370905138,0.0142854978312974,0.00870357182684602,-0.00555547137883788,-0.00484119648727301,-0.00605810926549464,0.00164018678803785,-0.0110315788808352,0.00658720177776492,0.0236504352984813,-0.00433855860061625,-0.0172748705256245,-0.016428322505992,-0.00417983084693517,0.00759247755107844,-0.0201055154662704,0.021110791239584,-0.00431210397500274,-0.00494701498972707,-0.00137564053190271
-0.00332291619305829,-0.00146208312494565,-0.00156841644312351,-0.00247224964763537,-0.00255199963626877,-0.00114308317041205,-0.00159499977266798,-0.0028444162612579,-0.00446599936347035,-0.00425333272711462,-0.000824083215878457,-0.000398749943166995,-0.00135574980676778,-0.00236591632945751,-0.00382799945440316,-0.00196716638629051,-0.00194058305674604,-0.000956999863600789,-0.00196716638629051,-0.00420016606802568,-0.00558249920433793,-0.00366849947713636,0.07547007257674,-0.000983583193145255,-0.0060078324770494,-0.0108194151245978,0.0112979150563982,-0.0304644956579584,0.114893150291184,0.0224894967946185,0.0190868306129268,0.00143549979540118,-0.00470524932937054,-0.00443941603392588,-0.00510399927253754,0.0106067484882421,-0.00999533190871935,-0.00858641544286263,-0.0173057475334476,-0.00717749897700592,0.00180766640902371,0.00029241662498913,-0.00191399972720158,0.0121751649313656,0.00425333272711462,-0.00688508235201679,0.00443941603392588,-0.0030836662271581,-0.00350899949986956
-0.00253747802489542,-0.00192314123992074,-0.00130880445494606,-0.00291142215488001,-0.00192314123992074,-0.000160261769993395,-0.000908150029962573,-0.00264431920489102,-0.00526192811478314,-0.00464759132980846,-0.000694467669971379,0.000427364719982387,-0.000267102949988992,-0.00296484274487781,-0.00304497362987451,-0.00208340300991414,-0.00224366477990753,-0.00280458097488442,-0.00240392654990093,-0.00251076772989652,-0.00448732955981506,-0.000934860324961472,0.0262562199839179,-0.00424693690482497,-0.0283930435838298,0.0130079136644639,-0.0202731139041645,0.0158392049343472,0.0790624731967416,0.0168541961443054,-0.000507495604979085,0.00098828091495927,-0.000213682359991194,-0.000240392654990093,-0.00219024418990973,-0.0203265344941623,0.0106306974095619,-0.00881439734963673,-0.0236920316640236,0.00424693690482497,-0.00539547958977764,0.0122867356994936,-0.0033654971698613,-0.0202731139041645,0.0130079136644639,-0.0261226685089234,-0.00504824575479195,-0.00288471185988111,-0.00478114280480295
-0.00364962801781697,-0.00212000451034957,-0.00233468851139762,-0.00212000451034957,-0.00134177500655036,-0.000617216503013165,-0.00182481400890849,-0.00279089201362475,-0.00437418652135417,-0.00464254152266424,-0.000831900504061222,-0.000107342000524029,0.000134177500655036,-0.00177114300864647,-0.00348861501703093,-0.00289823401414877,-0.00332760201624489,-0.00284456301388676,-0.00370329901807899,-0.00203949800995654,-0.00402532501965108,0.00212000451034957,-0.0754345908682612,-0.000885571504323237,-0.0234273916143693,0.0167453520817485,-0.0303777861483001,0.0338395656652,-0.0913748779460794,-0.0132299015645865,-0.0114587585559401,8.05065003930215e-05,-0.00305924701493482,-0.00644052003144172,-0.00813115653969517,-0.00512558052502237,0.000912407004454244,0.00912407004454244,0.0205291576002205,-0.00805065003930215,-0.00794330803877812,-0.0175235815855477,-0.00316658901545885,-0.00866786654231532,-0.0169063650825345,0.0086141955420533,-0.011083061554106,-0.00174430750851547,-0.00147595250720539
0.000188712463785076,-0.00204887817823797,-0.00336986542473351,-0.00256109772279747,-0.00164449432726995,-0.00153665863367848,-0.00142882294008701,-0.00258805664619533,-0.0032081118843463,-0.00431342774365889,-0.00124011047630193,-0.000188712463785076,0.000107835693591472,-0.00172537109746356,-0.00404383850968021,-0.00288460480357188,-0.00234542633561452,-0.00221063171862518,-0.0032081118843463,-0.00291156372696975,-0.00509523652219706,0.00221063171862518,-0.0627873325936347,-0.0115653781376854,0.00558049714335869,-0.0161753540387208,0.0119158441418577,-0.00660493623247768,-0.108132241748849,-0.0218097690288753,0.00283068695677615,0.00881556795110286,-0.00326202973114204,-0.00719803254723077,0.000242630310580813,0.0143151883242679,-0.0160136004983336,-0.00948954103604956,-0.000916603395527514,-0.00919299287867301,0.0076832931683924,-0.0148813257156232,0.000566137391355229,0.020219192548401,-0.0138838455499021,0.0241551953644898,0.00331594757793777,-0.00407079743307808,-0.00124011047630193
-0.000189563804942044,-0.00200396022367304,-0.00249141000780973,-0.00265389326918862,-0.0016519131573521,-0.00111030228608912,-0.00208520185436249,-0.00292469870482011,-0.00306010142263586,-0.00482033675424056,-0.00143526880884691,-0.000704094132641879,-0.00100198011183652,-0.00238308783355713,-0.00327674577114105,-0.00113738282965227,-0.00148942989597321,-0.000785335763331327,-0.00289761816125696,-0.00254557109493603,-0.00435996751366702,-0.000731174676205028,0.0437892389416123,-0.0144068491755954,0.00926154589859703,-0.0279742015007331,0.0407562180625395,-0.0563275306113503,0.0353130288063466,-0.00468493403642481,0.0162483261378895,0.00663473317297155,0.000541610871262984,0.00111030228608912,0.00205812131079934,-0.0166003732042105,-0.00105614119896282,-0.0117800364499699,-0.0289491010690065,0.0101281232926178,-0.0141089631964007,0.0177106754902996,-0.00197687968010989,-0.00874701557089719,0.0173857089675418,-0.0202562465852356,0.00471201457998796,-0.00471201457998796,-0.00463077294929851
-0.00535846692104999,-0.0027472343097769,-0.00206722581725787,-0.00198562479815558,-0.00097921222922741,-0.000544006794015228,-0.00231202887456472,-0.00263843295097385,-0.00405285061541345,-0.00467845842853096,-0.00097921222922741,-0.000952011889526649,-0.00152321902324264,-0.00198562479815558,-0.00293763668768223,-0.000544006794015228,-0.00171362140114797,-0.00141441766443959,-0.00263843295097385,-0.00293763668768223,-0.0034544431419967,-0.00680008492519035,0.0804858051745529,-0.000299203736708375,-0.0181426265804078,-0.00233922921426548,0.0105809321435962,-0.0436293448800213,0.0860346744735083,0.0134913684915776,0.00862250768514136,-0.012648157960854,0.00184962309965177,-0.00195842445845482,-0.0149057861560172,-0.00456965706972791,0.00505926318434162,0.0113697419949183,0.0109345365597061,-0.017217815030582,-0.0220322751576167,-0.00307363838618604,-0.00666408322668654,-0.0198018473021543,0.00315523940528832,-0.0247795094673936,-0.0128113599990586,-0.00193122411875406,-0.00443365537122411
-0.00404310709737201,-0.00240400962546444,-0.00327819494381514,-0.00177568892789987,-0.00172105234550295,-0.000327819494381514,-0.000737593862358407,-0.00275914741104441,-0.00461679121253966,-0.00254060108145673,-0.000764912153556866,0.000682957279961487,0,-0.00163909747190757,-0.0033055132350136,-0.00142055114231989,-0.00218546329587676,-0.00284110228463979,-0.00262255595505211,-0.00295037544943363,-0.00366065102059357,-0.00655638988763028,0.00264987424625057,0.00721202887639331,-0.0266080156272996,0.00926090071627777,-0.0359235529259742,-0.0021581450046783,0.0439551305383213,0.025979694929735,-0.0102716774906208,-0.0184398465589602,0.00376992418538741,-0.00620125210205031,-0.00527243020130268,0.00488997412452425,-0.00917894584268239,0.000109273164793838,0.01046290552901,-0.00625588868444722,0.0211170390964092,-0.0193959867509062,-0.00945212875466699,0.0124571407864975,-0.0208711744756231,0.0229200463155075,-0.00628320697564568,-0.0022947364606706,-0.00224009987827368
-0.00543200679675502,-0.00205757833210418,-0.0037310753755489,-0.00205757833210418,-0.00164606266568334,-0.000905334466125837,-0.000466384421943613,-0.00342929722017363,-0.00463640984167474,-0.00320982219808251,-0.00148145639911501,0.000987637599410004,0.000246909399852501,-0.00178323455449029,-0.00386824726435585,-0.00241422524300223,-0.00285317528718446,-0.00233192210971807,-0.0034841659756964,-0.00197527519882001,-0.0052399661524253,0.00159119391016056,-0.0686956819145181,0.00537713804123225,-0.00691346319587003,0.000960203221648615,-0.0305070280706646,0.00235935648747945,-0.0127295512812845,0.0249104150073412,-0.0232643523416579,-0.00257883150957057,0.00337442846465085,-0.00551430993003919,0.0027434377761389,-0.0074895851288592,-2.7434377761389e-05,-0.0153906859241392,-0.0265564776730246,0.0125923793924776,-0.00257883150957057,-0.00054868755522778,0.00877900088364448,0.00636477564064225,-0.00123454699926251,0.012482641881432,0.0102604572827595,-0.0032372565758439,-0.00235935648747945
-0.00509648719188192,-0.00231408067090855,-0.00289260083863569,-0.00327828095045378,-0.00115704033545427,-0.000385680111818091,-0.00192840055909046,-0.00305789231512915,-0.00385680111818092,-0.00495874429480403,-0.00173556050318141,-0.000495874429480403,-0.00140497755019448,-0.00264466362389548,-0.00396699543584323,-0.00314053805337589,-0.00256201788564875,-0.00220388635324624,-0.003002795156298,-0.00280995510038895,-0.00495874429480403,0.00482100139772614,-0.0363916734079785,-0.00336092668870051,0.00336092668870051,0.00371905822110303,0.0230857095502543,-0.0170525706582428,-0.0509924204982348,0.0156475931080483,-0.0165291476493468,0.00969709995428344,-0.000165291476493468,-0.00749321360103721,-0.00308544089454473,-0.00520668150954424,-0.00526177866837539,-0.00360886390344071,0.00181820624142815,-0.00859515677766032,-0.0343530785312257,0.00884309399240053,0.00702488775097238,-0.0154272044727237,0.0113224661398025,-0.0272455450420066,-0.00550971588311559,-0.00319563521220704,-0.00391189827701207
-0.000802165418829839,-0.00188093960277342,-0.00240649625648952,-0.00290439203369424,-0.00185327872626204,-0.000138304382556869,-0.00293205291020562,-0.00298737466322837,-0.00348527044043309,-0.00434275761228568,-0.00152134820812556,-0.000691521912784344,-0.00132772207254594,-0.00271076589811463,-0.00403848797066057,-0.002738426774626,-0.00204690486184166,-0.00179795697323929,-0.00298737466322837,-0.00434275761228568,-0.00367889657601271,-0.00304269641625111,0.038780548868946,-0.0156560561054375,-0.0112303158636177,0.00351293131694447,0.04469997644238,-0.0288779550778742,0.00807697594132114,0.0201924398533028,0.00461936637739942,0.00210222661486441,-0.00088514804836396,-0.0015766699611483,-0.0015766699611483,0.00204690486184166,0.00163199171417105,0.00450872287135392,0.013028272836857,-0.015766699611483,0.0151858212047442,-0.0127793249482547,-0.0211605705312009,0.00113409593696632,-0.00395550534112645,-0.0121984465415158,-0.0151304994517214,-0.00224053099742127,-0.00323632255183073
-0.000694281243170599,-0.00166627498360944,-0.0026660399737751,-0.00233278497705321,-0.00163850373388261,-0.000583196244263304,-0.00227724247759957,-0.00338809246667253,-0.00399905996066265,-0.003943517461209,-0.000472111245356008,0.000361026246448712,0,-0.00230501372732639,-0.00311037996940429,-0.00255495497486781,-0.00230501372732639,-0.00205507247978497,-0.00402683121038948,-0.00305483746995064,-0.00424900120820407,-0.0109974148918223,0.0439063458181087,-0.0112195848896369,-0.0209117510442985,-0.0154408148481141,0.00313815121913111,-0.0128303173737927,0.0571532319378038,0.0266048572382974,0.0141355661109534,-0.0106919311448272,0.00111084998907296,0.000666509993443776,-0.00658178618525728,-0.0048599687021942,-0.00383243246230171,-0.0048599687021942,-0.027299138481468,-0.0026660399737751,0.011830552383627,-0.00635961618744269,-0.00316592246885793,0.00199952998033133,-0.00722052492897424,0.0209395222940253,0.00641515868689634,-0.0019717587306045,-0.00102753623989249
-0.00153338240390506,-0.00320616320816512,-0.00289948672738411,-0.0025370508864611,-0.00158914176404706,-0.00105942784269804,-0.00192369792489907,-0.00348496000887513,-0.00437710977114717,-0.00437710977114717,0,0.000362435840923014,8.36390402130032e-05,-0.0026485696067451,-0.00220249472560908,-0.00236977280603509,-0.00209097600532508,-0.00186793856475707,-0.00337344128859113,-0.00150550272383406,-0.00482318465228319,-0.00736023553874428,-0.00434923009107617,0.00945121154406936,-0.0123228185913825,-0.026206899266741,-0.0302215731969652,0.0241159232614159,-0.0208540006931088,0.0153617037191216,0.00139398400355005,-0.0126294950721635,-0.00122670592312405,-0.00816874626080331,-0.00666324353696926,-0.0119046233903175,-0.0225267814973689,-0.00119882624305305,0.000613352961562024,0.0179266342856537,-0.0319779930414382,0.00602201089533623,0.0168393267628846,-0.00749963393909929,-0.00379163648965615,-0.00133822464340805,0.00409831297043716,-0.00317828352809412,-0.00231401344589309
-0.00305049022871241,-0.00428188077975229,-0.00268667029317791,-0.00240680880430521,-0.00277062873983971,-0.00193104427322162,-0.00193104427322162,-0.00358222705757054,-0.00453375611973772,-0.00503750679970857,0.000307847637759968,2.79861488872698e-05,-0.000811598317730826,-0.00207097501765797,-0.00363819935534508,-0.0020429888687707,-0.001763127379898,-0.00179111352878527,-0.00257472569762883,-0.00201500271988343,-0.00503750679970857,0.000755626019956286,-0.0194223873277653,0.0120060578726388,-0.0026027118465161,-0.0156442572279838,-0.0150565481013512,0.0275383705050735,-0.071252735066989,0.00100750135994171,-0.0146927281658167,-0.0121739747659624,-0.00142729359325076,-0.00489757605527222,-0.0012034044021526,0.00137132129547622,0.015868146419082,-0.00607299430853756,0.0128736284881441,-0.0123978639570605,-0.0104948058327262,-0.0145807835702676,-0.015140506548013,0.0103548750882898,0.000979515211054445,-0.0247117694674593,-0.0132094622747914,-0.00316243482426149,-0.00425389463086502
-0.00415741440276165,-0.00264051995851078,-0.00230343230423281,-0.00247197613137179,-0.00303378888850175,-0.000983172324977418,-0.00207870720138083,-0.00292142633707576,-0.00466304588417861,-0.00466304588417861,-0.000252815740708479,-0.000926991049264422,-0.000646084670699446,-0.00148880380639438,-0.00457877397060912,-0.00224725102851981,-0.00179780082281585,-0.00370796419705769,-0.00230343230423281,-0.00331469526706672,-0.00469113652203511,0.00258433868279778,-0.011517161521164,-0.00182589146067235,-0.00980363261191768,0.00247197613137179,0.00095508168712092,-0.00280906378564976,-0.0332874058599497,-0.0143543159446703,-0.017556648660311,-0.0110677113154601,0.000842719135694929,-0.000168543827138986,-0.00283715442350626,-0.000140453189282488,0.00134835061711189,-0.00168543827138986,-0.0186521835367144,-0.0251973021572784,0.0269389217043812,0.000646084670699446,-0.0164330231460511,-0.00202252592566783,0.00202252592566783,0.00553385565773004,-0.00168543827138986,-0.00300569825064525,-0.00342705781849271
-0.00332678922202434,-0.00222725719101629,-0.00234002970701712,-0.00205809841701506,-0.00163520148201196,-0.00104314577300763,-0.00177616712701299,-0.00265015412601939,-0.00513114947803754,-0.00284750602902083,-0.00146604270801073,-0.000620248838004538,-0.00022554503200165,-0.00228364344901671,-0.00366510677002681,-0.00174797399801279,-0.00194532590101423,-0.00400342431802929,-0.00281931290002063,-0.00312943731902289,-0.00445451438203259,-0.00265015412601939,-0.0122640111150897,-0.00665357844404868,-0.0232875245541704,0.00927553944106786,-0.00163520148201196,-0.00871167686106373,-0.0285314465482087,-0.024330670327178,-0.00778130360405693,-0.000140965645001031,-0.00377787928602764,-0.00589236396104311,-0.00321401670602351,-0.0111080928260813,-0.024471635972179,-0.00166339461101217,-0.00868348373206353,0.0128842599530943,-0.0164929804651207,0.00377787928602764,0.0154780278211132,-0.0210602673631541,-0.00515934260703775,0.0135608950490992,0.0036087205120264,-0.00236822283601733,-0.00197351903001444
-0.00379134302761116,-0.00226348837469323,-0.00178249709507092,-0.00206543314190757,-0.00149956104823427,-0.00118833139671395,-0.00130150581544861,-0.00328205814330518,-0.0052343168664781,-0.0036781686088765,-0.000792220931142631,0.000226348837469323,-0.000877101745193627,-0.00271618604963188,-0.00280106686368287,-0.00209372674659124,-0.0022917819793769,-0.00169761628101992,-0.00398939826039682,-0.0028576540730502,-0.00480991279622312,-0.00738463082243667,0.00659240989129403,-0.00755439245053866,-0.0308966163145626,-0.0114872035015681,-0.00206543314190757,0.00192396511848925,-0.0170893372289339,-0.00186737790912192,-0.000424404070254981,0.0022917819793769,-0.00605483140230439,-0.00280106686368287,-0.00410257267913148,-0.00585677616951873,0.00540407849458009,-0.0101856976861195,0.00741292442712033,0.00464015116812112,-0.0369231541121833,-0.0165517587399443,-0.00200884593254024,0.0116003779203028,-0.00608312500698806,-0.0115154971062518,-0.0080919709395283,-0.00277277325899921,-0.00232007558406056
-0.00837565404758342,-0.00181709104761132,-0.00184548309523025,-0.00235653995237093,-0.0022145797142763,-0.000709801190473171,-0.00249850019046556,-0.00343543776189015,-0.00394649461903083,-0.00445755147617152,-0.000965329619043513,0.000113568190475707,-0.00124925009523278,-0.00255528428570342,-0.00269724452379805,-0.00266885247617912,-0.00229975585713308,-0.00238493199998986,-0.00369096619046049,-0.00329347752379552,-0.00536609699997718,-0.00715479599996957,0.030663411428441,-0.00664373914282889,-0.0132874782856578,-0.0462506455712319,-0.00604750614283142,0.00247010814284664,0.0478406002378918,0.0250417859998935,-0.00806334152377523,-0.0106186258094786,-0.00176030695237347,0.000823369380948879,-0.00414523895236332,0.00891510295234303,0.00843243814282128,0.0014763864761842,-0.00303794909522517,-0.0155872341427908,0.0274267179998833,0.00346382980950908,-0.0167797001427858,0.0136281828570849,-0.000653017095235318,-0.0159847228094558,-0.00485504014283649,-0.00607589819045035,-0.00377614233331727
-0.00994246586286193,-0.00284884408677992,-0.00284884408677992,-0.00245000591463073,-0.00162384112946456,-0.000655234139959382,-0.00259244811896973,-0.00467210430231907,-0.0037604741945495,-0.0037604741945495,-0.000883141666901776,0.000712211021694981,-0.000883141666901776,-0.00344710134500371,-0.00344710134500371,-0.00202267930161375,-0.00179477177467135,-0.00299128629111892,-0.00324768225892911,-0.00239302903289514,-0.00521338467880726,-0.00415931236669869,0.00977153521765514,0.00433024301190548,0.0727309895354915,-0.0547832717887779,-0.0192581860266323,0.0252977354906057,0.0339012446326811,0.0106261884436891,-0.0233035446298598,-0.0101418849489365,-0.000484303494752587,-0.00974304677678734,-0.00162384112946456,-0.0106831653254247,-0.0121075873688147,-0.00102558387124077,-0.00629594543178363,-0.00925874328203475,0.0122215411322859,0.00347558978587151,0.00452966209798008,-0.030653562373752,-0.000968606989505174,0.007663390593438,0.00336163602240031,-0.0038174510762851,-0.00350407822673931
-0.00300119062370003,-0.00348709767706099,-0.00237236973111526,-0.00311552169507908,-0.00225803865973621,-0.00120047624948001,-0.00188646267775431,-0.00457324285516195,-0.00520206374774672,-0.0049162360692991,0.000285827678447622,-8.57483035342866e-05,-0.000714569196119055,-0.00377292535550861,-0.00360142874844004,-0.00268678017740765,-0.00282969401663146,-0.00240095249896002,-0.00274394571309717,-0.00217229035620193,-0.00494481883714386,-5.71655356895244e-05,-0.0277538675772641,0.00997538597782201,0.0970384968329677,0.0375291741801728,-0.0231806247221021,0.0513918165848824,-0.0652830417574369,-0.0202651824019364,-0.0285827678447622,0.00557363972972863,-0.00282969401663146,-0.00863199588911818,-0.00520206374774672,-0.0156919395467744,-0.00946089615661629,-0.00485907053360957,-0.00640253999722673,0.00894640633541057,-0.0413020995356814,-0.0173783228496154,0.000628820892584768,-0.00122905901732477,-0.00471615669438576,0.0144914632972944,-0.00543072589050482,0.000485907053360957,-0.00240095249896002
0.00246605105950454,-0.00303955130590095,-0.00407185174941448,-0.00335497644141897,-0.00111832548047299,-0.00215062592398652,-0.00192122582542796,-0.00349835150301807,-0.00596440256252261,-0.00507547718060818,-0.000802900344954967,0.000688200295675686,-0.000974950418873889,-0.00235135101022526,-0.00301087629358113,-0.00295352626894149,-0.00329762641677933,-0.00315425135518023,-0.00352702651533789,-0.00232267599790544,-0.00498945214364872,0.000229400098558562,-0.0229113348435364,-0.00243737604718472,-0.0772504831895958,0.157511842672773,-0.00914732893002266,0.0227679597819373,-0.089982188659596,-0.0359871404613744,-0.019785758500676,0.0126456804330407,-0.00487475209436944,0.00252340108414418,-0.00266677614574328,0.016115356923739,0.00602175258716225,-0.00352702651533789,-0.0148823313939867,-0.000372775160157663,-0.00524752725452711,-0.00768490330171183,-0.00817237851114877,0.0276427118763067,-0.00263810113342346,-0.0183233328723651,-0.00782827836331093,-0.00278147619502256,-0.00283882621966221
-0.00100678054474534,-0.0012081366536944,-0.00411341765424523,-0.00279022036686565,-0.000230121267370363,-0.00100678054474534,-0.00287651584212953,-0.00422847828793041,-0.00517772851583316,-0.00399835702056005,-0.00161084887159254,0.00115060633685181,-0.000949250227902746,-0.00143825792106477,-0.00250256878265269,-0.00192726561422679,-0.00195603077264808,-0.00281898552528694,-0.00388329638687487,-0.00388329638687487,-0.00606944842689331,-0.00442983439687948,0.00647216064479145,-0.0132607380322171,-0.192582735630572,0.0468872082267114,0.00212862172317585,-0.0213725127070224,-0.0184672317064716,-0.0352660842245081,-0.00563797105057388,0.00753647150637937,-0.00629956969426368,-0.00264639457475917,-0.0030778719510786,-0.00816930499164787,0.00322169774318508,0.00250256878265269,0.00911855521955062,-0.0184959968648929,0.0191000651917401,0.00940620680376357,0.0030778719510786,-0.0226094145191381,0.00115060633685181,-0.0185247620233142,0.00598315295162943,-0.00658722127847663,-0.00322169774318508
-0.00377976797365105,-0.00213513610725326,-0.00248137439491595,-0.00207742972597615,-0.00184660420086769,-0.000923302100433843,-0.00328926373279557,-0.00432797859578364,-0.00545325303068739,-0.00403944668939806,-0.00126954038809653,-0.000403944668939806,-0.00060591700340971,-0.00227940206044605,-0.00187545739150624,-0.00213513610725326,-0.00274105311066297,-0.00320270416087989,-0.00346238287662691,-0.00409715307067518,-0.00545325303068739,-0.00790577423496478,0.0159846676137609,-0.0103294422486036,0.0149170995601343,-0.207541000263145,-0.00813659976007324,-0.0273528247253526,0.0388941009807756,-0.0196201696342192,0.0476366177442586,-0.00124068719745798,-0.00461651050216922,-0.00481848283663912,-0.0148882463694957,-0.0149170995601343,-0.0192450781559179,-0.0139360910784233,0.00660738065622969,0.0034046764953498,-0.00617458279665133,-0.00389518073620528,-0.00164463186639778,-0.0168791165235562,-0.00083674252851817,0.0147728336069415,-0.00458765731153066,-0.0045588041208921,-0.00236596163236172
-0.000636660064143276,-0.00338587397748924,-0.00300966575776821,-0.00234406659980024,-0.00167846744183227,-0.0010128682838643,-0.00193891928625452,-0.0030675439454176,-0.00474601138724988,-0.00428298588605477,-0.00112862465916308,-0.000144695469123472,-0.000839233720916137,-0.00263345753804719,-0.00300966575776821,-0.0020546756615533,-0.00341481307131394,-0.00219937113067677,-0.00327011760219046,-0.00353056944661271,-0.00318330032071638,-0.00645341792290684,0.00766885986354401,-0.00607720970318582,0.242046580749744,-0.155692324776856,-0.0289969720123438,-0.00367526491573618,0.0268265399754917,-0.00758204258206992,0.0990295790681041,-0.00888430180418117,-0.00274921391334596,-0.00347269125896332,0.00240194478744963,0.0106785256213122,0.00344375216513863,-0.00546948873286724,-0.0244535342818667,0.00292284847629413,-0.0187814718922266,-0.0161480143541795,-0.0205178175217083,0.0232670314350543,-0.0103891346830653,0.00954990096214914,-0.0158296843221078,-0.000520903688844499,-0.00303860485159291
0.000290228531991161,-0.00246694252192487,-0.00217671398993371,-0.00255401108152222,-0.000145114265995581,-0.00150918836635404,-0.00203159972393813,-0.0035988337966904,-0.00478877077785416,-0.00458561080546035,-0.00174137119194697,-0.000116091412796465,-0.00153821121955316,-0.00243791966872576,-0.00333762811789836,-0.00142211980675669,-0.00301837673270808,-0.00142211980675669,-0.00298935387950896,-0.00444049653946477,-0.00316349099870366,-0.00223475969633194,-0.00374394806268598,-0.00406319944787626,0.119487086620761,0.164965897583776,-0.0239438538892708,0.0260915450260054,-0.0106513871240756,-0.0112318441880579,0.0201128372669875,-0.000841662742774368,-0.00417929086067273,-0.00899708449172601,0.00960656440890745,-0.00661721052939848,0.0126829868480138,0.0123347126096244,-0.00792323892335871,-0.00626893629100909,-0.00783617036376136,0.00847467313414191,0.00632698199740732,-0.00577554778662411,0.000203159972393813,-0.0178200318642573,0.00455658795226124,-0.00188648545794255,-0.0037729709158851
-0.00186268507840639,-0.00194999844145669,-0.00247387861975849,-0.00209552071320719,-0.000407462360901398,-0.00186268507840639,-0.00235746080235809,-0.00404551915466389,-0.00622835323092138,-0.00456939933296568,-0.0011350737196539,-0.000378357906551299,-0.00130970044575449,-0.00192089398710659,-0.00302686325241039,-0.00229925189365789,-0.00247387861975849,-0.00366716124811259,-0.00389999688291338,-0.00398731024596369,-0.00480223496776648,-0.000523880178301798,-0.014872376172901,-0.000407462360901398,-0.156349128768737,0.246951295160598,0.00320148997851099,0.0159783454382048,-0.00925521648333177,-0.0101283501138348,-0.0648447242920226,0.0180156572427118,-0.00477313051341638,-0.00241566971105829,-0.0197037155950176,-0.0159201365295046,-0.0257574420998384,-0.0171716280665589,0.0179574483340116,-0.0152507340794523,0.00922611202898166,-0.00238656525670819,0.0188305819645146,-0.0212462516755729,0.0100992456594847,-0.0108268570182372,0.00614103986787108,-0.00695596458967387,-0.00401641470031378
-0.00440676636882757,-0.00213042347632061,-0.00315185938962501,-0.00303512385667594,-0.00256818172487964,-0.000992252030067134,-0.00224715900926969,-0.00347288210523497,-0.00554493781508104,-0.00396900812026854,-0.000700413197694448,-0.000408574365321761,-0.000466942131796299,-0.00201368794337154,-0.00259736560811691,-0.00347288210523497,-0.0025098139584051,-0.00423166306940395,-0.00399819200350581,-0.00356043375494678,-0.00601187994687734,-0.00370635317113312,-0.0155258258822269,-0.00376472093760766,-0.185025819724283,-8.7551649711806e-05,0.00566167334803012,-0.0331820752407745,0.0244560941528311,0.00367716928789585,0.00516554733299655,0.0150588837504306,-0.00186776852718519,0.00189695241042246,-0.01292846027411,0.00283083667401506,-0.00534065063242016,-0.00358961763818404,-0.0151464354001424,-0.00429003083587849,-0.00338533045552316,-0.0181815592568184,-0.0209540281643589,0.0137747928879908,-0.00793801624053708,0.0113525305792975,-0.0142709189030244,-0.00589514441392827,-0.00291838832372687
-0.00479882469581722,-0.00356985739566891,-0.00245793460029662,-0.00427212442432509,-0.00254571797887865,-0.00102413941679026,-0.00245793460029662,-0.00380394640522097,-0.0047110413172352,-0.00415507991954906,-0.00125822842634232,0.000702267028656178,-0.000848572659626216,-0.00321872388134082,-0.00286759036701273,-0.00245793460029662,-0.00345281289089288,-0.00277980698843071,-0.00359911852186291,-0.00280906811462471,-0.00488660807439924,-0.00831015983909811,-0.00201901770738651,-0.0164447529210322,0.0360789685972112,-0.200204625419399,-0.0285295980391573,-0.0378638972950456,0.0410826211763864,0.0145427797184217,0.0520262823729452,-0.00251645685268464,-0.000555961397686141,-0.00705193141275579,0.0186978596379708,0.00342355176469887,0.023496684333788,0.00778345956760598,-0.0226481116741618,0.00915873249872433,-0.0174981534640164,0.00152157856208839,-0.0138697738159595,0.0011997061739543,-0.0153913523780479,0.00374542415283295,-0.0100073051583505,0.000146305630970037,-0.00155083968828239
-0.00337365954192868,-0.0034029957118585,-0.0022002127447361,-0.00290428082305165,-0.00111477445733296,-0.000704068078315551,-0.00193618721536777,-0.00431241697968275,-0.00398971911045479,-0.00492847654820886,-0.000352034039157775,0.00038137020908759,-0.00149614466642055,-0.00398971911045479,-0.00346166805171813,-0.00170149785592925,-0.00299228933284109,-0.00217087657480628,-0.00343233188178831,-0.0026109191237535,-0.00422440846989331,-0.00768607652161143,0.0144333956054688,-0.0232342465844132,0.188748917328427,-0.114939113785014,-0.0548293015988235,0.00190685104543795,0.0220607997872206,0.0151667998537142,0.011235753083119,-0.0062192680251207,-0.00346166805171813,-0.0084194807698568,-0.00528051058736663,-0.010120978625786,-0.0139053445467321,-0.014404059435539,0.024055659342448,-0.00645395738455922,-0.00187751487550814,0.0136706551872936,0.00830213609013754,-0.0220314636172908,0.00442976165940201,-0.0104730126649438,0.00792076588104995,-0.00105610211747333,-0.00252291061396406
-0.00270562814099817,-0.00276444614406335,-0.00291149115172629,-0.00188217609808568,-0.00135281407049908,-0.000441135022988832,-0.00249976513027005,-0.00441135022988832,-0.00467603124368162,-0.00429371422375796,-0.00185276709655309,-0.00123517806436873,-0.00102931505364061,-0.00270562814099817,-0.00270562814099817,-0.00258799213486781,-0.00317617216551959,-0.00258799213486781,-0.00344085317931289,-0.00347026218084548,-0.00529362027586598,-0.00361730718850842,0.0157044068184024,-0.014233956741773,0.0888740026314833,0.104137274426897,-0.0438782302866225,-0.0020880391088138,-0.0203216200590189,0.00349967118237807,0.00352908018391066,-0.000411726021456243,-0.00376435219617137,-0.00470544024521421,-0.0247623792904398,-0.00247035612873746,-0.0227037491831585,-0.00476425824827939,0.00635234433103918,-0.0149397727785551,0.00729343238008202,-0.00911679047510253,0.00685229735709319,0.00891092746437441,0.0123811896452199,-0.00835215643525522,0.00344085317931289,-0.00711697837088649,-0.00417607821762761
-0.00321327732332269,-0.00218149102684293,-0.00300692006402674,-0.00274160358778909,-0.00165085807436762,-0.000619071777887858,-0.00274160358778909,-0.00353755301650205,-0.00524737030781137,-0.0035080734080312,-0.00159189885742592,-0.000678030994829559,-0.00194565415907613,-0.00182773572519272,-0.0036259918419146,-0.00315431810638099,-0.00297744045555589,-0.00283004241320164,-0.00347859379956035,-0.0033901549741478,-0.00563060521793243,-0.00176877650825102,-0.00934503588525957,0.00353755301650205,-0.0931260831594164,0.152085300101117,-0.0036259918419146,-0.0337246720906529,-0.0386477667052849,-0.011231730827394,-0.0205178074957119,0.00377338988426885,-0.00123814355577572,-0.00277108319625994,0.00887336214972597,-0.00828376998030896,0.0135311402881203,-0.000589592169417008,-0.0378518172765719,0.00120866394730487,-0.00981670962079318,-0.0262958107559986,-0.00837220880572151,0.0124993539916406,-0.00654447308052879,0.00274160358778909,-0.0118508026052819,-0.00630863621276198,-0.00389130831815225
-0.00455038870376828,-0.0014183029726031,-0.00304344179537748,-0.0027775099880144,-0.00100463127226053,-0.0013887549940072,-0.00224564637328824,-0.00390033317465852,-0.00511180029709034,-0.00472767657534366,0.00109327520804822,-5.90959571917958e-05,-0.00177287871575387,-0.0027775099880144,-0.00301389381678159,-0.00180242669434977,-0.00271841403082261,-0.00206835850171285,-0.00327982562414467,-0.00348666147431595,-0.00522999221147393,-0.00268886605222671,-0.0345415869786046,0.000413671700342571,-0.0852459182491654,-0.011582807609592,0.10134956658393,-0.0302866780607953,0.000413671700342571,-0.0105486283587356,-0.0343347511284334,0.00620507550513856,-0.000118191914383592,-0.00195016658732926,-0.00215700243750055,-0.0041662649820216,-0.00466858061815187,-0.00729835071318678,-0.00520044423287803,0.00174333073715798,-0.0230178753262045,0.00165468680137028,-0.0137693580256884,-0.0218064082037727,-0.0150103731267161,0.00815524209246782,-0.00892348953596117,-0.00118191914383592,-0.00230474233048004
-0.00367214841784337,-0.00219144341064846,-0.00284295361381422,-0.00219144341064846,-0.00245797031194355,-0.000325755101582879,-0.00225067161093626,-0.00355369201726778,-0.00565629312748454,-0.00488632652374319,-0.000414597402014574,0.000355369201726778,-0.000355369201726778,-0.00296141001438981,-0.00266526901295083,-0.00133263450647542,-0.00233951391136795,-0.00189530240920948,-0.00355369201726778,-0.00296141001438981,-0.00524169572546997,-0.00838079034072317,-0.0172946344840365,-0.026178864527206,0.0260011799263426,-0.0916260258452208,0.166431242808708,-0.0129117476627396,0.044184237414696,0.00962458254676689,0.0416078107021769,0.00192491650935338,-0.000681124303309657,-0.00553783672690895,-0.0138890129674882,0.00405713171971404,-0.0116975695568398,0.00467902782273591,0.0324570537577124,-0.00971342484719859,0.00731468273554284,0.0121713951591421,0.00361292021755557,-0.011638341356552,0.00287256771395812,-0.00690008533352827,0.00233951391136795,-0.0015103191073388,-0.00328716511597269
-0.00317554190595641,-0.00317554190595641,-0.00249294878598447,-0.00210713528339164,-0.00338328763812178,0.000267101655641193,-0.00151357604863343,-0.00406588075809372,-0.00489686368675521,-0.00403620279635581,-0.00249294878598447,-0.00077162700518567,-0.000949694775613132,-0.00287876228857731,-0.00368006725550089,-0.00240391490077074,-0.00195874547470209,-0.00281940636510149,-0.00290844025031522,-0.00234455897729492,-0.00569816865367879,-0.0129989472412047,0.0219023357625779,-0.0333283510316734,0.0219913696477916,-0.00454072814590029,-0.0190235734740006,-0.0045704061076382,0.0487608911353868,0.0296186058144346,0.0597417369784136,-0.00881435463615939,-0.00178067770427462,-0.00869564278920774,0.00759755820490506,-0.00997179514393789,0.00881435463615939,-0.0071523887788364,-0.0118415067334262,-0.00468911795458984,0.0180442007366495,-0.00774594801359461,0.00121679643125433,0.0170648279992985,0.0122866761594949,-0.0142750995959349,0.00103872866082686,-0.00638076177365073,-0.00368006725550089
-0.00425275599174768,-0.00231968508640783,-0.00294421568659455,-0.00267655971508595,-0.00249812240074689,-0.000237916419118751,-0.00053531194301719,-0.00475832838237503,-0.00588843137318909,-0.00377692315351018,-0.000565051495407034,-0.00133827985754298,-0.00133827985754298,-0.00282525747703517,-0.00342004852483205,-0.00175463359100079,-0.00300369479137423,-0.0029144761342047,-0.00309291344854377,-0.00303343434376408,-0.00517468211583284,-0.00799993959286801,0.0221857060828236,-0.0187656575579915,-0.00380666270590002,0.0137694127564977,-0.231819810878833,0.000892186571695317,0.0252191404265876,0.0258139314743845,-0.0369365240681861,-0.0132043612610907,-0.00157619627666173,-0.00374718360112033,-0.00618582689708753,-0.00389588136306955,-0.0109441552794626,-0.0195983650249071,-0.0348250158485072,-0.00871368885022426,-0.0301856456756916,-0.0128772261848024,0.00014869776194922,0.00460963062042581,-0.0142155060423454,0.00802967914525786,-0.00695905525922347,-0.00621556644947738,-0.00347952762961174
-0.00268189753521137,-0.00330767362676069,-0.00238390892018789,-0.0030692827347419,-0.000953563568075154,-0.00101316129107985,-0.0021455180281691,-0.00408244402582175,-0.0063173586384979,-0.00402284630281706,0.000595977230046971,0,-0.00196672485915501,-0.00229451233568084,-0.00366525996478887,-0.00262229981220667,-0.00333747248826304,-0.00238390892018789,-0.00396324857981236,-0.0031288804577466,-0.00444003036384994,-0.00351626565727713,-0.0127539127230052,0.0270871651056348,0.0513434383685466,-0.0347454725117384,-0.0817084782394398,-0.00518500190140865,-0.0265507855985926,0.00119195446009394,-0.0654978975821622,-0.00592997343896736,-0.000774770399061063,0.000595977230046971,-0.0113235673708925,0.00420163947183115,-0.0139458671830991,0.0126645161384981,0.0126347172769958,0.00509560531690161,-0.0175515294248833,0.00587037571596267,-0.00610876660798146,-0.0184752941314561,-0.0138862694600944,0.00804569260563411,-0.00744971537558714,-0.00134094876760569,-0.00256270208920198
-0.000955388123860423,-0.00397083188979488,-0.00244818206739233,-0.00206005564207404,-0.000806108729507232,-0.000746396971765955,-0.00355284958560595,-0.00453809358833701,-0.00525463468123233,-0.00394097601092424,-0.000686685214024679,0.00110466751821361,-0.00197048800546212,-0.00262731734061616,-0.00256760558287489,-0.00331400255464084,-0.00301544376593446,-0.00206005564207404,-0.0032841466757702,-0.00376184073770041,-0.00432910243624254,-0.00361256134334722,-0.0271688497722808,0.0617121016256092,0.0259746146174552,0.00441867007285446,0.197227935819436,-0.0141516865846825,-0.0738037325682177,-0.011882639790514,-0.0253476411611718,0.00325429079689956,-0.000537405819671488,-0.00662800510928168,0.00716541092895317,-0.00788195202184849,0.0184509331420544,0.00880748426683827,0.0173462656238408,-0.00824022256829615,0.0241832618852169,-0.0050754994080085,-0.00827007844716678,-0.00710569917121189,0.0154653452549906,-0.0180926625956068,-0.00235861443078042,-0.000537405819671488,-0.00268702909835744
-0.00164508270763356,-0.00230311579068698,-0.00296114887374041,-0.00200400984384452,-0.00245266876410822,-0.000209374162789726,-0.00242275816942397,-0.00421739385047876,-0.00493524812290068,-0.00397810909300479,-0.00227320519600274,0.000717854272421917,-0.00113660259800137,-0.0030209700631089,-0.00269195352158219,-0.00209374162789726,-0.00191427805979178,-0.00221338400663424,-0.00284150649500342,-0.00293123827905616,-0.00538390704316438,0.0025723111428452,-0.00981067505643286,-0.0199503666543924,-0.0786050428301999,0.0310172866875636,0.189692991487491,-0.0122334332258568,-0.0492926600396383,-0.00275177471095068,-0.0386145777373623,0.000628122488369177,-0.00185445687042328,-0.00625131428900752,-0.00678970499332396,-0.0094517479202219,-0.0141776218803329,-0.0302396112257732,-0.0228516943387643,-0.014686101989965,-0.00424730444516301,-0.0172584131328102,0.00421739385047876,0.0118745060896459,0.00218347341195,-0.00239284757473972,0.00161517211294931,-0.00373882433553082,-0.00418748325579451
-0.00281652195569921,-0.00296633695334279,-0.00323600394910123,-0.00326596694862994,-0.00221726196512491,-0.00176781697219419,-0.00134833497879218,-0.00443452393024983,-0.00479407992459441,-0.00413489393496268,-0.0021872989655962,-0.000569296991045586,-0.0015880389750219,-0.00206744696748134,-0.00350567094485966,-0.00164796497407933,-0.00272663295711307,-0.00320604094957251,-0.00380530094014681,-0.000389518993873296,-0.00572293290998457,0.00332589294768737,0.00344574494580223,-0.120960629097423,-0.0546225481408475,-0.032599743487242,-0.0131837197926346,-0.012404681804888,0.0103971608364641,-0.000659185989631731,-0.0188467267035618,-0.0111761988242107,-0.00137829797832089,-0.000449444992930726,-0.0131537567931059,0.00623230390197273,-0.0225921016446511,0.00269666995758435,-0.010517012834579,0.00464426492695083,-0.0296034435343705,0.010517012834579,-0.00287644795475664,-0.00182774297125162,-0.0202849506809401,0.0134833497879218,-0.00149814997643575,-0.00524352491752513,-0.00326596694862994
-0.00375163554840162,-0.00345150470452949,-0.00225098132904097,-0.00291126918555966,-0.00201087665394327,-0.00198086356955606,-0.00135058879742458,-0.00339147853575507,-0.00549239444285998,-0.00306133460749573,-0.000240104675097704,-0.0016207065569095,-0.00168073272568393,-0.00210091590710491,-0.00258112525730032,-0.00132057571303737,-0.00303132152310851,-0.00240104675097704,-0.00411179256104818,-0.00165071964129671,-0.00468204116440523,-0.0162971048222567,0.00567247294918326,-0.0406677293446736,0.0346951255516182,-0.0400974807413166,-0.137760057337308,-0.00426185798298425,0.00789344119383702,-0.011134854307656,0.042558553661068,-0.012965652455276,-0.000630274772131473,-0.00936408232881045,0.00501218509266457,-0.0069330224934462,0.02875253484295,0.0168073272568393,0.012545469273855,0.00387168788595048,-0.0055524206116344,0.00159069347252229,-0.0057625122023449,-0.0114349851515282,-0.00396172713911212,-0.0114349851515282,-0.0103845271979757,-0.00318138694504458,-0.00228099441342819
-0.00318644910806141,-0.00342693583319812,-0.00195395464173577,-0.00312632742677723,-0.00168340707595697,-0.00096194690054684,-0.00321650994870349,-0.00327663162998767,-0.00477967366209211,-0.003727544239619,-0.00123249446632564,-0.0013226769882519,-0.00216438052623039,-0.00237480641072501,-0.00225456304815666,-0.00288584070164052,-0.0026754148171459,-0.00270547565778799,-0.00270547565778799,-0.00420851768989242,-0.00429870021181869,-0.0271449390998061,0.00363736171769274,0.127818694410161,0.0144292035082026,0.0222450220751457,-0.0723564434255076,0.0248302543703653,-0.0295197455105311,-0.0158420630183808,0.00120243362568355,-0.00198401548237786,-0.00195395464173577,-0.00925873891776333,-0.00225456304815666,-0.0121746404600459,-0.0120844579381197,-0.02302660393184,-0.0102808074995943,-0.012535370547751,0.0244995851233023,-0.0223953262783561,-0.00348705751448229,0.00123249446632564,0.0116636061691304,-0.0111225110375728,-0.0061324114909861,-0.0018637721198095,-0.00171346791659906
-0.00391381380992583,-0.00331168860839878,-0.00358264494908595,-0.00358264494908595,-0.000752656501908814,-0.00024085008061082,-0.00331168860839878,-0.00484710787229276,-0.00406434511030759,-0.00463636405175829,-0.00144510048366492,0.00024085008061082,-0.00174616308442845,-0.00273966966694808,-0.00189669438481021,-0.00373317624946772,-0.00258913836656632,-0.00424498267076571,-0.00316115730801702,-0.00367296372931501,-0.00448583275137653,0.00448583275137653,-0.00632231461603403,0.103806384743264,-0.0273364841493281,0.00815879648069154,0.0847190158548561,0.0257107461052051,-0.0287514783729167,-0.0134273919940532,-0.0565094501633137,0.00611157079549957,-0.00328158234832243,0.00376328250954407,-0.00809858396053883,0.00460625779168194,-0.0254096835044415,-0.00472668283198735,-0.00990495956511999,-0.0189368375880258,-0.00852007160160777,-0.00662337721679756,-0.00270956340687173,0.00481700161221641,-0.00105371910267234,0.0111995287484031,0.0071652898981719,-0.00409445137038395,-0.00421487641068936
-0.00521583493339064,-0.00331642683625995,-0.00244209612488232,-0.00262299213413287,-0.000844181376502532,-0.000633136032376899,-0.00229134945050687,-0.00467314690563901,-0.00419075754763757,-0.00464299757076392,-0.00165821341812997,0.000633136032376899,-0.00153761607862961,-0.00289433614800868,-0.00292448548288377,-0.00226120011563178,-0.00235164812025705,-0.00186925876225561,-0.00485404291488956,-0.00280388814338341,-0.00515553626364046,0.0334959110462255,-0.0170343742044261,-0.0796243934051138,-0.00072358403700217,-0.062348824521687,0.078026478656734,-0.0145018300749185,-0.0088036057835264,-0.00485404291488956,-0.00304508282238413,0.00554747761701664,-0.00289433614800868,-0.00138686940425416,-0.00455254956613865,-0.00783882706752351,0.016672582185925,0.00461284823588883,0.00452240023126356,0.0150445181026701,-0.0375660712543627,0.014682726084169,0.00316568016188449,-0.0111854032386585,-0.00612031497964336,0.00168836275300506,-0.0018994080971307,-0.00509523759389028,-0.00521583493339064
-0.00531345014231834,-0.00401527766436556,-0.00135855259320639,-0.00202273386099618,-0.0020831139762498,-0.000573611094909366,-0.00265672507115917,-0.00434736829826046,-0.00516249985418429,-0.00395489754911194,-0.00268691512878598,0.00105665201693831,-0.00114722218981873,-0.00271710518641279,-0.00446812852876769,-0.00232463443726427,-0.00232463443726427,-0.00105665201693831,-0.00437755835588727,-0.00470964898978216,-0.00543421037282557,0.00540402031519876,-0.0141893270846001,-0.138059133527396,0.0051926899118111,-0.0505985365825314,-0.0666596472399937,-0.0283182740539466,0.00359261685759024,0.00597763141010813,0.0325750721793266,-0.0010264619593115,-0.00166045316947448,-0.00938910792193751,-0.00126798242032597,-0.00428698818300684,-0.00286805547454683,-0.00709466354230005,-0.003471856627083,0.00624934192874941,0.00827207578974559,-0.0024152046101447,-0.00280767535929321,-0.00187178357286214,-0.00489078933554301,-0.013102485010035,-0.0171177626744005,-0.00253596484065193,-0.00329071628132215
-0.00553180110242183,-0.00272055791922385,-0.00262987265524972,-0.00205553265008024,-0.00199507580743082,-0.00105799474636483,-0.00187416212213199,-0.004473806356057,-0.00513883162520061,-0.00284147160452269,-0.00117890843166367,0.000332512634571804,0.000211598949272966,-0.00220667475670379,-0.00386923792956281,-0.00199507580743082,-0.00214621791405437,-0.00326466950306862,-0.00344604003101688,-0.00504814636122648,-0.00507837478255119,-0.0386923792956281,0.00262987265524972,-6.04568426494189e-05,-0.0261475844458737,0.0353370245285853,-0.0587942794765599,-0.000120913685298838,0.00202530422875553,0.00305307055379565,0.000453426319870642,-0.00840350112826923,-0.00423197898545932,-0.00547134425977241,0.000876624218416574,0.00701299374733259,-0.0146305559211594,-0.00220667475670379,-0.00610614110759131,-0.0293820255276176,0.0280217465680057,-0.0188927633279434,-0.00940103903198464,0.00562248636639596,-0.00374832424426397,0.00272055791922385,-0.0022369031780285,-0.00123936527431309,-0.00356695371631571
-0.00323829287236484,-0.00166454306523427,-0.00396463893719434,-0.00263300448500693,-0.0013921632909232,-0.000938197000404768,-0.0028751198399501,-0.00466072058265594,-0.00526600897001386,-0.00293564867868589,-0.00130137003281952,-0.000786874903565289,-0.00163427864586637,-0.00154348538776268,-0.0028751198399501,-0.00105925467787635,-0.00275406216247851,-0.00396463893719434,-0.00272379774311062,-0.00384358125972276,-0.00502389361507069,-0.0297499242386415,0.0133163445218741,0.123448566601647,-0.040342471017405,0.0608617473488383,0.033956678530779,0.0150414164258442,-0.0246049729460992,-0.012771584973252,-0.00341987938857222,-0.0042370187115054,-0.00659764342220127,-0.00332908613046853,-0.00789901345502079,-0.0159190845875132,0.000968461419772664,-0.00798980671312447,-0.00741478274513446,-0.00750557600323814,-0.0270261264955309,0,-0.00172507190397006,-0.00959382093962295,0.00484230709886332,0.00693055203524812,0.0118636523922151,-0.00199745167828112,-0.00405543219529803
-0.000545364820125139,-0.00166639250593792,-0.0027268241006257,-0.00309040064737579,-0.00106043159468777,0.000484768729000124,-0.00348427523968839,-0.00478709119887622,-0.00596871497581402,-0.00384785178643848,-0.00175728664262545,-0.000302980455625077,-0.00209056514381303,-0.00224205537162557,-0.00327218892075083,-0.0015754983692504,-0.0027571221461882,-0.00251473778168814,-0.00293891041956325,-0.00333278501187585,-0.00472649510775121,0.0207238631647553,0.00566573452018894,0.0781992555968324,-0.0302677475169452,-0.0103619315823776,0.00787749184625201,0.0015754983692504,-0.0369030194951344,-0.0246626090878813,-0.0074533192083769,0.00754421334506442,-0.00384785178643848,0.0003938745923126,-0.00645348370481415,-0.00502947556337628,-0.00336308305743836,-0.0046961970621887,-0.0103013354912526,0.0215722084405055,-0.0336308305743836,0.00269652605506319,0.0031509967385008,0.00324189087518833,0.00163609446037542,-0.011937429951628,-0.0078471938006895,-0.0039084478775635,-0.00348427523968839
-0.000970537411929223,-0.00269930717692815,-0.00245667282394584,-0.00345753952999786,-0.00084922023543807,-0.000788561647192493,-0.00197140411798123,-0.00354852741236622,-0.00497400423613727,-0.00515598000087399,-0.000697573764824129,0.000151646470613941,-0.00157712329438499,-0.0030935880005244,-0.00430675976543592,-0.00227469705920912,-0.00260831929455979,-0.00245667282394584,-0.00400346682420804,-0.00254766070631421,-0.00394280823596247,0.0388214964771689,-0.0152253056496397,-0.0586568548334724,0.0122227055314836,-0.070454950247237,-0.0232625685921786,-0.0115251317666595,-0.00564124870683861,-0.0286915122401576,-0.0168024289440247,0.0077036407071882,-0.000485268705964611,-0.00245667282394584,0.00315424658876997,0.012889950002185,-0.00691507905999571,0.00636915176578552,0.00555026082447024,-0.00846187306025791,0.0287521708284032,-0.00272963647105094,-0.00524696788324236,-0.00221403847096354,-0.0084922023543807,-0.00903812964859088,-0.0188041623561287,-0.00445840623604987,-0.00297227082403324
-0.00312689044622405,-0.00273223437048703,-0.00403763523638639,-0.00358226284130522,-0.00203399669802924,-0.00173041510130845,-0.00224650381573378,-0.00245901093343833,-0.00461444027015588,-0.00476623106851627,-0.00109289374819481,-0.000425014235409094,-0.00209471301737339,-0.00352154652196107,-0.00412870971540263,-0.00218578749638963,-0.0026411598914708,-0.00321796492524028,-0.00385548627835392,-0.00330903940425652,-0.00467515658950003,0.000425014235409094,-0.0227686197540586,-0.0906798229404974,0.0480266086012276,-0.0437461080874646,-0.0109896538012923,-0.0129325760203053,0.021372144409143,-0.019823878265867,0.0316939186976496,0.000576805033769485,-0.00136611718524352,-0.0106253558852274,-0.00698237672457797,-0.0102003416498183,-0.00160898246262014,-0.00613234825375979,0.0101699834901462,-0.024468676695695,0.00464479842982796,-0.0127807852219449,-0.00931995501932799,-0.0117182496334222,-0.00919852238063968,0.00962353661604877,0.00170005694163638,-0.0016696987819643,-0.00358226284130522
-0.00200538605808696,-0.00249154025398683,-0.00309923299886167,-0.00273461735193676,-0.00194461678359948,-0.000972308391799738,-0.00179269359738077,-0.00373731038098024,-0.00525654224316734,-0.00398038747893018,-0.00194461678359948,-0.000790000568337287,-0.00133692403872464,-0.00206615533257444,-0.00273461735193676,-0.00179269359738077,-0.00291692517539922,-0.00361577183200528,-0.00401077211617392,-0.00331192545956786,-0.00431461848861134,-0.036248872231784,-0.00309923299886167,0.0128527015541028,0.00601615817426088,0.0265865575882741,-0.0632911993787142,-0.0176838588758577,0.0295034827636733,-0.00811269814407907,0.0660865860051385,-0.00066846201936232,-0.00343346400854283,-0.00434500312585508,-0.00844692915376023,-0.0101788534766535,-0.00419307993963637,-0.0178965513365639,-0.0244596329812122,0.00844692915376023,-0.0346992557323532,-0.0100573149276785,0.00252192489123057,0.0105434691235784,0.0033423100968116,0.00258269416571806,0.00996616101594732,-0.00233961706776812,-0.00273461735193676
-0.000547357001076384,-0.0031320983950482,-0.00294964606135607,-0.00294964606135607,-0.000729809334768512,0.000152043611410107,-0.00240228906027969,-0.00519989151022565,-0.00611215317868629,-0.00428762984176501,-0.00115553144671681,-0.00103389655758873,-0.0017028884477932,-0.00249351522712575,-0.0027063762830999,-0.0022806541711516,-0.00288882861679203,-0.0041355862303549,-0.00465253450914927,-0.00203738439289543,-0.00316250711733022,-0.0192791299268015,0.0149306826404725,0.057046763001072,-0.0546444739407924,0.0565298147222777,-0.0866344497814788,-0.0338449078998898,0.0444271432540332,-0.0175458327567263,0.0268509017750248,-0.00240228906027969,-0.00331455072874033,0.00209820183745947,-0.000608174445640427,-0.000942670390742662,-0.00875771201722215,0.00109471400215277,-0.0146265954176523,-0.000577765723358406,-0.000699400612486491,0.0138055599160377,-0.00392272517438075,0.00045613083423032,0.00395313389666278,-0.0148090477513444,-0.00784545034876151,-0.00516948278794363,-0.00255433267168979
-0.00109549478314154,-0.00255615449399693,-0.00349949722392437,-0.00295174983235359,-0.0013389380682841,3.04304106428206e-05,-0.00276916736849667,-0.00386466215163821,-0.00508187857735103,-0.00508187857735103,-0.000852051497998976,-0.000882481908641796,-0.00164324217471231,-0.00368207968778129,-0.00441240954320898,-0.00216055915564026,-0.00270830654721103,-0.00298218024299642,-0.00328648434942462,-0.00279959777913949,-0.00426025748999488,0.0193233107581911,0.00760760266070514,0.011533125633629,-0.036638214413956,0.0189277154198344,0.0124156075422708,-0.0489929611349411,0.0338081862241736,-0.0359383149691711,-0.0062078037711354,0.000273873695785385,-0.00505144816670821,-0.00812491964163309,-0.00106506437249872,-0.000852051497998976,0.00712071609042001,0.00374294050906693,0.0206622488264752,-0.0255919753506121,0.0113201127591293,-0.0109245174207726,-0.00745545060749104,-0.0234618466056147,-0.00818578046291873,-0.00422982707935206,-0.0178322206366929,-0.00407767502613796,-0.00258658490463975
-0.00210102920301485,-0.00267957347630879,-0.0025273249833367,-0.00280137227068646,-0.00170518312128741,-0.000974390355021379,-0.00191833101144834,-0.00258822438052554,-0.00468925358354039,-0.00502420026807899,-0.00191833101144834,-0.00015224849297209,-0.00109618914939905,-0.00237507649036461,-0.00313631895522506,-0.00222282799739252,-0.00222282799739252,-0.00283182196928088,-0.00271002317490321,-0.00362351413273575,-0.00423250810462412,0.0212538896189038,-0.00986570234459146,0.00484150207651248,0.00770377374438778,-0.0240248121909959,0.0783166247848433,-0.0425686786349965,-0.00895221138675892,-0.00612038941747804,-0.00691208158093291,0.0122407788349561,-0.00648578580061105,-0.00794737133314312,-0.00158338432690974,-0.0110532405897738,-0.0060594900202892,-0.00350171533835808,-0.00274047287349763,0.0128802225054389,-0.0122103291363617,-0.0212234399203094,0.00928715807129752,0.00703388037531058,-0.00298407046225297,0.0128497728068444,-0.00106573945080463,-0.00155293462831532,-0.00246642558614787
-0.00408252209762666,-0.00222406054572198,-0.00286385878490228,-0.00265059270517552,6.09331656362188e-05,-0.000243732662544875,-0.00201079446599522,-0.00402158893199044,-0.00496605299935183,-0.00386925601789989,-0.00146239597526925,0.000396065576635422,-0.00219359396290388,-0.00185846155190467,-0.00222406054572198,-0.00225452712854009,-0.00280292561926606,-0.0035645901897188,-0.00377785626944556,-0.00271152587081174,-0.0035645901897188,-0.00124912989554248,-0.0170917529609594,0.00917044142825092,0.0139536949306941,-0.0144106936729657,0.0113945019739729,0.0619690294520345,-0.0152332914090547,0.0984070625024933,-0.00289432536772039,0.00560585123853213,-0.00188892813472278,0.00237639345981253,-0.00932277434234147,0.00240686004263064,-0.0198032788317711,-0.0116687012193359,-0.027023858959663,0.00892670876570605,-0.0102672384097029,0.0193462800894995,-0.0102063052440666,0.0162082220592342,0.00268105928799363,0.000700731404816516,0.00981023966743122,-0.00265059270517552,-0.00393018918353611
-0.00420638633641133,-0.00182886362452667,-0.00341387876578311,-0.00292618179924266,-0.001097318174716,0.000457215906131666,-0.00216415528902322,-0.004663602242543,-0.00457215906131666,-0.00283473861801633,-0.00152405302043889,0.000213367422861444,-0.00252992801392855,-0.00262137119515489,-0.00426734845722889,-0.001097318174716,-0.00320051134292166,-0.00368820830946211,-0.00399301891354989,-0.00274329543679,-0.004663602242543,-0.00865662115609288,-0.0120095378010584,-0.0332853179663853,0.0226474278837219,0.00414542421559377,-0.0762331320823532,0.181697601096724,0.020849045319604,0.124088396924134,0.0166121779227839,-0.0123143484051462,0.000518178026949222,-0.00533418557153611,-0.00478552648417811,0.00542562875276244,0.0157891892917469,-0.010698852203481,-0.00118876135594233,-0.0327366588790273,-0.000792507570628222,-0.000975393933080888,-0.014539465814987,-0.0240800377229344,-0.004663602242543,-0.0176485339766823,-0.00563899617562388,-0.00597428784012044,-0.00347484088660066
-0.00353720294954573,-0.00195156024802523,-0.00280536785653627,-0.0037201617227981,-0.00301881975866403,-0.000579369448632491,-0.00259191595440851,-0.00460446246018453,-0.0058241876152003,-0.0042385449136798,-0.00170761521702208,-0.0010367663817634,-0.00280536785653627,-0.00243945031003154,-0.00362868233617192,-0.00198205337690063,-0.00250043656778233,-0.00344572356291955,-0.00411657239817822,-0.00378114798054889,-0.0047874212334369,-0.0109165401373911,0.00128071141276656,-0.0331460310875535,0.0251873244510756,-0.00268339534103469,-0.073945837522831,0.0340913180826908,0.0358294264285882,-0.0182043979386104,0.0219550527902839,-0.00872103485836275,-0.00146367018601892,-0.00908695240486748,0.00731835093009462,-0.0267119808948454,-0.00399459988267665,0.0114349233282728,0.0158259338863296,0.00125021828389116,-0.00701341964134068,-0.0304321426176435,0.0142097980559337,-0.00570221509969872,-0.00561073571307254,0.00207353276352681,-0.0111604851683943,-0.00539728381094478,-0.00335424417629337
-0.00393485941224656,-0.0024402228913157,-0.00329430090327619,-0.00298927304186173,-0.00234871453289136,-0.00210469224375979,-0.00219620060218413,-0.0040263677706709,-0.00625307115899648,-0.00536849036089454,-0.000579552936687478,-0.00048804457826314,-0.00320279254485185,-0.00195217831305256,-0.0036298315508321,-0.00338580926170053,-0.00289776468343739,-0.00262323960816438,-0.00341631204784198,-0.00393485941224656,-0.00375184269539789,-0.00942536091770689,0.00652759623426949,0.0285201050422522,-0.0217179837327097,0.0123536283872857,0.00445340677665115,-0.204734700581387,0.0117435726644568,-0.0902577441925394,-0.00756469096307866,0.00201318388533545,-0.0024402228913157,-0.00375184269539789,-0.00674111573725962,0.00344681483398342,-0.0252868097112589,-0.0036298315508321,-0.0140312816250653,0.0150073707815915,0.00265374239430582,0.00555150707774321,-0.00335530647555909,0.019003235766121,0.00298927304186173,0.0151293819261573,-0.000335530647555909,-0.0016471504516381,-0.00399586498452946
-0.00442395442906773,-0.00424089424579596,-0.00369171369598066,-0.0023187623214424,-0.000884790885813546,-0.00195264195489886,-0.00317304317671065,-0.0034476334516183,-0.00421038421525067,-0.00363069363489007,-0.000396630397088831,-0.000244080244362358,-0.00210519210762533,-0.00268488268798593,-0.00408834409306949,-0.00222723222980651,-0.00244080244362358,-0.00295947296289359,-0.00274590274907652,-0.00375273375707125,-0.00317304317671065,0.00680373681160072,-0.00375273375707125,0.0366425466848989,-0.0515314415910028,0.0363679564099913,0.0533010233626299,-0.102940843059824,-0.0169330669526386,0.00527823528433598,-0.0252317952609587,0.00198315198544416,-0.00399681400143361,-0.00399681400143361,-0.0173602073802727,0.0151939952115568,0.0183975484188127,-0.0229130329395163,-0.014187164203562,-0.0169635769831839,-0.00677322678105542,0.0165059265250044,-0.0186721386937204,-0.010251370263219,-0.00140346140508356,-0.0125701325846614,0.000183060183271768,-0.00262386262689534,-0.00408834409306949
-0.00198346595462991,-0.00350920899665292,-0.00311251580572694,-0.0036007535791743,-0.000427208051766443,-0.00158677276370393,-0.00411950621346212,-0.00381435760505752,-0.00433311023934535,-0.0025327334497582,-0.000122059443361841,-0.000396693190925982,-0.00210552539799175,-0.00384487246589798,-0.00357023871833384,-0.00125110929445887,-0.00228861456303451,-0.00326509010992924,-0.00280736719732234,-0.0029904563623651,-0.0032956049707697,0.0171493517923386,-0.015318460141911,-0.00955115144306404,-0.00204449567631083,0.00524855606455915,0.0190412731644472,0.115193599672737,-0.0118397660060986,0.0555370467296375,-0.0133044793264406,-0.00143419845950163,-0.0028378820581628,-0.000945960686054266,0.00875776506121207,-0.0230387199345474,0.00415002107430259,0.00482134801279271,0.00387538732673844,-0.0114430728151726,-0.0155930938894752,-0.0219096700834504,0.00109853499025657,-0.00991732977314956,-0.00595039786388974,-0.0148302223684636,-0.00585885328136836,-0.00604194244641112,-0.00363126844001476
0.000640862800112581,-0.00231931299088363,-0.00299069306719204,-0.00360103859110879,-0.00210569205751277,-0.00042724186674172,-0.00354000403871711,-0.00424190139122137,-0.00573724792481739,-0.00250241664805865,-0.000152586380979186,-0.000244138209566697,-0.00302121034338788,-0.00421138411502553,-0.00366207314350046,-0.00189207112414191,-0.00311276217197539,-0.00396724590545883,-0.00408931501024218,-0.002624485752842,-0.003936728629263,0.00256345120045032,-0.0149534653359602,-0.0195615740415316,0.0521540250186857,-0.0230405435278571,-0.020049850460665,0.102965289884755,0.0180967447841314,0.0315548635864956,0.00585931702960074,-0.00881949282059694,0.000793449181091767,-0.00421138411502553,0.00128172560022516,-0.00732414628700092,-0.0357662477015212,0.00885001009679278,0.000732414628700092,0.00671380076308418,-0.000640862800112581,-0.0202939886702317,0.0063170761725383,0.00537104061046734,3.05172761958372e-05,0.00744621539178427,-0.00222776116229611,-0.0042724186674172,-0.00326534855295458
-0.00167845019077104,-0.00323483127675874,-0.00308224489577955,-0.00323483127675874,-0.00192258840033774,0.000305172761958372,-0.00274655485762535,-0.00549310971525069,-0.00448603960078806,-0.00381465952447965,-0.00097655283826679,-0.000732414628700092,-0.00241086481947114,-0.00231931299088363,-0.00274655485762535,-0.00259396847664616,-0.00195310567653358,-0.00436397049600472,-0.00491328146752979,-0.00363155586730462,-0.00384517680067548,-0.0169676055648855,-0.00924673468733866,-0.00671380076308418,0.0351559021776044,0.0120848413735515,-0.00488276419133395,0.014434671640631,0.014251567983456,0.0108336330495222,0.0063170761725383,-0.0124510486879016,-0.000854483733483441,-0.0121458759259432,-0.0182188138889148,0.0137938088405184,0.00625604162014662,-0.0293271024241995,-0.0109557021543055,-0.00961294200168871,0.00271603758142951,0.0213010587846943,-0.00433345321980888,-0.00872794099200943,-0.00659173165830083,0.00967397655408038,-0.000610345523916744,-0.00195310567653358,-0.00289914123860453
-0.00485186287363317,-0.0036007535791743,-0.00338714955329108,-0.0032956049707697,-0.00103750526857565,-0.000701841799330584,-0.00219706998051313,-0.00512649662119731,-0.00479083315195225,-0.00369229816169568,-0.000640812077649664,-0.000579782355968743,-0.00183089165042761,-0.00295994150152464,-0.00280736719732234,-0.00228861456303451,-0.00112904985109703,-0.00350920899665292,-0.00402796163094074,-0.00347869413581246,-0.00421105079598351,-0.0128772712746742,-0.00537061550792099,-0.00884930964373345,-0.0140673508474521,0.0263343249053171,0.0191023028861281,-0.0518447485679418,-0.0343597333063582,-0.0360990803742644,-0.0211467985624389,-0.00378384274421706,-0.00662172480237986,-0.00198346595462991,0.0103140229640755,-0.0108022607375229,0.0233743834037925,0.00332611983161016,-0.0111684390676084,-0.00848313131364793,-0.00646915049817756,0.00619451675061342,-0.0104971121291183,0.00115956471193749,-0.00479083315195225,-0.00616400188977296,-0.00750665576675321,-0.00311251580572694,-0.00161728762454439
-0.00655965656723836,-0.00277641277962182,-0.00353916354325419,-0.00341712342107301,-0.00186111186326298,0.000213570213817063,-0.00180009180217239,-0.00427140427634126,-0.00564435565087952,-0.0040273240319789,-0.000152550152726474,-0.00134244134399297,-0.00192213192435357,-0.00399681400143361,-0.00445446445961303,-0.00137295137453826,-0.00265437265744064,-0.00283743284071241,-0.00314253314616535,-0.00417987418470537,-0.00417987418470537,0.00292896293234829,-0.000366120366543536,-0.00619353620069482,-0.0287099387431223,-0.0130888031039314,0.0293506493845735,-0.0628811729538524,-0.0601962902658665,-0.0205637605875286,-0.0410665011139667,0.00146448146617415,-0.00665118665887425,0.00360018360434478,-0.0017085617105365,-0.00375273375707125,-0.0281302481627617,0.0236757837031487,0.00671220671996484,0.00875637876649958,-0.0163838864028233,-0.0328593028972824,-0.00488160488724715,0.0104954505075814,0.0101903502021284,-0.0162008262195515,-0.0051561951621548,-0.00384426384870713,-0.00256284256580476
-0.00515497085790441,-0.00210469224375979,-0.00390435662610512,-0.00384335105382222,-0.00176916159620388,0.00106759751495062,-0.00186066995462822,-0.0044839095627926,-0.00573452379459189,-0.00375184269539789,-0.00109810030109206,-0.00176916159620388,-0.00192167552691111,-0.00259273682202293,-0.0040263677706709,-0.00195217831305256,-0.00329430090327619,-0.00292826746957884,-0.00225720617446702,-0.00381284826768078,-0.00359932876469066,0.0117435726644568,-0.00652759623426949,0.00616156280057214,-0.00436189841822681,-0.0239141843348938,0.0233956369704893,0.0504821110640935,-0.0356272542132092,0.0549355178407447,-0.0318754115178113,-0.00250122846359859,-0.00256223403588148,-0.00976089156526279,-0.0221755255248314,0.00256223403588148,-0.0109505002247792,-0.0366338461558769,-0.00393485941224656,-0.0120180977397298,-0.00213519502990124,-0.0072596631016642,0.005673518222309,-0.0143058067003383,-0.000945586370384833,0.00356882597854921,-0.00186066995462822,-0.00350782040626632,-0.0044839095627926
-0.000396410675380125,-0.0021040258924022,-0.00396410675380125,-0.0032017785319164,-0.000884300737386433,0.000182958773252365,-0.00298832662978864,-0.00518383190881702,-0.00548876319757096,-0.00304931288753942,-0.000304931288753942,-0.000365917546504731,-0.00271388846991009,-0.00225649153677917,-0.00335424417629337,-0.00268339534103469,-0.00173810834589747,-0.00326276478966718,-0.00323227166079179,-0.00250043656778233,-0.00408607926930283,0.00594616013070188,-0.0207963138930189,0.00981878749787695,0.0202474375732618,0.00798919976535329,-0.0115873889726498,0.0597665325957727,-0.00762328221884856,0.0193936299647507,-0.0105811157197618,-0.00576320135744951,-0.00445199681580756,-0.0100017462711293,0.0109775263951419,-0.0144537430869369,0.0221075184346608,-0.00966632185349998,-0.013843880509429,-0.0119533065191545,0.0111299920395189,0.0266509946370946,-0.00149416331489432,-0.0111299920395189,-0.0211622314395236,0.0146671949890646,-0.00332375104741797,-0.00497038000668926,-0.00417755865592901
-0.000487696966540444,-0.00335291664496555,-0.00228607953065833,-0.00313954922210411,-0.00106683711430722,-0.001097318174716,-0.00317003028251289,-0.00569995829644144,-0.004389272698864,-0.00448071588009033,-0.000304810604087778,-9.14431812263333e-05,-0.00280425755760755,-0.00225559847024955,-0.00390157573232355,-0.00213367422861444,-0.00188982574534422,-0.00292618179924266,-0.00490745072581322,-0.00265185225556366,-0.00405398103436744,-0.00728497343769788,-0.0240495566625256,0.00252992801392855,0.0168255453456453,0.0284083483009809,-0.0210928938028742,-0.0786411358546466,-0.000243848483270222,-0.0597733594616132,0.0107598143242985,-0.00670583328993111,-0.00512081814867466,-0.00140212877880378,0.00304810604087778,0.00457215906131666,-0.0202394241114284,0.0218854013735024,0.00332243558455678,0.0131982991570008,-0.0108817385659337,-0.00198126892657055,-0.0136250340027237,0.01097318174716,0.00207271210779689,-0.0107293332638898,-0.000883950751854555,-0.00524274239030977,-0.00252992801392855
-0.00542305174162347,-0.00426532159453531,-0.00332085752717392,-0.00268105928799363,-0.000670264821998406,-0.00100539723299761,-0.00188892813472278,-0.00432625476017153,-0.00380832285226367,-0.00386925601789989,-0.00137099622681492,-0.000609331656362188,-0.00188892813472278,-0.00344272385844636,-0.00338179069281014,-0.00179752838626845,-0.00249825979108497,-0.00307712486462905,-0.00438718792580775,-0.00176706180345034,-0.00502698616498805,-0.0133443632743319,-0.0113335688083367,-0.0187978815987735,-0.00377785626944556,0.0225452712854009,0.0194072132551357,-0.0661734178809336,-0.000761664570452735,-0.0528290546066017,0.0156902901513263,-0.00661124847152974,-0.0029247919505385,-0.00319899119590149,-0.0225757378682191,0.0032599243615377,-0.0130092308633327,-0.0159340228138712,-0.000456998742271641,-0.0123694326241524,-0.0173050190406861,-0.0357982348112785,-0.000822597736088953,0.0071291803794376,0.020047011494316,-0.0173964187891405,-0.00651984872307541,-0.00283339220208417,-0.00249825979108497
-0.007064330073905,-0.00298407046225297,-0.00450655539197388,-0.00274047287349763,-0.00106573945080463,-0.000548094574699526,-0.00228372739458136,-0.00429340750181295,-0.00414115900884086,-0.00277092257209205,-0.00173563281988183,0.00048719517751069,-0.00204012980582601,-0.00350171533835808,-0.00377576262570784,-0.00274047287349763,-0.0021923782987981,-0.00331901714679157,-0.0028622716678753,-0.00274047287349763,-0.00560274454137293,-0.00758197495001011,0.0210102920301485,-0.0350476030821752,-0.00709477977249942,-0.0172040797058462,0.0437866665787732,0.0172345294044406,-0.00593769122591153,-0.0466489382466485,-0.0045370050905683,0.000883041259238125,-0.00557229484277851,-0.00496330087089015,0.00371486322851901,-0.016534186336769,0.0200054519765327,-0.00532869725402317,-0.0213756884132815,-0.0169300324184965,0.0105051460150742,-0.00998750113896914,0.00852591560643707,-0.0181175706636788,-0.0129411219026277,0.0106573945080463,-0.012088530341984,-0.00240552618895903,-0.00337991654398041
-0.00368207968778129,-0.0034082059919959,-0.00365164927713847,-0.00377337091970975,-0.00130850765764128,-0.00130850765764128,-0.00343863640263872,-0.00422982707935206,-0.00477757447092283,-0.00267787613656821,-0.00152152053214103,0.000426025748999488,-0.00301261065363924,-0.00185625504921205,-0.00389509256228103,-0.00279959777913949,-0.00182582463856923,-0.00380380133035257,-0.00216055915564026,-0.00395595338356667,-0.00432111831128052,0.00441240954320898,0.0305825626960347,-0.0041385358474236,0.00970730099505976,-0.0586394013087152,0.0260180010996116,-0.0226706559289013,-0.0168888779067654,-0.0476235926560142,-0.0175583469409075,0.00870309744384668,-0.00453413118578026,-0.0044428399538518,0.00249529367271129,-0.00407767502613796,-0.0173453340664077,0.00173453340664077,0.00276916736849667,0.0133589502721982,-0.00982902263763104,0.0220011868947593,-0.0101941875653449,-0.00766846348199078,-0.0187147025453346,0.00982902263763104,0.00143022930021257,-0.00480800488156565,-0.0034082059919959
-0.000729809334768512,-0.00453089962002118,-0.00480457812055937,-0.0035578205069965,-0.000273678500538192,-0.000942670390742662,-0.00200697567061341,-0.00443967345317512,-0.00480457812055937,-0.0037098641184066,-0.000152043611410107,-0.00115553144671681,-0.00316250711733022,-0.0017028884477932,-0.00310168967276618,-0.00182452333692128,-0.00188534078148532,-0.00377068156297065,-0.00322332456189426,-0.00221983672658756,-0.00386190772981671,0.00866648585037608,-0.0304391310043034,0.0307128095048416,0.00690277995801885,-0.0265164058299226,-0.0152043611410107,-0.00866648585037608,-0.0197960782055959,0.0239316644359508,0.00343618561786841,0.00501743917653352,0.000608174445640427,-0.00258474139397181,-0.0139271948051658,0.0115249057448861,-0.0208907922077487,-0.0258778226620002,0.011403270855758,-0.00729809334768512,-0.018549320592033,0.00246310650484373,-0.017059293200214,0.0125588023024748,0.0157517181420871,-0.0174241978675982,0.00462212578686724,-0.00532152639935374,-0.00316250711733022
-0.00246115561674309,-0.00276500198918051,-0.00437538776309882,-0.00249154025398683,-0.00176230896013703,-0.000698846656606062,-0.00106346230353096,-0.00519577296867985,-0.00565154252733598,-0.0039196182044427,0.000273461735193676,-0.00133692403872464,-0.00291692517539922,-0.00328154082232412,-0.0037069257437365,-0.00197500142084322,-0.00276500198918051,-0.00419307993963637,-0.00398038747893018,-0.00230923243052438,-0.00443615703758631,0.00255230952847431,-0.0772681325108355,0.00692769729157314,-0.0148580876121898,0.0418700301218762,-0.0553911936953413,0.0693985114647063,-0.00847731379100397,0.06025273565434,0.0254623260102556,-0.00355500255751779,-0.00164077041116206,-0.00194461678359948,0.00656308164464823,-0.0128527015541028,0.0184130901697075,0.0100876995649223,-0.020600784051257,-0.015891165278477,0.0116069314271094,-0.0266473268627616,0.01388577922039,-0.00814308278132281,0.00768731322266668,-0.00568192716457972,-0.0122146241719842,-0.00376769501822399,-0.00252192489123057
-0.00385548627835392,-0.000910744790162344,-0.00327868124458444,-0.00282330884950327,-0.00209471301737339,-0.00081967031114611,-0.00154826614327599,-0.00467515658950003,-0.00534303610228575,-0.00443229131212341,6.07163193441563e-05,-0.00112325190786689,-0.00239829461409417,-0.00415906787507471,-0.00370369547999353,-0.00267151805114288,-0.00273223437048703,-0.00358226284130522,-0.00421978419441886,-0.00327868124458444,-0.00449300763146757,-0.0115057425157176,-0.00303581596720781,-0.029902787276997,-0.0150880053570228,0.0361565681694451,-0.0320278584540424,-0.00734667464064291,0.00415906787507471,-0.0156648103907923,0.019034566114393,-0.00546446874097407,-0.00418942603474678,-0.00525196162326952,0.00270187621081496,-0.00752882359867538,0.00561625953933446,0.0231936339894677,-0.00503945450556497,0.0062537808924481,-0.000242865277376625,-0.00743774911965915,0.00825741943080526,-0.00604127377474355,-0.0209167720140618,0.0171220020550521,-0.00974496925473708,-0.00382512811868185,-0.0029143833285195
-0.0023050263533319,-0.00306325870640161,-0.00366984458885737,-0.00242634352982306,-0.000788561647192493,3.03292941227882e-05,-0.00300260011815603,-0.005155980000874,-0.00288128294166488,-0.0048830163537689,-0.000394280823596247,-0.0015467940002622,-0.00200173341210402,-0.00312391729464719,-0.00376083247122574,-0.00248700211806863,-0.00342721023587507,-0.0036091860006118,-0.00394280823596247,-0.00321490517701555,-0.00394280823596247,-0.0175303320029716,0.0888648317797694,-0.0221100554155126,0.00600520023631207,-0.0233838857686697,0.0370623974180472,-0.121529481550012,0.00997833776639732,-0.0632365782460134,0.0020623920003496,0.000727903058946917,-0.000940208117806434,-0.00194107482385845,-0.0208968836506011,0.00964471553104665,-0.0290554637696311,-0.0519540808323362,0.0023050263533319,-0.00227469705920912,-0.0264471444750713,0.0176516491794627,-0.0285701950636665,0.0106759115312214,-0.0017894283532445,-0.00424610117719035,0.00740034776596032,-0.00451906482429544,-0.00336655164762949
-0.000969537458000247,-0.00412053419650105,-0.00296920846512576,-0.00218145928050056,-0.0015754983692504,0.000212086318937554,-0.00263592996393817,-0.00554454233793891,-0.00336308305743836,-0.00366606351306344,-0.000878643321312724,-0.00190877687043799,-0.00257533387281316,-0.00260563191837566,-0.00372665960418845,-0.00248443973612563,-0.00342367914856337,-0.00460530292550118,-0.0031509967385008,-0.003938745923126,-0.00475679315331371,-0.00209056514381303,0.0340550032122587,-0.00245414169056313,0.0123616025895032,-0.0369636155862594,0.0336611286199461,-0.0625654640865785,0.0109072964025028,-0.0134523322297534,-0.000878643321312724,0.00815017425631458,-0.00109072964025028,-0.0023329495083131,-0.00515066774562631,-0.013664418548691,-0.0035145732852509,-0.00815017425631458,-0.00542335015568888,-0.0109678924936278,-0.00130281595918783,-0.00775629966400198,-0.0043023224698761,-0.00599901302137653,0.0146945520978162,-0.019511941342255,-0.000302980455625077,-0.00472649510775121,-0.00287831432843823
-0.00217903819448849,-0.00266326890437483,-0.00308697077552537,-0.00290538425931799,-0.0013921632909232,-0.000968461419772664,-0.00202771609764901,-0.00453966290518436,-0.00665817226093706,-0.00393437451782645,-0.000968461419772664,-0.00105925467787635,-0.00196718725891322,-0.00263300448500693,-0.00263300448500693,-0.00272379774311062,-0.00266326890437483,-0.0042975475502412,-0.0028448554205822,-0.00323829287236484,-0.00541733106685334,0.0129834359088273,-0.0820165764869975,-0.00335935054983643,-0.00593182619610757,-0.0172507190397006,-0.0254826411077682,0.0433991773735625,0.0129531714894594,0.0275103572054172,0.0157374980713058,0.00402516777593013,-0.0028448554205822,-0.00865562393921818,0.014224277102911,0.000393437451782645,0.022062761719196,0.0486651863435764,0.00099872583914056,0.00121057677471583,0.018279709298209,-0.0195508149116606,0.0217903819448849,-0.0146479789740615,-0.0100780516495093,0.00605288387357915,-0.0177954785883227,-0.00469098500202384,-0.00275406216247851
-0.00374832424426397,-0.00259964423392501,-0.00332512634571804,-0.00284147160452269,-6.04568426494189e-05,-0.00057434000516948,-0.00414129372148519,-0.00438312109208287,-0.00528997373182415,-0.0038390095082381,-0.000906852639741283,-0.000604568426494189,-0.00175324843683315,-0.00244850212730147,-0.00323444108174391,-0.00302284213247094,-0.00275078634054856,-0.00296238528982153,-0.00250895896995088,-0.0019043905434567,-0.00492723267592764,0.00492723267592764,-0.072517982757978,0.00181370527948257,-0.0117890843166367,-0.0130284495909498,-0.0366066182242231,0.0487282151754316,0.0205250980794777,0.0114263432607402,0.0324955529240627,-0.00725482111793027,0.00129982211696251,-0.00985446535185528,-0.00674093795541021,0.00429243582810874,-0.0212505801912707,-0.0281426602533045,-0.00532020215314886,-0.00275078634054856,-0.0184091085867481,0.00453426319870642,-0.00785938954442446,0.00592477057964305,-0.0127563937990274,0.0135725611747945,-0.00395992319353694,-0.00429243582810874,-0.00344604003101688
-0.00235482449489108,-0.00307938587793449,-0.00350204668470981,-0.00283786541692002,-0.000181140345760852,0.000603801152536175,-0.00332090633894896,-0.00498135950842344,-0.00320014610844173,-0.00365299697284386,-0.0010264619593115,-0.000332090633894896,-0.00329071628132215,-0.00181140345760852,-0.00226425432201065,-0.00229444437963746,-0.00356242679996343,-0.00250577478302512,-0.00313976599318811,-0.00223406426438385,-0.00455869870164812,-0.0142798972574805,0.0364997796708117,0.0107476605151439,-0.00495116945079663,-0.00350204668470981,-0.0204386690133495,0.000301900576268087,0.0206499994167372,-0.00763808457958261,0.0285597945149611,-0.00884568688465496,0.000664181267789792,0.00108684207456511,-0.0186876456709946,-0.0167554819828788,-0.0117137423592018,-0.0346883762132032,-0.00839283602025283,-0.0104457599388758,-0.0131326750676618,0.00824188573211878,-0.0287711249183487,0.00531345014231834,0.00878530676940134,-0.0111099412066656,0.0101438593626077,-0.00401527766436556,-0.00338128645420258
-0.00159791474837979,-0.00304508282238413,-0.00482389358001447,-0.0025325441295076,-0.00232149878538196,-0.00072358403700217,-0.00192955743200579,-0.00467314690563901,-0.00470329624051411,-0.00325612816650977,-0.00129642139962889,-0.000180896009250542,-0.00265314146900796,-0.00174866142275524,-0.0022009014458816,-0.00123612272987871,-0.00301493348750904,-0.00458269890101374,-0.00349732284551049,-0.00343702417576031,-0.00548717894726646,-0.0154063101211712,0.0785390173496105,-0.0075373337187726,-0.0151651154421705,0.0165821341812997,-0.0137179473681661,-0.0315965029490948,-0.000874330711377622,-0.00349732284551049,0.00648210699814444,-0.00244209612488232,-0.0078689764023986,-0.000301493348750904,0.00102507738575307,0.00515553626364046,0.0201397556965604,0.0265012653552045,-0.00147731740887943,-0.00449225089638847,0.00708509369564625,-0.0157379528047972,0.0041003095430123,-0.0124215259685373,0.00301493348750904,-0.0142003367261676,-0.00581882163089245,-0.0044018028917632,-0.00304508282238413
-0.00207733194526833,-0.00273966966694808,-0.00394392007000218,-0.00198701316503927,-0.00246871332626091,-0.00117414414297775,-0.00186658812473386,-0.00379338876962042,-0.00538902055366711,-0.00249881958633726,-0.000541912681374346,-0.000692443981756109,-0.00165584430419939,-0.00249881958633726,-0.00289020096732984,-0.00189669438481021,-0.00171605682435209,-0.00385360128977313,-0.00334179486847513,-0.00295041348748255,-0.0059008269749651,-0.00340200738862784,0.0111393162282504,-0.0264935088671902,-0.021947463595661,0.0133069669537478,-0.00406434511030759,-0.0146316423971073,-0.0204722568519197,0.0146617486571837,-0.012554310451839,0.00129456918328316,-0.00565997689435428,-0.0125844167119154,0.00460625779168194,0.00403423885023124,-0.0214958696945157,0.00147520674374127,-0.00216765072549738,0.00466647031183464,-0.00448583275137653,-0.0134574982541296,0.0260419149660449,-0.00144510048366492,-0.0125844167119154,0.00975442826473822,-0.0136682420746641,-0.00415466389053665,-0.00279988218710079
-0.00333675331127185,-0.00195395464173577,-0.00252511061393545,-0.00225456304815666,-0.000210425884494621,0.000120243362568355,-0.00189383296045159,-0.00462936945888167,-0.00502016038722882,-0.00462936945888167,0.000450912609631331,-0.00072146017541013,-0.00270547565778799,-0.00255517145457754,-0.00174352875724115,-0.0021343196855883,-0.0024048672513671,-0.00342693583319812,-0.00225456304815666,-0.00144292035082026,-0.00483979534337629,0.00315638826741932,-0.0610535673440822,-0.0126856747509614,0.000330669247062976,-0.0126255530696773,-0.00529070795300762,0.0320147952838245,-0.013557439129582,0.0447906525567122,-0.0104311117028048,-0.00156316371338861,0.00228462388879874,-0.00126255530696773,-0.00769557520437472,-0.0224554479596403,-0.0101906249776681,-0.0316841260367615,-0.0110022676750045,-0.00315638826741932,-0.013557439129582,0.0116636061691304,-0.0251909844580704,0.00736490595731174,0.000631277653483863,0.00883788714877409,-0.00123249446632564,-0.00435882189310287,-0.00285577986099843
-0.00228099441342819,-0.00252109908852589,-0.00384167480156326,-0.00288125610117245,-0.000690300940905899,-0.000510222434582621,-0.00294128226994687,-0.00543236827408555,-0.00543236827408555,-0.00429187106737146,-0.000780340194067538,-0.00165071964129671,-0.00282122993239802,-0.00222096824465376,-0.00249108600413868,-0.00243105983536425,-0.00267116451046196,-0.00405176639227375,-0.00216094207587934,-0.000780340194067538,-0.00447194957369474,0.00327142619820622,-0.0422284097328087,0.0112849197295921,0.0129056262865016,-0.0279121684801081,-0.0148864898560576,0.0341548900326484,-0.00156068038813508,0.0563945855635732,0.00378164863278884,-0.00750327109680325,-0.000840366362841964,-0.00150065421936065,-0.00852371596596849,0.00411179256104818,0.0218495254338911,0.012545469273855,0.00150065421936065,-0.0143462543370878,-0.00354154395769113,-0.00240104675097704,-0.0253310432228078,-0.0096942262570698,0.00897391223177669,-0.0165672225817416,0.00264115142607474,-0.00573249911795768,-0.00417181872982261
-0.00125844598020603,-0.00308618895145765,-0.00446448692977854,-0.00215733596606748,-0.00149814997643575,-0.000479407992459441,-0.00341578194627352,-0.00392515293826167,-0.00524352491752513,-0.00281652195569921,-0.00152811297596447,-0.00170789097313676,-0.00128840897973475,-0.00248692896088335,-0.00242700296182592,-0.00143822397737832,-0.00389518993873296,-0.00368544894203195,-0.0045843389278934,-0.00284648495522793,-0.00452441292883597,-0.00443452393024983,0.0290041835437962,0.0187568377049756,-0.00850949186615508,-0.0204946916776411,-0.0104271238359928,-0.0151912407610585,-0.00116855698161989,0.0196557276908371,0.00988778984447597,-0.0108765688289236,-0.00608248890432916,-0.00632219290055888,0.00227718796418234,0.0108166428298661,-0.0173785397266547,0.00200752096842391,0.00428470893260625,-0.0017977799717229,0.000659185989631731,-0.0209141736710431,0.0238205846253285,-0.0067716378934896,-0.0130938307940485,-0.0102173828392918,-0.00620234090244402,-0.00407496793590525,-0.00302626295240022
-0.00326025482058287,-0.00293123827905616,-0.00337989719931986,-0.00203392043852876,-0.00137588735547534,0.000179463568105479,-0.00206383103321301,-0.00439685741858424,-0.00439685741858424,-0.00382855611958356,-0.00113660259800137,-0.000807586056474656,-0.00227320519600274,-0.0025723111428452,-0.00149552973421233,-0.000837496651158903,-0.0043071256345315,-0.00406784087705753,-0.00406784087705753,-0.00388837730895205,-0.00583256596342807,-0.0128017345248575,0.036760120866939,0.00134597676079109,-0.0293123827905616,0.00619149309963903,0.000598211893684931,-0.0374181539499924,0.00613167191027054,-0.0216552705513945,0.00248257935879246,-0.00717854272421917,-0.00544372823253287,-0.00272186411626643,-0.00574283417937533,-0.0204289361693404,-0.0153142244783342,-0.0232405320696596,-0.0101995127873281,0.00110669200331712,-0.00439685741858424,0.0051446222856904,0.00631113547837602,0.0064905990464815,-0.00598211893684931,0.0134597676079109,-0.00960130089364314,-0.00185445687042328,-0.00194418865447602
-0.00206005564207404,-0.00337371431238212,-0.00409025540527743,-0.00274674085609872,-0.00197048800546212,-0.0012539469125668,-0.00217947915755659,-0.00450823770946637,-0.00495607589252594,-0.00280645261383999,-0.000597117577412764,-0.000895676366119146,-0.00316472316028765,-0.00170178509562638,-0.00256760558287489,-0.00137337042804936,-0.00307515552367574,-0.00370212897995914,-0.00217947915755659,-0.00307515552367574,-0.00644886983605785,-0.0114049457285838,-0.00188092036885021,-0.0220037827276604,-0.0274076968032459,0.0260044704963259,0.0111063869398774,-0.00979272826956933,0.00994200766392252,-0.0230487384881327,-0.013942695432588,-0.00238847030965106,-0.00420967892075999,-0.0079715196584604,-0.0131067308242102,-0.00471722886156084,0.0165700127732042,0.00758339323314211,-0.00931503420763912,-0.00229890267303914,-0.00549348171219743,0.012957451429857,-0.0225411885473319,0.00128380279143744,0.012211054458091,0.00489636413478467,-0.00465751710381956,-0.00412011128414807,-0.00214962327868595
-0.000953563568075154,-0.00217531688967145,-0.00435063377934289,-0.0031288804577466,-0.00160913852112682,-0.00140054649061038,-0.00324807590375599,-0.00438043264084524,-0.00455922580985933,-0.00286069070422546,-0.000923764706572806,-0.00146014421361508,-0.00157933965962447,-0.00241370778169023,-0.00342686907277009,-0.000923764706572806,-0.0020859203051644,-0.00390365085680766,-0.00217531688967145,-0.00259250095070433,-0.00435063377934289,-0.00134094876760569,-0.00712192789906131,-0.0149292296126766,-0.00444003036384994,0.00592997343896736,0.0106977912793431,0.0328979430985928,-0.014273654659625,-0.00664514611502373,-0.0215743757277004,0.000953563568075154,-0.00351626565727713,-0.00330767362676069,0.0106679924178408,0.0183262998239444,-0.0112937685093901,0.00321827704225365,0.0103700038028173,-0.00896945731220692,-0.00640675522300494,-0.0215743757277004,-0.0135286831220662,-0.00673454269953078,-0.00965483112676094,-0.0158827931807518,-0.00184752941314561,-0.0052743984859157,-0.00366525996478887
-0.00231968508640783,-0.00306317389615392,-0.0041337977821883,-0.00315239255332345,-0.000743488809746098,-2.97395523898439e-05,-0.00255760150552658,-0.00565051495407034,-0.00484754703954456,-0.0039256209154594,-0.00220072687684845,-0.00154645672427188,-0.00205202911489923,-0.00276577837225548,-0.0029144761342047,-0.00160593582905157,-0.00211150821967892,-0.00407431867740862,-0.00220072687684845,-0.0016951544862211,-0.00425275599174768,0.00603712913513831,-0.00639400376381644,0.0124906120037344,0.0161485769476852,-0.019628104577297,-0.0186169597960423,0.0608471241896206,-0.0372636591444744,0.0154645672427188,-0.00966535452669927,0.00234942463879767,-0.00330109031527267,-0.000981405228864849,0.000267655971508595,-0.0123716537941751,-0.0121039978226665,-0.0244161725120619,-0.00698879481161332,-0.00740514854507113,-0.00463937017281565,-0.0132043612610907,0.0133827985754298,-0.0112712903557508,-0.0111523321461915,-0.00841629332632583,-0.00208176866728907,-0.00410405822979846,-0.00457989106803596
-0.00394716891114208,-0.00415491464330745,-0.00391749094940417,-0.00207745732165373,-0.000949694775613132,0.000118711846951642,-0.00243359286250865,-0.00501557553370686,-0.00546074495977551,-0.00480782980154148,-0.00124647439299224,-0.00103872866082686,-0.00207745732165373,-0.00249294878598447,-0.00317554190595641,-0.00124647439299224,-0.00264133859467402,-0.00293811821205313,-0.0025819826711982,-0.00287876228857731,-0.00587623642410626,0.0014245421634197,-0.0212494206043438,0.0140673538637695,0.00326457579117014,-0.00468911795458984,-0.034456113577714,0.0411336549687438,-0.0327347917969152,0.0338328763812178,0.00077162700518567,-0.00281940636510149,-0.00546074495977551,-0.00412523668156954,-0.0151654384480722,-0.0196468106704967,0.0147202690220036,0.00546074495977551,-0.02187265780084,0.00397684687287999,-0.00163228789558507,0.0130879811264185,0.0042736264902591,0.00501557553370686,0.0140673538637695,0.0141860657107212,-0.00406588075809372,-0.00296779617379104,-0.0031458639442185
-0.003198322815541,-0.0032279369156849,-0.00293179591424592,-0.00136224860661931,-0.00207298701007287,0.000503439702446268,-0.00201375880978507,-0.00390906121899455,-0.00503439702446268,-0.00456057142216031,2.96141001438981e-05,-0.000740352503597453,-0.000918037104460842,-0.0031094805151093,-0.0031687087153971,-0.00103649350503643,-0.00216182931050456,-0.00331677921611659,-0.00325755101582879,-0.00349446381697998,-0.00521208162532607,-0.00826233394014758,-0.00352407791712388,-0.00396828941928235,-0.0240466493168453,0.0079365788385647,0.00749236733640623,-0.0283703079378544,-0.0183903561893607,0.00536015212604556,-0.00817349163971589,-0.00236912801151185,-0.00719622633496725,-0.000503439702446268,-0.000503439702446268,0.012793291262164,-0.0182126715884974,0.0078773506382769,0.0137113283666248,-0.00094765120460474,-0.00355369201726778,-0.00219144341064846,-0.0238097365156941,0.0100095658486376,-0.00624857513036251,0.00376099071827506,-0.0063078033306503,-0.00349446381697998,-0.00192491650935338
-0.001447850951199,-0.00212745445890465,-0.00319118168835697,-0.00224564637328824,-0.00197971456592516,0.00106372722945232,-0.00197971456592516,-0.00404807306763801,-0.00537773210445342,-0.0027479620094185,-0.00109327520804822,-0.00056141159332206,-0.00186152265154157,-0.00254112615924722,-0.00262977009503491,-0.0028366059452062,-0.00265931807363081,-0.00401852508904211,-0.00319118168835697,-0.00203881052311695,-0.0055845679546247,-0.0127647267534279,0.0305821578467543,-0.00540728008304932,-0.018526582579628,-0.0170491836498331,0.0477790813895669,-0.0778884715787869,-0.0135625221755171,-0.0421945134349422,-0.0226632995830537,0.00623462348373446,-0.00555501997602881,-0.00230474233048004,0.00265931807363081,0.00100463127226053,-0.00466858061815187,-0.0279523877517194,0.00537773210445342,-0.00975083293664631,-0.0128238227106197,-0.0127942747320238,-0.00818479007106372,-0.013592070154113,-0.0178469790719223,-0.0171378275856208,-0.00215700243750055,-0.00605733561215907,-0.00307298977397338
-0.00262368515390569,-0.00238784828613888,-0.00271212397931824,-0.00306587928096844,-0.00168033768283847,-0.00129710277271742,-0.00182773572519272,-0.00480517618074861,-0.00483465578921947,-0.00415662479438991,-0.00212253180990123,-0.00129710277271742,-0.00288900163014334,-0.00221097063531378,-0.00173929689978017,-0.00277108319625994,-0.00300692006402674,-0.003743910275798,-0.00224045024378463,-0.00135606198965912,-0.00636759542970369,-0.00492309461463202,0.0144744877591875,0.000648551386358709,-0.00165085807436762,-0.0210484404481872,0.0297154453386172,-0.0432171060182667,-0.0228466965649091,-0.0293027308200253,-0.0205178074957119,0.00934503588525958,-0.00315431810638099,-0.00616123817040773,-0.00863752528195917,-0.0158895089657884,0.0223750228293755,0.0119687210391653,-0.0215201141837208,-0.00695718759912069,-0.000648551386358709,-0.00527684991628222,0.0159779477912009,-0.00999358727161828,0.0205178074957119,-0.0038618287096814,0.00144450081507167,-0.00471673735533606,-0.00465777813839436
-0.00255858313333523,-0.0039408062053669,-0.00352908018391066,-0.00202922110574863,-0.00126458706590132,-0.00135281407049908,-0.00279385514559594,-0.00467603124368162,-0.0047348492467468,-0.00517598426973563,-0.00161749508429238,-0.00135281407049908,-0.00297030915479147,-0.00197040310268345,-0.00135281407049908,-0.00185276709655309,-0.00335262617471512,-0.0034114441777803,-0.00258799213486781,-0.00170572208889015,-0.00532302927739857,0.00582298230345258,-0.0232625202122777,-0.00249976513027005,-0.00829333843219004,0.0128223246682087,-0.0143810017494359,0.0292619565249259,-0.0410843751410266,0.01158714660384,-0.00179394909348792,0.00532302927739857,-0.00152926807969462,-0.00461721324061644,-0.00429371422375796,0.00252917413180264,-0.0238507002429295,0.00126458706590132,-0.0097049705057543,0.006293526327974,0.00114695105977096,0.00608766331724588,0.00385257920076913,0.00705816036782131,0.00555830128965928,0.0121165086314266,-0.00720520537548425,-0.00308794516092182,-0.00273503714253076
-0.0016134893461398,-0.00428308080975293,-0.00407772762024423,-0.00170149785592925,-0.000674731908385736,8.80085097894439e-05,-0.00319764252234979,-0.00437108931954238,-0.00484046803841941,-0.00354967656150757,-0.00076274041817518,-0.000528051058736663,-0.00211220423494665,-0.00155481700628017,-0.0034029957118585,-0.00214154040487647,-0.00346166805171813,-0.00366702124122683,-0.00366702124122683,-0.00222954891466591,-0.00475245952862997,0.00299228933284109,-0.020417974271151,-0.00513382973771756,-0.0111770807432594,0.0180710806767658,-0.0336485869094974,0.0386357357975659,-0.0202419572515721,-0.00574988930624367,0.0120571658411538,-0.000821412758034809,-0.000792076588104995,-0.00478179569855978,0.00560320845659459,0.00111477445733296,-0.0206233274606597,-0.0329738550011116,0.0129665871089781,0.000938757437754068,-0.0127318977495395,-0.00305096167270072,-0.0219434551075013,-0.000880085097894439,-0.0322991230927259,0.00123211913705221,-0.0112064169131892,-0.00416573613003368,-0.00152548083635036
-0.00248719572649063,-0.00301389599798277,-0.00342355176469887,-0.00228236784313258,-0.00222384559074457,-0.0011704450477603,-0.00204827883358052,-0.00412581879335505,-0.00488660807439924,-0.00301389599798277,-0.000790050407238201,-0.00108266166917828,-0.00160936194067041,-0.0019604954549985,-0.00421360217193707,-0.0019604954549985,-0.00242867347410262,-0.00459399681245917,-0.00254571797887865,-0.00269202360984868,-0.00441843005529512,-0.0070811925389498,0.00114118392156629,-0.00146305630970037,0.00766641506282995,-0.011967800613349,-0.00968543277021646,-0.0225895894217737,0.0873737228153062,-0.0465544517746658,0.0102413941679026,-0.00368690190044494,-0.00339429063850486,-0.00450621343387715,-0.011997061739543,-0.0131675067873033,0.0238478178481161,0.0170299754449123,0.00169714531925243,-0.0149524354851378,-0.00403803541477303,-0.0218580612669236,-0.0138112515635715,-0.0102413941679026,0.00807607082954605,-0.0162399250376741,0.00307241825037078,-0.003920990909997,-0.00248719572649063
-0.00283083667401506,-0.00230552677574422,-0.00411492753645488,-0.00204287182660881,-0.00186776852718519,-0.000408574365321761,-0.00274328502430325,-0.0048445246173866,-0.00592432829716554,-0.00318104327286228,-0.00128409086243982,-0.00125490697920255,-0.00186776852718519,-0.00253899784164237,-0.00189695241042246,-0.00160511357804978,-0.00239307842545603,-0.00408574365321761,-0.00210123959308334,-0.00230552677574422,-0.00522391509947109,-0.010973140097213,0.00627453489601276,0.00175103299423612,-0.000175103299423612,-0.0245436458025429,0.0217711768950024,-0.0506924051831357,0.143613889410599,-0.0376763932593138,0.00309349162315048,0.00116735532949075,-0.0083757744890961,-0.000583677664745373,-0.00907618768679055,-0.00204287182660881,0.000175103299423612,0.00790883235729981,-0.0231720032903913,-0.00925129098621416,0.00271410114106599,0.00233471065898149,0.0182982947897674,-0.000321022715609955,0.0285126539228115,-0.00256818172487964,0.00271410114106599,-0.00286002055725233,-0.00411492753645488
-0.00296865434371019,-0.00296865434371019,-0.00337611670461159,-0.00215372962190739,-0.000582089087001998,8.73133630502997e-05,-0.00291044543500999,-0.00634477104832178,-0.00515148841996768,-0.00235746080235809,-0.00189178953275649,-0.000756715813102597,-0.00189178953275649,-0.00256119198280879,-0.00200820735015689,-0.00241566971105829,-0.00355074343071219,-0.00346343006766189,-0.00261940089150899,-0.00218283407625749,-0.00683954677227347,-0.00750894922232577,0.00663581559182277,0.00206641625885709,-0.035536538761472,-0.0138828247249976,0.0139701380880479,-0.0130096910944947,-0.000640297995702198,-0.00416193697206428,-0.00238656525670819,0.00503507060256728,-0.00614103986787108,-0.00398731024596369,0.00835297839847867,0.00884775412243037,-0.0338193759548161,-0.0298029612545023,0.000378357906551299,0.0113216327421889,-0.00471492160471618,0.0120783485552915,0.00974999220728346,-0.00154253608055529,-0.025058935195436,0.0132134222749454,-0.0133880490010459,-0.00360895233941239,-0.00343432561331179
-0.0037729709158851,-0.00325055955830101,-0.00296033102630985,-0.0026991253475178,-0.00130602839396023,-0.000580457063982323,-0.00278619390711515,-0.00577554778662411,-0.00336665097109747,-0.00275717105391603,-0.00118993698116376,-0.00194453116434078,-0.00217671398993371,-0.00232182825592929,-0.00298935387950896,-0.00226378254953106,-0.0035988337966904,-0.00415026800747361,-0.0026991253475178,-0.00267010249431869,-0.00623991343780997,-0.00208964543033636,0.00519509072264179,-0.00806835318935429,-0.0515736101348294,-0.00713962188698257,-0.00635600485060644,0.00356981094349129,-0.12511752014139,0.00879392451933219,-0.00475974792465505,0.00208964543033636,0.00307642243910631,-0.0104192042984827,-0.000783617036376136,-0.0091712216109207,0.0135826952971864,0.000928731302371717,0.00899708449172601,-0.00835858172134545,-0.015004815103943,-0.0132634439119961,-0.0313156586018463,0.00139309695355758,-0.0206642714777707,-0.00638502770380555,-0.00473072507145593,-0.00496290789704886,-0.00194453116434078
-0.00295178757011883,-0.00280709210099535,-0.00341481307131394,-0.00269133572569658,-0.00182316291095575,-0.00046302550119511,-0.00217043203685208,-0.00376208219721027,-0.00344375216513863,-0.00399359494780782,-0.001041807377689,-0.00202573656772861,-0.00219937113067677,-0.00182316291095575,-0.00312542213306699,-0.00118650284681247,-0.00162058925418288,-0.0036173867280868,-0.0025755793503978,-0.00283603119482005,-0.00570100148346479,0.00167846744183227,-0.0092315709300775,-0.0218200767438196,-0.0204888784278836,-0.00387783857250905,-0.00173634562948166,-0.0174792126701154,-0.0291995456691166,0.0107653429027863,0.00518009779462029,0.00115756375298777,0.00338587397748924,0.000752416439442054,-0.00917369274242812,-0.0103601955892406,0.0130804704087619,0.0126463840013914,-0.00743734711294645,-0.0147010596629447,-0.00298072666394352,-0.0147299987567694,-0.0112573074978061,-0.00127332012828655,0.0272027481952127,-0.0116913939051765,0.00914475364860342,-0.00431192497987946,-0.00248876206892372
-0.00100986167234952,-0.00204857653533759,-0.00323155735151845,-0.00199087015406047,-0.00112527443490375,-0.00011541276255423,-0.00222169567916894,-0.00441453816769931,-0.00496274878983191,-0.0026544935387473,-0.00167348505703634,-0.000577063812771152,-0.0024525212042774,-0.00196201696342192,-0.00259678715747018,-0.000923302100433843,-0.0017023382476749,-0.00317385097024134,-0.00204857653533759,-0.00271219992002441,-0.00525128069621748,-0.00126954038809653,-0.0185814547712311,-0.0109642124426519,0.104073458633277,-0.00409715307067518,-0.00903104866986853,-0.0227074610325448,0.0754799467104667,0.0114547166835074,0.0154653101822669,0.000375091478301249,-0.00568407855579585,0.0072132976596394,-0.00597261046218142,0.0109642124426519,-0.034046764953498,-0.0233133780359545,-0.0124934315464954,0.0118586613524472,0.00709788489708517,0.00349123606726547,0.0293436948794131,-0.0181775101022913,0.00297187863577143,0.001500365913205,-0.00513586793366325,-0.00305843820768711,-0.00424141902386797
-0.00117937149527311,-0.00365317511950451,-0.00267515973318046,-0.00189850045580549,-0.000834189594217564,0.000345181901055544,-0.00261762941633787,-0.00465995566424984,-0.00480378145635632,-0.00230121267370363,-0.000402712217898134,0.000172590950527772,-0.0024738036242314,-0.00215738688159715,-0.00155331855474995,-0.00163961403001383,-0.00299157647581471,-0.00336552353529155,-0.00189850045580549,-0.00253133394107399,-0.00555167557531,-0.0102116312395598,-0.00946373712060616,0.00865831268480989,0.156050984435527,-0.0170002086269855,-0.0290815751639296,-0.0191288303501614,0.0664187507947709,-0.00405588733740264,0.00535031946636093,-0.00517772851583316,-0.00710499413005994,-0.0108444647248283,-5.75303168425906e-05,-0.00903225974428673,0.00885966879375896,-0.00394082670371746,-0.0067310470705831,-0.0048900769316202,-0.00934867648692098,0.0113622375764117,-0.00670228191216181,0.00934867648692098,-0.0256297561533741,0.00163961403001383,-0.0167700873596152,-0.0030491067926573,-0.00408465249582394
-0.00232267599790544,-0.00392847668781537,-0.00318292636750005,-0.00192122582542796,-0.00169182572686939,-2.86750123198203e-05,-0.00243737604718472,-0.00392847668781537,-0.00450197693421178,-0.00378510162621627,0.000831575357274787,-0.00100362543119371,-0.00215062592398652,-0.00186387580078832,-0.00275280118270274,-0.00209327589934688,-0.00292485125662167,-0.00344100147837843,-0.00209327589934688,-0.00318292636750005,-0.00682465293211722,-0.0126456804330407,0.00579235248860369,0.00123302552975227,-0.0785408587439877,-0.0278434369625455,-0.0156852317389417,-0.0178932076875678,0.0292485125662167,-0.0160580068990993,-0.0067959779197974,-0.00584970251324333,-0.00117567550511263,-0.00986420423801817,0.00117567550511263,-0.0123589303098425,0.0196423834390769,0.0166601821578156,0.0130184555931984,-0.0162587319853381,-0.019785758500676,-0.0187821330694823,-0.0293345376031761,0.0093480540162614,0.00341232646605861,0.00129037555439191,-0.000946275406554068,-0.0049607771313289,-0.00106097545583335
-0.00282969401663146,-0.00200079374913335,-0.00357284598059527,-0.00200079374913335,-0.00117189348163525,-0.000171496607068573,-0.00260103187387336,-0.00488765330145434,-0.00408733580180099,-0.00308693892723432,-0.000314410446292384,-0.00185787990990954,-0.00214370758835716,-0.00265819740956288,-0.00251528357033907,-0.00197221098128859,-0.0028011112487867,-0.00463040839085148,-0.00180071437422002,-0.00225803865973621,-0.00585946740817625,-0.00554505696188387,0.0142056356188468,-0.0199793547234888,-0.271879287739378,-0.0448463627484319,0.00585946740817625,0.0125478350838506,-0.0331845934677689,0.00134339008870382,-0.00322985276645813,-0.00065740366042953,0.00174354883853049,0.00217229035620193,-0.00342993214137146,0.0150059531185002,-0.0354712148953499,-0.0280968607914012,-0.00460182562300671,-0.00102897964241144,0.0101182998170458,-0.00943231338877152,0.0128050799944535,-0.0242667699002031,0.0136339802619516,-0.00591663294386578,0.00588805017602101,-0.00671695044351912,-0.00171496607068573
-0.00344710134500371,-0.00242151747376294,-0.00313372849545792,-0.00216512150595274,-0.000427326613016989,-0.000683722580827182,-0.00162384112946456,-0.00435873145277328,-0.00353256666760711,-0.0037034973128139,-0.00236454059202734,-0.00216512150595274,-0.00219360994682054,-0.00247849435549853,-0.00185174865640695,-0.00185174865640695,-0.00259244811896973,-0.00461512742058348,-0.00264942500070533,-0.000455815053884788,-0.00501396559273267,-0.00037034973128139,-0.000170930645206795,-0.0237593596837446,-0.0193436513492357,-0.0131046827991876,-0.00931572016377035,0.0469204621092653,-0.0396559096879765,0.016466318821588,0.00541280376488186,-0.00319070537719351,0.00159535268859676,-0.00774885591604139,-0.00794827500211599,-0.0108540959706315,-0.00398838172149189,-0.00304826317285452,-0.0154122465094794,0.007520948389099,0.0109680497341027,0.0182895790371271,0.00903083575509236,-0.00287733252764772,-0.00908781263682796,-0.00723606398042101,-0.00777734435690919,-0.00487152338839367,-0.0038744279580207
-0.00312312523808195,-0.00317990933331981,-0.00278242066665483,-0.00229975585713308,-0.00119246599999493,-0.000312312523808196,-0.00227136380951415,-0.00468468785712293,-0.00522413676188254,-0.0030663411428441,-0.00161834671427883,-0.00238493199998986,-0.00218618766665737,-0.00156156261904098,-0.00193065923808703,-0.00210101152380059,-0.00275402861903591,-0.00309473319046303,-0.0026404604285602,-0.0019022671904681,-0.0041168469047444,-0.00247010814284664,-0.0261490758570316,-0.00715479599996957,0.306265017665364,0.12302274233281,-0.0308905478093924,0.0275402861903591,0.0461086853331372,0.0157859784761233,0.00988043257138655,-0.0111012906190004,-0.00238493199998986,-0.00414523895236332,-0.00340704571427122,-0.0173475410951643,0.0262342519998884,0.0190510639522999,-0.000936937571424586,-0.00567840952378537,-0.0322817581427198,-0.0150477852380312,-0.0213224277618141,0.0185400070951592,-0.0122937566189953,0.00573519361902323,-0.00953972799995943,-0.00315151728570088,-0.00283920476189269
-0.00297082849178487,-0.00246154360747889,-0.00339523256203985,-0.00175420349038725,-0.00107515697797928,-0.000141468023418327,-0.00328205814330518,-0.00512114244774343,-0.00526261047116176,-0.00200884593254024,-0.000679046512407969,-0.000961982559244623,-0.00166932267633626,-0.0022069011653259,-0.00130150581544861,-0.00181079069975458,-0.00381963663229483,-0.00350840698077451,-0.00195225872317291,-0.00305570930583586,-0.00497967442432511,-0.00806367733484463,-0.0220124244438917,0.00135809302481594,0.182550337419009,0.132046253058666,-0.021135322698698,-0.0240495639811156,0.0383661279510503,0.0193528256036271,0.00325376453862152,-0.00894077908003826,-0.00659240989129403,0.00314059011988686,0.00913883431282392,0.0174288604851379,-0.0265959884026455,-0.0226914709562996,0.00424404070254981,-0.0113740290828335,-0.00113174418734662,-0.0144863255980367,-0.00483820640090678,-0.00444209593533547,0.00223519477000957,-0.00110345058266295,-0.00161273546696893,-0.00396110465571315,-0.00132979942013227
-0.0026783472550196,-0.00250918848101836,-0.00411619683403011,-0.00211448467501547,-0.000169158774001238,-0.000535669451003919,-0.00169158774001238,-0.0049337975750361,-0.00324220983502372,-0.00420077622103073,-0.000845793870006188,-0.00132507706300969,-0.00200171215901464,-0.00183255338501341,-0.00281931290002063,-0.00112772516000825,-0.00374968615702743,-0.00431354873703156,-0.00250918848101836,-0.00191713277201403,-0.00518753573603795,-0.0111644790840817,0.00831697305506085,-0.0103750714720759,-0.170089147258244,-0.126192445404923,0.000930373257006807,-0.0418104103073059,-0.059600274706436,0.0173669674641271,-0.011615569148085,-0.00160700835301176,-0.00411619683403011,-0.00420077622103073,-0.0121512385990889,-0.00668177157304888,-0.015449834692113,-0.0122640111150897,-0.00642803341204703,-0.00504657009103692,0.0149987446281097,0.0118129210510864,0.00845793870006188,-0.0183819201081345,0.00699189599205115,-0.00665357844404868,-0.000817600741005982,-0.00349594799602558,-0.00231183657801691
-0.00148880380639438,-0.00323042335349723,-0.00250006676922829,-0.00247197613137179,-0.000112362551425991,-0.000168543827138986,-0.00202252592566783,-0.0047473177977481,-0.00308997016421474,-0.00494395226274359,-0.00103935360069041,-0.00202252592566783,-0.00289333569921926,-0.000589903394986451,-0.00303378888850175,-0.00143262253068138,-0.00210679783923732,-0.00351132973206221,-0.00199443528781133,-0.000842719135694929,-0.00407314248919216,-0.00924181985478773,0.0135115968089754,-0.0247759425894309,-0.23604562990815,-0.234051194620338,0.00786537859981934,-0.000674175308555944,-0.0671928057527424,0.01219133682972,-0.0138486844632533,-0.000140453189282488,-0.000365178292134469,-0.00629230287985547,-0.00946654495763971,-0.0199724435159698,0.0269108310665247,0.0189892711909924,-0.00932609176835722,0.00511249608988257,-0.0208432532895213,-0.00308997016421474,-0.0100283577147697,0.00112362551425991,-0.00412932376490515,-0.0012359880656859,-0.00396077993776617,-0.00334278590492322,-0.00367987355920119
-0.00184708582655981,-0.00341431016424692,-0.00179111352878527,-0.00151125203991257,-0.0014832658910253,-0.000783612168843556,-0.00285458718650152,-0.00341431016424692,-0.00372215780200689,-0.00389007469533051,-0.00207097501765797,-0.000839584466618096,-0.00173514123101073,-0.00109145980660352,-0.00277062873983972,-0.00156722433768711,-0.0023228503576434,-0.00358222705757054,-0.00198701657099616,-0.00131534899770168,-0.00447778382196318,-0.00439382537530137,-0.00811598317730826,-0.0177152322456418,0.0117261963837661,0.0484720098727514,-0.0128176561903696,0.0502631234015367,-0.0375574118067161,0.0260551046140482,-0.00341431016424692,-0.00173514123101073,-0.00125937669992714,-0.00299451793093787,0.0136012683592131,0.0160360633124056,-0.00931938757946086,-0.0139650882947477,0.00134333514658895,0.00514945139525765,-0.00722042641291562,-0.0155323126324348,-0.012649739297046,0.00943133217500994,-0.0101029997483044,-0.00221090576209432,-0.00377813009978143,-0.00422590848197775,-0.00257472569762883
-0.00292736640745511,-0.00334556160852013,-0.00315040384802312,-0.00195157760497007,-0.00239765248610609,-0.000139398400355005,-0.00245341184624809,-0.00390315520994015,-0.00423771137079216,-0.0026764492868161,-0.000669112321704026,-0.000195157760497007,-0.00203521664518308,-0.00156126208397606,-0.00373587712951414,-0.00131034496333705,-0.00351283968894613,-0.00356859904908814,-0.00209097600532508,-0.0027043289668871,-0.00454438785157317,-0.00184005888468607,-0.0148319897977726,-0.0133822464340805,0.205752038923988,0.260730768024002,-0.0349053594488933,0.0449141645943827,-0.0355744717705974,0.0290785063140541,0.000334556160852013,-0.00493470337256719,-0.00309464448788112,-0.00214673536546708,-0.0127131341123765,-0.00557593601420021,-0.0291900250343381,-0.0202406477315468,0.00167278080426006,-0.0177593562052277,0.00892149762272034,-0.00409831297043716,0.0114585485091814,-0.00674688257718226,-0.00150550272383406,-0.00161702144411806,-0.00381951616972715,-0.00351283968894613,-0.00236977280603509
-0.00249941247541416,-0.00333254996721888,-0.00408237370984312,-0.00152741873497532,-0.00119416373825343,-0.000472111245356008,-0.00255495497486781,-0.00494328245137467,-0.00599858994099398,-0.00288820997158969,0,-0.000916451240985191,-0.00249941247541416,-0.000971993740438839,-0.00297152372077017,-0.00119416373825343,-0.003471406215853,-0.00288820997158969,-0.00161073248415579,-0.00249941247541416,-0.00483219745246737,-0.00133301998688755,-0.00860908741531543,-0.00583196244263303,0.116361536355392,0.102809166488702,-0.0193010185601427,-0.00552647869563797,0.0230779085229907,-0.00774817867378389,-0.00155518998470214,-0.00519322369891608,-0.00583196244263303,-0.00191621623115085,-0.00391574621148218,-0.0171070898317236,0.0150242461022118,0.0191621623115085,-0.00744269492678883,-0.00433231495738454,-0.00999764990165663,0.0105530748961931,-0.00169404623333626,-0.00974770865411522,0.00730383867815471,0.00194398748087768,-0.00516545244918926,-0.00333254996721888,-0.00366580496394076
-0.00190860047928479,-0.0033746269343876,-0.00467468813042216,-0.0010511133074322,-0.000746843665807091,-0.00135538294905731,-0.00188093960277342,-0.00459170550088804,-0.00531088829018376,-0.00279374852764875,-0.00102345243092083,-0.000746843665807091,-0.0015766699611483,-0.00149368733161418,-0.00224053099742127,-0.00190860047928479,-0.002738426774626,-0.00331930518136485,-0.00207456573835303,-0.00146602645510281,-0.00423211410624018,-0.000857487171852586,-0.00904510661921922,0.0443957068007549,-0.0887084309719756,-0.141927957379859,0.00531088829018376,-0.0284353810536922,0.0629284940633753,-0.0277715200174192,-0.00348527044043309,-0.00340228781089897,-0.00793867155876427,-0.00586410582041124,0.00127240031952319,0.0100408981736287,0.00868551522457136,-0.00591942757343398,-0.00633434072110459,0.00777270629969602,-0.0113132984931519,-0.00793867155876427,-0.0161262910061309,0.000331930518136485,-0.000553217530227475,0.000497895777204728,-0.0016873134671938,-0.00237883537997814,-0.00362357482298996
-0.00303034373571358,-0.0025069207268176,-0.00432512696824574,-0.00206614345616835,-0.000991748858960807,-0.000771360223636183,-0.0021212406149995,-0.00407718975350554,-0.00407718975350554,-0.00264466362389548,-0.000165291476493468,-0.00179065766201257,-0.00146007470902563,-0.00209369203558393,-0.00220388635324624,-0.00173556050318141,-0.00311298947396031,-0.00338847526811609,-0.00239672640915528,-0.00176310908259699,-0.0034986695857784,-0.00840231672175128,-0.00484854997714172,0.0356754103431735,-0.0946293702925103,-0.16278455576665,-0.00258956646506433,-0.00380170395934976,-0.0184024510496061,-0.00358131532402514,-0.00804418518934877,-0.00280995510038895,-0.00303034373571358,-0.00947671131895882,-0.00644636758324525,-0.00774115081577741,-0.0256477274359031,-0.0238295211944749,0.00385680111818092,-0.00418738407116785,0.0107163973926598,-0.0152619129962302,-0.00217633777383066,0.00198349771792161,-0.00754831075986836,-0.0111020775044779,-0.00242427498857086,-0.00358131532402514,-0.00289260083863569
-0.00364877224226474,-0.00271600339837751,-0.00342929722017363,-0.00233192210971807,-0.000987637599410004,-0.000960203221648615,-0.00331955970912807,-0.00364877224226474,-0.0049930567525728,-0.00356646910898057,0.000164606266568334,-0.00222218459867251,-0.00148145639911501,-0.00183810331001306,-0.00277087215390029,-0.00142658764359223,-0.00342929722017363,-0.0032372565758439,-0.00183810331001306,-0.00290804404270723,-0.00320982219808251,-0.0161314141236967,0.00765419139542753,-0.0815349707068481,0.0261998307621265,0.0224138866310548,-0.0285043184940832,0.0135525826141262,-0.0876254025698765,0.0102878916605209,-0.00757188826214337,0.00126198137702389,0.00205757833210418,-0.000438950044182224,0.00208501270986556,-0.0052399661524253,-0.00630990688511947,0.00691346319587003,-0.00230448773195668,-0.0118516511929201,-0.0107268417047031,0.00534970366347086,0.00735241324005225,0.000301778155375279,0.000438950044182224,-0.000685859444034725,-0.00713293821796114,-0.00641964439616503,-0.00211244708762695
-0.00314160348782284,-0.00412506197096738,-0.0031689217790213,-0.00267719253744903,-0.00152982430711373,-5.4636582396919e-05,-0.00311428519662438,-0.00412506197096738,-0.0054636582396919,-0.00333283152621206,-0.000109273164793838,-0.001010776774343,-0.00166641576310603,-0.00142055114231989,-0.00191228038389217,-0.002021553548686,-0.00264987424625057,-0.00325087665261668,-0.00196691696628908,-0.00281378399344133,-0.00409774367976893,-0.00639248014043952,0.00270451082864749,-0.107360884409946,0.0139869650936113,0.14754609076288,-0.0358142797611804,-0.00382456076778433,-0.0431355818023676,0.00524511191010422,-0.00464410950373812,0.00341478639980744,-0.00275914741104441,-0.00125664139512914,-0.00480801925092887,0.003032330323029,0.0112824542649638,0.0078949861563548,-0.0149977418679543,-0.00333283152621206,-0.0158446088951065,-0.0076218032443702,0.00412506197096738,-0.00658370817882874,0.000956140191946083,0.0113370908473607,-0.00112004993913684,-0.00453483633894428,-0.00259523766385365
-0.00228482853486396,-0.00424325299331878,-0.00217602717606091,-0.00209442615695863,-0.00187682343935254,0.000598407473416751,-0.00244803057306853,-0.00437925469182258,-0.00388964857720888,-0.00340004246259517,-0.00100641256892817,-0.00116961460713274,-0.00250243125247005,-0.00174082174084873,-0.00174082174084873,-0.00250243125247005,-0.00340004246259517,-0.00364484551990203,-0.00242083023336776,-0.00182242275995101,-0.00380804755810659,0.0113425416552175,-0.0153409915912294,0.0602487524371865,-0.025649920337818,0.0430037370669038,-0.0313891920146787,-0.0227122836501358,0.0234738931617571,0.00383524789780736,-0.00864970802484212,0.00127841596593579,-0.0100097250098802,-0.00437925469182258,-0.00854090666603908,-0.00546726827985304,-0.00612007643267131,-0.0147153837781119,-0.00220322751576167,0.00397124959631116,0.00848650598663755,-0.000272003397007614,-0.0157217963470401,-0.00712648900159949,-0.00527686590194771,-0.00644648050908045,-0.000244803057306853,-0.00217602717606091,-0.00405285061541345
-0.00127278554746801,-0.00295177924838326,-0.00178731587516785,-0.0015977520702258,-0.00132694663459431,-0.000514530327699835,-0.00213936294148879,-0.00419748425228813,-0.00230184620286768,-0.00284345707413067,-0.00113738282965227,-0.000785335763331327,-0.0032496652275779,-0.00222060457217823,-0.00268097381275177,-0.00270805435631492,-0.00430580642654072,-0.00389959827309349,-0.00259973218206232,-0.0017602353316047,-0.0032496652275779,0.00901782100652868,-0.0169795008140946,0.15831285767017,0.0512905495086046,-0.0797792813370375,-0.00574107523538763,-0.0192813470169622,0.0331195047777315,-0.00901782100652868,-0.012700774931117,0.000649933045515581,-0.00812416306894476,-0.00121862446034171,-0.00311426250976216,-0.00530778653837724,-0.00790751872043957,-0.0051182227334352,0.0130799025410011,-0.00758255219768178,-0.00579523632251393,0.00576815577895078,-0.0111571839480175,0.00752839111055548,-0.00389959827309349,-0.0116446337321542,-0.0111030228608912,-0.00314134305332531,-0.00265389326918862
-0.00269589233978681,-0.00221063171862518,-0.00347770111832498,-0.0025341387993996,-0.000431342774365889,-0.0013479461698934,-0.00272285126318467,-0.00458301697763757,-0.00382816712249727,-0.00129402832309767,-5.39178467957361e-05,-0.000781808778538174,-0.00215671387182945,-0.000916603395527514,-0.00196800140804437,-0.00226454956542092,-0.00334290650133564,-0.00334290650133564,-0.0031272351141527,-0.00269589233978681,-0.00377424927570153,-0.0128594064607831,-0.00471781159462691,0.0118619262950619,0.0486608567331519,-0.0212975494843158,0.103037005226652,-0.0128054886139873,0.00531090790938001,-0.0262849503129214,-0.0119158441418577,0.000889644472129646,-0.00199496033144224,-0.00587704530073524,0.00948954103604956,-0.0025341387993996,0.00191408356124863,0.00396296173948661,-0.0114036245972982,-0.00897732149149007,-0.0064971005388862,-0.0189251642253034,0.0137220920095148,-0.00372033142890579,0.000808767701936042,0.00274981018658254,-0.00458301697763757,-0.00439430451385249,-0.00180624786765716
-0.00354228601729295,-0.00330076651611388,-0.00389114751899604,-0.00236152401152863,-0.00104658450510928,-0.000724558503537194,-0.00273722101336273,-0.00491089652397431,-0.00550127752685647,-0.00115392650563331,-0.00018784850091705,-0.00144911700707439,-0.00203949800995654,-0.000831900504061222,-0.00220051101074259,-0.00155645900759842,-0.0030055760146728,-0.00324709551585187,-0.00209316901021856,-0.00273722101336273,-0.00332760201624489,-0.0196972570961593,0.00826533404035021,-0.151432727239273,-0.0697723003406186,0.0249838506219677,0.154787164755649,-0.00877520854283934,-0.0105731870516168,-0.0210121966025786,-0.0103853385506998,0.0029787405145418,0.00214684001048057,-0.00195899150956352,-0.0128810400628834,0.000805065003930215,-0.00984862854807963,-0.0128273690626214,-0.0163159840796524,0.0048572255237123,-0.00442785752161618,-0.000644052003144172,0.00721874953524093,-0.0125321785611803,0.00373013451821,0.00319342451558985,0.00509874502489136,-0.00319342451558985,-0.00346177951689992
-0.00165603828993175,-0.00440719867481837,-0.00373944129984589,-0.00133551474994496,-0.00227037507490643,0.000160261769993395,-0.00213682359991194,-0.00347233834985689,-0.00470101191980626,-0.00152248681493725,-0.00192314123992074,-0.00104170150495707,-0.00219024418990973,-0.00259089861489322,-0.00221695448490863,-0.000961570619960371,-0.00267102949988992,-0.00301826333487561,-0.000828019144965875,-0.00219024418990973,-0.00243063684489983,-0.00120196327495046,0.00795966790967196,-0.0888918617563365,-0.0634102403273867,-0.0355514026435348,-0.0459951279881044,0.00464759132980846,0.00900136941462903,-0.00852058410464884,-0.00849387380964994,0.00638376050473691,0.00213682359991194,-0.000213682359991194,-0.0117792400945145,-0.003178525104869,-0.003178525104869,-0.00141564563494166,0.00403325454483378,-0.00114854268495267,-0.00224366477990753,0.00560916194976883,-0.0223832272090775,0.00502153545979305,-0.00178958976492625,-0.00582284430976002,-0.0066508634547259,-0.00251076772989652,-0.00360588982485139
-0.0024456663180909,-0.00374824946576976,-0.00382799945440316,-0.00146208312494565,-0.00132916647722332,-0.00029241662498913,-0.00321658287488043,-0.00295074957943577,-0.00350899949986956,-0.00207349970446838,-0.00204691637492391,-0.000318999954533596,-0.00183424973856818,-0.00225958301127964,-0.00273808294308003,-0.00127599981813438,-0.00228616634082411,-0.00388116611349209,-0.00194058305674604,-0.00263174962490217,-0.00178108307947925,0.0146208312494565,-0.00858641544286263,0.092058070212487,0.0269820794876333,-0.0220641635219071,-0.213091969628442,-0.000558249920433793,0.0420282440098013,-0.00925099868147429,-0.00132916647722332,0.00103674985223419,-0.00489133263618181,-0.00800158219288437,0.0159499977266798,-0.00462549934073715,0.00124941648858992,0.0113244983859427,0.00324316620442489,-0.0140891646585672,-0.00515716593162647,-0.0147005812380899,-0.00688508235201679,0.00326974953396936,-0.00967633195418575,-0.00170133309084585,-0.0118827483063765,-0.00313683288624703,-0.00231274967036857
-0.00367719296027841,-0.00248673480767029,-0.00304228194555408,-0.00243382555644326,2.64546256135137e-05,-0.00042327400981622,-0.00320100969923516,-0.003862375339573,-0.00441792247745679,-0.00224864317714867,-0.000105818502454055,-0.00129627665506217,-0.00208991542346758,-0.000952366522086494,-0.0032803735760757,-0.00216927930030813,-0.00240737093082975,-0.00410046697009463,-0.00264546256135137,-0.00203700617224056,-0.00206346079785407,0.00859775332439196,-0.0175394167817596,0.135474137766804,0.00428564934938922,0.034655559553703,-0.03079318421413,-0.0333857375242543,0.0513484283158301,-0.011481307516265,0.0131744035555298,-0.00502637886656761,-0.00780411455598655,-0.00198409692101353,-0.00714274891564871,-0.00314810044800813,-0.00640201939847032,-0.019311876697865,-0.00492056036411355,-5.29092512270275e-05,-0.0104231224917244,-0.00312164582239462,0.0195235137027731,-0.0052115612458622,0.00566128988129194,0.00198409692101353,0.00190473304417299,-0.0032803735760757,-0.00219573392592164
-0.00252712371369316,-0.00350111931167907,-0.00305360782071257,-0.00247447530299122,-0.00063178092842329,-0.000289566258860675,-0.00234285427623637,-0.00379068557053974,-0.00526484107019408,-0.00157945232105822,5.26484107019408e-05,-0.00268506894579898,-0.00176372175851502,-0.000816050365880083,-0.00215858483877957,-0.00236917848158734,-0.00252712371369316,-0.00313258043676548,-0.00176372175851502,-0.00136885867825046,-0.00300095941001063,-0.00950303813170032,-0.00608089143607417,-0.00126356185684658,-0.0375909652411858,-0.00895022981932994,0.188481310312948,-0.040039116338826,0.0157945232105823,-0.00760769534643045,0.0292725163502791,-5.26484107019408e-05,-0.00271139315114995,0.00168474914246211,-0.015083769666106,-0.000315890464211645,-0.00479100537387662,-0.017821487022607,-0.00708121123941104,0.00226388166018346,0.00642310610563678,0.0081868278641518,-0.00918714766748868,-0.00716018385546395,0.00513322004343923,-0.00463306014177079,0.00260609632974607,-0.00263242053509704,-0.00279036576720286
-0.00193821474858387,-0.00479315268906551,-0.00301209048766412,-0.00141437292464228,-0.00217394356935758,0.000209536729576634,-0.00259301702851085,-0.00282874584928456,-0.00421692668272977,-0.000838146918306537,-0.000157152547182476,-0.00185963847499263,-0.00217394356935758,-0.00206917520456926,-0.0015191412894306,-0.00188583056618971,-0.00319543512604367,-0.00337877976442323,-0.00183344638379555,-0.00206917520456926,-0.00400738995315313,-0.0156104863534593,0.00597179679293408,-0.109299596565412,0.00641706234328443,-0.0519651089350053,0.134077314837849,-0.0030382825788612,-0.0345997524713417,0.00212155938696342,0.0245419894516633,0.00398119786195605,0.00162390965421892,-0.00848623754785369,0.00846004545665661,-0.0080933561798975,-0.00479315268906551,0.0223156616999116,-0.00735997762637928,0.000104768364788317,-0.00641706234328443,-0.00715044089680265,-0.0190940344826708,-0.00154533338062768,-0.0162129044509921,-0.00460980805068595,-0.0104506443876346,-0.00256682493731377,-0.00183344638379555
-0.00179802310596397,-0.00406509571783159,-0.00320517162367491,-0.00119868207064265,-0.00268400550600419,-0.000104233223534143,-0.00302276348249016,-0.00325728823544198,-0.00317911331779138,-0.00112050715299204,-0.000807807482389612,-0.000912040705923755,-0.00221495600010055,-0.00260583058835359,-0.00156349835301215,-0.00119868207064265,-0.00310093840014077,-0.00307488009425723,-0.00336152145897613,-0.00182408141184751,-0.00291853025895602,-0.00221495600010055,0.00294458856483955,-0.0369767360487374,0.0318171914837973,0.00075569087062254,-0.038123301507613,0.0224883179774914,-0.0340582057897814,0.0161561496477922,-0.000547224423554253,0.000573282729437789,0.000547224423554253,-0.00716603411797236,-0.000833865788273148,0.00260583058835359,0.00255371397658651,-0.00106839054122497,0.00192831463538165,-0.00776537515329369,-0.0126643366593984,-0.0216023355774512,0.0125340451299807,0.00198043124714873,-0.00231918922363469,0.00224101430598408,-0.00703574258855468,-0.00372633774134563,-0.00132897360006033
-0.00230713564623236,-0.00362920214014079,-0.00298113032940137,-0.00176275532521124,-0.000596226065880273,-0.000881377662605621,-0.00324035905369714,-0.00513272874105627,-0.00375881650228868,-0.00209975266679575,-0.000596226065880273,-0.000881377662605621,-0.00225528990137321,-0.00173683245278167,-0.00191829255978871,-0.000881377662605621,-0.00279967022239433,-0.00349958777799291,-0.00370697075742953,-0.00186644681492955,-0.00189236968735913,0.0092803883297886,-0.00432911969573938,0.0596226065880273,-0.00627333512795766,0.0326368963888376,-0.119245213176055,0.00705102130084497,0.0135317394082392,0.0172905559105279,-0.00502903725133796,-0.00274782447753517,-0.00269597873267602,0.00300705320183094,-0.0121059814246125,-0.00290336171211264,-0.0147241915399998,-0.0314185213846474,0.000103691489718308,-0.0100839973751055,0.00414765958873234,0.00995438301295761,0.00839901066718298,-0.00492534576161965,0.0153463404783096,0.00119245213176055,0.00365512501257037,-0.00329220479855629,-0.00230713564623236
-0.00332637002380467,-0.00379051467828904,-0.00278486792690623,-0.00198550768862759,0.0007477886100026,0.000180500698966145,-0.00221758001586978,-0.00425465933277341,-0.00520873445588018,-0.00221758001586978,0.000154714884828124,-0.00100564675138281,-0.0023722949006979,-0.00201129350276561,-0.00180500698966145,-0.00188236443207551,-0.00255279559966405,-0.00355844235104685,-0.00201129350276561,-0.00226915164414582,-0.00263015304207811,0.00433201677518747,-0.00691059818898954,0.0339857030339112,-0.0525514892132861,-0.0208865094517967,-0.0389365793484112,-0.0160387763938489,0.0456151052101586,-0.00152136303414322,0.0110879000793489,-0.00348108490863279,-0.00492509050036195,-0.000825146052416662,-0.000128929070690103,-0.0127381921841822,-0.00639488190622913,0.00693638400312756,-0.00626595283553902,0.00404837281966925,-0.00871560517865099,0.0122224759014218,-0.018746286878341,-0.000103143256552083,-0.00600809469415882,-0.00799360238278641,-0.00195972187448957,-0.00257858141380207,-0.00342951328035675
-0.00307765855095065,-0.00364189595195827,-0.00297506993258563,-0.00197483090352667,-0.00100023902905896,0.000410354473460087,-0.00141059350251905,-0.00379577887950581,-0.00487295937233854,-0.00205177236730044,-0.000333413009686321,-0.00143624065711031,-0.00228259675862174,-0.00256471545912555,-0.00228259675862174,-0.00151318212088407,-0.00253906830453429,-0.00279553985044684,-0.0016670650484316,-0.00184659513057039,-0.00302636424176814,-0.00400095611623585,-0.008232736623793,-0.00438566343510468,-0.0586550425502012,-0.0654002442077014,0.088354447566875,-0.0169271220302286,0.0405737985633661,-0.0147471138899719,0.0152344098272057,-0.00515507807284235,-0.00451389920806096,-0.00813014800542798,0.00233389106780425,0.0067964959666827,0.0184403041511127,0.00833532524215802,-0.00810450085083672,0.00284683415962936,-0.00930991711662573,-0.0250059757264741,-0.00523201953661611,-0.00207741952189169,-0.0176452423587838,-0.00556543254630243,-0.00989980167222461,-0.00292377562340312,-0.00200047805811793
-0.00155592197647822,-0.00298430936472052,-0.00283126785883742,-0.00155592197647822,-0.00145389430588948,-0.000688686776473966,-0.00249967792942403,-0.00420864141178535,-0.00397907915296069,-0.00173447040000851,-0.00132635971765356,-0.00153041505883104,-0.00267822635295431,-0.0014283873882423,-0.00280576094119023,-0.00117331821177046,-0.00290778861177897,-0.00265271943530713,-0.00242315717648247,-0.00124983896471201,-0.00257619868236558,-0.00522891811767271,-0.00752454070591926,0.0114526060235856,0.00923350418828058,-0.0279045679060192,0.0397652846119597,-0.0012753458823592,0.00339242004707546,-0.0027037332706015,0.00933553185886932,-0.0057135495529692,-0.00214258108236345,-0.00244866409412966,-0.00660629167062064,-0.00372400997648885,-0.0163244272941977,-0.0183649807059724,-0.00278025402354305,-0.0093610387765165,0.00803467905886294,-0.0030098162823677,0.0114015921882912,-0.00882539350592564,0.00622368790591288,0.00510138352943679,-0.00387705148237196,-0.00397907915296069,-0.00137737355294793
-0.00243505223377125,-0.00357648296835152,-0.00279016401786289,-0.00136971688149633,-0.0010399702248398,-0.000101460509740469,-0.00268870350812242,-0.00388086449757292,-0.00408378551705386,-0.00157263790097726,-0.0023589568514659,-0.00116679586201539,-0.0017755589204582,-0.00119216098945051,-0.00246041736120636,-0.00289162452760336,-0.00299308503734382,-0.00314527580195453,-0.00218140095942008,-0.00139508200893144,-0.0025111476160766,-0.00623982134903882,-0.00159800302841238,-0.00692467978978698,0.0766787802363592,0.0426641443458671,-0.0854804794563448,0.0114904027281081,-0.04654500884344,0.0169439051266583,-0.00126825637175586,-0.00273943376299265,-0.00139508200893144,-0.000989239969969569,-0.00555496290829066,-0.00641737724108464,-0.0205457532224449,-0.000329746656656523,0.00613836083929835,-0.00484473934010738,-0.00441353217371039,0.0118962447670699,-0.00377940398783246,0.00395695987987828,0.00935973202355823,0.00182628917532844,0.000837049205358866,-0.00423597628166456,-0.0033989270763057
-0.00368238401933696,-0.00486780901186325,-0.00272395530197529,-0.00116020318417466,-0.000655767017142199,0.000655767017142199,-0.00158897392615225,-0.00368238401933696,-0.00406071114461131,-0.000857541483955183,-0.000756654250548691,-0.000958428717361676,-0.00103409414241654,-0.00247173721845906,-0.00277439891867853,-0.00300139519384314,-0.00232040636834932,-0.00406071114461131,-0.0022951845599977,-0.00118542499252628,-0.00322839146900775,-0.00226996275164607,0.0003278835085711,-0.0402035625124871,0.0284249780122792,0.0484258720351162,-0.0426248561142429,0.00403548933625969,-0.0501913986197299,0.0186389163718494,-0.0104166068492203,-0.00133675584263602,-0.00274917711032691,-0.00534702337054409,-0.00277439891867853,0.000554879783735707,0.00882763292306806,0.00562446326241194,-0.00532180156219246,-0.000151330850109738,-0.0165707280870163,-0.0164193972369066,-0.0112741483331755,0.00330405689406262,-0.00471647816175351,-0.0076674297388934,-0.00214385370988796,-0.0026230680685688,-0.00322839146900775
-0.00280862232630882,-0.00468939620553347,-0.00341046996766071,-0.00115354131259112,-0.000626924626408218,-0.000225692865506958,-0.00185569689416832,-0.00401231760901259,-0.0043633953998012,-0.00130400322292909,-0.000175538895394301,-0.00168015799877402,-0.00127892623787276,-0.00152969608843605,-0.00275846835619616,-0.00230708262518224,-0.00228200564012591,-0.00356093187799868,-0.00250769850563287,-0.00107831035742213,-0.00313462313204109,0.00654509309970179,-0.0048900120859841,-0.0050655509813784,-0.0580782973904573,-0.0179049673302187,0.0321988488123261,-0.0126889544385023,-0.00571755259284295,0.0070717097858847,-0.000250769850563287,-0.00544170575722333,-0.00609370736868788,-0.00433831841474487,-0.00147954211832339,-0.00398724062395627,0.0131654171545726,-0.00998064005241883,-0.00747294154678596,-0.00569247560778662,0.000451385731013917,-0.005416628772167,-0.0032349310722664,-0.0103317178432074,-0.00822525109847582,-0.00371139378833665,-0.00463924223542081,-0.00295908423664679,-0.00125384925281644
-0.000972296616239421,-0.00344043418053949,-0.00256786029417078,-0.00107201934611013,-0.000997227298707099,-0.000997227298707099,-0.00319112735586272,-0.00393904782989304,-0.00436286943184356,-0.00286702848378291,-0.00172021709026975,-0.00181993982014046,-0.00239334551689704,-0.000324098872079807,-0.00206924664481723,-0.00194459323247884,-0.00319112735586272,-0.00246813756430007,-0.00266758302404149,-0.00221883073962329,-0.0027673057539122,0.00521051263574459,-0.0119916582669529,0.0359251134359232,-0.0459223171054619,-0.0587366878938481,-0.00112188071104549,-0.00857615476888105,0.000772851156498002,0.00309140462599201,0.0120165889494205,-0.00892518432342853,-0.00740441269290021,-0.00673128426627292,0.000349029554547485,-0.00373960237015162,-0.0199944073390773,-0.00887532295849318,0.00361494895781323,0.000623267061691937,0.0043130080669082,0.0113434605227932,0.00446259216171427,-0.00142104890065762,-0.00526037400067995,0.00436286943184356,-0.00663156153640221,-0.00326591940326575,-0.00204431596234955
-0.00121436336217343,-0.00277568768496783,-0.00200741698644995,-0.000867402401552447,-0.000793053624276523,-0.000693921921241957,-0.00292438523951968,-0.00309786571983017,-0.00416353152745174,-0.00175958772886354,-0.00195785113493267,-0.00168523895158761,-0.00240394379858821,-0.00161089017431169,-0.00166045602582897,-0.00148697554551848,-0.0028748193880024,-0.00285003646224375,-0.00158610724855305,-0.0021561145410018,-0.00354395838348571,-0.0048574534486937,-0.0132092994293558,0.0119453702156651,0.00954142641707692,-0.0229985551040192,-0.00926881423373186,0.00644356069724675,-0.0313504010846813,0.00270133890769191,-0.00123914628793207,-0.00664182410331588,-0.00240394379858821,-0.00074348777275924,-0.011053184888354,-0.00664182410331588,-0.0182897992098773,0.00267655598193326,-0.00988838737769789,-0.00151175847127712,-0.0162823822234274,-0.0118462385126306,-0.00319699742286473,0.00106566580762158,0.00644356069724675,-0.00406439982441718,-0.00463440711686593,-0.00294916816527832,-0.00359352423500299
-0.00315311876510589,-0.00396603219673475,-0.00298068258263916,-0.000911448393038422,-0.000911448393038422,0.000172436182466728,-0.00189679800713401,-0.00322701998616306,-0.00399066593708714,-0.000344872364933457,-0.000197069922819118,-0.00165046060361011,-0.00182289678607684,-0.00177362930537206,-0.00219240289136269,-0.00160119312290534,-0.00157655938255295,-0.0033748224282774,-0.0019214317474864,-0.00123168701761949,-0.00421236960025865,-0.00862180912333642,-0.00603526638633549,-0.0161843674115201,0.021677691510103,0.0279839290403148,-0.00657720867408807,0.00857254164263164,-0.0244120366892183,-0.00100998335444798,-0.0195345560994451,0.000443407326343016,0.00187216426678162,0.00261117647735332,-0.00179826304572445,-0.00169972808431489,0.0157409600851771,-0.0040892008984967,0.000985349614095591,-0.0119966315516138,-0.000344872364933457,-0.0154699889413008,-0.0100751998041274,-0.00864644286368881,0.00204460044924835,-0.00672501111620241,0.00231557159312464,-0.00347335738968696,-0.00248800777559137
-0.00237486573603779,-0.00428455158563518,-0.00274211301480652,-0.00134657335548534,-0.00110174183630619,-0.000146898911507492,-0.00210555106494072,-0.00315832659741108,-0.00288901192631401,-0.000930359772880783,0.000465179886440391,-0.000783460861373291,-0.0020810679130228,-0.000685528253701629,-0.00217900052069446,-0.00151795541891075,-0.0019096858495974,-0.00227693312836613,-0.00284004562247818,-0.00110174183630619,-0.0036724727876873,-0.00369695593960521,-0.001444505963157,-0.0103074069574424,0.0237976236642137,0.0386344137264704,-0.0728128938038802,0.00178727009000782,0.00178727009000782,-0.000905876620962867,-0.0194151394709069,0.00213003421685863,-0.00146898911507492,-0.0107236205400469,0.00235038258411987,0.00161588802658241,0.00110174183630619,-0.00235038258411987,0.00320729290124691,-0.0027176298628886,0.00487214723166515,0.00719804666386711,0.00521491135851597,0.00426006843371727,-0.00984222707100196,-0.000342764126850815,-0.000171382063425407,-0.00320729290124691,-0.00073449455753746
-0.00167885185922757,-0.00345502846391762,-0.00377133388667064,-0.00233579389109923,-0.00158152711376511,-0.000583948472774809,-0.00267643050021787,-0.00447693829127353,-0.00287107999114281,-0.00211681321380868,-0.000291974236387404,-7.29935590968511e-05,-0.00204381965471183,-0.00124089050464647,-0.0014355399955714,-0.00121655931828085,-0.00250611219565855,-0.00270076168658349,-0.00170318304559319,-0.00209248202744306,-0.00279808643204596,0.00167885185922757,-0.00861323997342843,-0.0054258545595326,0.0242095304337889,0.0143067375829828,-0.0788817061973304,-0.00948916268259064,0.00145987118193702,-0.0042822888003486,-0.0170074992695663,-0.00562050405045753,-0.00437961354581106,-0.00430661998671421,-0.00510954913677958,-0.00523120506860766,-0.0140634257193266,0.000413630168215489,-0.017786097233266,0.00931884437803132,-0.0194162867197624,0.0116546382691306,-0.000632610845506043,0.00637477082779166,-0.00160585830013072,-0.00209248202744306,-0.010924702678162,-0.00236012507746485,-0.00165452067286196
-0.00164409514931327,-0.00316730094941232,-0.00391681491454043,-0.00205511893664158,-0.00111218201277074,-2.41778698428422e-05,-0.00273209929224116,-0.00435201657171159,-0.00357832473674064,-0.00169245088899895,0,-0.000967114793713686,-0.00161991727947042,-0.00176498449852748,-0.00212765254617011,-0.00128142710167063,-0.00297387799066958,-0.00360250260658348,-0.00161991727947042,-0.00234525337475569,-0.0030947673398838,0.0043036608320259,-0.015473836699419,-0.00872821101326602,-0.00672144781631012,-0.0126208480579636,0.0207204344553157,-0.023428355877714,0.00278045503192685,-0.0129351603659206,-0.0144100104263339,-0.00747096178143823,-0.00374756982564053,0.00689069290521001,0.000120889349214211,-0.00633460189882464,-0.00662473633693875,-0.00950190284823697,0.0053916649749538,-0.010106349594308,0.00145067219057053,-0.0136121407215201,-0.00865567740373749,-0.0139748087691628,0.00703576012426707,0.000145067219057053,-0.00701158225442422,-0.00261120994302695,-0.00345743538752643
-0.00204197444199793,-0.00367555399559627,-0.00269060161769139,-0.00124920789392814,-0.00103299883536366,-0.000120116143646937,-0.0020900208994567,-0.00319508942100852,-0.00369957722432566,-0.000432418117128973,-0.000312301973482036,-0.00230622995802119,-0.00127323112265753,-0.00163357955359834,-0.00295485713371465,-0.00204197444199793,-0.00283474099006771,-0.00314704296354975,-0.00223416027183303,-0.00237829964420935,-0.00377164691051382,0.00091288269171672,-0.00811985131053293,-0.00610190009726439,-0.0332481485614721,-0.0146781927536557,0.0672169939848259,-0.0220052775161188,0.00434820440001911,-0.0135250777746451,-0.0022822067292918,-0.00204197444199793,-0.00367555399559627,-0.00439625085747789,-0.00756731704975702,-0.00153748663868079,0.00321911264973791,-0.00530913354919461,0.00538120323538277,-0.0110266619867888,0.0113629871890002,-0.0191945597547805,0.00357946108067872,-0.00679857373041663,-0.00785559579450967,-0.00148944018122202,0.0039878559690783,-0.00381969336797259,-0.00192185829835099
-0.00315048223155069,-0.00396197007907132,-0.00248219812182782,-0.000787620557887673,-0.00138430279871167,-0.000572814951191035,-0.00250606541146078,-0.00355622615531101,-0.00374716447237468,-0.000787620557887673,-0.000310274765228477,-0.00174231214320606,-0.00233899438403006,-0.00157524111577535,-0.00257766728035966,-0.0026731364388915,-0.00188551588100382,-0.00272087101815741,-0.0023151270943971,-0.00214805606696638,-0.00367556260347581,-0.00618162801493658,-0.0105970765970341,0.00193325046026974,-0.00813874576483928,0.000835355137153592,0.00732725791731865,-0.00422451026503388,-0.0198814522642555,-0.0086638261367644,-0.000238672896329598,0.000978558874951351,-0.00214805606696638,-0.00799554202704152,0.00140817008834463,-0.00448705045099644,-0.00696924857282425,0.000930824295685431,-0.0108596167829967,0.00875929529529624,-0.0127928672432664,0.0114562990238207,-0.00224352522549822,0.0118143083683151,-0.00976172145988055,-0.00727952333805273,-0.00315048223155069,-0.00362782802420989,-0.00138430279871167
-0.00275036920861345,-0.00379361270153579,-0.00165970555692191,-0.00116179388984534,-0.00151744508061432,9.48403175383948e-05,-0.00215761722399848,-0.00339054135199761,-0.00412555381292017,-0.00158857531876811,-0.000165970555692191,-0.000592751984614967,-0.00215761722399848,-0.00156486523938351,-0.00220503738276768,-0.0018493861919987,-0.00244213817661367,-0.00227616762092148,-0.0017545458744603,-0.00170712571569111,-0.00346167159015141,-0.00784803627630217,0.000616462063999566,0.0119735900892223,0.0311787543907473,0.0155063919175275,-0.0575206525870364,-0.00609349040184187,-0.0306571326442861,-0.0018730962713833,-0.0122581110418375,0.000497911667076573,-0.00234729785907527,0.000118550396922993,-0.000142260476307592,-0.00227616762092148,-0.00417297397168937,-0.00426781428922777,-0.00315344055815163,-0.00374619254276659,-0.0119735900892223,0.00163599547753731,-0.00763464556184078,0.00035565119076898,0.0131590940584523,-0.00104324349292234,-0.0110726070726076,-0.00270294904984425,-0.00194422650953709
-0.00146020075211167,-0.00277909175401898,-0.00188413000272473,-0.00259067875374651,-0.000682997125987716,-0.000117758125170296,-0.00155440725224791,-0.00350919213007482,-0.0033443307548364,-0.00146020075211167,-0.000635893875919598,-0.000612342250885538,-0.00148375237714573,-0.000965616626396426,-0.00247292062857621,-0.00171926862748632,-0.00268488525388275,-0.00226095600326968,-0.00164861375238414,-0.00249647225361027,-0.00426284413116471,-0.00195478487782691,0.0276025045399174,0.00584080300844668,0.0304993544191066,0.0192887809028945,-0.0543100473285405,-0.0281206402906667,0.000942065001362367,0.00720679726042211,-0.0114225381415187,-0.00171926862748632,-0.00536977050776549,-0.00277909175401898,-0.0129062905186644,0.00155440725224791,0.000141309750204355,-0.00998588901444109,0.0021903011281675,-0.0115638478917231,0.00419218925606253,-0.0170278248996248,0.00200188812789503,-0.00821951713688665,-0.00223740437823562,0.00419218925606253,-0.00388601813061976,-0.00202543975292909,-0.00228450762830374
-0.0022690195229803,-0.00203509998452872,-0.00238597929220609,-0.00257311492296735,-4.67839076903155e-05,-0.00149708504609009,-0.00269007469219314,-0.00371932066138008,-0.0027134666460383,-0.00140351723070946,-0.000959070107651467,-0.00119298964610304,-0.00177778849223199,-0.00072515056919989,-0.00254972296912219,-0.00189474826145778,-0.00273685859988345,-0.00311112986140598,-0.00116959769225789,-0.00163743676916104,-0.00633921949203774,0.00423394364597355,-0.00561406892283785,-0.0256141894604477,0.000631582753819259,-0.000842110338425678,0.00764916890736658,-0.0457312697672834,0.0324914238909241,0.00177778849223199,0.00072515056919989,-0.00437429536904449,-0.00516962179977986,-0.00458482295365091,0.00238597929220609,-0.0120234642764111,-0.00603512409205069,0.00699419419970216,-0.00479535053825733,0.00278364250757377,-0.000327487353832208,0.00133334136917399,0.000888894246115994,0.00229241147682546,-0.0211229343221774,-0.00526318961516049,0.00149708504609009,-0.00245615515374156,-0.00269007469219314
-0.00292711775467625,-0.00255542026201895,-0.00209079839619732,-0.00123124794442731,-0.000232310932910813,-0.00104539919809866,-0.00257865135531003,-0.00357758836682652,-0.00383313039302842,-0.00204433620961516,-0.000743394985314603,-0.00125447903771839,-0.00162617653037569,-0.00190494964986867,-0.00202110511632408,-0.0011150924779719,-0.00250895807543678,-0.00350789508695328,-0.00125447903771839,-0.00132417231759164,-0.00511084052403789,0.00332204634062463,-0.0638855065504737,-0.0316872112490349,-0.0138689626947756,-0.0187474922859026,0.0459511025297589,-0.0139386559746488,0.0356597282018098,-0.0144497400270526,0.00292711775467625,-0.00246249588885462,-0.00213726058277948,0.00341497071378896,0.00243926479556354,-0.00299681103454949,-0.00548253801669519,-0.00492499177770924,-0.00176556309012218,-0.00548253801669519,-0.013706345041738,0.00199787402303299,-0.00810765155858738,-0.00636531956175628,0.00859550451770009,-0.0058542355093525,-0.00162617653037569,-0.00308973540771382,-0.00206756730290624
-0.00205314732341977,-0.00357570601269735,-0.00269908131281026,0,-0.000899693770936752,-0.000415243278893886,-0.00186859475502249,-0.00292977202330686,-0.00366798229689599,-0.00143028240507894,-0.000438312349943546,-0.000830486557787772,-0.00200700918132045,-0.0014533514761286,-0.0011073154103837,-0.00207621639446943,-0.00230690710496603,-0.00350649879954837,-0.00175324939977418,-0.00198394011027079,-0.00359877508374701,-0.0041293637178892,-0.0248453895204842,0.00611330382815999,0.000115345355248302,0.00812031300948043,0.0130801632851574,0.0994507652950856,0.0260680502861162,-0.0174863558556425,4.61381420993206e-05,0.00191473289712181,-0.00108424633933404,-0.0040140183626409,-0.0138645117008459,0.00754358623323893,-0.0029067029522572,-0.0158715208821663,0.00071514120253947,-0.00509826470197493,0.00322966994695244,-0.00784348415688451,-0.00200700918132045,-0.00431391628628648,0.0160330043795139,0.00433698535733614,-0.00728982645169266,-0.00228383803391637,-0.00140721333402928
-0.00251965064984668,-0.00437502976473378,-0.00322973401480347,-0.000412306469974911,-0.00174084953989407,-0.000481024214970729,-0.00251965064984668,-0.00325263992980207,-0.00320682809980486,-0.000481024214970729,-0.000870424769947034,-0.00059555378996376,-0.0022447796698634,-0.00128273123992194,-0.00164922587989964,-0.00247383881984946,-0.00194700277488152,-0.0033671695047951,-0.00171794362489546,-0.00196990868988013,-0.0048560539797045,-0.00927689557443549,0.0719245730956233,0.0256775307134375,0.0106512504743519,0.0348857085428772,-0.0190348153638417,0.119614688122721,0.0081774116545024,-0.0110635569443268,-0.00302358077981601,0.000526836044967942,-0.00176375545489267,-0.0070550218195707,-0.00389400554976305,-0.0115903929892947,0.00176375545489267,0.0127585946542236,-0.0130105597192083,0.00996407302439368,0.0037336641447728,-0.00749023420454421,0.00103076617493728,0.00939142514942852,-0.0136977371691665,0.000137435489991637,-0.00710083364956791,-0.00183247319988849,-0.000984954344940065
-0.00225142366786076,-0.00320657310271078,-0.00320657310271078,-0.0020012654825429,-0.00172836564401432,-0.00100063274127145,-0.00291093161097148,-0.00368414782013579,-0.00338850632839649,-0.000977891088060733,-0.00111434100732502,-0.00118256596695717,-0.00175110729722503,-0.0015464324183286,-0.00220594036143933,-0.00127353257980002,-0.00193304052291075,-0.00252432350638933,-0.00188755721648932,-0.00127353257980002,-0.00457107229535366,-0.00645862951184298,0.0541933596011332,0.00086418282200716,0.000523058023846439,0.00361592286050364,-0.00147820745869646,-0.0628124461679941,-0.0027744816917072,-0.00793683697053944,-0.00459381394856437,-0.00147820745869646,-0.00136449919264288,0.00400253096508579,0.00830070342191087,-0.00491219709351438,-0.00784587035769658,-0.00395704765866436,0.00372963112655721,-0.0115072765246217,-0.0182388058749932,0.000341124798160721,-0.00081869951558573,-0.00598105479441797,-0.012439684306261,-0.00557170503662511,-0.000773216209164301,-0.00275174003849648,-0.00140998249906431
-0.00216732613910747,-0.00223505508095458,-0.00214474982515843,-0.00191898668566807,-0.00101593412770663,-0.0016254946043306,-0.00311553132496698,-0.0029349208133747,-0.00356705760394771,-0.00139973146484024,0,-0.00112881569745181,-0.00171579986012675,-0.000925628871910481,-0.0013094262090441,-0.00158034197643253,-0.00185125774382096,-0.00246081822044494,-0.00185125774382096,-0.00112881569745181,-0.00523770483617638,0.00160291829038156,-0.0569826164073672,-0.0197768510193556,-0.0097529676259836,-0.036257560202152,0.0215152271934314,-0.146565430157142,0.0123943963580208,-0.0119202937650911,0.00449268647585819,-0.00187383405777,-0.000880476244012409,-0.0067503178707618,-0.0069986573242012,0.00442495753401108,-0.00442495753401108,-0.0198220036472537,0.00433465227821494,-0.0113558859163652,0.00492163644088987,0.00228020770885265,-0.00185125774382096,-0.0100464597073211,0.0113784622303142,-0.00266400504598626,0.00155776566248349,-0.0034993286621006,-0.0013094262090441
-0.001927253606933,-0.00217376278921513,-0.00208412308656708,-0.00147905509369277,4.48198513240233e-05,-0.00105326650611455,-0.00300293003870956,-0.00358558810592187,-0.00354076825459784,-0.000784347398170408,0.000201689330958105,-0.00100844665479053,-0.00188243375560898,-0.00127736576273467,-0.00188243375560898,-0.00116531613442461,-0.00201689330958105,-0.00226340249186318,-0.00150146501935478,-0.00197207345825703,-0.005759350895137,0.00405619654482411,-0.0824685264362029,-0.0152387494501679,0.00493018364564257,-0.0247405579308609,0.0300068904614336,0.00549043178719286,0.0224547455133357,-0.023037403580548,0.0177262511986512,-0.00436993550409228,-0.000784347398170408,-0.00434752557843026,-0.00665574792161746,-0.00667815784727948,-0.00392173699085204,0.00784347398170408,-0.0114066521619639,0.0059610402260951,0.0074849151711119,-0.00454921490938837,-0.00956903825767898,0.00129977568839668,0.00389932706519003,-0.00186002382994697,-0.00560248141550292,-0.00233063226884921,-0.000829167249494432
-0.0014902486375648,-0.00293601224117243,-0.00273582958836522,-0.00135679353569332,-8.89700679143162e-05,-4.44850339571581e-05,-0.00162370373943627,-0.00418159319197286,-0.00278031462232238,0,-0.00117885339986469,-0.00157921870547911,-0.0022242516978579,-0.00202406904505069,-0.00177940135828632,-0.000978670747057478,-0.00291376972419386,-0.00280255713930096,-0.00157921870547911,-0.00111212584892895,-0.0046709285655016,-0.00300273979210817,0.0119664741344755,-0.00909718944423883,0.0199960227637426,0.0154140642661553,0.0227985799030435,0.0996909610979913,0.0028692846902367,-0.0235993105142724,0.0183055914733706,-0.00240219183368654,-0.00177940135828632,0.00731778808595251,-0.00398141053916565,-0.00900821937632451,-0.00162370373943627,0.00865233910466725,-0.00140127856965048,0.00364777278448696,-0.0203519030353998,-0.0105429530478465,-0.000734003060293109,0.00547165917673045,-0.0155030343340696,-0.00369225781844412,-0.0093418571310032,-0.00213528162994359,-0.00229097924879364
-0.00194252226988569,-0.00379674807295839,-0.00253852342087334,-0.00101540936834934,-0.000286963517142204,-0.000286963517142204,-0.00165555875274348,-0.00289170928812528,-0.00282548693801554,-0.000353185867251943,-0.00110370583516232,-0.00165555875274348,-0.00154518816922725,-0.00264889400438957,-0.00092711290153635,-0.00169970698614998,-0.00258267165427983,-0.00326696927208047,-0.00207496697010517,-0.00128029876878829,-0.0037084516061454,-0.00876342433118884,0.0824909741200319,-0.000154518816922725,0.00373052572284865,0.0340162138397028,-0.0110591324683265,0.0549424764743804,-0.010661798367668,0.0237296754559899,0.00858683139756286,0.00253852342087334,-0.00406163747339734,-0.00913868431514402,-0.00302415398834476,0.00200874461999543,0.00103748348505258,-0.0186084803808367,0,-0.0138183970562323,-0.00158933640263374,-0.00708579146174211,0.0086530537476726,-0.00101540936834934,-0.00282548693801554,0.000463556450768175,0.000110370583516232,-0.0034214880890032,-0.00269304223779607
-0.00238761816541385,-0.00359237962502634,-0.00159904702821294,-0.00135809473629045,-0.000569523599089542,-0.000963809167689994,-0.00245333242684726,-0.00289142750306998,-0.00398666519362679,-0.000613333106711814,0.000109523769055681,-0.00133618998247931,-0.0010295234291234,-0.00212476111968021,-0.00181809456632431,-0.00162095178202408,-0.00269428471876976,-0.00280380848782544,-0.000744761629578632,-0.00216857062730249,-0.00424952223936043,-0.00742571154197518,0.0342809397144282,0.0146104707920279,-0.0182247551708653,0.00573904549851769,-0.0270304662029421,-0.00591428352900678,0.000328571307167043,0.0931390132049513,0.00389904617838225,0.000438095076222725,-0.00591428352900678,-0.00751333055721973,0.00534475992991724,0.000613333106711814,-0.00534475992991724,-0.00562952172946201,2.19047538111362e-05,-0.00545428369897292,0.0068342831890745,0.00650571188190746,-0.00670285466620769,-0.00744761629578632,0.0151580896373063,0.00227809439635817,0.0040523794550602,-0.00214666587349135,-0.00148952325915726
-0.00232558694640097,-0.00280374501014697,-0.00221691465918597,-0.00178222551032598,-0.00128233298913698,-0.000456423606302995,-0.00223864911662897,-0.00334710644622196,-0.00391220233973995,-0.00086937829771999,8.6937829771999e-05,-0.000369485776530996,-0.00223864911662897,-0.00158661539333898,-0.00219518020174297,-0.00215171128685697,-0.00228211803151497,-0.00291241729736197,-0.000304282404201996,-0.00139100527635198,-0.00569442785006593,-0.00295588621224797,-0.0579005946281513,0.00806348371135291,-0.0145186175719238,-0.0385569275038815,0.00139100527635198,-0.0565095893517993,0.00621605482869793,0.0613563733615883,0.00475984618001694,-0.00647686831801392,-0.00412954691416995,0.00930234778560389,-0.00691155746687392,-0.00760706010504991,-0.00649860277545692,0.0116496691894479,-0.00280374501014697,0.0103673362003109,-0.0127581265190409,-0.00147794310612398,-0.00967183356213489,-0.00326016861644996,-0.00195610116986998,-0.00512933195654794,-0.00630299265846993,-0.000695502638175992,-0.00204303899964198
-0.00219945220382071,-0.00243664802972294,-0.0028247866539266,-0.00191912986411807,-0.000991909817409339,-6.46897707006091e-05,-0.00235039500212213,-0.00321292527813025,-0.00200538289171888,-0.00135848518471279,-0.00133692192781259,-0.00049595490870467,-0.00198381963481868,-0.000970346560509136,-0.00168193403821584,-0.00187600335031766,-0.00207007266241949,-0.00267384385562518,-0.00148786472611401,-0.000970346560509136,-0.00472235326114446,6.46897707006091e-05,-0.0584795527133506,-0.0145336351507368,0.000301885596602842,-0.0358381329681374,0.0289810172738729,-0.0183934581358732,0.00114285261571076,-0.0435362156815099,0.00388138624203655,-0.00812934785137654,-0.000690024220806497,-0.00459297371974325,-0.00845279670487959,-0.00360106390233391,-0.00733150734606903,-0.0101562939999956,-0.00508892862844792,-0.00843123344797939,-0.00819403762207715,-0.0140592434989324,0.00444203092144182,0.000840967019107918,-0.021563256900203,-0.00674929940976355,-0.00955252280678994,-0.0021563256900203,-0.00196225637791848
-0.0023530299803654,-0.0029305918846369,-0.00154016507805735,-0.00160433862297641,-0.000256694179676225,-0.000192520634757169,-0.00207494461904949,-0.00370067442366558,-0.000962603173785844,-0.00203216225577012,-0.00181825043937326,-0.000962603173785844,-0.00141181798821924,-0.000470605996073079,-0.00147599153313829,-0.00126207971674144,-0.00228885643544634,-0.00284502715807816,-0.00207494461904949,-0.00196798871085106,-0.00385041269514338,-0.000363650087874652,0.0249849001551526,-0.0177118983976595,0.00027808536131591,0.00511249241188482,0.0264822828699306,0.0569433255248426,-0.0032300684275925,-0.0414347188360707,0.00241720352528445,-0.00539057777320073,-0.000620344267550877,-0.00975437882769655,0.00626761622042783,-0.00374345678694495,0.00928377283162347,-0.0071874370309343,-0.00299476542955596,-0.00915542574178536,0.00885594919882977,0.00256694179676225,0.00207494461904949,0.00290920070299722,0.00314450370103376,0.0020535534374098,0.000149738271477798,-0.00350815378890841,-0.000705908994109619
-0.00197329829800687,-0.00299177483891364,-0.00169746090151129,-0.00127309567613346,-0.000106091306344455,-0.000551674792991168,-0.00184598873039352,-0.00331004875794701,-0.00152771481136016,-0.00150649655009127,-0.000848730450755643,-0.00114578610852012,-0.00182477046912463,-0.00135796872120903,-0.00163380611770461,-0.00188842525293131,-0.00239766352338469,-0.00265228265861138,-0.00171867916278018,-0.00203695308181354,-0.00462558095661825,-0.00434974356012267,0.0481230165578449,-0.00169746090151129,0.000127309567613346,0.016953390753844,-0.0066413157771629,0.00564405749752502,-0.0182264864299774,0.0269259735502228,0.00328883049667812,-0.00515603748834053,-0.00159136959516683,0.00322517571287144,-0.00275837396495584,-0.000148527828882238,-0.00299177483891364,0.00377685050586261,0.00301299310018253,0.00231279047830913,-0.00131553219867125,0.0035646678931737,-0.00961187235480765,-0.00415877920870265,0.0201785664667154,0.00732030013776742,0.00169746090151129,-0.00258862787480471,-0.000891166973293425
-0.00176774014541667,-0.00231489780947421,-0.00180982919649802,-0.000989092700411706,0.000189400729866071,-0.000252534306488095,-0.00210445255406746,-0.00277787737136905,-0.0027357883202877,2.10445255406746e-05,-0.000294623357569444,-0.00111535985365575,-0.00176774014541667,-0.00168356204325397,-0.00128371605798115,-0.00233594233501488,-0.00233594233501488,-0.00288309999907242,-0.000799691970545635,-0.00159938394109127,-0.00473501824665178,-0.00801796423099702,-0.00027357883202877,0.0108589751789881,0.00806005328207837,0.000210445255406746,-0.0461295999851587,-0.0613868810021478,-0.0389534167757887,0.0303041167785714,-0.000399845985272817,-0.00589246715138889,-0.000883870072708333,-0.00456666204232639,-0.0130265613096776,-0.00437726131246032,-0.021212881745,-0.00744976204139881,-0.00311458978001984,0.00528217591070932,-0.0164778634983482,-0.0129002941564335,-0.00519799780854662,-0.00587142262584821,-0.0116797116750744,-0.00738662846477678,-0.00599768977909226,-0.0013258051090625,-0.00117849343027778
-0.00192004040003274,-0.00198265041307728,-0.00210787043916638,-0.000939150195668187,-0.000438270091311821,0.000208700043481819,-0.00189917039568456,-0.00279658058265638,-0.00308876064353093,-0.000417400086963639,-0.000793060165230914,-0.00075132015653455,-0.00137742028698001,-0.00156525032611365,-0.000730450152186368,-0.00166960034785455,-0.00223309046525547,-0.00250440052178183,-0.00114785023915001,-0.00154438032176546,-0.00513402106965276,-0.0071584114914264,-0.0141916029567637,0.0103723921610464,-0.00310963064787911,-0.00454966094790366,-0.0343311571527593,-0.0265883855395838,-0.0312215265048802,0.0141916029567637,-0.00824365171753186,-0.00571838119140185,-0.00204526042612183,-0.00214961044786274,0.0060105612522764,-0.00171134035655092,0.00776364161752368,-0.00363138075658366,-0.00763842159143459,-0.0128350526741319,0.00116872024349819,-0.00498793103921548,0.00550968114792003,0.000813930169579095,-0.0198891141438174,-0.0128559226784801,-0.00615665128271367,-0.00258788053917456,-0.000980890204364551
-0.00269031460356187,-0.00283517769759982,-0.00279378824216041,-0.00138654675722035,-0.000951957475106509,-0.000600147103871495,-0.00209016749969038,-0.00248336732636481,-0.00237989368776627,-0.000910568019667095,-0.000745010197909441,-0.000931262747386802,-0.00169696767301595,-0.0015314098512583,-0.001552104578978,-0.000889873291947388,-0.00250406205408451,-0.00190391495021302,-0.00167627294529624,-0.00132446257406123,-0.00598077631099524,-0.00231780950460715,-0.00275239878672099,-0.00231780950460715,-0.0311455652181586,-0.00784330180576884,0.0143621410374765,-0.00757427034541266,-0.00177974658389478,-0.0052357661130858,-0.00982999566686069,-0.00674648123662439,-0.00430450336569899,-0.000351810371235014,0.00196599913337214,-0.0043251980934187,0.0102852796766942,0.00109682056914446,0.00480117683097196,-0.00620841831591201,0.00237989368776627,0.00658092341486673,0.0012416836631824,0.00343532480147131,0.0123133629932255,0.00478048210325225,0.000165557821757654,-0.00298004079163777,-0.00157279930669771
-0.00262639690413104,-0.00318040250109618,-0.0023391347427417,-0.00160046061345485,-0.000779711580913901,-0.00102593629067619,-0.00225705983948761,-0.00266743435575808,-0.00318040250109618,-0.000512968145338093,-8.20749032540949e-05,-0.000656599226032759,-0.00153890443601428,-0.00137475462950609,-0.00188772277484418,-0.00143631080694666,-0.00211342875879294,-0.00281106543645275,-0.00139527335531961,-0.00141579208113314,-0.00422685751758589,0.000697636677659806,-0.0162097933926837,-0.0107928497779135,-0.024684027153669,-0.0220371115237245,0.0170715798768517,-0.0129267972625199,0.010382475261643,-0.0317014313818941,-0.00291365906552037,-0.00539642488895674,-0.00414478261433179,-0.00808437797052834,-0.0148760762148047,-0.00369337064643427,-0.0222628175076732,-0.0060530241149895,0.00203135385553885,0.0122291605848601,-0.0118393047944032,-0.00535538743732969,-0.00913083298701805,-0.00381648300131541,0.00921290789027215,0.00531434998570264,-0.000348818338829903,-0.00176461041996304,-0.00201083512972532
-0.00227830723822236,-0.00311233042364305,-0.00164770434192867,-0.000813681156507987,-0.000488208693904792,-0.000813681156507987,-0.00174941448649217,-0.00329540868385735,-0.00343780288624625,-0.000895049272158786,-0.000223762318039697,-0.000935733329984185,-0.00179009854431757,-0.000711971011944489,-0.00115949564802388,-0.00176975651540487,-0.00195283477561917,-0.00286822607669066,-0.000956075358896885,-0.00166804637084137,-0.00353951303080975,-0.00244104346952396,-0.00945904344440535,-0.00264446375865096,0.0158464405229931,-0.017270382546882,-0.0171279883444931,0.0295162839523272,0.000569576809555591,0.0064484231653258,8.13681156507987e-05,0.0061432927316353,-0.00382430143558754,-0.00136291593715088,0.000610260867380991,0.00185112463105567,-0.00382430143558754,-0.00286822607669066,-0.00966246373353235,-0.00557371592207971,-0.00280719998995256,-0.0139749738630247,-0.00693663185923059,-0.00441422027405583,-0.0157650724073423,-0.0066925275122782,-0.0062653449051115,-0.00189180868888107,-0.00152565216845248
-0.00193580807230876,-0.00286338277362337,-0.00149218538907134,-0.00110905670809356,-0.000806586696795317,-0.000665434024856136,-0.00161317339359063,-0.00328684078944092,-0.00290371210846314,-0.00116955071035321,-0.00104856270583391,-0.00127037404745262,-0.00215761941392747,-0.00169383206327016,-0.00114938604293333,-0.00125020938003274,-0.002238278083607,-0.00243992475780583,-0.00145185605423157,-0.00173416139810993,-0.00435556816269471,-0.00715845693405844,0.0246613882545168,0.00518231952690991,0.0226449215125285,0.0109292497415765,-0.0245807295848373,0.028069217048477,-0.0123004471261286,0.0455923130363553,-0.011191390418035,0.0143169138681169,-0.00475886151109237,0.00288354744104326,0.00312552345008185,-0.010848591071897,0.0149218538907134,-0.000645269357436253,-0.008267513642152,-0.0167971679607625,0.00197613740714853,0.00727944493857773,0.00828767830957188,0.00544446020336839,-0.000584775355176605,-0.00516215485949003,-0.0049605081852912,-0.00197613740714853,-0.000403293348397658
-0.00237841395039657,-0.00239840062224864,-0.00237841395039657,-0.00183877381039062,-0.00107928028001189,-0.00069953351482252,-0.00205862720076342,-0.00247834730965693,-0.0031379074807753,-0.00103930693630774,-0.00107928028001189,-0.000659560171118376,-0.00157894707631369,-0.00259826734076936,-0.00145902704520126,-0.00115922696742018,-0.00227848059113621,-0.00207861387261549,-0.00189873382594684,-0.00129913367038468,-0.0041372410733789,-0.00785476203786429,0.0198867384928116,0.00211858721631963,-0.0104330427067816,0.0206262453513383,-0.0131312434068113,-0.0506262398012984,-0.0136508968749652,-0.00327781418373981,-0.0205263119920779,0.00471685455708899,-0.00339773421485224,-0.00417721441708305,-0.00441705447930791,0.00161892042001783,-0.0131312434068113,0.00191872049779891,0.0107128561127106,0.00319786749633152,-0.00787474870971637,0.00153897373260954,0.00751498861637907,-0.00289806741855044,0.00885409563046789,0.00173884045113026,0.000779480202230808,-0.00193870716965098,-0.000979346920751528
-0.0026740898327743,-0.00324852394499989,-0.00322871587216452,-0.00106963593310972,-0.000693282549237781,-0.000693282549237781,-0.00198080728353652,-0.00285236248829258,-0.00245620103158528,-0.000396161456707303,-0.000891363277591433,-0.000495201820884129,-0.00186195884652433,-0.000396161456707303,-0.00120829244295728,-0.00164407004533531,-0.00184215077368896,-0.00277313019695112,-0.00148560546265239,-0.00204023150204261,-0.0034664127461889,-0.00314948358082306,-0.0158266501954568,0.000554626039390225,-0.0278303423336881,-0.00120829244295728,-0.00600184606911565,-0.0728937080341438,-0.000158464582682921,-0.0459547289780472,-0.0141429640044507,-0.00322871587216452,-0.00110925207878045,-0.0074478353860973,-0.00103001978743899,-0.00124790858862801,-0.0144202770241458,-0.00778457262429851,-0.000297121092530478,0.0126771666146337,-0.00309005936231697,-0.0142816205142983,-0.0162426197249994,-0.00758649189594486,-0.00863631975621921,0,-0.0013667570256402,-0.00229773644890236,-0.00227792837606699
-0.00245361263746134,-0.00270878835175731,-0.00247324153856103,-0.000529980329691648,-0.000902929450585771,-0.000235546813196288,-0.00247324153856103,-0.00359208890124339,-0.00192363230776969,-0.000451464725292886,-0.000647753736289793,-0.000372949120894123,-0.00135439417587866,0.000451464725292886,-0.0010599606593833,-0.00164882769237402,-0.00131513637367928,-0.00296396406605329,-0.00086367164838639,-0.00178623000007185,-0.00321913978034927,0.000883300549486081,-0.0206103461546752,0.00494648307712205,-0.0121895475829079,-0.0189026317590021,-0.000176660109897216,-0.00914706791245586,0.0135243128576869,-0.0337813387925677,-0.00355283109904401,0.00133476527477897,-0.00186474560447061,0.00137402307697835,-0.00675234197829359,-0.00881337659376112,0.00881337659376112,-0.00838154076956792,-0.0158601520885501,-0.0171556595611297,0.000176660109897216,0.00206103461546752,-0.0132298793411915,1.96289010996907e-05,-0.00414169813203473,-0.00535869000021556,-0.00618310384640256,-0.00215917912096597,-0.000981445054984534
-0.00283958137113383,-0.00196436793482546,-0.00155593499788155,-0.00128364637325228,-0.000816865873887814,-0.000330636187049829,-0.00285903055860735,-0.00307297162081606,-0.00247004680913696,-0.00124474799830524,-0.000564026436732062,-0.000427882124417426,-0.00132254474819932,-0.000797416686414294,-0.00184767280998434,-0.00167263012272267,-0.00211996143461361,-0.00188657118493138,-0.000875213436308372,-0.00155593499788155,-0.00282013218366031,-0.00202271549724601,-0.00247004680913696,0.00176987606009026,0.0061264940541586,-0.00884938030045132,-0.00527072980532375,0.0377119745111541,0.00931616079981578,-0.0335303992043474,0.000564026436732062,0.00282013218366031,-0.000564026436732062,0.00101135774862301,-0.00385093911975684,0.00138089231061988,0.00634043511636732,0.00346195537028645,0.00538742493016487,-0.00898552461276595,-0.00459000824375057,-0.00062237399915262,0.0182433378501612,0.00412322774438611,0.00425937205670074,-0.0018087744350373,-0.0037147948074422,-0.00138089231061988,-0.000233390249682233
-0.00188835836209892,-0.00237008243406292,-0.00138736532725635,-0.00159932391892051,-0.000693682663628173,-0.00055879992347825,-0.00227373761967012,-0.00312157198632678,-0.00329499265223382,-0.00127175154998498,-0.0010212550325637,-0.00109833088407794,-0.0021388548795202,-0.00173420665907043,-0.00190762732497748,-0.00183055147346323,-0.00263984791436277,-0.00158005495604195,-0.00154151703028483,-0.00221593073103444,-0.00290961339466261,-0.00603118538098939,0.00720659211658158,-0.00778466100293839,0.00502919931130425,0.00946106077337314,-0.0180742871800896,0.0207912109459666,-0.00211958591664164,-0.0213307419065663,-0.00127175154998498,0.00184982043634179,0.00140663429013491,-0.00452820627646169,0.00136809636437779,-0.00319864783784102,-0.0146636807505844,0.00368037190980503,0.000712951626506733,0.0139314601611991,-0.00289034443178405,-0.0101162055112442,0.00867103329535216,0.000443186146206888,0.00211958591664164,0.00167639977043475,0.000346841331814086,-0.0019461652507346,-0.00156078599316339
-0.00211879667401289,-0.0031113861068838,-0.00173703150752408,-0.000324500391515488,-0.000706265558004298,-0.000649000783030977,-0.00188973757411961,-0.00307320959023492,-0.00251965009882614,-0.00078261859130206,-0.000820795107950941,-0.000649000783030977,-0.00152706066595524,-0.00118347201611531,-0.00131708982438639,-0.00129800156606195,-0.00194700234909293,-0.00200426712406625,-0.00171794324919964,-0.00139344285768416,-0.00559285968906106,-0.00584100704727879,0.00839883366275382,-0.00910509922075811,-0.00519200626424781,0.00534471233084334,-0.0119301614527753,-0.0124646326858596,-0.00038176516648881,0.027907033670332,-0.00649000783030977,0.00435212289797243,-0.00215697319066178,-0.00614641918046984,-0.00314956262353268,-0.00488659413105677,-0.0103458360118467,-0.00847518669605158,-0.00515382974759893,-0.00689086125512302,-0.00599371311387431,-0.000878059882924263,-0.0252537657632348,-0.0068335964801497,-0.00175611976584853,-0.00188973757411961,-0.000744442074653179,-0.00269144442374611,-0.00211879667401289
-0.00330874335808957,-0.00302513678453903,-0.00223103837859754,-0.000605027356907807,-0.000397049202970748,-0.000642841566714545,-0.00166382523149647,-0.00317639362376599,-0.00103989076968529,-0.000113442629420214,-0.000756284196134759,-0.000340327888260641,-0.00145584707755941,-0.000983169454975186,-0.00143693997265604,-0.00126677602852572,-0.001947431805047,-0.0024390165325346,-0.00172054654620658,-0.00126677602852572,-0.00455661228171192,-0.00310076520415251,0.00242010942763123,0.00105879787458866,-0.00432972702287149,-0.0108526782145338,0.0126488531803538,-0.0148231702442413,0.010966120843954,0.0276232802638221,-0.00557759594649384,-0.00153147549717289,-0.00389486361009401,-0.00400830623951422,-0.00334655756789631,-0.00149366128736615,0.0117224050400888,-0.00981278744484849,-0.00018907104903369,-0.00865945404574299,-0.00221213127369417,0.00287387994531208,-0.00903759614381036,-0.00276043731589187,-0.00659857961127577,-0.00372469966596369,-0.00406502755422433,-0.00224994548350091,-0.00155038260207626
-0.00220961298660491,-0.00176020017577001,-0.00179765124333959,-0.00146059163521342,0.000149804270278299,-0.000636668148682771,-0.00200363211497225,-0.00292118327042683,-0.0016291214392765,-0.000711570283821921,-0.000374510675695748,-0.000880100087885007,-0.00185382784469395,-0.00144186610142863,-0.000842649020315432,-0.00232196618931364,-0.0017789257095548,-0.00181637677712438,-0.000936276689239369,-0.00194745551361789,-0.000262157472987023,-0.00157294483792214,-0.00649776022332122,0.00992453290593732,0.000805197952745858,-0.00514952179081653,0.0254480004135261,0.00558020906786664,0.0191936721294071,-0.0244180960553628,0.00511207072324696,-0.00606707294627111,-0.00127333629736554,0.00363275355424875,-0.00672246662873867,-0.00518697285838611,0.00149804270278299,0.0115911054127834,-0.0063854070206125,-0.000168529804063087,-0.00305226200692034,-0.00576746440571452,0.0223770128728209,0.00284628113528768,-0.00104862989194809,-0.00191000444604831,-0.00443795150699461,-0.0016291214392765,-0.000599217081113196
-0.000945722386710354,-0.00226231629762085,-0.00179872689237067,-0.00124241960607046,-0.000853004505660319,-0.00066756874356025,-0.0018729011972107,-0.00218814199278082,-0.002670274974241,-0.00109407099639041,-0.000945722386710354,-0.000982809539130367,-0.00185435762100069,-0.00165037828269062,-0.00096426596292036,-0.0021510548403608,-0.00216959841657081,-0.00168746543511063,-0.000686112319770257,-0.0021510548403608,0.000370871524200139,-0.00283716716013106,-0.00899363446185336,0.00172455258753064,-0.00704655895980263,0.0119235195030345,0.00795519419409297,0.0192296885297772,0.016021649845446,-0.0281862358392105,0.00782538916062292,0.00354182305611132,-0.00259610066940097,-0.00228085987383085,-0.00519220133880194,-0.00072319947219027,-0.0150202967301056,-0.00291134146497109,-0.000815917353240305,-0.00244775205972091,0.00254046994077095,-0.00446900186661167,0.0015947475540606,0.000148348609680055,0.00608229299688227,0.00165037828269062,-0.00276299285529103,-0.00109407099639041,-0.000834460929450312
-0.0017994038217096,-0.00271746699605124,-0.00220335161841992,-0.00119348212664413,-0.00167087497730178,-0.000862979383881137,-0.00157906865986761,-0.00227679667236726,-0.00262566067861708,-0.00123020465361779,-0.00159742992335445,-0.000752811802960141,-0.00183612634868327,-0.00168923624078861,-0.00163415245032811,-0.00143217855197295,-0.00244204804374875,-0.00255221562466975,-0.000936424437828468,-0.0019095714026306,-0.00374569775131387,-0.00506770872236583,-0.00677530622664127,-0.0147991783703872,-0.0134220836088747,0.00416800681151102,-0.0215928458605153,0.0156621577542683,0.0019095714026306,0.00916227047992952,0.00167087497730178,0.00620610705854945,-0.00251549309769608,-0.00817076225164055,0.00547165651907615,0.00168923624078861,-0.00141381728848612,-0.0151296811131501,0.00420472933848469,0.00640808095690461,-0.0038742265957217,1.83612634868327e-05,-0.0210420079559103,-0.00269910573256441,0.00163415245032811,-0.00167087497730178,-0.00113839833618363,-0.00128528844407829,-0.00159742992335445
-0.00274497267461074,-0.00263590091270568,-0.00138157565079746,-0.00129068251587657,-0.000509001555556959,-0.00123614663492404,-0.00201782759524366,-0.00319943834921517,-0.00281768718254745,-0.000818038214287969,-0.000727145079367084,-0.00043628704762025,-0.00152700466667088,-0.000872574095240501,-0.00112707487301898,-0.001745148190481,-0.00192693446032277,-0.00245411464286391,-0.000908931349208855,-0.000727145079367084,-0.00614437592065186,-0.00550812397620566,-0.00323579560318352,-0.0151246176508353,0.000418108420636073,-0.0160880848809967,-0.0206509202540252,-0.00459919262699681,-0.0126159671270189,0.0159426558651233,0.0037266185317563,-0.00307218796032593,0.00121796800793987,0.0019087558333386,-0.00341758187302529,-0.0116888571508259,0.0076168447063702,0.00856213330954741,-0.00303583070635758,-0.00354483226191453,-0.0151973321587721,-0.00456283537302845,-0.00207236347619619,-0.00227232837302214,-0.0133612908333702,-0.00528998045239553,-0.00178150544444936,-0.00203600622222783,-0.000927109976193032
-0.00203351388831284,-0.00244741494522607,-0.00237543215271942,-0.00129569026511968,7.19827925066491e-05,-0.000539870943799868,-0.00253739343585938,-0.00361713532345912,-0.00307726437965925,-0.000611853736306518,-0.000575862340053193,-1.79956981266623e-05,-0.00149364294451297,-0.00079181071757314,-0.00107974188759974,-0.00156562573701962,-0.00244741494522607,-0.00147564724638631,-0.00118771607635971,0.00147564724638631,-0.00246541064335273,-0.00584860189116524,0.00980765547903094,0.000323922566279921,0.0118411693673438,-0.0123810403111436,0.0107254360834907,-0.0213249022800948,-0.0123450489148903,0.00147564724638631,0.00608254596681185,-0.00539870943799868,0.00062984943443318,0.000287931170026596,-0.0101675694415642,-0.00361713532345912,-0.00449892453166557,0.00516476536235207,-0.00593858038179855,-0.0145765154825964,0.00826002544013799,-0.000683836528813167,0.0107974188759974,-7.19827925066491e-05,-0.00487683419232548,0.00151163864263963,-0.00444493743728558,-0.00266336332274602,-0.000521875245673206
-0.00190593839764582,-0.00226218856543009,-0.00301031391777705,-0.000837187894293025,-0.000570000268454826,0.00032062515100584,-0.00217312602348402,-0.00297468890099862,-0.0024046886325438,-0.00122906307885572,-0.00108656301174201,-3.56250167784266e-05,-0.00122906307885572,-0.000445312709730333,-0.0014784381963047,-0.00162093826341841,-0.00263625124160357,-0.00151406321308313,-0.000855000402682239,-0.000783750369125386,0.00167437578858605,-0.00573562770132669,0.0113821928607073,0.00456000214763861,-0.00215531351509481,0.00215531351509481,0.0290165761660285,-0.00185250087247818,3.56250167784266e-05,-0.00390093933723771,0.00295687639260941,-0.00566437766776983,-0.00244031364932222,-0.00746344101508038,0.00322406401844761,0.00742781599830195,-0.0153900072482803,-0.0176521958137104,0.00114000053690965,-0.000552187760065613,0.00573562770132669,-0.00112218802852044,0.000641250302011679,-0.00165656328019684,0.0133950063086884,0.00219093853187324,-0.00260062622482514,-0.00156750073825077,-0.000979687961406732
-0.00171002166128932,-0.00243281432224667,-0.00220363616145531,-0.000828567196707198,-0.00056413085733256,-0.000334952696541207,-0.00162187621483111,-0.00243281432224667,-0.00176290892916425,-0.000828567196707198,-0.00077567992883227,-0.000405469053707778,-0.00107537444679019,-0.000246807250082995,-0.00209786162570546,-0.00158661803624782,-0.00158661803624782,-0.00186868346491411,-0.000687534482374058,-0.00555316312686739,0.000687534482374058,-0.00453067594795212,-0.0127987188257325,-0.00657565030578265,-0.017258878416518,0.00181579619703918,0.0144558532191469,0.0296168700099594,0.00396654509061956,-0.00504191953740976,0.0091671264316541,-0.00988991909261144,-0.00222126525074695,-0.000176290892916425,-0.000370210875124493,-0.00988991909261144,0.00523583951961782,-0.00119877807183169,0.000687534482374058,0.0126047988435244,-0.0127987188257325,-0.00752762112753135,-0.0135391405759814,-0.0026972506616213,-0.000687534482374058,-0.00810938107415555,0.00035258178583285,-0.00042309814299942,-0.00179816710774754
-0.0015352015706039,-0.00247725707983811,-0.00198878385282778,-0.00165731987735648,-0.00071526436812227,-0.000767600785301949,-0.00125607401231228,-0.00211090215958036,-0.00237258424547875,-0.000488473227010331,-0.000610591533762914,-0.000697818895729044,-0.00148286515342422,-0.00111651023316647,-0.00158753798778358,-0.00132585590188518,-0.00204112027000745,-0.00150031062581745,-0.00102928287120034,-0.00479750490813718,-0.00362865825779103,-0.00423924979155394,-0.0231675873382043,-0.0114442298899563,-0.0136772503562893,-0.00483239585292363,-0.0115663481967089,0.0349781721484183,-0.00444859546027266,0.00889719092054531,0.0140784962213335,-0.00415202242958781,-0.000750155312908723,0.00108161928838002,-0.00751899860148045,-0.00723987104318883,0.0120199304789328,0.0101009285156779,-0.00842616316592821,-0.00816448108002982,-0.00929843678558951,-0.000540809644190009,-0.00366354920257748,0.00385544939890297,-0.0126828584298754,-0.00497195963206944,-0.00310529408599425,-0.00129096495709873,-0.00118629212273938
-0.00238211312164384,-0.00269282352881478,-0.00203687933589836,-0.00115653318224737,-0.00105296304652373,-0.000655944192916421,-0.00163986048229105,-0.00279639366453843,-0.00253746832522931,-0.000707729260778243,-0.00163986048229105,-0.00103570135723645,-0.00105296304652373,-0.00139819683226921,-0.00110474811438555,-0.00158807541442923,-0.00272734690738933,-0.00148450527870558,-0.000863084464363712,-0.00122557993939647,-0.00422911387538219,-0.00219223453948383,-0.00136367345369466,-0.00617968476484417,-0.00642134841486601,-0.007301694568517,-0.0150004079906413,0.0147069592727576,-0.0116171168903356,0.0360424072318286,0.00353864630389122,0.00272734690738933,-0.00215771116090928,-0.00642134841486601,-0.000811299396501889,0.00649039517201511,-0.0191432134195871,-0.00749157315067702,-0.00355590799317849,-0.0176069230730197,0.00718086274350608,0.00162259879300378,0.0117379487153465,0.00289996380026207,-0.00163986048229105,0.00697372247205879,-0.00466065610756404,-0.00196783257874926,0
-0.0025958212825456,-0.00225426585063171,-0.00266413236892838,-0.000734344178614874,-0.000580644234253621,-0.000888044122976126,-0.00210056590627045,-0.00297153225765088,-0.00213472144946184,-0.00105882183893307,-0.00122959955489002,-0.000444022061488063,-0.00102466629574168,-0.000700188635423484,-0.00165654384478239,-0.0012979106412728,-0.00196394373350489,-0.00187855487552642,-0.0006489553206364,0.00153699944361253,-0.00116128846850724,0.00322769883158631,0.014823505745063,-0.00409866518296674,-0.0189904820144125,-0.00606260891647163,0.00365464312147867,-0.0236014803452501,-0.0101783518710341,0.0350606650859613,-0.00459392055924188,-0.00404743186817965,-0.00256166573935421,-0.00179316601754795,-0.00112713292531585,-0.00804363042157222,-0.00478177604679453,-0.0038937319238184,0.0094098521492278,0.010127118556247,-0.000409866518296674,-0.00715558629859609,-0.0038937319238184,-0.00816317482274208,0.00886336345816557,-0.00187855487552642,-0.00121252178329433,-0.00177608824595225,-0.000836810808189042
-0.00197656886273564,-0.00216240012333472,-0.00221308137622538,-0.00130081882419354,-0.000557493781797233,-0.000979837555886045,-0.00165558759442815,-0.00282125641091327,-0.00197656886273564,-0.00119945631841223,-0.000692643789505653,-0.000371662521198155,-0.00211171887044406,0.00013515000770842,-0.00094605005395894,-0.00111498756359447,-0.00182452510406367,-0.0017062688473188,-0.00126703132226644,0.00248338139164222,0.0006757500385421,-0.00081090004625052,0.00327738768692919,-0.00696022539698363,0.0037335189629451,-0.00677439413638456,0.00849755673466691,-0.0455624463487011,-0.00449373775630497,0.00555804406700878,-0.00293951266765814,-0.00709537540469205,-0.00261853139935064,-0.00172316259828236,-0.00359836895523668,-0.00846376923273981,0.00768665668841639,-0.000574387532760785,-0.00304087517343945,0.00581145033146206,-0.0148496070969627,-0.00163869384346459,-0.0131940195025345,-0.00599728159206114,-0.00195967511177209,-0.0101531443290951,-0.00150354383575617,-0.00125013757130289,-0.0013177125751571
-0.0015038693148262,-0.00228922329034655,-0.00168767556441607,-0.00100257954321747,-0.000551418748769607,-0.00101928920227109,-0.00205528806359581,-0.00317483522018864,-0.00198844942738131,-0.00090232158889572,-0.000517999430662358,-0.000835482952681222,-0.00183806249589869,-0.000551418748769607,-0.000818773293627598,-0.0007519346574131,-0.00147044999671895,-0.00173780454157694,-0.00100257954321747,-0.00106941817943196,-0.000701805680252227,-0.0175785613244129,-0.0095746346377268,-0.0103599886132472,0.0855367446955035,-0.0121980511091458,-0.00832141020870497,-0.0166261107583563,-0.00523012328378445,-0.0123818573587357,-0.000835482952681222,0,-0.00431109203583511,-0.00264012613047266,0.00090232158889572,0.00399360851381624,-0.00760289486939912,-0.00285735169816978,-0.0132674692885778,-0.0140528232640982,0.00466199487596122,0.00238948124466829,0.00538051021526707,0.00883940963936733,-0.012682631221701,0.00121980511091458,-0.00377638294611912,-0.0014370306786117,-0.00140361136050445
-0.00178475697442277,-0.00242925254851988,-0.00168560380917706,-0.00128899114819422,-0.00021483185803237,-0.000495765826228547,-0.00185085908458658,-0.00269366098917511,-0.0026606099340932,-0.00178475697442277,-0.000132204220327613,-0.000462714771146644,-0.00094195506983424,-0.00112373587278471,-0.00125594009311232,-0.00115678692786661,-0.00132204220327613,-0.00229704832819227,-0.000446189243605692,-0.00482545404195786,-0.00378434580687791,-0.0143606834330869,-0.00922124436785098,-0.00608139413507018,0.0541541537516983,-0.00860979984883577,-0.0129394880645651,0.020805639174058,-0.014327632378005,-0.0133526262530889,-0.000875852959670433,0.000280933968196177,-0.00206569094261895,0.00421400952294265,-0.00411485635769694,-9.91531652457094e-05,0.0010576337626209,0.000132204220327613,0.00360256500392744,-0.00856022326621291,0.00480892851441691,-0.00586656227703781,0.00965090808391572,0.00508986248261308,0.00442884138097502,0.00533774539572736,-0.00406527977507409,-0.00201611435999609,-0.000875852959670433
-0.00232047711124924,-0.00232047711124924,-0.00215706323017535,-0.00143804215345023,-0.000457558867006893,-0.000375851926469947,-0.00137267660102068,-0.00235315988746402,-0.00205901490153102,-0.00187925963234974,-0.000702679688617728,-0.000555607195651227,-0.0010458488388729,-0.00106219022698029,-0.00106219022698029,-0.00181389407992018,-0.00114389716751723,-0.00156877325830935,-0.000637314136188172,-0.00385656759334381,-0.00295779124743741,0.0149850528944757,-0.00681435884078122,-0.0023858426636788,-0.115762393352744,0.000424876090792114,-0.00308852235229652,0.0106545850460176,-0.0188252790997121,-0.00352973983119603,-0.00457558867006893,-0.00194462518477929,0.000424876090792114,-0.0060953377640561,-0.00629143442134477,-0.00650387246674083,-0.00403632286252509,-0.000784386629154673,0.00895508068284918,0.0118801891540718,-0.0135143279648107,-0.00606265498784133,-0.0125011619021526,-0.0121579927518974,0.00835044932287579,-0.00428144368413592,-0.00151974909398718,-0.00171584575127585,-0.000882434957799007
-0.00210044541670012,-0.00161572724361548,-0.00214891723400859,-0.00116332361540314,-0.00116332361540314,-0.00132489633976469,-0.00190655814746626,-0.00232664723080629,-0.00184192905772165,-0.000888649983988513,-0.00105022270835006,-0.00121179543271161,-0.00105022270835006,-0.00122795270514776,-0.000985593618605442,-0.00148646906412624,-0.00111485179809468,-0.0011794808878393,-0.000517032717956953,-0.00140568270194547,-0.000484718173084644,0.0233149441253714,-0.0015026263365624,-0.00908038710911899,-0.126042882274443,-0.00824020894243894,-0.00342534175646481,-0.0165127324297502,-0.0184192905772165,0.0147031179169009,-0.00969436346169287,0.00103406543591391,-0.00179345724041318,-0.00841793893923664,0.0021812317788809,-0.00680221169562117,-0.0070768853270358,-0.00345765630133712,-0.0100821380001606,-0.00161572724361548,-0.0020358163269555,-0.000759391804499275,-0.0104214407213198,-0.00350612811864559,-0.0133135924873915,-0.00812710803538586,0.000355459993595405,-0.00126026725002007,-0.00137336815707316
-0.00142161588636767,-0.00233208898213123,-0.00161329443284421,-0.00115007127885924,-0.00138966946195491,-0.00161329443284421,-0.00193275867697177,-0.00260363358963966,-0.00231611576992485,-0.00161329443284421,-0.000591008851635997,-0.00084658024693805,-0.00129383018871664,-0.000830607034731672,-0.00111812485444648,-0.0016931604938761,-0.00214041043565469,-0.0015494015840187,-0.000670874912667889,-1.59732122063783e-05,-0.000495169578397727,-0.010302721873114,0.00622955276048754,-0.0189442296767647,0.0844024532985029,-0.0283524516663215,-0.00645317773137683,-0.0173469084561268,-0.0159252925697592,0.013720989285279,-0.00912070416984201,-0.00215638364786107,-0.00322658886568842,0.00605384742621738,-0.0030189371070055,0.000718794549287024,0.00180497297932075,-0.00452041905440506,-0.00536699930134311,-0.0196470510138453,0.00576632960650257,0.00174108013049523,0.0130181679481983,0.00934432914073131,-0.006628883065647,0.00137369624974853,-0.00313074959245015,-0.00122993733989113,-0.000527116002810484
-0.00148418847423907,-0.0021947042331833,-0.00189470869051796,-0.00104208977978488,-0.00094735434525898,-0.00107366825796018,-0.00156313466967732,-0.00318942629570523,-0.00230522890679685,-0.00165787010420322,-0.000568412607155388,-0.000157892390876497,-0.00156313466967732,-0.000205260108139446,-0.00110524673613548,-0.00181576249507971,-0.00191049792960561,-0.00138945303971317,-0.00119998217066137,-0.000142103151788847,-0.00094735434525898,-0.0330468774104508,0.00426309455366541,-0.00855776758550612,0.176997370172553,-0.0273785405779845,-0.00655253422137461,-0.00933144030080096,-0.00869987073729497,-0.01081562877504,-0.00271574912307574,-0.00566833683246623,-0.002163125755008,0.000899986627996031,-0.00604727857056982,-0.000805251193470133,0.00265259216672514,-0.00279469531851399,0.00614201400509572,0.00587359694060568,-0.00994722062521929,-0.00552623368067738,0.00371047118559767,-0.00227365042862155,0.012078767902052,0.00625253867870927,-0.00440519770545426,-0.00115261445339843,-0.000663148041681286
-0.00202870001549418,-0.0011704038550928,-0.00168538155133363,-0.000795874621463102,-0.000827085390932243,-0.000811480006197673,-0.00138887924137679,-0.00215354309337075,-0.00182583001394476,-0.000905112314605096,-0.000967533853543379,-0.000468161542037119,-0.00118600923982737,-0.000624215389382825,-0.000951928468808808,-0.00140448462611136,-0.00140448462611136,-0.00126403616350022,-0.00142009001084593,-0.0015917492429262,-0.0010611661619508,-0.00694439620688393,-0.00636699697170482,0.035580277194821,0.019772022458701,0.0293849394551965,-0.0139356085679716,-0.00550870081130343,0.0128744424060208,-0.0205522916954295,-0.00152932770398792,0.00171659232080277,-0.00163856539712992,-0.00898870160711268,0.00148251154978421,-0.00465040465090205,-0.00508735542347002,0.000140448462611136,-0.00280896925222271,0.00728771467104448,-0.00438511311041435,-0.00728771467104448,-0.017119107053824,-0.00488448542192061,-0.000577399235179113,-0.00538385773342687,-0.000780269236728531,-0.000967533853543379,-0.00154493308872249
-0.00200481850157003,-0.00115662605859809,-0.00135710790875509,-0.000601445550471008,-0.000693975635158855,-0.00103325261234763,-0.0011720477393794,-0.00158843312047471,-0.00131084286641117,-0.000200481850157003,-0.000755662358284087,-0.000431807061876621,-0.00165011984359994,-0.00146505967422425,-0.00152674639734948,-0.00109493933547286,-0.00178891497063172,-0.00146505967422425,-0.000755662358284087,-0.00206650522469526,-0.00188144505531956,0.0277898687679168,-0.0107951765469155,0.0330640835951241,-0.136158019618167,0.0892298450006475,-0.0173339691981901,-0.0017580716090691,0.0566284118289626,-0.00419469717251575,-0.00692433467080724,0.00589108205845961,-0.00166554152438125,0.000123373446250463,-0.00368578170673259,-0.00109493933547286,-0.005860238696897,0.00106409597391024,-0.00630746743955493,-0.0136173441298949,0.00434891398032883,0.00649252760893062,-0.00163469816281864,0.00151132471656817,-0.011720477393794,-0.0109648150355099,-0.000817349081409318,-0.00140337295109902,-0.00132626454719248
-0.00199619880753569,-0.00190476985451879,-0.00158476851895963,-0.00111238559503897,-0.000457144765084509,-0.00097524216551362,-0.00140191061292583,-0.002636201478654,-0.00146286324827043,-0.000320001335559157,-0.000838098735988267,-0.000380953970903758,-0.00187429353684649,-0.00099048032434977,-0.00124952902456433,-0.00129524350107278,-0.00155429220128733,-0.00144762508943428,-0.000761907941807515,-0.00097524216551362,-0.00228572382542255,0.0204038946816053,-0.00536383191032491,-0.0479697240162012,-0.0888994186501009,0.0185753156212672,-0.00899051371332868,-0.0106667111853052,0.0549640389219942,0.00426668447412209,-0.00899051371332868,0.00147810140710658,-0.00134095797758123,0.00188953169568264,-0.00620193064631318,-0.00339810942046152,-0.000716193465299065,-0.00377906339136528,0.00152381588361503,-0.0075733649415667,-0.00601907274027937,-0.000121905270689202,0.0117790967803442,-0.000198096064869954,0.00103619480085822,0.00333715678511692,-0.00463240028618969,-0.00164572115430423,-0.000624764512282163
-0.0014151559447506,-0.00249910517902765,-0.00170119810379593,-0.00103878468284884,-0.000557029467614597,-0.00111405893522919,-0.00188185630950877,-0.00255932458093193,-0.0021227339171259,-0.000963510430468492,-0.00117427833713347,-0.000572084318090667,-0.000933400729516352,-0.000722632822851369,-0.000602194019042808,-0.00153559474855916,-0.00147537534665488,-0.0014151559447506,-0.00173130780474807,-0.000481755215234246,-0.00121944288856169,-0.0160484706074908,0.00430568723615607,-0.0709234005927667,0.0622367518680742,-0.113272694981952,-0.00129471714094204,-0.0223564529569642,-0.0210767906664983,-0.00993620131420632,-0.00809950955612576,0.00129471714094204,-0.00143021079522667,-0.00441107118948857,0.00377876746949362,-0.00686501181708801,-0.000286042159045334,-0.00459172939520141,0.00109900408475312,0.00825005806088646,-0.0032819574037833,-0.0131880490170375,-0.00572084318090667,-0.00249910517902765,0.00597677563899987,0.00852104536945573,-0.00406480962853895,-0.00124955258951383,-0.00132482684189418
-0.000669230425858058,-0.00168051195826579,-0.0015169222986116,-0.000639486851375478,-0.000713845787581929,-0.000594871489651607,-0.00194820412860901,-0.00239435774584772,-0.00141281978792257,-0.00129384548999225,-0.000743589362064509,-0.000267692170343223,-0.000237948595860643,-0.000758461149305799,-0.00102615331964902,-0.00141281978792257,-0.0013682044261987,-0.00160615302205934,-0.00150205051137031,-0.00147230693688773,-0.00115999940482063,-0.0270220374174243,0.00880409804684379,0.0294758823122371,0.107537893541769,-0.0732138085888716,0.000163589659654192,-0.00602307383272252,-0.0456563868307609,-0.021831783670214,-0.00524974089617544,0.00206717842653934,-0.000535384340686447,-0.000936922596201282,1.48717872412902e-05,0.00111538404309676,-0.00083282008551225,-0.00234974238412385,-0.00551743306651866,-0.00176974268171353,0.00252820383101933,0.00453589510859351,-0.0118676862185496,-0.00327179319308384,-0.00524974089617544,-0.00801589332305541,0.000461025404479996,-0.00113025583033805,-0.00229025523515869
-0.00132201005668708,-0.00130732105605722,-0.00133669905731694,-0.0011457420491288,-0.000749139032122678,-0.000279091011967272,-0.00139545505983636,-0.00245306310518603,-0.00155703406676478,-0.00132201005668708,0.000190957008188134,-0.000235024010077703,-0.000719761030862965,-0.000719761030862965,-0.00149827806424536,-0.00129263205542737,-0.00135138805794679,-0.00133669905731694,-0.00117512005038851,-0.00270277611589358,-0.00186550307999177,-0.000425981018265837,-0.00101354104346009,0.0941124270354902,0.00738856731681779,0.0833013225719159,-0.00392196316817167,0.0232673769976926,0.0128822535523841,-0.0177883797627561,0.000719761030862965,-0.000969474041570525,0.00141014406046622,-0.00245306310518603,-0.00992976442578295,0.00257057511022488,-0.00284966612219215,0.00370162815872382,-0.000543493023304688,-0.0121624925215211,-0.00558182023934545,0.00722698830988937,0.00480330320596306,0.00312875713415942,-0.00436263318706736,-0.00962129541255597,0.00041129201763598,-0.000778517033382391,-0.00129263205542737
-0.00150867829759078,-0.00163923699642075,-0.00152318481968299,-0.00130558698829971,-0.00058026088368876,-0.000565754361596541,-0.00142163916503746,-0.00181331526152738,-0.00277074571961383,-0.000812365237164264,-0.000101545654645533,-0.00043519566276657,-0.00129108046620749,-0.00102996306854755,-0.00143614568712968,-0.0013781195987608,-0.00166825004060519,-0.00140713264294524,-0.00072532610461095,-0.00232104353475504,-0.00204541961500288,0.0203236374511988,-0.0111990350551931,0.0169146047595274,-0.0613770949721786,0.110815322262461,-0.0102706176412911,0.0235876049219481,0.0367740335037752,-0.00866039368905474,0.00310439572773487,0.000855884803440921,0.000101545654645533,-0.000942923935994235,-0.00142163916503746,-0.00905206978554466,-0.000783352192979826,0.00029013044184438,-0.00146515873131412,0.00132009351039193,-0.00470011315787896,-0.0140278068631758,0.00776098931933717,0.00291581094053602,0.00213245874755619,0.00622329797756195,-0.0040473196637291,-0.00155219786386743,-0.000174078265106628
-0.00166162843099517,-0.0018908185594083,-0.00174757472915009,-0.00103135557785907,-0.00116027502509145,-0.000773516683394303,-0.00220595498597635,-0.00220595498597635,0.000243514511438947,-0.00067324600221356,-0.000615948470110278,-0.000701894768265201,-0.00114595064206563,-0.000902436130626687,-0.00127487008929802,-0.00156135774981443,-0.00157568213284025,-0.0011889237911431,-0.000630272853136099,-0.000587299704058638,-0.00222027936900217,0.00845138598523405,-0.00485596584575313,-0.0758762568877708,-0.0110727480789592,0.00590164580663802,-0.0104567996088489,0.000429731490774613,0.0174614229084751,0.00303676920147393,-0.00110297749298817,0.00358109575645511,-0.00130351885534966,0.000458380256826254,0.00445488312103015,-0.000830814215497585,-0.00717651589593604,-0.00929652458375746,-0.00199108924058904,0.00254974017859604,0.00465542448339164,-0.00575840197637981,-0.00826516900589839,-0.00809327640958854,-0.000601624087084458,0.00439758558892687,-0.00488461461180477,-0.00206271115571814,-0.000830814215497585
-0.00206482175637525,-0.00132940578835119,-0.00162640069851476,-0.000579847205557434,-0.00106069610772701,-0.00137183363266027,-0.00188096776436924,-0.00233353143699943,-0.00028285229539387,-0.000579847205557434,-0.000410135828321112,-0.000707130738484676,-0.000919269960030079,-0.00106069610772701,-0.000608132435096821,-0.00140011886219966,-0.00149911716558751,-0.00111726656680579,-0.000947555189569466,-0.000395993213551419,-0.00271538203578116,-0.00837242794365856,0.00431349750475652,-0.0526953826318781,0.0133930561868998,-0.074248727540891,-0.00104655349295732,-0.0119222242508516,0.00193753822344801,0.0145527505980146,-0.00229110359269035,-0.000947555189569466,-0.000155568762466629,-0.00799057734487684,-0.00346494061857491,-0.00230524620746004,-0.000254567065854483,0.000551561976018047,0.000692988123714983,-0.00588332774419251,-0.00319623093795074,0.0114696605782214,-0.0085138540913555,-0.0045822071853807,-0.0015274023951269,-0.00837242794365856,0.000113140918157548,-0.000664702894175596,-0.00137183363266027
-0.00132631861691156,-0.00134027986551063,-0.000907481158939489,-0.000656178684156246,-0.000209418728986036,-0.000921442407538558,-0.00154969859449667,-0.00195457480386967,-0.00445363830310303,-0.000614294938359039,-0.000502604949566486,-0.000237341226184174,-0.000725984927151591,-0.00110293863932646,-0.000977287401934835,-0.000879558661741351,-0.00160554358889294,-0.0013542411141097,-0.000390914960773934,-0.00114482238512366,-0.00245717975343616,-0.00721796552571871,0.00248510225063429,0.0372346500137172,-0.0256328524278908,-0.0508189449006114,0.00470494077788627,-0.00459325078909372,-0.014156706079456,0.00922838532398465,0.00182892356647805,-0.00381142086754585,-0.00145196985430318,-0.000795791170146937,-0.00720400427711964,-0.00561242193682576,0.00548677069943414,0.00653386434436432,-0.00152177609729853,-0.00450948329749931,-0.0102754789689148,-0.0048724757610751,0.00597541440040156,0.0104150914549055,-0.000879558661741351,-0.00491435950687231,9.77287401934835e-05,-0.000488643700967417,-0.000670139932755315
-0.00133669062483948,-0.0020670473579992,-0.00115754652047955,-0.00119888746763953,-0.000344507892999866,-0.000482311050199813,-0.0012815693619595,-0.00208082767371919,-0.00395495061163846,-0.000992182731839615,-0.000427189787319834,1.37803157199946e-05,-0.00111620557331957,-0.00114376620475956,-0.00161229693923937,-0.00097840241611962,-0.00150205441347942,-0.00132291030911949,-0.000716576417439722,-0.00122644809907952,-0.00130912999339949,-0.002576919039639,-0.00114376620475956,0.0706930196435725,-0.00194302451651925,0.0320254537332676,-0.00274228282827893,0.0092741524795564,0.000537432313079791,-0.00567749007663779,0.00469908766051817,-0.0010197433632796,-0.00243911588243905,0.00585663418099772,-0.0030867907212788,0.00558102786659783,-0.00846111385207671,-0.00505737586923804,-0.00556724755087784,-4.13409471599839e-05,0.00311435135271879,-0.0134358078269948,0.00480933018627813,0.00146071346631943,-0.000950841784679631,0.00587041449671772,-0.00552590660371785,-0.000923281153239641,-0.000192924420079925
-0.00164558151893979,-0.00168638106073169,-0.0016047819771479,-0.00134638487913256,-0.000734391752254122,-0.000271996945279305,-0.000924789613949636,-0.00201277739506685,-0.00184957922789927,-0.00101998854479739,-0.000380795723391026,0.000122398625375687,-0.00141438411545238,-0.00114238717017308,-0.000992788850269462,-0.00176798014431548,-0.00165918136620376,-0.00133278503186859,-0.000462394806974818,-0.00145518365724428,-0.00138718442092445,-0.000802390988573949,-0.00150958304630014,0.0135998472639652,0.0449202955128771,0.052413811355322,-0.0115190706325785,0.0163062168694943,0.026206905677661,-0.00651432683943935,0.00432475142994094,-0.000163198167167583,-0.00146878350450824,-0.00670472470113486,0.00236637342392995,-0.00280156853637684,-0.00509994272398696,-0.0102134852952379,-0.0025431714383615,-0.00174078044978755,0.00327756319061562,0.00564393661454557,-0.00916629705591256,-0.0147558342814023,0.000122398625375687,0.000217597556223444,-0.00341356166325527,-0.00145518365724428,-0.000530394043294644
-0.00159696503962544,-0.0016909041596034,-0.00138224705110437,-0.000979650822627368,-0.000630734091280634,-0.000751512959823735,-0.00123462843399614,-0.00216059975949324,0.000805192456954001,-0.000764932834106301,-0.000389176354194434,-0.000254977611368767,-0.000993070696909935,-0.000644153965563201,-0.00107358994260534,-0.0016506445367557,-0.0013688271768218,-0.00101991044547507,-1.34198742825667e-05,-0.0015298656682126,-0.00224111900518864,0.00598526393002474,-0.00318051020496831,-0.0465938035090715,0.000483115474172401,-0.00716621286689061,-0.0120510471057449,0.00985018772340395,-0.00295237234216467,0.00314025058212061,0.0014090867996695,-0.0001207788685431,-0.00101991044547507,-0.00495193361026711,0.000375756479911867,-0.0128428196884163,0.00316709033068574,0.00425410014757364,0.00865581891225552,-0.00540820933587438,-0.00932681262638385,0.00760906871821531,-0.00467011625033321,0.0021740196337758,-0.0015298656682126,-0.00929997287781872,0.00158354516534287,-0.0014896060453649,-0.00123462843399614
-0.00161533218454023,-0.00170801517873516,-0.00123135978001837,-0.000900349086465046,0.000251568127100528,-0.000701742670333051,-0.00146968747937677,-0.00205226630003062,0.000410453260006124,-0.00105923421937064,-0.000423693687748257,-0.000291289410326927,-0.000662021387106652,-0.000503136254201055,-0.00142996619615037,-0.000900349086465046,-0.00127108106324477,-0.000993032080659978,-0.000370731976779725,-0.0014829279071189,-0.00315122180262766,0.00697770542010411,-0.00477979441491003,-0.0238592507913237,-0.0461958523923022,-0.0236341635197075,-0.00982439738466271,-0.00120487892453411,-0.0367951486953877,0.00869896102658141,-0.00030452983806906,-9.26829941949313e-05,-0.00188014073938289,0.00336306864650179,-0.00566690307363294,0.0029261345310114,-0.00443554329361457,0.00668641600977718,-0.00548153708524308,-0.00189338116712502,-0.00189338116712502,-0.00896376958142407,0.00620976061106039,0.0112543635808131,-0.00327038565230686,-0.000688502242590918,-0.00121811935227624,-0.000331010693553326,-0.00123135978001837
-0.000966553850362955,-0.00195923077776275,-0.00129309231332341,-0.00129309231332341,-0.000143676923702601,-0.000248169231849948,-0.00152820000665494,-0.00181555385406015,-0.00453235386589115,-0.00118860000517607,-0.000391846155552549,0.000248169231849948,-0.000587769233328824,-0.000457153848144641,-0.00139758462147076,-0.0009273692348077,-0.00203760000887326,-0.0015673846222102,-0.000705323079994589,-0.00172412308443122,-0.00304333847479147,-0.00360498463108345,-0.00203760000887326,0.0210160154761351,-0.0109194462013977,0.00812427695845619,-0.0124215231310158,-0.00100573846591821,-0.0248691693390685,0.00973084619622164,0.00105798461999188,-0.00403601540219126,-0.0022857692407232,-0.00250781539553632,-0.00480664617477794,0.0077063077258668,-0.00335681539923351,-0.0137668615984129,-0.00838550772882455,-0.00116247692813923,0.00287353847405203,-0.0124607077465711,0.00100573846591821,-0.00754956926364578,5.22461540736732e-05,0.00701404618439063,-0.00543360002366202,-0.000261230770368366,-0.000679200002957752
-0.00141715611304125,-0.00219015035651829,-0.00132697345130226,-0.000940476329563737,-0.00117237460260685,-0.000631278632172919,-0.00122390755217199,-0.00185518618434491,-0.00414840243999347,-0.000927593092172453,-0.00034784740956467,0.000128832373912841,-0.00109507517825915,-0.000618395394781635,-0.00115949136521557,-0.00123679078956327,-0.00148157229999767,-0.00161040467391051,-0.000721461293911908,-0.00123679078956327,-0.00186806942173619,-0.0100875748773754,0.00119814107738942,0.0137206478217175,0.0129863032904143,-0.0042901180512976,0.0157046663799753,0.00253799776608296,-0.0166193762347565,0.0063900857460769,0.00212573416956187,-0.00615818747303379,-0.00034784740956467,-0.00349135733303798,0.00161040467391051,-0.00912133207302912,0.00747227768694476,-0.00152022201217152,0.00602935509912095,-0.00244781510434397,-0.00843852049129107,0.00666063373129386,-0.00662198401912001,-0.00672504991825029,0.00224168330608343,-0.00447048337477557,-0.00207420121999674,-0.00117237460260685,-0.0012110243147807
-0.00194394992102872,-0.00170254437528005,-0.00133408327913736,-0.0007496277473248,-0.000775038857403607,-0.00090209440779764,-0.000965622182994657,-0.00200747769622574,-0.000635277751970169,-0.000431988871339715,-0.000343049986063891,-0.000266816655827471,-0.000991033293073464,-0.000876683297718834,-0.00102914995819167,-0.00078774441244301,-0.00128326105897974,-0.00106726662330988,-0.000228699990709261,-0.000635277751970169,-0.00146113882953139,-0.00377354984670281,6.35277751970169e-05,0.00214723880165917,-0.0123116828331819,-0.0204686491684789,0.0769321357635875,-0.00120702772874332,-0.0132773050161765,0.00231241101717142,0.000457399981418522,-0.00172795548535886,0.000343049986063891,0.000800449967482413,0.00110538328842809,-0.00806802745002115,-0.00743274969805098,0.0135187105619252,-0.00137219994425557,-0.00202018325126514,0.000559044421733749,0.00740733858797217,-0.00368461096142698,0.00719134415230232,-0.00138490549929497,-0.0104185551323108,0.00208371102646216,-0.0018804221458317,-0.00134678883417676
-0.00152847968826783,-0.00156606525437278,-0.0014783656001279,-0.000814353932273844,-0.000263098962734627,-0.00106492437297349,-0.00111503846111342,-0.0016913504747226,0.00115262402721836,-0.000714125755993986,-0.000363327139014484,-0.000413441227154413,-0.000626426101749111,-0.00115262402721836,-0.00100228176279858,-0.000851939498378791,-0.00157859377640776,-0.000989753240763595,-0.000363327139014484,-0.000588840535644164,-0.00259340406124132,0.0044350968003837,-0.00471072428515331,0.0145456140826144,-0.0131298910926614,0.00492370915974801,0.0437120133800529,-0.00210479170187701,0.0146458422588942,0.00887019360076741,-0.00196697795949221,0.00139066594588303,0.000137813742384804,-0.00114009550518338,-0.00547496412928723,0.0041594693156141,-0.00751711322098933,-0.00994764649577588,-0.00205467761373708,-0.00344534355962011,0.00562530639370701,-0.0121401378518978,0.0062016184073162,0.00022551339662968,-0.00526197925469253,0.00494876620381797,-0.000989753240763595,-0.00146583707809292,-0.000638954623784093
-0.00122286471501141,-0.00158107761132789,-0.00103758218243393,-0.000926412662887435,-2.47043376769983e-05,-0.000889356156371938,-0.0013834429099119,-0.00197634701415986,-0.000407621571670472,-0.00109934302662642,-0.000333508558639477,-0.000518791091216964,-0.000926412662887435,-0.000951117000564434,-0.00129697772804241,-0.00122286471501141,-0.0013710907410734,-0.00117345603965742,-0.000592904104247959,-0.00108699085778792,-0.00368094631387274,0.00469382415862967,-0.00701603190026751,0.000296452052123979,0.0106599217076248,0.00270512497563131,-0.0775222116304206,-0.00485440235353016,0.0191952703750277,0.013612090060026,-0.00381682017109623,-0.000617608441924957,-0.00128462555920391,-0.00317450739149428,-0.00303863353427079,0.00196399484532136,0.00606491489970308,-0.0107957955648482,-0.00401445487251222,0.000469382415862967,-0.0104622870062088,-0.00646018430253505,0.00312509871614028,-0.00563258899035561,-0.000901708325210437,0.00820184010876343,-0.00512615006797714,-0.000123521688384991,-0.000370565065154974
-0.00131506478569415,-0.00158294835315036,-0.00098629858927061,-0.00133941783728108,-0.000340942722217001,-0.000694061970227466,-0.0014003004662484,-0.00216742159123665,-0.00270318872614908,-0.000937592486096752,-0.000146118309521572,-3.6529577380393e-05,-0.000888886382922895,-0.000511414083325501,-0.00120547605355297,-0.00112024037299872,-0.00146118309521572,-0.0015342422499765,-0.000742768073401323,-0.0018751849721935,-0.00288583661305104,0.000462707980151644,-0.00338507417058308,-0.0250471135571561,0.013296766166463,-0.0252784675472319,-0.0725477406774604,-0.0161338966763402,-0.0158903661604709,0.00523590609118966,-0.00480972768841841,-0.00253271736504058,-0.00323895586106151,0.00036529577380393,0.0014003004662484,-0.00996039809905381,-0.0031050140773334,0.0106301070176943,-0.0042983136050929,-0.0034824863769308,-0.00373819341859355,0.00773209387884984,-0.0088036281486747,6.08826289673216e-05,0.00389648825390858,-0.0103500469244447,-0.00275189482932294,-0.000694061970227466,-0.000803650702368645
-0.00178824184505857,-0.00194426294563415,-0.000996134719059473,-0.000732099010393107,-0.000648087648544718,-0.00039605356299955,-0.00133218016645303,-0.00170423048321018,-0.00205227755372494,-0.00136818503581663,-0.000168022723696779,0.000252034085545168,-0.000876118487847489,-0.000960129849695878,-0.000936126603453481,-0.00127217205084704,-0.00162021912136179,-0.00115215581963505,-0.000696094141029511,-0.00163222074448299,-0.00222030027742172,-0.00489666223344898,-0.00108014608090786,-0.00765703555132463,-0.00514869631899414,-0.0106694429547454,0.047526427559946,-0.0137058536044087,-0.0303161000041473,-0.00339645934329917,-0.003144425257754,-0.00222030027742172,-0.00304841227278441,-0.00202827430748254,-0.000852115241605092,1.20016231211985e-05,-0.000612082779181122,0.00118816068899865,0.00591680019875085,-0.00536472553517572,0.00596480669123564,-0.00127217205084704,-0.00562876124384208,-0.00132017854333183,-0.000600081156059924,-0.00856915890853571,0.00168022723696779,-0.00172823372945258,-0.00132017854333183
-0.00152574632811667,-0.00173864116459807,-0.00101716421874445,-0.000366652218384626,-0.00049675461845659,-0.000544064582119123,-0.00123005905522584,-0.00140747141896034,-0.0016795037100199,-0.000887061818672483,-8.27924364094317e-05,-8.27924364094317e-05,-0.000697821964022353,-0.00087523432775685,-0.000969854255081915,-0.000887061818672483,-0.00115909410973204,-0.000804269382263051,-0.000484927127540957,-0.00139564392804471,-0.00228270574671719,-0.00694273716747663,-0.00296870021982391,0.016085387645261,-0.0284214606702664,0.0202250094657326,0.0787356070253696,0.00606750283971978,-0.00884696320489356,-0.00612664029429795,1.18274909156331e-05,-0.00141929890987597,-0.00176229614642933,-0.00299235520165518,-0.00628039767620118,0.00101716421874445,-0.00242463563770479,-0.0121113506976083,0.0018569160737544,0.00237732567404225,-0.00548795578485376,-0.0087878257503154,0.00971037004173478,0.00222356829213902,-0.00560623069401009,0.00918996044144692,-0.000236549818312662,-0.00109995665515388,-0.00087523432775685
-0.000722557866564208,-0.00141015325571402,-0.00134022830088522,-0.000769174503116738,-0.000512783002077825,-0.000710903707426076,-0.0011887242320895,-0.00142180741485215,-0.00164323643847667,-0.000256391501038913,-0.00024473734190078,-0.00029135397845331,-0.000629324593459149,-0.000943986890188723,-0.00114210759553697,-0.000897370253636194,-0.00102556600415565,-0.00136353661916149,-0.000396241410696501,-0.0011887242320895,-0.00219098191796889,-0.00270376492004671,-0.00552407143147475,0.00593196700130939,-0.027375619815473,0.0106985180888055,0.0157680773138931,0.0106868639296674,0.0107101722479437,-0.0053609132035409,-0.0008274452988074,-0.000233083182762648,-0.00110714511812258,0.00270376492004671,-0.00108383679984631,-0.00680602893666931,-0.00812294891927827,0.00268045660177045,-0.0106285931339767,-0.00195789873520624,-0.00466166365525296,0.00357782685540664,0.00265714828349418,0.00418384313058953,-0.000128195750519456,0.00265714828349418,-0.00448685126818097,-0.000606016275182884,-0.000839099457945532
-0.000952977581824057,-0.00174521195707538,-0.00140076222870524,-0.000861124320925353,-0.000401858016431831,-0.000424821331656507,-0.00136631725586823,-0.00160743206572733,-0.00234225815291696,-0.000459266304493522,-0.000493711277330536,-0.000332968070757803,-0.000723344429577296,-0.000746307744801972,-0.00127446399496952,-0.00107927581555978,-0.00184854687558642,-0.00113668410362147,-0.000310004755533127,-0.000998904212273409,-0.00272115285412412,0.00335264402280271,-0.00352486888698778,-0.00439747486552547,0.0125838967431225,-0.0254203899537164,-0.0386702228383545,-0.0070038111435262,0.00947236753017888,-0.00070038111435262,-0.00569490217571967,0.000620009511066254,-0.00156150543527797,-0.00375450203923454,0.00415636005566637,0.000803716032863663,0.00310004755533127,0.00370857540878519,-0.00113668410362147,-0.00478785122434496,0.0036511671207235,0.000803716032863663,-0.0150065264993258,-0.00936903261166784,0.00390376358819493,-0.011309432748153,-0.00253744633232671,-0.000780752717638987,-0.00117112907645848
-0.00186615264314124,-0.00144768205043684,-0.00114231161792282,-0.000769081089294572,-0.000339300480571135,-0.000395850560666324,-0.000904801281523026,-0.00157209222664626,-0.00237510336399794,-0.000836941185408799,-0.00036192051260921,-0.000214890304361719,-0.000950041345599177,-0.000237510336399794,-0.000701220993180345,-0.00123279174607512,-0.00190008269119835,-0.000554190784932854,-0.000542880768913816,-0.00114231161792282,-0.00315549446931155,0.00522522740079548,-0.00532701754496682,-0.000214890304361719,0.03796772377591,-0.0359997809885974,-0.0402749670437937,-0.0183900860469555,-0.000825631169389761,0.00489723693624338,-0.0076229507968315,-0.000542880768913816,-0.00078039110531361,-0.00591513837795678,-0.0069669698677273,-0.000531570752894778,0.00679731962744173,-0.00430911610325341,0.00924028308755391,1.13100160190378e-05,-0.00347217491784461,-0.00661635937113713,0.00133458189024646,-0.002691783812531,-0.00521391738477644,-0.00280488397272138,0.00131196185820839,-0.00174174246693183,-0.00121017171403705
-0.00145924356972868,-0.00128101534747174,-0.000857723319611516,-0.000757469944591988,-0.000267342333385407,-0.0011584834446701,-0.000757469944591988,-0.00152607915307503,-0.000634938041790343,-0.000913419639066809,-0.000267342333385407,-0.000300760125058583,-0.000880001847393633,-0.000612659514008225,-0.000913419639066809,-0.00143696504194657,-0.00149266136140186,-0.00082430552793834,-0.000790887736265164,-0.000835444791829398,-0.00256203069494349,-0.00024506380560329,-0.00841014423774928,-0.00486785832039263,0.0098582485435869,-0.00324152579229807,0.0149823099334739,-0.0117407841411758,0.000211646013930114,0.0027736767088736,-0.0049569724315211,-0.00138126872249127,0.000267342333385407,0.00346431107011924,-0.00540254298716344,-0.00505722580654062,-0.00761925650148411,-0.00261772701439878,-0.00630482336233919,-0.00274025891720043,-0.00383190677852417,-0.00169316811144091,0.0118967338356506,0.0128547105302817,-0.00304101904225901,0.00736305343198976,-0.00138126872249127,-0.00151493988918398,-0.00109164786132375
-0.000680104697707478,-0.00145893427088862,-0.000625257544666552,-0.000669135267099293,-0.000515563238584701,-0.000943371032303921,-0.00119566793629218,-0.00128342338115766,0.000285205195812813,-0.000778829573181144,-0.000230358042771888,-0.000142602597906407,-0.000888523879262996,-0.000899493309871181,-0.0011079124914267,-0.000921432171087551,-0.00127245395054948,-0.000987248754736662,-0.000778829573181144,-0.000954340462912106,-0.00175510889730962,-0.00808447035823244,0.00932401601695736,-0.0105964699675068,-0.0237488172667208,0.0296942486563571,0.0355958023235608,0.00083367672622207,0.01208831253022,-0.00598930911206908,-0.00168929231366051,0.000526532669192886,-0.000581379822233812,0.00040586893250285,0.00532017384496979,-0.000987248754736662,-0.00910462740479366,0.000778829573181144,-0.00846840042951892,-0.0034663400721865,0.00190868092582421,-0.000164541459122777,-0.00834773669282888,-0.00416838363111035,0.00660359722612745,-0.000691074128315663,-0.00319210430698187,-0.000340052348853739,-0.000537502099801071
-0.00046442345186049,-0.00154447799107093,-0.000885644722152562,-0.000518426178821012,-0.000540027269605221,-0.000540027269605221,-0.00105845344842623,-0.0014580736279341,-0.000669633814310474,-0.000723636541270996,-0.000334816907155237,-0.000378019088723655,-0.000864043631368354,-0.000712835995878892,-0.00115565835695517,-0.000810040904407831,-0.00133926762862095,-0.000896445267544667,-0.00036721854333155,-0.000993650176073606,-0.00209530580606826,-0.00817601286182305,0.016751645903154,-0.00495745033497593,-0.02068304442588,0.0179073042601091,-0.0245280385854691,0.00673954032467316,0.0203266264279405,-0.011372974297886,-0.000410420724899968,0.00156607908185514,-0.00138246981018937,-0.00518426178821012,-0.000712835995878892,0.000885644722152562,0.00517346124281802,-0.00092884690372098,0.00551907869536536,0.00208450526067615,-0.00234371835008666,-0.000183609271665775,-0.007344370866631,-0.0114593786610228,-0.00187929489822617,-0.00891044994848614,7.56038177447309e-05,-0.000183609271665775,-0.000518426178821012
-0.000457203403959271,-0.00130781438806954,-0.00111642691664473,-0.000733651973795109,-0.000255183295233082,-0.000786815160302001,-0.0010313658182337,-0.00176501779202881,-0.00273258778645425,-0.00079744779760338,-0.000191387471424811,-0.000457203403959271,-0.000499733953164785,-0.000297713844438595,-0.00112705955394611,-0.000925039445219921,-0.00128654911346679,-0.00107389636743922,-6.37958238082704e-05,-0.00129718175076816,-0.00262626141344046,0.00180754834123433,-0.0164699551798351,0.00225411910789222,-0.000669856149986839,-0.0166294447393558,-0.0394896149373194,0.00167995669361779,0.0178628306663157,-0.00804890643714345,0.000244550657931703,0.000244550657931703,-0.000818713072206137,-0.00166932405631641,-0.00847421192919858,-0.0036895251435783,0.0026581593253446,-0.00347687239755074,0.00311536272930387,-0.00337054602453695,-0.00509303326736025,-0.00164805878171365,0.0075810703958828,0.00750664193477315,-0.00877192577363718,-0.000882508896014407,0.000340244393644109,-0.00112705955394611,-0.00104199845553508
-0.000920984699927044,-0.00110936793400303,-0.000460492349963522,-0.000868656023794826,-0.000334903527246198,-0.000491889555642853,-0.0012454224919468,-0.00138147704989057,-0.00350602130085863,-0.00103610778741792,4.18629409057747e-05,-1.04657352264437e-05,-0.000816327347662607,-0.000690738524945283,-0.000858190288568382,-0.000868656023794826,-0.000941916170379931,-0.00111983366922947,-0.000554683967001515,-0.00219780439755317,-0.00223966733845895,0.00766091818575678,-0.0344113374245468,0.00783883568460632,0.0141601397613783,-0.0241653826378585,0.00763998671530389,-0.0043851430598799,0.00310832336225377,-0.0026582967475167,0.00229199601459117,-0.000125588822717324,-0.000837258818115495,0.000659341319265952,0.0009105189647006,-0.00253270792479937,-0.00594453760862001,0.00039769793860486,-0.00713763142443459,-0.00885401200157136,0.00197802395779786,-0.00316065203838599,0.0009105189647006,0.00419675982580392,0.00350602130085863,0.00628990687109265,-0.0023966533668556,-0.00139194278511701,-0.00117216234536169
-0.00121538441038762,-0.00122568427827227,-0.00058709246942453,-0.000823989430771271,-0.000401694847500994,-0.000772490091348066,-0.00116388507096442,-0.00119478467461834,-0.0011844848067337,-0.00100938705269481,-0.000144198150384972,-0.000154498018269613,-0.000988787316925525,-0.000968187581156243,-0.000988787316925525,-0.000999087184810166,-0.00109178599577193,-0.000772490091348066,-0.000690091148270939,-0.0020908731805821,-0.00186427608712,-0.000123598414615691,0.00703480976520972,0.0044598427940495,0.0182616657594683,-0.00297666181866122,0.00631381901328486,-0.00154498018269613,-0.0121126446323377,-0.00179217701192751,0.00407874768231779,-0.000298696168654586,-0.00175097754038895,-0.000329595772308508,0.00197757463385105,-0.000751890355578785,-0.00484093790578122,-0.00139048216442652,-0.00466584015174232,0.00383155085308641,-0.00290456274346873,-0.00126688374981083,-0.00719960765136398,-0.00921838175675359,0.00631381901328486,-0.00102998678846409,-0.0027706644609684,-0.000885788638079116,-0.000679791280386298
-0.000993236253896782,-0.00143917906176881,-0.000952695998635689,-0.000638509020362217,-0.000861480424298229,-0.00083107523285241,-0.000820940169037136,-0.0014797193170299,-0.000182431148674919,-0.000942560934820416,-0.000466212935502571,-0.000385132424980385,-0.00073985965851495,-0.00077026484996077,-0.000962831062450962,-0.000942560934820416,-0.00127701804072443,-0.000820940169037136,-0.000405402552610931,-0.00149998944466045,-0.00144931412558408,-0.00829048220089355,0.0425976732155936,-0.0124458583651556,0.0066790070542651,0.0158106995518263,-0.0110472195586479,0.00360808271823729,-0.008270212073263,-0.00292903344261398,0.00334457105904018,-0.000942560934820416,-0.0014797193170299,-0.00255403608144887,-0.00552360977932394,-0.0011756674025717,0.00248309063474196,0.0023513348051434,0.00463172416357989,0.00292903344261398,-0.00580739156615159,0.00190539199727138,0.000385132424980385,0.00073985965851495,-0.00749994722330223,-0.00769251343579242,-0.000628373956546944,-0.000820940169037136,-0.000314186978273472
-0.000907392975097383,-0.00174498649057189,-0.000678051893479363,-0.000678051893479363,-0.000877478920973294,-0.000777765407226328,-0.00102704919159374,-0.00147576000345508,-0.00116664811083949,-0.000408825406362557,-0.000548424325608308,-0.000408825406362557,-0.000279197838491503,-0.000817650812725114,-0.000897421623722687,-0.000967221083345562,-0.00145581730070569,-0.000997135137469652,-0.000588309731107095,-0.00117661946221419,-0.00135610378695873,-0.00588309731107095,0.00893433083172808,-0.0174698076084683,-0.0103402913755603,0.0143288319254389,0.00561387082395414,0.00321077514265228,0.00719931569253089,-0.00321077514265228,0.00162533027407553,0.000109684865121662,-0.00045868216323604,-0.00117661946221419,-0.00160538757132614,-0.00213386919418505,0.00173501513919719,-0.00187461405844295,0.00298143406103426,-0.00918361461609549,0.00483610541672781,-0.00739874272002482,0.00299140541240896,0.00589306866244564,-0.00482613406535311,-0.00279197838491503,-4.98567568734826e-05,-0.000468653514610736,-0.000697994596228756
-0.00109858097792121,-0.00146150505098447,-0.000666995593737879,-0.000716039387395076,-0.000451202901646213,-0.000794509457246592,-0.00144188753352159,-0.00132418242874432,-0.00169691526053902,-0.00050024669530341,-0.000294262761943182,-0.000441394142914773,-0.000205983933360227,-0.000794509457246592,-0.000735656904857955,-0.000882788285829546,-0.00137322622240152,-0.00101030214933826,-0.000637569317543561,-0.00133399118747576,-0.0018930904351678,0.000372732831794697,-0.039490062652775,0.00082393573344091,-0.0112604550236924,0.000225601450823106,-0.00559099247692046,-0.00269740865114584,0.0135066607731921,-0.000716039387395076,0.00143207877479015,0.00140265249859583,-0.000421776625451894,0.000470820419109091,0.00129475615255,-0.00251104223524849,-0.00548309613087463,-0.0055517574419947,-0.00895539672180417,-8.82788285829546e-05,-0.0026385560987572,-0.0033349779686894,-0.00137322622240152,-0.00408044363227879,0.00636588441670417,0.00508093702288561,-0.0017165327780019,-0.000402159107989016,-0.000872979527098107
-0.00114803034950152,-0.00117697229108559,-0.00101296795544252,-0.000463071065345151,-0.000260477474256647,-0.000588486145542796,-0.00110944109405609,-0.00107085183861066,-0.00188122620296467,-0.000897200189106229,-0.000135062394059002,-0.000656017342572297,-0.000723548539601798,-0.000800727050492656,-0.000897200189106229,-0.000791079736631299,-0.00100332064158116,-0.000935789444551658,-0.000704253911879083,-0.00164004335643074,-0.00224782412969625,0.00190052083068739,-0.0261249259365556,0.010988290488086,0.00469824185048101,-0.00661805730889111,-0.037421930468205,-0.00736090047621562,0.0102743892623455,0.00480436230295594,0.00143744976534224,0.00025083016039529,-0.000212240904949861,-0.0015146282762331,-0.00285560490296176,0.000318361357424791,-0.00142780245148088,-0.000820021678215371,-0.00375280509206799,0.00262406937028919,-0.00533496456533059,0.00850893082571714,-0.00149533364851038,-0.00324149745741605,-3.85892554454292e-05,0.00096473138613573,-0.0023057080128644,-0.000675311970295011,-0.000588486145542796
-0.00108152307788132,-0.00113844534513823,-0.000834859919768037,-0.000664093117997302,-0.000123331579056642,-0.000417429959884018,-0.000834859919768037,-0.000929730365196223,-0.000692554251625758,-0.000635631984368846,-0.000303585425370195,-0.000332046558998651,-0.000939217409739042,-0.000597683806197572,-0.000806398786139581,-0.000853834008853674,-0.0013756214587087,-0.000758963563425488,-0.000483839271683749,-0.00151792712685098,-0.00216304615576264,0.000683067207082939,0.0237935077133891,0.00148946599322252,0.0122003392820647,-0.00127126396873769,-0.0203876587225172,-0.00343431012450033,-0.00176459028496426,0.00610965668557518,0.000246663158113284,-0.000796911741596763,0.000294098380827377,-0.00210612388850573,-0.00169818097316453,-0.00347225830267161,0.00104357489971005,0.0025520149820182,0.00662195709088738,-0.00647965142274511,0.00186894777493526,-0.00514197814220768,-0.00166971983953607,0.00177407732950708,-0.00764655790151179,-0.0077509153914828,-0.000901269231567767,-0.000777937652511125,-0.000578709717111935
-0.000960781770248276,-0.00135255686102913,-0.000438414982540476,-0.000680942419690526,-0.000438414982540476,-0.000177231588686575,-0.000848846030025176,-0.00107271751047138,-0.000792878159913626,-0.000624974549578976,-0.0002984953072616,4.66398917596251e-05,-0.000886157943432876,-0.000680942419690526,-0.000848846030025176,-0.000736910289802076,-0.0012686050558618,-0.00103540559706368,-0.000438414982540476,-0.00136188483938105,-0.0019775314106081,-0.00202417130236773,0.0354649736940189,-0.00387111101604888,0.00363791155725076,0.00465466119761058,0.0186186447904423,0.00327412040152568,-0.0157829393714571,0.0013432288826772,0.000139919675278875,-0.000429087004188551,-0.000578334657819351,-0.000457070939244326,0.00155777238477148,-0.00148314855795608,-0.00191223556214463,0.00121263718575025,-0.000867501986729026,-0.00173500397345805,-0.0018282837569773,-0.0108484388232888,-0.0001492476536308,0.000858174008377101,0.0013432288826772,-0.00224804278281393,3.73119134077001e-05,-0.000979437726952126,-0.000466398917596251
-0.0009720351217233,-0.00130216025740291,-0.000651080128701456,-0.000531868274150485,-0.000476847418203883,-0.000320954993021844,-0.0010545664056432,-0.00122879911614078,-0.00209996266862864,-0.000733611412621359,-0.000357635563652912,-1.8340285315534e-05,-0.000623569700728155,-0.000852823267172329,-0.000926184408434465,-0.0010545664056432,-0.000706100984648058,-0.00117377826019417,-0.000559378702123786,-0.00148556311055825,-0.0018890493875,-0.00519030074429611,-0.00140303182663835,-0.00435581776243932,-0.00227419537912621,0.00721690227166262,0.0217057276709344,0.00558461687858009,-0.012553925298483,-0.00218249395254854,0.00167813610637136,-0.000944524693749999,-0.00111875740424757,-0.000871163552487863,-0.00464926232748786,0.000513527988834951,-0.000541038416808252,-0.00671254442548543,-0.00727192312760922,0.0027785532253034,-0.00237506694836165,0.00465843247014563,0.00181568824623786,0.000696930841990291,0.00370473763373786,0.00642827000309466,-0.00112792754690534,-0.0011095872615898,-0.00039431613428398
-0.000910370026389148,-0.000739112298652576,-0.000928397155624577,-0.00102754636641943,-0.000315474761620002,-0.000766152992505719,-0.00106360062489029,-0.00120781765877372,-0.0021993097667223,-0.000676017346328576,-0.000576868135533718,-0.000279420503149145,-0.000423637537032574,-0.000937410720242291,-0.000730098734034862,-0.00109965488336115,-0.00115373627106744,-0.000874315767918291,-0.000342515455473145,-0.00161342806657087,-0.00164046876042401,-0.00374062931635145,-0.029879966707723,-0.00862598133915262,0.000495746053974289,0.00277617790225602,-0.00140611608036344,0.00317277474543545,-0.00254182522219544,-0.00215424194363373,0.00182975361739601,-0.00114472270644972,-0.000657990217093147,-0.0016945501481303,-0.000829247944829719,-0.00544419302909946,-0.00512871826747946,-0.000261393373913716,-0.0018207400527783,-0.00512871826747946,-0.00173060440660115,0.0073550687280549,-0.00147822459730515,-0.00281223216072687,-0.00411919903029545,-0.00102754636641943,-0.00252379809296002,-0.000261393373913716,-0.000594895264769147
-0.000761811320855963,-0.000788386134374195,-0.00111614216776571,-0.00126673277770236,-0.000398622202773469,-0.00082381921906517,-0.000938976744310839,-0.001071850811902,-0.00193996138683088,-0.000372047389255238,-0.0002834646775278,-0.0002834646775278,-0.000345472575737007,-0.00103641772721102,-0.000859252303756145,-0.000956693286656326,-0.00125787450652961,-0.000717519964992245,-0.000434055287464444,-0.00144389820115723,-0.00172736287868503,0.000363189118082494,-0.00989468889995478,-0.00432283633229895,0.0018425204039307,-0.00926575164668997,-0.0181417393617792,-0.00363189118082494,-0.00700689249764031,0.00126673277770236,0.000416338745118957,-9.74409829001814e-05,-0.00108070908307474,-3.5433084690975e-05,0.00186023694627619,-0.000256889864009569,0.000345472575737007,0.00288779640231447,0.00555413602531034,-0.00406594646828939,-0.00363189118082494,-0.00955807459539052,-0.00385334796014354,-0.00440256077285365,-0.00197539447152186,-0.00808760158071505,-0.000850394032583401,-0.000310039491046032,-0.000726378236164988
-0.000992288950879554,-0.000974880372793948,-0.000983584661836751,-0.00087042890428031,-0.000687638834381445,-0.000530961631610989,-0.0011315575755644,-0.00121860046599243,-0.000922654638537129,-0.000478735897354171,-0.000104451468513637,-3.48171561712124e-05,-0.000322058694583715,-0.000783386013852279,-0.000739864568638264,-0.00123600904407804,-0.000913950349494326,-0.000826907459066295,-0.00050484876448258,-0.0011228532865216,-0.0019584650346307,0.00190623930037388,0.0189057158009683,0.00792090302895083,0.000200198647984471,-0.00611041090804778,-0.011315575755644,-0.00921784209632849,-0.0121337789256675,0.00534443347228111,-0.00117507902077842,-0.000826907459066295,-0.00145361627014812,-0.00228922801825722,-0.00622356666560422,0.0022457065730432,0.0030900226101951,-0.00454363888034322,4.35214452140155e-05,0.00177567496473183,0.0025242438224129,-0.00676323258625801,0.00103581039609357,0.00267221673614055,0.00160158918387577,0.000626708811081824,0.00050484876448258,-0.00144491198110532,-0.000339467272669321
-0.000957784208887981,-0.00120578190583219,-0.000803854603888127,-0.000564408551666131,-0.000906474340554696,-0.000949232564165767,-0.00102619736666569,-0.00106895559027676,0.000153929604999854,-0.000701234867221557,-0.000350617433610779,-0.000196687828610925,-0.000461788814999562,-0.000735441446110414,-0.000838061182776983,-0.00135115986610983,-0.00112881710333226,-0.000795302959165913,-0.000564408551666131,-0.00109461052444341,-0.00132550493194319,-0.000222342762777567,0.0109888634680451,0.00832930195943655,-0.00276218124527516,0.0130498098460987,0.0107921756394342,-0.00711496840888214,-0.00607166775277202,0.00509678025443961,-0.00271942302166409,-0.00209515295694246,-0.000555856906943917,-0.0021806694041646,-0.00147943453694304,-0.00468630130777333,-0.00531912301721718,-0.000743993090832628,-0.00840626676193647,-0.00123143683999883,0.000205239473333139,0.00797013288110355,0.00285624933721951,0.00288190427138616,-0.000153929604999854,0.00577236018749453,-0.00180439703638718,-0.0012143335505544,-0.000470340459721776
-0.000898838998837157,-0.00140286086734397,-0.000613226606683294,-0.000537623326407271,-0.00039481713033034,-0.000756032802760225,-0.000806434989610907,-0.000638427700108635,-0.00060482624220818,-0.000562824419832612,-0.000260411298728522,-0.000352815307954772,-0.000504021868506817,-0.000663628793533975,-0.000613226606683294,-0.000940840821212725,-0.000865237540936702,-0.000747632438285112,-0.000470420410606362,-0.00157926852132136,-0.000856837176461588,-0.00324254068739385,-0.00430938697573328,-0.00316693740711783,-0.00577105039440305,0.0135161864404578,0.0157170819329376,-0.00236050241750693,-0.00245290642673317,0.000184808018452499,-0.00304933230446624,-0.000991243008063406,-0.000966041914638065,0.000898838998837157,0.00493101394689169,-0.00173887544634852,-0.00288972537943908,0.00250330861358386,0.00140286086734397,-0.00257891189385988,-0.00846756739091452,-5.04021868506817e-05,-0.00221769622142999,-0.00422538333098215,-0.00171367435292318,-0.00367935964009976,-0.00252010934253408,-0.000621626971158407,-0.000882038269886929
-0.000899301702071874,-0.00103130929136683,-0.000503278934187012,-0.000486777985525143,-0.000173259960949627,-0.000239263755597104,-0.000808546484431593,-0.000676538895136639,-0.00210387095438833,-0.0004290246652086,-0.000231013281266169,-0.000462026562532339,-0.000387772293553927,-0.00055278178017262,-0.000346519921899254,-0.000808546484431593,-0.000783795061438789,-0.000693039843798508,-0.000495028459856077,-0.00169959771217253,-0.00157584059720851,-0.00429849712641694,-0.000462026562532339,-0.00909202271268995,-0.001262322572633,-0.00722741551389873,-0.000305267550244581,-0.0027639089008631,-0.0004290246652086,-0.00210387095438833,-0.00353945348797095,-0.000470277036863273,-0.00122107020097832,-0.0015263377512229,-0.00394372673018675,0.00245864135061852,0.000668288420805704,-0.0038612219868774,0.00556081969904993,-0.00231013281266169,0.00122932067530926,-0.00853924093251733,-0.00260714988857534,-0.000990056919712155,-0.000998307394043089,-0.00736767357752462,-0.000577533203165423,-0.0006435369978129,-0.000528030357179816
-0.000802098007912836,-0.000875016008632185,-0.000607650005994573,-0.000469916004635803,-0.000567140005594934,-0.000299774002957322,-0.000866914008552257,-0.00132872801310813,-0.00153938001518625,-0.000680568006713921,-0.000315978003117178,-0.000315978003117178,-0.000364590003596744,-0.000704874006953704,-0.000567140005594934,-0.00092362800911175,-0.000939832009271606,-0.000704874006953704,-0.00058334400575479,-0.00131252401294828,-0.00186346001838336,-0.00172572601702459,-0.00154748201526618,-0.00415632604100288,0.0075348600743327,-0.0171924441696064,-0.00674896606657972,-0.00593066405850703,0.00584154205762782,0.000502324004955513,-0.00471536404651788,-0.0006157520060745,0.000348386003436888,-0.00290051602861409,-0.0063924780630629,-0.00417253004116273,0.000729180007193487,-0.00346765603420903,-0.00537162605299202,-0.0017581340173443,0.00524199405171318,-0.000105326001039059,0.000429406004236165,0.00348386003436888,-0.000461814004555875,0.00291672002877395,-0.000121530001198915,-0.000785894007752981,-0.00030787600303725
-0.000628442414229123,-0.00112960535215868,-0.000676172217841461,-0.000684127185110184,-0.000660262283304015,-0.000334108625286369,-0.000851181497753368,-0.0014478040429076,-0.000381838428898707,-0.000636397381497846,-4.77298036123384e-05,-0.000111369541762123,-0.000636397381497846,-0.000739811955991246,-0.000962551039515491,-0.000684127185110184,-0.000890956334096984,-0.000914821235903153,-0.000421613265242323,-0.00129665966480186,-0.000692082152378907,0.00193305704629971,-0.00800269707233541,0.00401725847070515,0.00583099100797401,-0.00685718178563929,0.0023785352133482,-0.0119960906412344,0.00245808488603543,0.000556847708810615,-0.00386611409259941,-0.000159099345374461,-0.0001034145744934,0.000238649018061692,0.00427977239057301,-0.00176600273365652,-0.0028956080858152,0.00308652730026455,-0.00593440558246741,-0.000532982807004446,-0.00722311028000055,0.00459001611405321,0.00182964247180631,-0.00288765311854647,-7.95496726872307e-05,0.00364337500907517,-0.00157508351920717,-0.000779586792334861,-0.000222739083524246
-0.000812177724377326,-0.000913699939924492,-0.00056227688610738,-0.000593514490891123,-0.000413898263384599,-0.000648180299262674,-0.000944937544708236,-0.000898081137532621,-0.000976175149491979,-0.000491992275343957,-5.46658083715508e-05,-0.000320185449033369,-0.000624752095674866,-0.000874652933944813,-0.00135883580809283,-0.00074970251480984,-0.000890271736336685,-0.000913699939924492,-0.000585705089695187,-0.00152283323320749,5.46658083715508e-05,0.00128855119732941,0.000866843532748877,0.00676294143568043,-0.00736426532776749,0.0074111217349431,0.011807814608255,-0.00382660658600856,-0.00852005670476599,-0.00200701610735551,-0.00152283323320749,-0.00108550676623508,-0.00201482550855144,-0.000851224730357005,0.000585705089695187,0.00316280748435401,-0.00136664520928877,0.000983984550687915,0.00328775790348898,-0.00146035802364,-0.00520106119649326,-0.00304566646641497,-0.00118702898178225,-0.0025068177838954,-0.000156188023918717,-0.00518544239410139,-0.00224910754442952,-0.000702846107634225,-0.000554467484911444
-0.000942835209660905,-0.000689879421703101,-0.000682214094795289,-0.000475250268284359,-0.000574899518085918,-0.000551903537362481,-0.0010041578249234,-0.000973496517292154,-0.00105014978637028,-0.000536572883546856,-0.000306613076312489,-0.000452254287560922,-0.000498246249007795,-0.000866181940582783,-0.00114213370926402,-0.000659218114071852,-0.000712875402426538,-0.000674548767887477,-0.000735871383149975,-0.0014410814586687,-0.000850851286767158,-0.0019393277076765,0.0109460868243559,0.00118046034380308,-0.0142115160870839,0.00999558628778716,0.014778750278262,0.0342333499702894,-0.00787995606123098,-0.00389398606916862,-0.00108081109400153,-0.00171703322734994,-0.00113446838235621,-0.00317344533983427,-0.00531207154711388,-0.0045762001639639,-0.000429258306837485,-0.00529674089329826,0.00277484834062803,-0.000981161844199966,0.0057030032194123,-0.00568000723868887,-0.00361036897357956,0.00305080010930927,-0.00240691264905304,-0.00321943730128114,-0.00051357690282342,-0.00065155278716404,-0.000605560825717167
-0.000511548305186608,-0.000947868918434008,-0.000782367996167753,-0.000526593843574449,-0.000797413534555594,-0.000797413534555594,-0.000556684920350132,-0.00113593814828203,-0.000767322457779911,-0.000488979997604845,-0.000353570152114273,-0.000300910767756828,-0.000436320613247401,-0.000789890765361673,-0.000797413534555594,-0.000917777841658325,-0.00103061937956714,-0.000662003689065021,-0.000488979997604845,-0.00114346091747595,-0.00179041906815313,-0.00324983629177374,0.00280599290933242,-0.00403972705713542,-0.00491989105282414,-0.00204619322074643,0.00538630274284722,0.0374408222781433,0.0021063753742978,-0.00525841566655057,-0.00207628429752211,-0.000466411690023083,7.5227691939207e-05,5.26593843574449e-05,0.00121868860941515,-0.00303919875434396,-0.00245242275721815,-0.000925300610852246,-0.00371624798179683,-0.0023621495268911,-0.00121868860941515,0.00171519137621392,0.00177537352976529,9.02732303270484e-05,-0.00121116584022123,0.00249003660318775,0.000203114768235859,-0.000609344304707577,-0.000421275074859559
-0.000797229278951715,-0.00088581030994635,-0.000420759897224516,-0.00064959422729399,-0.000597921959213786,-0.000900573815112123,-0.000553631443716469,-0.00116631690809603,-0.00105559061935273,-0.000501959175636265,-0.000214070824903701,-0.00023621608265236,-0.000442905154973175,-0.000752938763454398,-0.000782465773785943,-0.00117369866067891,-0.000819374536700374,-0.00094486433060944,-0.000391232886892971,-0.00094486433060944,-0.000900573815112123,-0.00240645134202092,-0.00721197227347987,-0.00169042134148095,0.00744080660354934,-0.0122389457824254,-0.011094774132078,-0.0224036190890598,0.00954460608967193,-0.00346204196137365,-0.00149849577432591,8.8581030994635e-05,-0.000996536598689644,0.00124013443392489,-0.000391232886892971,0.0041337814464163,-2.21452577486588e-05,0.0015058775269088,-0.00372778505435756,-0.00346204196137365,-0.00612685464379559,0.00171256659922961,0.00159445855790343,-0.00328487989938438,0.0023104885584434,1.47635051657725e-05,-0.00188972866121888,-0.000848901547031919,-0.000915337320277895
-0.000702503229802517,-0.000832864653889582,-0.000477991888319238,-0.000622837915082644,-0.000485234189657408,-0.000391084272261195,-0.000977710680652987,-0.00102840679002018,-0.000832864653889582,-0.000441780381628387,-5.79384107053622e-05,-0.000123119122748895,-0.000673534024449836,-0.000354872765570344,-0.000890803064594944,-0.000767683941846049,-0.00052144569634826,-0.000832864653889582,-0.000564899504377281,-0.00101392218734384,0.000434538080290217,-0.000673534024449836,-0.00392532732528829,0.00165124470510282,0.00690191317527627,-0.00673534024449836,-0.0134561958863204,-0.0417156557078608,0.0117542550718504,0.0014629448703104,-0.000992195283329328,-0.000818380051213241,-0.000984952981991158,-0.00195542136130597,-0.00296934354864981,-0.00238995944159619,0.000181057533454257,-0.00236823253758168,0.000485234189657408,0.00116601051544541,0.00113704131009273,-0.00468576896579617,-0.00362839297042331,-0.000405568874937535,-0.00135431035023784,-0.00296934354864981,-0.00223062881215644,-0.000818380051213241,-0.00078941084586056
-0.000497310761772691,-0.000738861703205141,-0.000589668474673334,-0.000341013093786988,-0.000213133183616868,-0.000376535291056466,-0.000880950492283052,-0.000802801658290201,-0.000504415201226586,-0.000426266367233735,0.000120775470716225,-0.000113671031262329,-0.000468893003957109,-0.00054704183794996,-0.000845428295013575,-0.000653608429758394,-0.000653608429758394,-0.000490206322318795,-0.000504415201226586,-0.00151324560367976,0.000412057488325944,0.00061098179303502,0.000809906097744097,0.000568355156311647,-0.00390744169964257,0.000674921748120081,0.000461788564503213,0.00497310761772691,0.00654318873703783,0.00312595335971406,-0.00179742318183558,-0.00101593484190707,-0.00107277035753823,-0.00326093770933807,0.000682026187573976,-0.00507256977008145,-0.00132853017787847,1.42088789077912e-05,0.00247234492995566,0.000291282017609719,0.000625190671942811,-0.00147772340641028,-0.000504415201226586,0.00136405237514795,-0.00471734779738667,-0.00130721685951679,-4.26266367233735e-05,-0.000326804214879197,-0.000255759820340241
-0.000717723637023957,-0.000759532780928266,-0.000578359824009597,-0.000620168967913905,-0.000271759435378003,-0.000209045719521541,-0.00081527830613401,-0.000968578500449807,-0.000480805154899544,-0.000404155057741646,0.000139363813014361,-0.000257823054076567,-0.000313568579282311,-0.000843151068736882,-0.000864055640689036,-0.000829214687435446,-0.000731660018325393,-0.000717723637023957,-0.00039021867644021,-0.00169327032812448,-0.000773469162229702,-0.000118459241062207,0.00133092441428714,0.000466868773598108,-0.00967184862319663,-0.000411123248392364,0.0122361427826609,0.0266881701922501,0.000989483072401961,-0.000940705737846934,-0.00115671964801919,-0.000292664007330157,-0.0016235884216173,0.00114975145736848,-0.00121246517322494,0.00257823054076567,-0.00279424445093793,-0.000181172956918669,-0.00264791244727285,-0.00435511915669877,-0.00330989055909107,0.00171417490007664,0.001853538713091,-0.000989483072401961,0.00147028822730151,0.000564423442708161,0.000257823054076567,-0.000292664007330157,-0.000376282295138774
-0.000656023523687533,-0.000956700972044319,-0.000498851221137395,-0.000765360777635455,-0.000560353426483101,-0.000362179653702492,-0.000895198766698612,-0.000949867393672573,-0.00131888062574681,-0.000321178183472021,-0.000287010291613296,-0.000205007351152354,-0.000457849750906924,-0.000662857102059278,-0.00078586151275069,-0.000997702442274789,-0.00104553749087701,-0.000833696561352906,-0.000321178183472021,-0.00110703969622271,-0.0014077171445795,-0.00252159041917395,0.00160589091736011,0.00241225316522603,-0.00479717201696508,0.000307511026728531,0.00845997002422047,0.0142753452185756,0.0042846536390842,-0.00433248868768641,0.000423681859048198,-0.000273343134869805,-0.00028017671324155,0.00123687768528587,-0.00185189973874293,0.000895198766698612,-0.0011958762150554,-0.00167422670107756,-0.00414798207164929,-0.00182456542525595,-0.00079952866949418,-0.00108653896110748,-0.00130521346900332,-0.000703858572289749,0.00380630315306204,0.00050568479950914,-0.00166055954433407,-0.0007721943560072,-0.000738026464148474
-0.000844278848091291,-0.000877781976983803,-0.000375235043596129,-0.000455642552938157,-0.000455642552938157,-0.000623158197400715,-0.000556151939615692,-0.000850979473869794,-0.00181586958597413,-0.00052264881072318,-0.000187617521798065,-0.000147413767127051,-0.000482445056052166,-0.000703565706742743,-0.000951488860547328,-0.000797374467641775,-0.000884482602762305,-0.000783973216084771,-0.000321630037368111,-0.00089788385431931,-0.000428840049824148,-0.00328330663146613,0.000991692615218342,0.000495846307609171,0.00101849511833235,0.00247253091226735,-0.00930046858056121,-0.000938087608990324,0.00676093141050883,-0.00327660600568763,0.00102519574411085,3.35031288925116e-05,1.34012515570046e-05,-0.00339721726970067,0.00052264881072318,-0.00503887058543374,0.00160815018684055,-0.00285446658164198,0.00160815018684055,0.00103189636988936,0.00134012515570046,-0.00221790713268427,-0.000703565706742743,6.70062577850231e-05,-0.00420799298889945,-0.00167515644462558,-0.00184267208908814,-0.000737068835635254,-0.000884482602762305
-0.000886863025837962,-0.00049270168102109,-0.000459854902286351,-0.000177372605167592,-0.000525548459755829,-0.000256204874130967,-0.000407300056310768,-0.00089343238158491,-0.000781753333886796,-0.000775183978139848,6.56935574694786e-05,0,-0.000394161344816872,-0.000624088795960047,-0.00106423563100555,-0.000453285546539403,-0.000650366218947839,-0.000735767843658161,-0.000354745210335185,-0.00110365176548724,0.000387591989069924,-0.00169489378271255,-0.000880293670091014,-0.003527744036111,-0.000157664537926749,-0.00365913115104996,-0.0185058751391521,-0.0150635327277515,0.00149781311030411,-0.000689782353429526,0.00131387114938957,0.000118248403445062,-0.00187226638788014,-0.00146496633156937,-0.0023189825786726,0.000262774229877915,-0.00143868890858158,0.000900001737331857,0.00251606325108103,-0.00114963725571588,-0.00384964246771145,-0.000834308179862379,-0.000374453277576028,-0.000282482297118758,-0.00511752812687239,-0.00256861809705662,-6.56935574694786e-05,-0.000190511316661488,-0.000505840392514986
-0.000643979086353674,-0.000586020968581843,-0.000457225151311108,-0.000328429334040374,-0.000643979086353674,-2.5759163454147e-05,-0.000637539295490137,-0.000772774903624409,-7.72774903624409e-05,-0.000579581177718306,-5.79581177718306e-05,1.28795817270735e-05,-0.00029623037972269,-0.00057314138685477,-0.000618219922899527,-0.000618219922899527,-0.000740575949306725,-0.000482984314765255,-0.000547382223400623,-0.00115916235543661,9.01570720895143e-05,-0.000289790588859153,-0.00231188492000969,-0.00319413626831422,-0.00241492157382628,-0.00809481711546568,-0.00653638772648979,-0.00254371739109701,-0.00198989537683285,-0.000328429334040374,0.00192549746819748,-0.00115272256457308,-0.0017709424874726,0.00166146604279248,-0.00117848172802722,0.00147471210774991,-0.00204785349460468,0.00363848183789826,-0.00456581172224755,-0.00294942421549983,-0.00272403153527604,0.000167434562451955,-0.00151979064379467,-0.00155198959811235,0.00421806301561656,0.000508743478219402,0.000321989543176837,-0.000218952889360249,-0.000412146615266351
-0.00027141399711738,-0.000889985432408154,-0.000580699714762767,-0.000757434410560131,-0.000504956273706754,-0.000239854230010708,-0.00059963557502677,-0.000725874643453459,-0.000908921292672157,-0.000467084553178747,-0.000284037903960049,-0.000258790090274711,-0.000448148692914744,-0.000662755109240115,-0.000618571435290774,-0.000631195342133443,-0.000953104966621498,-0.000460772599757413,-0.000517580180549423,-0.00108565598846952,-0.000624883388712108,-0.000530204087392092,-0.0036672449377953,0.00110459184873352,0.000719562690032124,-0.000201982509482702,0.00395759479517668,0.0150855686769893,-0.000946793013200164,-0.003869227447278,0.00219024783720305,-0.00147068514717092,8.20553944773475e-05,-0.00132551021848023,0.00114246356926153,-0.00359150149673929,-6.31195342133442e-06,-0.00567444612577965,-0.00159692421559761,-0.000410276972386738,0.00358518954331795,-0.00162848398270428,0.00138231779927224,-0.000353469391594728,0.00292874638749917,0.0017231632840243,-0.00135075803216557,-0.000807930037930806,-0.000650131202397446
-0.00040826711746795,-0.000624772407034288,-0.000550542022040115,-0.000488683367878304,-0.000426824713716494,-0.000327850867057596,-0.000433010579132675,-0.000822720100352082,-0.00160832500820708,-0.000501055098710666,-0.000340222597889959,-0.00029073567456051,-0.000612400676201925,-0.000476311637045942,-0.000742303849941728,-0.000439196444548856,-0.000661887599531374,-0.000525798560375391,-0.000402081252051769,-0.00075467558077409,-0.00081034836951972,-0.00181864443235723,-0.000828905965768263,0.00262280693646077,0.00249908962813715,0.00644567176366067,-0.00011753144290744,-0.00374863444220573,-0.000866021158265349,-0.00692198340070661,0.00190524654818377,-0.000488683367878304,9.2787981242716e-05,-0.00248053203188861,-0.00238774405064589,0.00103303952450224,-0.00143512077655401,-0.00317953482391707,0.00398988319343679,-0.00124335894865239,-0.00101448192825369,-0.000835091831184444,0.000748489715357909,0.00292591434185364,-0.00518375521875973,-0.00237537231981353,-0.0019918486640103,-0.000952623274091884,-0.00058147134912102
-0.000860739893092785,-0.000733447373691739,-0.000309138975688254,-0.000181846456287208,-0.000424308398003486,-0.000224277296087557,-0.000509170077604183,-0.000836493698921157,-0.00075163201932046,-0.000484923883432555,1.81846456287208e-05,-0.000115169422315232,-0.000339446718402789,-0.00045461614071802,-0.000533416271775811,-0.000545539368861624,-0.000442493043632206,-0.000733447373691739,-0.000606154854290694,-0.000933478475607668,-0.000315200524231161,-0.00310351285396835,0.00514625471292799,-0.0010486478979229,-0.00405517597520474,0.00123655590275302,-0.00509170077604183,-0.01843316911898,-0.000284892781516626,-0.0053281011692152,0.00180027991724336,-0.000115169422315232,-0.000460677689260927,0.000612216402833601,-0.00116381732023813,-0.00146689474738348,6.06154854290694e-06,0.00345508266945695,-0.00195788017935894,-0.0021821574754465,-0.00639493371276682,-0.000563724014490345,-0.00347932886362858,-0.00177603372307173,-0.00229732689776173,-0.00272163529576521,-0.000181846456287208,-0.000509170077604183,-0.000648585694091042
-0.000570146322393556,-0.000736438999758343,-0.000249439016047181,-0.00051075608047756,-0.000308829257963176,-0.000184109749939586,-0.000605780467543153,-0.000979938991613924,-0.000362280475687572,-0.000469182911136364,0.000100963411257192,-8.31463386823935e-05,-0.000285073161196778,-0.000427609741795167,-0.00051075608047756,-0.000522634128860759,-0.000718621927183544,-0.000677048757842347,-0.000445426814369965,-0.00121749995927791,-8.31463386823935e-05,-0.00244093894274741,0.00236967065244822,-0.0038425486519649,-0.00807113387638377,-0.00525603640956559,-0.00589151199806674,-0.00612313394153912,0.000878975580356732,-0.000890853628739931,0.00076613412071634,0.000148475604789988,-1.18780483831991e-05,-0.00108090240287112,-0.000445426814369965,-0.00340306086178654,0.000326646330537975,0.00119968288670311,-0.00424046327280207,0.00106902435448792,0.000979938991613924,-0.00120562191089471,-0.000225682919280782,-0.00489969495806962,0.00351590232142693,0.00155008531400748,0.000427609741795167,-0.000136597556406789,-0.00051075608047756
-0.000564376404060553,-0.000645832792275478,-0.000418918567962472,-0.000698197613270787,-0.000418918567962472,-0.000285097358752238,-0.00052364820995309,-0.0009018385838081,-0.000430555194850319,-0.000401463627630702,-1.16366268878464e-05,-3.49098806635393e-05,-0.000459646762069935,-0.000494556642733474,-0.000576013030948399,-0.000517829896509167,-0.00070401592671471,-0.00054110315028486,-0.00036073543352324,-0.000797108941817482,-4.07281941074626e-05,-0.00125675570388742,-0.00631868840010062,-0.00214695766080767,-0.000983294972023025,-0.00334553023025585,-0.0041600941124051,-0.0038575418133211,-0.000983294972023025,0.0115900803802951,-0.000645832792275478,0.000512011583065244,-0.000430555194850319,-0.00139057691309765,-0.000640014478831555,0.00355498951423709,-0.00242041839267206,-0.00469537894924604,0.00132075715177057,-0.00105893304679403,0.00405536447041449,6.98197613270787e-05,0.00297897648328869,0.00175131234662089,0.000494556642733474,0.000413100254518549,-0.00162330945085458,-0.000308370612527931,-0.000273460731864392
-0.000535747084532235,-0.000632637514713597,-0.000507249899184776,-0.000587042018157662,-0.000587042018157662,-0.00024507579398815,-0.000518648773323759,-0.000609839766435629,-0.000376162846586463,-0.000250775231057642,-0.000102589867250854,-0.00018238198622374,-0.000501550462115284,-0.000678233011269532,-0.000604140329366137,-0.000512949336254268,-0.000666834137130548,-0.000541446521601727,-0.000341966224169512,-0.000775123441450893,0.000199480297432215,-0.000119688178459329,-0.00560824607637999,-0.00131087052598313,0.00482742319785961,0.00309479432873408,0.00243365962867303,-0.00419478568314601,-0.00542586409015625,0.0218516417244318,-0.000131087052598313,-0.000552845395740711,-0.0010486964207865,-5.69943706949186e-05,-0.0004901515879763,-0.00216578608640691,-0.00223417933124081,-0.00318598532184595,0.00129377221477465,-0.00264453880024422,-0.0043429710469528,-0.00131087052598313,-0.00222278045710183,0.00447405809955111,-0.00432587273574432,-0.00263313992610524,-0.00206889565622555,-0.000923308805257682,-0.000376162846586463
-0.00029028560715935,-0.000614065707452472,-0.00029028560715935,-0.00042984599521673,-0.000502417397006568,-0.000173054881191151,-0.000441010826261321,-0.000742461264465261,-0.00124487866147183,-0.000100483479401314,-0.000178637296713446,-0.000173054881191151,-0.000385186671038369,-0.000401933917605254,-0.000563823967751815,-0.000435428410739025,-0.000664307447153128,-0.000524747059095748,-0.000240043867458693,-0.00108857102684756,-0.000145142803579675,0.00221621896235119,0.00207107615877152,-0.00297542747338334,0.00140118629609609,0.00502975638558797,0.00451059174201452,0.0102437324834117,-0.00857459024224542,0.00423705338142205,0.000502417397006568,-0.00108857102684756,-0.000334944931337712,-0.00147934011340823,-0.00152399943758659,-0.00435428410739025,0.00218830688473972,0.00501300913902109,-0.0031428999390522,-0.00108298861132527,-0.00374021839993778,-0.00144584562027446,-0.00236136176593087,-0.00284144950084826,-0.000820615081777394,-0.00144026320475216,0.000256791114025579,-0.000675472278197719,-0.000597318460885586
-0.00047565239753462,-0.000672474079273083,-0.000278830715796156,-0.000333503405167952,-0.000295232522607695,-0.000262428908984618,-0.00046471785966026,-0.000606866852026928,-0.00139962084791796,-0.00011481264768077,-0.000224158026424361,0.000147616261303847,-0.000191354412801284,-0.000410045170288465,-0.000524857817969235,-0.000442848783911542,-0.000579530507341031,-0.000601399583089749,-0.000404577901351286,-0.00119733189724232,-0.000770884920142314,-0.000284297984733336,0.00305073606694618,-0.00111532286318463,-0.00300153064651156,-0.00082555760951411,-0.00284297984733336,0.00850160319731418,-0.00739721487200391,-0.0144117209184053,-0.000267896177921797,6.01399583089749e-05,3.28036136230772e-05,-0.000251494371110259,-0.00110438832531027,0.00257508366941156,-0.00012027991661795,-0.000918501181446162,0.000388176094539747,-0.000902099374634623,0.0033131649759308,0.000814623071639751,0.00217050576806028,-0.00381068644921414,0.0035263884644808,0.000885697567823085,0.000831024878451289,4.92054204346158e-05,-0.000546726893717953
-0.000631774020913225,-0.000599649918154925,-0.000433675387237044,-0.00049256957562726,-0.000337303078962145,-0.000390843250225978,-0.000583587866775775,-0.000513985644132793,-0.000396197267352361,-0.000149912479538731,-6.42482055165991e-05,1.60620513791498e-05,-0.000353365130341295,-0.000642482055165991,-0.000519339661259176,-0.000503277609880026,-0.000364073164594062,-0.000519339661259176,-0.00024628478781363,-0.000872704791600471,-0.000385489233099595,-0.0063016781577531,-0.00120465385343623,0.00112434359654048,-0.0025270960836529,-0.00480790737949217,-0.00641946653453353,-0.0137330539291731,-0.00267700856319163,-0.0014402306069971,-0.000653190089418758,5.35401712638326e-06,-0.000829872654589405,-0.000760270431946423,-0.000160620513791498,0.000519339661259176,-0.00353365130341295,-0.00581446259925222,-0.00109221949378219,-0.000696022226429824,0.000123142393906815,-0.000165974530917881,-0.000995847185507286,0.00263953044330695,-0.00106544940815027,9.10182911485154e-05,-0.00174540958320094,-0.000165974530917881,-0.000396197267352361
-0.000650092267439872,-0.000508539918884416,-0.00034077417244832,-0.000545238675917312,-0.000429899725242496,-0.000534753316765056,-0.0005242679576128,-0.000534753316765056,-7.3397514065792e-05,-0.00020970718304512,1.0485359152256e-05,-0.00015728038728384,-0.000477083841427648,-0.000665820306168256,-0.00049805455973216,-0.000503297239308288,-0.0003932009682096,-0.000534753316765056,-0.000230677901349632,-0.000560966714645696,0.000214949862621248,-0.00465025678402554,-0.00220192542197376,-0.00182445249249255,-0.00171435622139386,-0.000545238675917312,-0.000608150830830848,-0.0191148097345627,0.000461355802699264,0.00932672696593172,-0.000440385084394752,-0.00112717610886752,-0.00142600884470682,-0.00161474530944742,0.000440385084394752,-0.00338152832660256,0.00137358204894554,0.00137358204894554,-0.001966004841048,-0.0013473686510649,-0.00433569600945786,-0.00233299241137696,-0.00206037307341831,0.00100659447861658,-0.00413647418556499,-0.00184542321079706,-0.00217571202409312,-0.000686791024472768,-0.00034077417244832
-0.000390128933688198,-0.000354196005585338,-0.000246397221276757,-0.000497927717996779,-0.000246397221276757,-0.000200197742287365,-0.000415795310904527,-0.000682725633954346,-0.000677592358511081,-0.000220730844060428,-0.000174531365071036,-0.00016939808962777,-0.000415795310904527,-0.000503060993440045,-0.000497927717996779,-0.000431195137234324,-0.000631392879521689,-0.000354196005585338,-0.000538993921542905,-0.000903456478014774,-5.13327544326576e-05,0.00489201149743227,-0.00136031799246543,-0.00513327544326576,-0.0020687100036361,0.00243830583555124,0.00723791837500472,-0.0029978328588672,-0.000369595831915135,0.00301836596064027,-0.000769991316489864,-0.000923989579787837,-0.000395262209131464,0.000138598436968176,-0.00353682678041011,-0.00090858975345804,-0.000179664640514302,0.00316209767305171,0.00250503841631369,-0.00013346516152491,7.18658562057207e-05,-0.00137571781879522,0.00158618211196912,-0.00221757499149081,0.00128331886081644,-0.000929122855231103,0.000759724765603333,-0.000487661167110247,-0.000313129802039212
-0.000211084589183277,-0.000482479060990347,-0.000381962589950691,-0.00050760817875026,-0.000286471942463018,-0.000150774706559483,-0.000356833472190777,-0.00105542294591638,-0.0010805520636763,-0.000145748883007501,-0.000196007118527328,-0.000226162059839225,-0.000211084589183277,-0.000241239530495173,-0.000356833472190777,-0.000356833472190777,-0.000412117531262588,-0.000266368648255087,-0.000346781825086812,-0.00101521635750052,-0.000572943884926037,0.00667429367703313,-0.00178416736095389,-0.00371408360491527,-0.00116599106406,-0.00107552624012431,0.00908668898198486,0.00843835774377908,-0.000834286709629141,0.000648331238205778,-0.00120117182892388,-0.000105542294591638,0.000492530708094312,-0.000442272472574484,-0.000427195001918536,0.00162334100729044,-0.00367387701649941,-0.00389501325278665,-0.00127655918220363,-0.00105542294591638,0.00189976130264949,0.000899622415804917,-0.00121122347602785,-0.00141225641810716,0.00234705959877596,0.000226162059839225,0.000784028474109313,-0.000160826353663449,-0.00059807300268595
-0.000437910472759895,-0.000541237662961668,-0.000418229103197652,-0.000423149445588213,-0.000521556293399425,-0.000349344309729804,-0.000546158005352228,-0.000787254782489699,-0.000856139575957547,-0.000152530614107379,-5.90441086867274e-05,-0.000250937461918591,-0.000186973010841303,-0.000432990130369334,-0.000428069787978774,-0.000452671499931577,-0.000177132326060182,-0.00047727321188438,-0.000186973010841303,-0.000993909162893245,-0.000629803825991759,-0.00294236474955525,-0.000580600402086153,0.000329662940167561,0.000231256092356349,-0.00266682557568385,0.00199765901056761,0.00525000533072818,0.000506795266227744,-0.0047727321188438,-0.00152530614107379,0.000305061228214758,-0.00031982225538644,-0.00209606585837882,0.00221907441814284,-0.00187465045080359,0.00197797764100537,-0.00323758529298889,-0.00255365770070096,-0.0038231060374656,-0.00250937461918591,0.00080201580966138,-0.0012497669672024,0.000910263342253714,-0.00247493222245199,-0.000403468076025971,-0.00197797764100537,-0.000531396978180547,-0.000521556293399425
-0.000602106263524384,-0.000520219811685068,-0.000255293055734339,-0.000317912107140875,-0.00067435901514731,-0.00035163005789824,-0.000611739963740774,-0.000626190514065359,-0.000500952411252287,-0.000337179507573655,2.89011006491704e-05,-0.000192674004327803,-0.000423882809521166,-0.00067435901514731,-0.000659908464822725,-0.000452783910170337,-0.00037089745833102,-0.000462417610386727,-0.000399798558980191,-0.000944102621206234,-0.000419065959412971,-0.00835723493771845,0.00141615393180935,0.000895934120124283,-0.000814047668284967,4.81685010819507e-06,-0.00475904790689673,-0.0010789744242357,0.00152694148429784,-0.00735533011521387,-0.00184003674133052,0.000626190514065359,-0.00113195977542584,-0.000366080608222825,-0.0036174544312545,-0.000833315068717747,0.00134390118018642,0.00363190498157908,0.00108379127434389,0.00160882793613715,-0.00164254588689452,-0.00133426747997003,0.00161846163635354,0.00198935909468456,-0.00249994520615324,-0.00120421252704877,-0.00168108068776008,-0.000698443265688285,-0.000216758254868778
-0.000457390357651718,-0.000490397909234831,-0.000221622132058049,-0.000315929422295516,-0.000565843741424805,-0.000221622132058049,-0.00036308306741425,-0.000679012489709766,-0.000579989834960425,-0.000353652338390503,-6.60151031662273e-05,-0.000132030206332455,-0.000419667441556731,-0.000584705199472299,-0.000542266918865438,-0.000438528899604224,-0.000627143480079159,-0.000268775777176783,-0.000490397909234831,-0.000891203892744068,-0.000301783328759896,-0.0016645236726913,0.000773319779947234,-0.00251800464934038,-0.00429569707031665,-0.000509259367282325,-0.00182956143060687,-0.000759173686411614,0.000919496079815309,0.00657321812955149,-0.00141460935356201,0.000127314841820581,-0.00105624165065964,0.00039137525448549,-0.00215020621741426,0.000598851293007919,-0.0039326140029024,-0.000513974731794198,0.000881773163720322,0.00149477055026386,0.00071202004129288,-0.00146176299868075,-0.00138631716649077,-0.00190500726279684,0.000707304676781007,-0.000674297125197893,0.00066958176068602,-0.000254629683641162,-0.000212191403034302
-0.000526212949217379,-0.000470822112457654,-0.00027233828073531,-0.000258490571545379,-0.000383119954254758,-7.38544490129654e-05,-0.000364656342001517,-0.000697001362559861,-0.000512365240027448,-0.000207715637848965,-7.84703520762758e-05,-9.69339643295171e-05,-0.000396967663444689,-0.000590835592103723,-0.000300033699115172,-0.000466206209394344,-0.000512365240027448,-0.000355424535874896,-0.000304649602178482,-0.00095087603104193,1.84636122532414e-05,0.00635609851817834,-0.00139861862818303,-0.00549754054840261,-0.00792550555970385,-0.00338345694540648,0.002944946154392,0.00251566716950413,-0.000480053918584275,0.0103627023771317,-0.000900101097345516,-0.000867789775902344,-0.000433894887951172,-0.00199407012335007,0.00259875342464372,-0.00116782347501752,-0.000161556607215862,-0.00426509443049875,-0.0023679582714782,-0.00392351760381379,-0.000835478454459171,0.000184636122532414,-0.00204946096010979,-0.00278800545023944,0.00158325475071545,9.69339643295171e-05,0.000369272245064827,-0.000300033699115172,-0.000304649602178482
-0.000551254910865147,-0.000487996150601933,-0.000243998075300967,-0.000284664421184461,-0.000239479592425023,-0.00030725683556418,-0.000487996150601933,-0.000596439739624585,-0.000352441664323619,-0.000293701386936349,-0.000126517520526427,-0.000135554486278315,-0.000469922219098158,-0.000537699462237316,-0.00027110897255663,-0.000433774356090608,-0.000420218907462776,-0.00063710608550808,-0.000135554486278315,-0.000795252986166114,-8.58511746429327e-05,0.00447781653006033,-0.00215079784894926,-0.00331656643094277,-0.0037729332014131,-0.00287827359197622,0.00280597786596112,0.0038045625815447,-0.000266590489680686,-0.00535440220799344,-0.000939844438196316,-0.000817845400545833,-9.03696575188766e-05,-0.000605476705376473,-0.000768142088910451,-0.000533180979361372,0.00119739796212511,0.00181191163325348,-0.00157243204082845,-0.00258005372216393,-0.00103925106146708,-9.03696575188766e-05,0.00155435810932468,0.00277886696870545,-0.00155887659220062,-0.000429255873214664,-0.00135554486278315,-0.000609995188252417,-0.000384071044455225
-0.000340580294823249,-0.000517505123302859,-0.00035384965695922,-0.00053519760615082,-0.00017250170776762,-0.000238848518447473,-0.000552890088998781,-0.000406927105503103,-0.000583851933982713,-0.000238848518447473,-0.000243271639159464,-0.000101731776375776,-0.000490966399030918,-0.000283079725567376,-0.000482120157606937,-0.000283079725567376,-0.000331734053399269,-0.000490966399030918,-0.000296349087703347,-0.000911162866669991,-0.000685583710358489,-0.00310060761910516,-0.00111020329870955,-0.00153924600777261,0.0161841986851723,-0.00035827277767121,0.00164097778414838,0.00312714634337711,0.00132693621359707,-0.01088972319292,-0.000398080864079122,-0.000260964122007425,-0.000433465829775044,-7.0769931391844e-05,-0.00337041798253657,-0.00089347038382203,-0.00216290602816323,0.000495389519742908,0.00155693849062057,0.00209655921748338,-0.00052635136472684,-0.000809431090294216,0.000464427674758976,0.00195944247541168,-0.00310060761910516,-0.000981932798061835,-0.00113674202298149,-0.000544043847574801,-0.000336157174111259
-0.000372365636242196,-0.000467621961792525,-0.000394014801139998,-0.000471951794772085,-0.0002078319830189,-0.000134224822366373,-0.000536899289465491,-0.000636485447995381,-0.000614836283097579,-0.000168863486202856,-0.00021216181599846,-0.000142884488325494,-0.000398344634119558,-0.00031174797452835,-0.000476281627751646,-0.000337726972405712,-0.000277109310691867,-0.000337726972405712,-0.000471951794772085,-0.000956893088482852,-0.00073174177354571,-0.00542961055636876,0.000852977096973402,-0.00186182818121098,0.0222986398447361,-0.000324737473467031,0.000129894989386812,-0.000878956094850764,0.0027451141090413,-0.00524775757122722,0.000376695469221756,-0.000484941293710766,-0.000684113610770546,-0.000562878287342854,0.000878956094850764,-0.00031174797452835,-0.000346386638364833,-0.00289665826332592,-0.000160203820243735,0.000220821481957581,-0.00113441624064483,-0.0006234959490567,-0.00263253845157273,-0.00439911030723338,0.0014115255513367,-0.000242470646855383,0.000186182818121098,-0.000337726972405712,-0.000346386638364833
-0.000436579480173142,-0.000385715851415106,-0.000436579480173142,-0.000279749958169198,-0.000258556779520016,-0.000203454515032144,-0.000267034050979689,-0.000601886273636759,-0.000546784009148887,-0.000211931786491817,-0.000156829522003944,-0.000216170422221653,-0.000317897679737725,-0.000546784009148887,-0.000343329494116743,-0.000521352194769869,-0.000500159016120687,-0.000457772658822324,-0.000372999944225597,-0.00084348851023743,-0.000445056751632815,-2.5431814379018e-05,0.00148776114117255,0.007070044397367,-0.0125972253890736,-0.0022168064867044,-0.00130126116905975,-0.00511603332591245,0.00346720402700612,-0.00571791959954921,0.00017378406492329,-0.000326374951197398,-0.000432340844443306,-0.000818056695858412,-0.00038147721568527,-0.000343329494116743,0.00274239731720411,-0.000402670394334452,-0.00285260184617985,-0.00390378350717926,-0.000957931674943011,-0.000703613531152831,0.000517113559040033,-0.00168697702047486,0.00183532927101913,0.000449295387362651,0.000245840872330507,-0.000275511322439362,-0.000470488566011833
-0.000402505831468015,-0.000464749001282656,-0.000460599456628347,-0.000165981786172377,-0.000248972679258566,-3.73459018887849e-05,-0.000377608563542158,-0.000423253554739562,-0.000605833519529177,-0.000136934973592211,-9.12899823948075e-05,-9.54395270491169e-05,-0.000307066304418898,-0.000593384885566249,-0.000444001278011109,-0.000298767215110279,-0.000394206742159396,-0.00058093625160332,-0.000190879054098234,-0.000697123501923984,-0.000116187250320664,0.00353541204547164,-0.0006597776000352,0.0109381997087597,-0.0370222374057487,-0.00271795174857268,-0.00129880747679885,-0.00183824828185908,0.0024648295246598,-0.00183824828185908,0.000165981786172377,0.000344412206307683,-0.000269720402530113,-0.00170546285292118,-0.00115772295855233,-0.000248972679258566,-0.00317855120520102,-0.000319514938381826,-0.000821609841553267,0.000444001278011109,0.000522842626442988,-0.000547739894368845,0.00165981786172377,0.00412049784172927,-0.00317025211589241,-0.000423253554739562,-0.000846507109479124,-0.000373459018887849,-0.000444001278011109
-0.000337193731812696,-0.000455008409193035,-0.00024375450492484,-0.000203128754104034,-0.000333131156730615,-5.28134760670487e-05,-0.000499696735095923,-0.00066219973837915,-0.000637824287886666,-0.000227504204596518,-0.000101564377052017,-0.000186878453775711,-0.000329068581648535,-0.000507821885260084,-0.000333131156730615,-0.000325006006566454,-0.00030063055607397,-0.000507821885260084,-0.000211253904268195,-0.000633761712804585,-0.000211253904268195,0.00119033449904964,-0.0015559662564369,-0.00957142689338207,-0.00156815398168314,-0.00205160041645074,-0.00177128273578717,0.00577291919163664,-0.000150315278036985,0.006747937211336,0.000406257508208067,4.06257508208067e-06,-0.000564697936409214,0.000394069782961825,0.000410320083290148,-0.000385944632797664,-0.0036156918230518,0.00114564617314675,0.00208410101710739,0.000633761712804585,-0.000832827891826538,-0.000101564377052017,-0.0018078459115259,0.000284380255745647,-0.00101970634560225,-0.00159252943217562,-0.00090595424330399,-0.00036156918230518,-0.000251879655089002
-0.000338108068063955,-0.000405729681676746,-0.000190931614906704,-0.000425618391562861,-0.000342085810041178,-0.000171042905020589,-0.000421640649585638,-0.000644394200310126,-0.000525061940993436,-0.000381863229813408,-0.000103421291407798,-9.14880654761291e-05,-0.000342085810041178,-0.000405729681676746,-0.000194909356883927,-0.000298330648291725,-0.000409707423653969,-0.000346063552018401,-0.000190931614906704,-0.000887036460920729,-0.000536995166925105,-0.00091488065476129,-0.000115354517339467,-0.0226373295923761,0.0390256265385349,-0.00187351647127203,-0.00244233357401492,0.00862772234859669,-0.00186556098731759,0.0012967438845747,-0.000107399033385021,-0.000163087421066143,-0.000282419680382833,-5.9666129658345e-05,-0.00248211099378715,-0.00173031776009201,0.00488864489000707,-0.00113763420548578,-0.000564839360765666,-0.00328163713120898,-0.002247424217131,0.000449484843426199,-0.00108592355978188,-0.00432778327121863,0.00231902357272101,-0.000521084199016213,-1.5910967908892e-05,-0.000294352906314502,-9.9443549430575e-05
-0.000502462731770654,-0.000444036832727555,-0.000260969015725844,-0.000354450454194803,-0.000144117217639645,-0.000284339375343083,-0.000432351652918935,-0.000479092372153415,-0.000280444315406877,-0.000292129495215497,-0.000183067817001711,0,-0.000229808536236191,-0.000401191173429282,-0.000389505993620662,-0.000373925753875836,-0.000389505993620662,-0.000319394914768943,-0.000253178895853431,-0.000845228006156837,-0.000751746567687878,-0.000595944170239613,7.01110788517192e-05,0.00325237504673253,0.0227783105069363,-0.00304593687011358,-0.00252399883866189,0.00362630080060837,-0.0017060362520585,-0.00723702136147191,-1.16851798086199e-05,0.000214228296491364,-0.000124641917958612,-0.00177614733091022,-0.000112956738149992,0.000595944170239613,0.000210333236555158,-0.00384442415703594,-0.00341596756405321,0.000408981293301695,-9.3481438468959e-05,-0.00150349313537576,0.00118020316067061,-6.2320958979306e-05,-0.00127757965907577,0.000989345223796482,0.000167487577256885,-0.00029991961508791,-0.000155802397448265
-0.000473003354988051,-0.000308977998016388,-0.000324236170757938,-0.0002136144183817,-0.000282276195718675,-0.000358567059426425,-0.00035093797305565,-0.000408156120836463,-0.000446301552690338,-0.000202170788825538,-0.0001220653819324,-0.000133509011488563,-0.00028990528208945,-0.000370010688982588,-0.000423414293578013,-0.000549294218695801,-0.000297534368460225,-0.00035093797305565,-0.000343308886684875,-0.000717134118852851,-0.000793424982560601,-0.0010985884373916,-0.000575996020993513,0.0281780305104575,-0.0192825158021338,-0.00465755722935814,-0.0032957653121748,-0.00612997089891772,-0.00111766115331854,-0.00116343567154319,0.000534036045954251,-0.000141138097859338,-0.000804868612116763,-0.000438672466319563,0.0016173663106043,0.000987966685015364,-0.00557304759385114,0.0013427192012564,0.000759094093892113,0.00119776656021168,0.00147241366955958,-0.00138849371948105,-0.00019835624564015,0.00314699812794469,-0.00195686065410379,-0.000537850589139638,-0.000640843255145101,-0.000362381602611813,-0.000404341577651075
-0.000396037791327315,-0.000201755101242217,-0.000212963717977896,-0.000298896446284766,-0.000212963717977896,-0.000261534390499171,-0.000362411941120279,-0.000414718819220113,-0.00062394633161945,-0.000209227512399336,-5.97792892569533e-05,-8.59327283068703e-05,-0.000321313679756124,-0.000369884352277398,-0.000339994707648922,-0.000396037791327315,-0.000242853362606373,-0.000369884352277398,-0.000254061979342051,-0.000788339377076071,-0.000194282690085098,-0.000993830683896848,0.000347467118806041,0.0107117013937303,-0.0286380157596592,-0.00552958425626818,-0.00197645275105802,-0.0110330150734864,-0.00088548072211862,0.00490937413022729,0.000212963717977896,-0.000642627359512248,-0.000560430836783937,0.000433399847112911,-0.00257424564362755,-0.00312720406925437,0.00183821314465131,0.0033551126095465,0.00208480271283625,-0.00342236430996058,-0.00172239077171597,0.0019316182841153,-0.00152810808163087,-0.000209227512399336,0.000904161750011418,-0.00203623204031497,-0.000945260011375574,-0.000343730913227481,-0.000325049885334683
-0.000490448119672525,-0.000325745392916826,-9.15015148642771e-05,-0.000402606665402819,-0.000208623453890552,-0.000278164605187402,-0.000420906968375674,-0.000490448119672525,-0.000633190482860797,-0.000215943575079694,-0.000128102120809988,-0.00016836278735027,-0.000241563999241691,-0.000395286544213677,-0.000248884120430834,-0.000256204241619976,-0.000278164605187402,-0.000223263696268836,-0.000384306362429964,-0.000790573088427354,-8.05213330805638e-05,0.00128468126869445,0.000867434360913346,-0.0197753073924676,-0.00117853951145189,0.00218871623555351,0.00189591138798782,-0.0046958577428347,-0.000625870361671655,0.00135056235939673,0.000453847513726814,-0.000622210301077084,0.000157382605566557,-0.00124808066274874,-0.00109435811777675,4.3920727134853e-05,0.00209355466009466,-0.00324647374738455,-0.00279628629425231,-0.00113095872372246,-0.00244492047717348,-0.000486788059077954,0.000351365817078824,-0.00297562926338629,0.00020130333270141,-9.51615754588481e-05,-5.49009089185662e-05,-0.000230583817457978,-0.000175682908539412
-0.00044826516687566,-0.00031199255614546,-0.000150617096070222,-0.000344267648160507,-0.000233097886775343,-0.000240270129445354,-0.000505643108235745,-0.000559434928260824,-0.000613226748285903,-0.000150617096070222,-0.000139858732065206,-0.000150617096070222,-0.000182892188085269,-0.000340681526825502,-0.000304820313475449,-0.000236684008110349,-0.000358612133500528,-0.000132686489395195,-0.000437506802870645,-0.000609640626950898,-0.000588123898940866,0.0017679578181576,-0.0009503221537764,-0.0188629982221278,0.0226069088958733,0.0181744629258068,0.000487712501560719,0.00284379421865919,-0.000462609652215682,-0.000771016087026136,0.000971838881786432,-0.00050922922957075,-0.000365784376170539,-0.0009503221537764,0.00136989834997202,0.0016962353914575,-0.00402721425921093,-0.00410252280724604,-0.00105790579382656,0.00160658235808237,0.00141293180599208,-0.00271110772926399,0.000261786857455386,-0.000702879781661035,-0.000706465902996041,0.00102204458047651,0.00019006443075528,-0.000365784376170539,-0.000211581158765312
-0.000365497654280337,-0.000302238444885663,-0.000309267245929516,-0.000246008036534842,-0.0001335472198332,-0.000172205625574389,-0.000358468853236484,-0.000488501672547758,-0.00042875686367501,-0.000179234426618242,-0.0001335472198332,-0.000179234426618242,-0.000196806429227874,-0.000354954452714558,-0.000383069656889968,-0.000270608840188326,-0.000390098457933821,-0.000256551238100621,-0.000256551238100621,-0.000537703279854726,-0.00089617213309121,-0.000513102476201242,-0.00208755391002423,0.00678630740783971,0.013403923590627,0.0126412986773689,-0.00524699997923599,0.000527160078288947,-0.000706394504907189,-0.00135304420094163,0.000112460816701642,-0.00029520964384181,-0.000685308101775631,0.000196806429227874,-0.00147956261973098,-0.00279043401440949,0.000105432015657789,0.00387989817620665,0.00143387541294594,-0.00151822102547217,0.000425242463153084,0.000815340921086905,-0.00115975217223568,0.00266742999614207,-0.000224921633403284,-0.00104026255449019,-0.000565818484030136,-0.000442814465762715,-0.000305752845407589
-0.000244588645193999,-0.00027214792915952,-0.000361715602047463,-0.00026525810816814,-0.000179135345775886,-0.00026525810816814,-0.000175690435280196,-0.00056841023178887,-0.000344491049569012,-0.000292817392133661,-1.03347314870704e-05,-0.000110237135862084,-0.000323821586594872,-0.000403054527995744,-0.000344491049569012,-0.000334156318081942,-0.00028248266064659,-0.000409944348987125,-0.000199804808750027,-0.000695871920129405,-0.00084055816094839,-0.00164322230644419,-0.000799219235000109,0.0206212342272011,-0.00935293199579869,-0.0183475933000456,-0.00536717055228521,-0.00389274886012984,-0.00119193903150878,-0.00257334814028052,-0.00110581626911653,0.00026870301866383,2.06694629741407e-05,-0.00112993064258636,-0.000540850947823349,-0.000361715602047463,0.00221507744872875,0.00166389176941833,-0.000754435398556137,-0.00180513309974162,-0.00305219069918145,0.00128495161489242,-0.000220474271724168,-0.000358270691551773,-0.000995579133254446,-0.000964574938793235,-0.000768215040538898,-0.000158465882801746,-0.000358270691551773
-0.000374920616623156,-0.000216170445620558,-0.00027696838345134,-0.000354654637346229,-0.000128351202087207,-0.000287101373089804,-0.000216170445620558,-0.000564069756541144,-0.000347899310920586,-0.000260080067387234,-4.39096217666759e-05,7.09309274692457e-05,-0.000253324740961592,-0.000435718554453938,-0.000364787626984692,-0.000388431269474441,-0.000293856699515447,-0.000422207901602653,-0.000320878005218016,-0.000722819927543742,-0.000405319585538547,-0.000493138829071899,0.000452606870518044,0.00724170992828871,-0.00984588826537387,-0.023295743178828,-0.000672154979351424,-0.00240827387074153,-0.00198606596913888,0.00301625324904935,-0.00122271408304128,0.000243191751323128,-0.000145239518151313,-0.000466117523369329,0.000202659792769273,0.00205024157018248,-0.00261768898993645,-0.00472872849794971,-0.00142537387581056,0.0012733790312336,-0.00038505360626162,-0.00199282129556452,0.000621490031159105,-0.00361072197450589,-9.45745699589943e-05,0.00060797937830782,-0.000216170445620558,-0.000135106528512849,-0.000246569414535949
-0.000424021791226293,-0.000188822203905459,-0.000271638960004344,-0.000334579694639497,-0.000308078332687854,-0.000284889640980166,-0.000294827651712032,-0.000321329013663675,-0.000486962525861446,-0.000218636236101058,-2.98140321955988e-05,-9.27547668307517e-05,-0.000162320841953815,-0.000417396450738383,-0.000284889640980166,-0.000347830375615319,-0.000337892364883453,-0.000205385555125236,-0.000215323565857102,-0.000536652579520778,-0.000212010895613147,0.000563153941472421,-0.000221948906345013,-0.0116506612479912,0.00141782286441292,0.00878851415721372,0.00173252653758868,-0.00109318118050529,-0.00259713347126105,0.00872557342257857,-0.00101698976489431,-0.000172258852685682,-0.000798353528793256,-0.00019544754439337,-0.00136813281075359,-0.00217642435027871,-0.00123562600099537,-0.000109318118050529,-0.000311391002931809,-0.00101367709465036,0.00169939983514913,-0.000682410070254816,3.9752042927465e-05,0.000732100123914147,0.00114287123416462,-0.00044058514244607,-7.950408585493e-05,-0.000357768386347185,-0.000225261576588968
-0.00030874456332565,-0.000373743418762629,-0.000269745250063463,-0.000230745936801276,-0.000220996108485729,-0.000178746852451692,-0.00030874456332565,-0.000445242159743306,-0.00055899015675802,-0.000295744792238255,1.29997710873958e-05,-0.000126747768102109,-0.000194996566310937,-0.00034124399104414,-0.000253495536204218,-0.000256745478976067,-0.00040299290370927,-0.000181996795223541,-0.00027949507837901,-0.000545990385670624,-0.000389993132621874,0.000601239412792056,-0.00120897871112781,-0.00863509794480266,-0.000763736551384504,0.026184788912787,0.000578489813389113,-0.00194671572033752,-0.00239195788008083,0.00388043166958765,-0.00106273128639461,-8.12485692962238e-05,-0.000458241930830702,-0.000877484548399217,0.000409492789252968,-0.00132922659368622,0.00225546028366317,0.00216121194327955,0.000968482946010988,-0.00260970404579471,-0.00196296543419677,0.00158922201543414,-0.0013942254491232,0.00312969488929054,-0.00116347951232192,-0.000822235521277785,-0.000523240786267681,-0.000477741587461796,-0.000289244906694557
-0.000267917293514169,-0.000436960347755252,-0.000315759667355985,-0.000251969835566897,-0.000118011188809813,0,-0.000344465091661075,-0.00044971831411307,-0.000417823398218526,-0.000264727801924715,-4.78423738418159e-05,-9.88742392730863e-05,-0.000251969835566897,-0.000325328142124348,-0.000267917293514169,-0.000226453902851262,-0.000274296276693078,-0.000251969835566897,-0.000385928482323982,-0.000708067132858876,-0.000720825099216694,-3.82738990734528e-05,-0.00114821697220358,0.0045673519560987,-0.00274296276693078,0.0102701629180432,-0.00136191290869703,-0.00119924883763485,-0.00267598344355224,-0.00207635902473481,-0.000704877641269422,-0.000118011188809813,-0.000216885428082899,-6.37898317890879e-05,-0.000322138650534894,0.00164896715174792,-0.00223264411261808,-0.00159155630313774,-0.00079099391418469,0.0011258905310774,-0.00189455800413591,-0.00162345121903229,-0.000551782044975611,-0.00152138748816975,-0.00142570274048612,1.27579663578176e-05,-0.000360412549608347,-0.000264727801924715,-0.000376360007555619
-0.000209798915570262,-0.000275556784629597,-0.000344445980786997,-0.000394547214356014,-0.000203536261374134,-0.000219192896864452,-0.000391415887257951,-0.000378890578865696,-0.000313132709806361,-0.000109596448432226,-0.000162829009099307,-6.26265419612721e-06,-0.000253637494943152,-0.000241112186550898,-0.000272425457531534,-0.000356971289179251,-0.000115859102628353,-0.000259900149139279,-0.000266162803335406,-0.00069515461577012,-0.000848589643575237,-0.000491618354395986,-0.000832933008084919,0.0041552710591304,0.00492870885235211,-0.0119898514584855,-0.00156879487612987,-0.00178485644589626,-0.00367930934022474,-0.00199778668856458,-0.000598083475730149,-0.000369496597571505,-0.000463436410513414,-0.000886165568752,-0.000976974054595845,-0.000598083475730149,-0.00153748160514923,-0.0010928331572242,-0.00144041046510926,0.000259900149139279,0.00185374564205365,-0.00143727913801119,0.000679497980279802,-0.00295597278057204,0.00139657188573637,-0.000776569120319774,-0.000137778392314799,-5.32325606670813e-05,-0.000319395364002488
-0.000378281494578722,-0.000332149604995951,-0.00030139501194077,-0.000230659447913855,-0.000166074802497975,-0.000304470471246288,-0.000298319552635252,-0.000433639762078047,-0.000405960628328385,-0.000119942912915205,-0.000172225721109012,9.533923847106e-05,-0.000224508529302819,-0.000292168634024216,-0.00027064041888559,-0.000279866796802144,-0.000279866796802144,-0.000338300523606987,-0.000227583988608337,-0.000442866139994601,-0.000424413384161493,-0.000639695535547757,-0.00135935301303898,-0.000218357610691783,0.00242653739205375,-0.0152635045332862,0.000329074145690433,-0.00412419092869972,-0.00305700654968496,-0.00087343044276713,-0.000799619419434697,-0.000479771651660818,-0.000242961285135927,-0.000535129919160143,8.30374012489877e-05,-0.00118405183262445,0.00354292911995681,0.000393658791106312,-0.000870354983461612,-0.00293091271815872,-0.00055665813429877,0.00192831298455983,-0.00019067847694212,0.00167920078081286,-0.000402885169022866,-0.000525903541243589,-0.000559733593604288,-0.000184527558331084,-0.000169150261803494
-0.000347518249815993,-0.000420043797603679,-0.000338452556342533,-4.83503651917904e-05,-0.000142029197750884,-0.000163182482522293,-0.000235708030309978,-0.000474437958444443,-0.000549985404056616,-0.000163182482522293,-3.0218978244869e-05,-2.71970804203821e-05,-0.000196423358591648,-0.0004381751845506,-0.000287080293326255,-0.000205489052065109,-0.000265927008554847,-0.000205489052065109,-0.000223620439012031,-0.000323343067220098,-0.000102744526032555,-0.000549985404056616,-0.0015683649709087,0.00356281753507005,-0.00750639419602546,0.00231477373355697,0.00108788321681528,-0.00143237956880679,-0.00012691970862845,0.000957941610362347,-0.000661795623562631,-0.000281036497677282,-0.000241751825958952,9.97226282080677e-05,-0.000749430660472751,-0.000202467154240622,-0.00267740147249539,-0.000111810219506015,0.000927722632117478,-3.62627738938428e-05,-0.00301283213101344,-0.00112414599070913,-0.000274992702028308,0.00157138686873319,-0.00215159125103467,0.000447240878024061,-0.000453284673673035,-0.000317299271571124,-0.000181313869469214
-0.000231710845923411,-0.000487186906813325,-0.000311918446435361,-0.000231710845923411,-0.000196063023473655,-0.000255476060889915,-0.000303006490822922,-0.000519864077392268,-0.000558482551712836,-0.000249534757148289,-4.75304299330074e-05,-0.000175268460377965,-0.000166356504765526,-0.000383214091334872,-0.000297065187081296,-0.000282211927727231,-0.000216857586569346,-0.000139620637928209,-0.000433715173138692,-0.000439656476880318,-0.000362419528239181,-0.000169327156636339,-0.000445597780621944,0.00161900526959306,-0.00398067350688937,0.0132491073438258,-0.000867430346277384,0.00443815389499456,0.00712065253433866,0.00229928454800923,-0.000332713009531052,-8.91195561243888e-05,-0.000570365159196088,-0.00147047267605242,-0.000790193397636247,-0.000279241275856418,-0.00274488232863117,-0.00175565525565046,0.00103675750291372,0.00152097375785624,0.00172594873694233,-0.00236463888916712,-0.00071295644899511,-0.00223987151059297,0.000986256421109903,-0.000909019472468766,5.64423855454462e-05,-0.000317859750176987,-0.000332713009531052
-0.000166538624929844,-0.000324312059073906,-0.000149008243358281,-0.00033015551959776,-0.000262955723573437,-0.000233738420954167,-0.000327233789335833,-0.000356451091955104,-0.000292173026192708,-0.000227894960430313,-7.012152628625e-05,-0.000175303815715625,-0.000113947480215156,-0.000362294552478958,-0.000286329565668854,-0.00037105974326474,-0.000239581881478021,-0.00023081669069224,-0.000373981473526667,-0.00054052009845651,-0.000733354295743698,0.00054052009845651,-5.25911447146875e-05,-0.00663817115509833,0.00375734511683823,0.000663232769457448,-0.00183484660449021,0.0046601597677737,0.0125254576328814,-0.000616485085266615,-0.000525911447146875,-7.88867170720312e-05,-0.000429494348503281,0.000593111243171198,0.00035060763143125,0.000122712671000938,0.00399400526805432,0.000233738420954167,-0.00251560975551922,-0.00149300416384474,0.000487928953741823,0.00165954278877458,-0.000768415058886823,-0.00068076315102901,0.0011540834534612,-0.00102552732193641,-0.00026003399331151,-0.000201599388072969,-0.000347685901169323
-0.000163883060673867,-0.000235761596057142,-0.000189759333411846,-0.00031626555568641,-0.000155257636427874,-0.000100629949536585,-0.000301889848609755,-0.00031626555568641,-0.000221385888980487,-0.000117880798028571,-8.0503959629268e-05,-2.0125989907317e-05,-0.000152382495012543,-0.000396769515315678,-0.000232886454641811,-0.000273138434456445,-0.000336391545593727,-0.000247262161718466,-0.000152382495012543,-0.000526150879005573,-0.000644031677034144,0.000741786485155398,-0.00203272498063902,-0.00389006633494284,-0.00110692944490244,-0.00833215982162924,-0.000727410778078743,0.000957422091305223,0.00274863519305644,-0.00345591998122786,-0.000879793273091286,-3.4501696983972e-05,-0.000215635606149825,0.000250137303133797,-0.000508900030513587,-0.000480148616360277,-0.000828040727615328,0.00141456957634285,-0.000701534505340764,-0.00226561143528083,-0.00249562274850731,0.000963172374135885,0.000552027151743552,0.00103505090951916,-0.00192346960685644,0.000839541293276652,-0.00048877404060627,-0.00020125989907317,-0.000368018101162368
-0.0002774275480206,-0.000297243801450643,-0.000288751121409196,-0.000268934867979153,-0.000113235733885959,-0.000130221093968853,-0.000353861668393623,-0.000319890948227835,-0.000469928295626731,-0.000130221093968853,-8.20959070673204e-05,-2.83089334714898e-06,-0.000283089334714898,-0.000283089334714898,-0.000181177174217535,-0.00011040484053881,-0.000328383628269282,-0.000237795041160514,-0.000155699134093194,-0.000520884375875412,-0.000385001495212261,-0.000602980282942733,-0.00341405737666167,0.00392361817914849,-0.00673186437952028,0.000421803108725198,1.98162534300429e-05,-0.000376508815170814,-0.00877576937616184,-0.00168155064820649,-0.00047275918897388,-0.000135882880663151,-0.000424634002072347,-0.00303188677479656,-0.00146357186047602,-0.00162210188791637,-0.00403119212634015,-0.00209769197023739,0.00135599791328436,0.00061147296298418,0.000215147894383323,-0.00247420078540821,0.000345368988352176,-0.000687907083357202,-0.00114651180559534,2.54780401243408e-05,-0.000288751121409196,-0.000229302361119067,-0.000356692561740772
-0.000264954398721115,-0.000356991189855819,-0.000262165405050367,-0.000150605658220423,-0.000103192765817698,-0.000172917607586412,-0.000309578297453093,-0.000326312259477584,-0.000504807854405494,-0.000184073582269407,-4.18349050612287e-05,-1.67339620244915e-05,-0.000298422322770098,-0.00031515628479459,-0.000242642449355127,-0.000184073582269407,-0.000150605658220423,-0.000234275468342881,-0.000298422322770098,-0.000608000620223191,-0.000323523265806836,-0.00152836853157022,0.00215589210748865,0.00220051600622063,-0.00138891884803279,0.00303721410744521,-0.00023706446201363,0.00027611037340411,-0.00261328706949142,0.00090642294299329,0.000198018550623149,-0.000284477354416355,-0.000409982069600042,0.000755817284772866,0.00116022136703141,0.000753028291102117,0.00201086443660973,-0.00127735910120285,-0.000758606278443615,0.00111280847462868,0.000401615088587796,-0.00114627639867767,-0.000998459734127993,-0.00072792734806538,0.00127178111386135,-0.00163435029105867,-0.000368147164538813,-0.000270532386062613,-0.000270532386062613
-0.000236452665207041,-0.00035192954821513,-0.000324435052260823,-0.000153969177344119,-0.000126474681389812,-7.14856894811983e-05,-0.000181463673298426,-0.000420665788100898,-0.000456408632841497,-0.000197960370871011,-7.4235139076629e-05,-2.19955967634456e-05,-0.000159468076534981,-0.000338182300237977,-0.000357428447405992,-0.000247450463588763,-0.00019521092127558,-0.000266696610756778,-0.000360177897001422,-0.00046740643122322,-0.000404169090528314,-0.000406918540123744,0.00608453195468815,-0.00196860591032838,0.00494351037258441,-0.00281818583531647,-0.00166616645483101,0.00133073360418846,0.00560337827548777,0.000497650376772957,0.000316186703474531,-0.000401419640932883,-0.000148470278153258,0.0013967203944788,-0.000162217526130412,-0.000173215324512134,0.00156168737020464,0.00134997975135648,-0.00199060150709183,-0.00209783004131363,-0.00126474681389812,0.00197960370871011,-0.000445410834459774,0.000197960370871011,0.000170465874916704,-0.000230953766016179,-0.000236452665207041,-0.000280443858733932,-0.000332683401047115
-0.000320047615172314,-0.000235967309491452,-0.00024139184534183,-0.000200707826463994,-0.00024139184534183,-9.76416453068077e-05,-0.000314623079321936,-0.000276651328369289,-0.000433962868030257,-7.59435019052949e-05,-0.000143750200035022,-0.000130188860409077,-7.59435019052949e-05,-0.000273939060444099,-0.000360731634050151,-0.000263089988743343,-0.000254953184967776,-0.00027122679251891,-0.000257665452892965,-0.000382429777451664,-0.000640095230344628,0.000805543573781164,-0.00299163152148358,-0.00081639264548192,0.00313266945359341,-0.00173042693627065,-0.00483054917476179,0.00195283290613615,0.0037836137556388,-0.00170059198909357,2.98349471770801e-05,-0.000553302656738577,-0.000273939060444099,-0.00297807018185764,-0.00269599431763797,-0.00118526108330764,-0.00309740997056596,-0.000572288532214901,1.89858754763237e-05,-0.00165177116644016,-0.00099811459646959,0.000385142045376853,0.000675354713372087,0.000672642445446898,-0.00124221870973661,0.00119068561915802,-0.000146462467960212,-0.000263089988743343,-0.000306486275546369
-0.000358778977710325,-0.000211518949545639,-0.000211518949545639,-0.000184744398970242,-0.000214196404603179,-0.000157969848394845,-0.000329326972077388,-0.000273100415869054,-0.000281132781041673,-9.37109270138909e-05,-0.00010709820230159,-5.35491011507948e-05,-0.000112453112416669,-0.00051407137104763,-0.000216873859660719,-0.000286487691156752,-0.000243648410236116,-0.000235616045063497,-0.000262390595638895,-0.000524781191277789,-0.000597072477831362,0.000358778977710325,-0.0109748882808554,-0.000323972061962309,-0.00401886004136715,-0.00106294965784328,-0.000267745505753974,0.000744332505996048,0.001617182854754,-0.00352085340066476,-0.000168679668625004,-0.000465877180011915,-0.000323972061962309,-0.000281132781041673,0.000918367084736131,0.000249003320351196,0.000345391702422627,-0.000979948551059545,0.00185012144475996,0.0012664362422163,0.000913012174621051,-0.00235348299557743,-0.00051942628116271,-0.000246325865293656,-0.000120485477589288,-0.00072291286553573,-0.000431070264263898,-0.000251680775408736,-0.000219551314718259
-0.000214246375576019,-0.000309466986943138,-0.000288306851083778,-0.000245986579365058,-0.000111090713261639,-0.000169281086874879,-0.000179861154804559,-0.000447007870028977,-0.000243341562382638,-0.000230116477470538,-3.70302377538798e-05,-2.64501698241998e-05,-0.000137540883085839,-0.000423202717187197,-0.000177216137822139,-0.000296241902031038,-0.000161346035927619,-0.000195731256699079,-0.000251276613329898,-0.000507843260624637,-0.000423202717187197,-0.000621578990868696,-0.000391462513398157,-0.00189912219337755,-0.00805143169448643,-0.0056920765461678,0.0148835105600772,-0.000407332615292677,-0.00167958578383669,-0.00361044818100328,-0.000243341562382638,-0.000134895866103419,-7.93505094725995e-06,0.00149972462903213,0.000819955264550195,-0.000716799602235815,0.00142037411955953,0.000285661834101358,-0.00129870333836821,0.000150765967997939,-0.000928400960829414,-0.000841115400409554,-0.000536938447431256,-0.00213981873877777,0.000259211664277158,-0.00188060707450061,-0.000470813022870757,-0.000230116477470538,-0.000166636069892459
-0.000172587312556428,-0.000305950235895485,-0.00022227153889843,-0.000175202271837586,-0.000135977882620216,-0.000253651050272326,-0.000266725846678115,-0.000376554136486751,-0.000439313159234543,-0.000198736905368008,-8.62936562782138e-05,-7.32188598724239e-05,-0.000230116416741904,-0.000193506986805692,-0.000251036090991168,-0.00020919674249264,-0.000154282597588322,-0.000253651050272326,-0.000274570724521589,-0.000431468281391069,-0.000520376896950441,-0.000980609730434248,0.0128655996632973,-0.00246067668356967,-0.00242406725363346,-0.00342298169903582,0.0124864305675294,0.000760953150816977,-0.00306211731823601,-0.00123164582142542,-0.000266725846678115,-6.01440634666339e-05,-0.000115058208370952,-0.00198998401296123,-0.00223840514467124,-0.000135977882620216,-0.00235869327160451,-0.000515146978388125,-0.002764011960184,-0.0021416516512684,-0.0012264159028631,0.00182262661896712,0.000630205186759077,0.000397473810736015,-0.000753108272973502,0.000541296571199705,5.22991856231599e-05,-0.000190892027524534,-0.000240576253866536
-0.000258728712551238,-0.000170760950283817,-0.000206982970040991,-7.76186137653715e-06,-0.000240617702672652,-0.000201808395789966,-0.000318236316438023,-0.000310474455061486,-0.000463124395466716,-0.000175935524534842,-0.000131951643401131,-3.62220197571734e-05,-0.000196633821538941,-0.000287188870931874,-0.000315649029312511,-0.000160411801781768,-0.000258728712551238,-0.00032599817781456,-0.000269077861053288,-0.000455362534090179,-0.000589901464616823,-0.000675281939758732,0.00508143191450632,-0.00179557726510559,0.00649150339791057,0.00413189753944327,-0.0123051375689369,0.00112029532534686,0.00355751979757953,0.00190683061150263,-0.000672694652633219,-0.000232855841296114,-0.000584726890365798,-0.000675281939758732,-6.20948910122972e-05,-0.000292363445182899,-0.000124189782024594,-0.000452775246964667,0.00195081449263634,-0.000496759128098377,0.000812408157410888,-0.000209570257166503,-0.000514870137976964,0.00216297203692835,-0.000393267643077882,0.000931423365184458,7.76186137653715e-06,-0.000199221108664453,-0.000310474455061486
-0.000304878627937102,-0.000163968337714072,-0.000284382585722843,-0.000197274406312242,-0.000204960422142589,-0.000166530342990854,-0.000320250659597796,-0.000325374670151361,-0.000327936675428143,-0.000263886543508584,-8.45461741338182e-05,-5.89261213659945e-05,-0.000112728232178424,-0.000353556728195967,-0.000269010554062149,-0.000251076517124672,-0.000271572559338931,-0.000217770448526501,-0.000179340369374766,-0.000543145118677862,-0.000476532981481521,-8.45461741338182e-05,-0.0108347203155126,0.00119901846953415,0.00600790237405465,0.00411714247978927,-0.0162917915550591,-0.000707113456391934,0.00420681266447665,0.00249026912903246,-0.00163199736131037,-5.63641160892121e-05,-0.000240828496017543,0.0012067044853645,0.00138348284946248,-0.00076860158303471,0.00162174934020324,-0.000538021108124297,0.00125794459090014,0.000655873350856286,-0.000463722955097609,-0.00229811873327378,-0.000896701846873829,-0.00189075989426539,0.000471408970927956,-0.00143216094972134,-0.000635377308642027,-0.000317688654321014,-0.000284382585722843
-0.000312311524453588,-0.000180277384034185,-0.000251372690413863,-0.000264068280838806,-8.37908968046211e-05,-0.000162503557439265,-0.000271685635093771,-0.000286920343603703,-0.000327546232963519,-0.000129495022334414,5.07823616997704e-06,-4.82432436147818e-05,-6.09388340397244e-05,-0.000314850642538576,-0.000208207682969058,-0.000332624469133496,-0.000238677099988921,-0.000192972974459127,-0.000208207682969058,-0.000512901853167681,-0.000388485067003243,0.000248833572328875,-0.00942520633147738,0.00331354910091002,-0.00148538407971828,-0.0035166785477091,0.00504776675295717,-0.00173421765204716,-0.00428095309129064,-0.000114260313824483,-0.00206176388501068,0.000284381225518714,0.000106642959569518,-0.000992795171230511,-0.00193480798076125,8.88691329745981e-05,-0.00219379802543008,-0.000284381225518714,-0.00336687058069477,-0.000540832152102554,-0.00106389047761019,0.000820135141451291,0.000401180657428186,-0.00227251068606472,-1.52347085099311e-05,-0.000825213377621268,-0.000396102421258209,-0.00020566856488407,-0.000228520627648967
-0.000193934470585571,-0.000274530614205549,-0.000168748175704328,-0.000138524621846837,-0.000115856956453718,-0.00014608051031121,-0.000284605132158046,-0.000352608128337403,-0.000402980718099889,-1.76304064168701e-05,-3.2742183345616e-05,-5.54098487387347e-05,-0.000143561880823085,-0.000272011984717425,-0.000171266805192453,-0.000244307060348057,-0.000236751171883685,-0.000254381578300555,-0.00025186294881243,-0.000460909196326748,-0.000294679650110544,-3.52608128337403e-05,0.00544527695332475,-0.000954560575999111,-0.00430433779520444,-0.00830895868132208,0.013290807808832,-0.00232217638805061,-0.00692371246285371,-0.001823487749402,-0.000370238534754273,-4.28167012981132e-05,-0.000413055236052386,-0.00111827149272719,-0.000808480065687902,-0.000173785434680577,-0.000536468080970477,0.000634694631007325,-0.000808480065687902,-0.00129961281587214,-0.000261937466764928,0.000589359300221087,0.000309791427039289,0.00183356226735449,-0.0010880479388697,0.000939448799070365,7.30402551556048e-05,-0.000148599139799334,-0.000209046247514317
-7.25157473328771e-05,-0.000340073849561079,-0.000247553758136373,-0.000195042354895325,-0.000212546155975674,-0.000120026064550969,-0.000365079279675864,-0.000382583080756213,-0.00042259176893987,-0.000100021720459141,-0.000132528779608362,-9.25200914247052e-05,-0.00022004778501011,-0.000367579822687342,-0.000215046698987153,-0.000205044526941239,-0.000247553758136373,-0.000230049957056024,-0.000212546155975674,-0.000522613489399011,-8.00173763673126e-05,-0.000717655844294335,0.0110498995677236,-0.00567623263605624,-0.00190791431775811,-0.00370330419999969,0.00501358873801443,-0.00349575913004697,-0.00461350185617787,-5.25114032410489e-05,0.00335822926441565,-0.00054011729047936,-0.000567623263605624,0.000365079279675864,0.00139030191438206,-0.00170286979081687,0.00206794907049274,-0.00108773620999316,0.00235051043078981,-7.75168333558341e-05,-0.000352576564618471,-0.00169536816178244,-0.000612633037812237,0.000732659102363206,-0.000645140096961458,-0.00013502932261984,-0.000280060817285594,-0.000305066247400379,-0.00022004778501011
-0.000164000876623895,-0.000285759103208301,-0.0002683650708391,-0.000139152258953608,-0.000129212811885493,-0.000106849055982234,-0.000293213688509387,-0.00030812285911156,-0.000427396223928938,-0.00015406142955578,-6.21215441757177e-05,-0.000111818779516292,-9.44247471470909e-05,-0.000300668273810474,-0.000246001314935842,-0.000246001314935842,-0.000216182973731498,-0.000241031591401785,-0.000248486176702871,-0.000417456776860823,-0.000233577006100698,-0.000874671341994105,0.00155303860439294,-0.00252958927883522,0.000601336547620947,0.00436590212466944,-0.00480323779566649,-0.00276813600846998,-0.00348129133560722,0.00195558621065159,0.00439572046587378,-0.000357820094452134,-0.000131697673652521,-0.000464669150434368,-0.00137164369539985,0.000767822286011871,-0.00190340411354399,-0.00164994821330706,-0.000723094774205354,0.00017394032369201,0.000278304517907215,0.000161516014856866,-0.000514366385774942,-0.00211710222550846,0.000854792447857875,-0.00108091486865749,-0.000509396662240885,-0.000246001314935842,-0.00023109214433367
-0.000308948556613215,-0.000195255487779552,-0.000259516787555101,-0.000150766895627249,-8.15624189458888e-05,-0.000190312310873741,-0.000284232672084158,-0.000343550794953895,-0.00047948815986371,-0.000163124837891778,3.21306498877744e-05,-0.000106278303474946,-8.40340073987945e-05,-0.000229857726120232,-0.000177954368609212,-0.000227386137667326,-0.000158181660985966,-0.000229857726120232,-0.000350965560312612,-0.000363323502577141,-0.000800794658741453,-0.000486902925222427,-0.00836632691308586,0.00239002603395983,0.00292636072824037,0.00508652903607997,-0.00926598510994355,-5.93181228697373e-05,0.00148789624864924,0.00171281079786366,0.000192783899326646,2.47158845290572e-06,-0.000133465776456909,-0.000654970940020016,-0.000672272059190356,0.00140633382970336,-0.000667328882284545,0.00186110610503801,-0.0027632358903486,-0.00132477141075747,-0.000175482780156306,0.000484431336769521,0.000570936932621221,-0.000200198664685363,0.000264459964460912,-0.000111221480380757,-0.00012110783419238,-0.000111221480380757,-0.000286704260537064
-0.000332197922645478,-0.000194397302881428,-0.00027806196488103,-0.000201779478940216,-0.000150104246528697,-0.000169790049352133,-0.000253454711351735,-0.000371569528292349,-0.00036910880293942,-0.000113193366234755,-4.92145070585893e-06,-0.000115654091587685,-9.84290141171786e-05,-0.000361726626880631,-0.000191936577528498,-0.000209161654999005,-0.00022884745782244,-0.000310051394469113,-0.000339580098704266,-0.000359265901527702,-0.000664395845290956,7.87432112937429e-05,-0.00463600656491911,0.00222695644440117,0.00356313031104187,-0.000925232732701479,0.000260836887410523,0.000824342993231371,0.00521181629750461,0.000246072535292947,-0.00200056971193166,-1.96858028234357e-05,-0.000305129943763254,0.000204240204293146,0.000637327866408732,-0.00255177219098786,0.00151334609205162,1.47643521175768e-05,0.00107779770458311,-0.000425705486056798,-0.00180125095834437,-0.000642249317114591,0.000497066521291752,0.00135585966946414,-0.00159947147940415,0.000233768908528299,-0.000103350464823038,-0.000177172225410922,-0.000250993985998806
-0.000220704690259437,-0.000333509309725371,-0.000208443318578357,-0.000181468300879981,-0.000252584256630244,-0.00013977963716431,-0.000198634221233493,-0.000318795663708075,-0.000286916097337268,-0.000147136460172958,-6.13068584053991e-05,-0.000117709168138366,-0.000105447796457286,-0.000416886637156714,-0.000198634221233493,-0.000149588734509174,-0.000301629743354564,-0.0002918206460097,-0.000308986566363212,-0.00040707753981185,0.000549309451312376,0.000348222955742667,0.00475741221225897,0.000424243460165362,0.000294272920345916,-0.00374462291140178,0.00778597101748569,-0.00100543247784855,-0.000507620787596705,-0.000720968654847494,0.000429148008837794,-0.000129970539819446,-0.000250131982294028,-0.000659661796442095,-0.000738134575201005,-0.00101033702652098,-0.00192258307959332,-0.00287406552204511,0.00124085081412528,0.000397268442466986,0.000586093566355616,-0.00083867782298586,-0.00106673933625394,-0.000779823238916677,-0.000411982088484282,-0.000605711761045343,-0.000380102522113475,-0.000313891115035644,-0.000159397831854038
-0.000154112921981912,-0.000327795738818669,-0.00018346776426418,-0.000181021527407325,-0.000225053790830728,-0.000112526895415364,-0.000237284975115007,-0.000362043054814649,-0.000344919396816659,-8.56182899899508e-05,-8.80645268468066e-05,-4.89247371371148e-05,-0.000141881737697633,-0.000320457028248102,-0.000212822606546449,-0.000251962396256141,-0.000207930132832738,-0.000259301106826708,-0.000251962396256141,-0.000501478555655426,0.000941801189889459,-0.000242177448828718,0.0040289521032414,-0.00123534961271215,-0.00263459709483363,-0.000968709795314872,-0.00325594125647499,-0.00248048417285172,-0.00573642542932671,0.000667822661921616,0.000765672136195846,-6.60483951351049e-05,-0.000215268843403305,-0.00129161306041983,-0.000437876397377177,0.00191540345891804,-3.91397897096918e-05,0.000880645268468066,-0.00178086043179098,-0.000932016242462036,0.00024706992254243,-0.000273978527967843,-0.00106411303273225,-0.00175150558950871,0.001492204482682,-0.000384059186526351,-0.000318010791391246,-0.000220161317117016,-0.000229946264544439
-0.00029067106048597,-0.000276015376763989,-0.00022960571164438,-0.000195409116293089,-0.000109917627914863,-7.57210325635721e-05,-0.000334638111651915,-0.000329752883744588,-0.000368834707003206,-3.41965953512906e-05,-1.46556837219817e-05,-3.1753981397627e-05,-0.000190523888385762,-0.000195409116293089,-0.000166097748849126,-0.00025647446513468,-0.000188081274432098,-0.000310211972115279,-0.000197851730246753,-0.000393260846539842,-0.000488522790732723,-0.000989258651233764,-0.000928193302392174,-0.00316807029790171,-0.000669276223303831,0.00218125426062161,-0.00835373972152957,-0.00180509171175741,-0.00263558045600304,0.0031753981397627,-0.000368834707003206,-2.19835255829725e-05,-0.000310211972115279,-0.000390818232586179,0.000595997804693922,-0.000730341572145421,0.00178310818617444,0.00110161889310229,-0.00100635694890941,-0.000356621637234888,-0.00158525645592769,0.000818275674477311,0.00132633937683934,0.000683931907025812,-0.000488522790732723,0.000271130148856661,-7.57210325635721e-05,-3.66392093049542e-05,-0.000315097200022606
-0.00019287109375,-0.00024169921875,-0.00025634765625,-0.000205078125,-0.000107421875,-0.00010498046875,-0.000283203125,-0.0002880859375,-0.00042724609375,-0.00017822265625,-1.46484375e-05,-9.033203125e-05,-0.0001806640625,-0.00023681640625,-0.000146484375,-0.00015625,-0.00018310546875,-0.00020263671875,-0.00030029296875,-0.0002880859375,-0.00162109375,-0.000673828125,-4.8828125e-05,-0.00192626953125,0.002626953125,0.00290771484375,0.00016845703125,-0.000537109375,0.0016162109375,0.0027685546875,-0.00010498046875,-9.521484375e-05,-0.000361328125,0.00066162109375,-0.00122314453125,-0.00126220703125,-0.0017724609375,-0.0011181640625,0.00059326171875,-0.0005029296875,0.00036865234375,-0.00012451171875,0.0005615234375,0.001064453125,-0.0016748046875,-0.00047119140625,-0.00011474609375,-0.00017822265625,-0.0002392578125
