Label,Split,Archive,ArchiveMember,SourceLabel,SourceRelativeFile,OffsetSamples,Kind,IsSourceByteCopy,SampleRate,Channels,Samples,SHA256
down,train,01_down.zip,down/train/b3bb4dd6_nohash_2.wav,down,down/b3bb4dd6_nohash_2.wav,0,file,1,16000,1,16000,14f8a71094e4f1aec127cd8048c47d24496941d413be4e7cc575ac044bd1e1ad
down,train,01_down.zip,down/train/f2898d06_nohash_4.wav,down,down/f2898d06_nohash_4.wav,0,file,1,16000,1,16000,3ba163673c3920e41820582eabc1af32e171067fe236607dc3aa1cd185b9f06a
down,train,01_down.zip,down/train/c4500713_nohash_1.wav,down,down/c4500713_nohash_1.wav,0,file,1,16000,1,16000,e50faee6301ec1abf8e4cc17dc89d8343099f8475138b55f1df03bfc6ae796af
down,train,01_down.zip,down/train/7f74626f_nohash_2.wav,down,down/7f74626f_nohash_2.wav,0,file,1,16000,1,16000,9a3d0f8fe9865955576995484464b9d777dc8ff030ec8806a53ab60863596361
down,train,01_down.zip,down/train/71904de3_nohash_0.wav,down,down/71904de3_nohash_0.wav,0,file,1,16000,1,16000,db3d3af0d6c185a9878a11ce74ea48a57dddb7882f0816d8480229520552bb2a
down,train,01_down.zip,down/train/c4e00ee9_nohash_0.wav,down,down/c4e00ee9_nohash_0.wav,0,file,1,16000,1,16000,66e30c2e40c77eb6ee914385e774ba7a8aa3c802cd7be60399833b7aab3abbb4
down,train,01_down.zip,down/train/e76dd1ce_nohash_0.wav,down,down/e76dd1ce_nohash_0.wav,0,file,1,16000,1,14861,e43a663c93076da8d724cb34093a037d29e3d1dcfc328df63b943ae625a8c511
down,train,01_down.zip,down/train/9151f184_nohash_0.wav,down,down/9151f184_nohash_0.wav,0,file,1,16000,1,16000,54aacde9fb8a1ec85d0bd8f30c1a33aab316890fba6bcedac054658b02142758
down,train,01_down.zip,down/train/f68160c0_nohash_2.wav,down,down/f68160c0_nohash_2.wav,0,file,1,16000,1,16000,ec7c8b9a56ff5ffc502411979904932365a586909b4c352b7ede25517ca8a1e5
down,train,01_down.zip,down/train/a55105d0_nohash_0.wav,down,down/a55105d0_nohash_0.wav,0,file,1,16000,1,16000,d60c01544049a228ccdebfb940e7516cd2bfd5703cb92f946c8b1571f67b7f8b
down,train,01_down.zip,down/train/878befa7_nohash_2.wav,down,down/878befa7_nohash_2.wav,0,file,1,16000,1,16000,e46516f371f436d5958ef4d784017771018e7edab0a05cc07d97a67528114216
down,train,01_down.zip,down/train/b5552931_nohash_1.wav,down,down/b5552931_nohash_1.wav,0,file,1,16000,1,16000,038c6b8378138467fcf82e400c7cecccbfdf37847fa49f02cc452cb807554b63
down,train,01_down.zip,down/train/6ef76186_nohash_3.wav,down,down/6ef76186_nohash_3.wav,0,file,1,16000,1,16000,3790285b2c44019a54e79ec35125f8dee3f83280aeb71abe1a0f171b83dfa254
down,train,01_down.zip,down/train/beb49c22_nohash_2.wav,down,down/beb49c22_nohash_2.wav,0,file,1,16000,1,16000,1258cfe8ed14719289213c1978524bd2275fea0cd8b729b79f08ddd9ee236f3d
down,train,01_down.zip,down/train/52162b51_nohash_2.wav,down,down/52162b51_nohash_2.wav,0,file,1,16000,1,16000,c996d4d18c47b11e58b5112548b9520f3e5a02f13de858c622cd8441fdd8317b
down,train,01_down.zip,down/train/ffd2ba2f_nohash_2.wav,down,down/ffd2ba2f_nohash_2.wav,0,file,1,16000,1,16000,098178224f366adea43d40087f51423b5d730cfbc8f9900a9ea93d688bdba3ad
down,train,01_down.zip,down/train/333d7ddb_nohash_0.wav,down,down/333d7ddb_nohash_0.wav,0,file,1,16000,1,16000,b800ffdbc53f233bae3008c9229697e80caf60d016c7815afad49a48cb76c277
down,train,01_down.zip,down/train/f19c1390_nohash_3.wav,down,down/f19c1390_nohash_3.wav,0,file,1,16000,1,16000,39a14124b735731597223b67867b8d6405b1e8f3e874d6bd44a5ea673fb3aded
down,train,01_down.zip,down/train/f9bdf10e_nohash_0.wav,down,down/f9bdf10e_nohash_0.wav,0,file,1,16000,1,16000,f8ae673e418c46a48138621463c6b3f182a3888132f88c780800c9fda3ff87b1
down,train,01_down.zip,down/train/6a2fb9a5_nohash_0.wav,down,down/6a2fb9a5_nohash_0.wav,0,file,1,16000,1,16000,2bfbae23b19d7b19540f79e44d6032dc7db15646e92b735296666c816626f213
down,train,01_down.zip,down/train/31267b59_nohash_0.wav,down,down/31267b59_nohash_0.wav,0,file,1,16000,1,15702,18f5d995bc5a00344982bb708b696078bb1a67b8262a6b018b104af6bcde11fb
down,train,01_down.zip,down/train/4254621e_nohash_0.wav,down,down/4254621e_nohash_0.wav,0,file,1,16000,1,12288,0fec279ac13beef2679b300cc2a1accca45d51317e8308ba9eeac2069cc14ce0
down,train,01_down.zip,down/train/dabd70c2_nohash_0.wav,down,down/dabd70c2_nohash_0.wav,0,file,1,16000,1,16000,18bc146f3debe0ec1fd39a56a03d82603eeb9b343f7c49a661529e2740b8044b
down,train,01_down.zip,down/train/00176480_nohash_0.wav,down,down/00176480_nohash_0.wav,0,file,1,16000,1,16000,68d8077e68d9c2c02a9eb744061e934f514fc523aa90ee63fd56bfec0227e65d
down,train,01_down.zip,down/train/bd76a7fd_nohash_1.wav,down,down/bd76a7fd_nohash_1.wav,0,file,1,16000,1,16000,b378948a72f96de1d3505e3c05448ed2f447c14daf4ee45ad83f9b6c0127138e
down,train,01_down.zip,down/train/ed032775_nohash_2.wav,down,down/ed032775_nohash_2.wav,0,file,1,16000,1,16000,25de660565abb26576edca3f0ce3ab97632d8793e8668a07c7472fab99578801
down,train,01_down.zip,down/train/274c008f_nohash_0.wav,down,down/274c008f_nohash_0.wav,0,file,1,16000,1,16000,3d7888cc880b3e1ecc5a6398d6354285932dc4ae980125b21da525d64dd3a86c
down,train,01_down.zip,down/train/e9287461_nohash_0.wav,down,down/e9287461_nohash_0.wav,0,file,1,16000,1,16000,afda2263afaabed243fd459b60fa5190a2899ae108e32a2bcfc14bb75bdca846
down,train,01_down.zip,down/train/1daa5ada_nohash_0.wav,down,down/1daa5ada_nohash_0.wav,0,file,1,16000,1,14118,b11417c47e86bb586666b297323c0af034eb39198230c07ddca3348907627a59
down,train,01_down.zip,down/train/b6d11c9b_nohash_0.wav,down,down/b6d11c9b_nohash_0.wav,0,file,1,16000,1,12288,c444686d7997188f07b2e9197817d96bb7240e4a466c8ff1b4429a9d7c0b3d0f
down,train,01_down.zip,down/train/31e686d2_nohash_0.wav,down,down/31e686d2_nohash_0.wav,0,file,1,16000,1,16000,9ede55648a5184b2c7929302526d9650fe0518a8e7016f533399e88980e75642
down,train,01_down.zip,down/train/4bb1244f_nohash_0.wav,down,down/4bb1244f_nohash_0.wav,0,file,1,16000,1,16000,8331ff1239cec8f98ba3bbd9577eb61b5306192dcac84be41fd47d9242b111a4
down,train,01_down.zip,down/train/4b25f620_nohash_0.wav,down,down/4b25f620_nohash_0.wav,0,file,1,16000,1,16000,eaa0ee05e7995cb2c786e0023f051c80fedb0e7c0e63c58e2e5dbd6aef8cf8df
down,train,01_down.zip,down/train/0ff728b5_nohash_1.wav,down,down/0ff728b5_nohash_1.wav,0,file,1,16000,1,16000,cd1abc97f08e35f10d9ea7c2bb30a30be55058ccdde99efc4f44657a1a9c7adf
down,train,01_down.zip,down/train/27c24504_nohash_1.wav,down,down/27c24504_nohash_1.wav,0,file,1,16000,1,16000,e85fa211291dceb6a5804fe6e85559af969fbad7099ccdb51e31b9f1d245f9ec
down,train,01_down.zip,down/train/6ef407da_nohash_4.wav,down,down/6ef407da_nohash_4.wav,0,file,1,16000,1,16000,d8baf52e3d63d7b8465a08aede57dbd082f0430209e48e793330498f821b8f1a
down,train,01_down.zip,down/train/61ab8fbc_nohash_3.wav,down,down/61ab8fbc_nohash_3.wav,0,file,1,16000,1,16000,587b451bef9ab1e623849c76514284de8e260d99852e48345e892047c20bf57e
down,train,01_down.zip,down/train/c0cb43d6_nohash_0.wav,down,down/c0cb43d6_nohash_0.wav,0,file,1,16000,1,8192,783401b39388347e242ff37ee587e171cfdf6a85f4804585454a20e7ff410ab4
down,train,01_down.zip,down/train/f736ab63_nohash_3.wav,down,down/f736ab63_nohash_3.wav,0,file,1,16000,1,16000,0b0f87502083578e048c0d2b7b1d258bce130ef8873295709499928845fe0c0b
down,train,01_down.zip,down/train/d98dd124_nohash_3.wav,down,down/d98dd124_nohash_3.wav,0,file,1,16000,1,16000,dd019496e81f45a71bb9b2b3fdcc0d1c2400f9cd4dd6eeb31cd161cd9e794448
down,train,01_down.zip,down/train/3dfd6c23_nohash_1.wav,down,down/3dfd6c23_nohash_1.wav,0,file,1,16000,1,16000,74e4d53b8099ee924fc872e7538cd5156dad58895d66d491e2c8535b7b1ab45a
down,train,01_down.zip,down/train/3b195250_nohash_2.wav,down,down/3b195250_nohash_2.wav,0,file,1,16000,1,16000,ca6925dac9aeee0fbcddb158c0bd453a50f360a7ba1ca7eeeb903f41fd70eb18
down,train,01_down.zip,down/train/6565a81d_nohash_2.wav,down,down/6565a81d_nohash_2.wav,0,file,1,16000,1,16000,e43426c3d29e1acef6c5bc3b10b6dbd755e6bed8547976473b5008e5d558a9ff
down,train,01_down.zip,down/train/1a994c9f_nohash_3.wav,down,down/1a994c9f_nohash_3.wav,0,file,1,16000,1,16000,1e33f973c62b94ab899fe69206f3101be95fb82b062403e74eb4daa0ce48fbd4
down,train,01_down.zip,down/train/97f493b9_nohash_0.wav,down,down/97f493b9_nohash_0.wav,0,file,1,16000,1,10923,e3bad4f7eb441f5a4b248c187cd5597e3cf0f7adcab524452b5db9fb41ed3c9c
down,train,01_down.zip,down/train/0717b9f6_nohash_1.wav,down,down/0717b9f6_nohash_1.wav,0,file,1,16000,1,16000,6eec55c3f6e955f813701574eb09473699da54bc895fbbef3b733ebd0e50a133
down,train,01_down.zip,down/train/b544d4fd_nohash_0.wav,down,down/b544d4fd_nohash_0.wav,0,file,1,16000,1,16000,5639dc707f559fb2b9e6c6ead8ba2441445c0d74fd1c88a6e435223099aa1cb7
down,train,01_down.zip,down/train/651d108f_nohash_2.wav,down,down/651d108f_nohash_2.wav,0,file,1,16000,1,16000,cccf7d902d428a9113ea1dfc73c27552d3dbf3ac1e759ab3beb787a4bf71f6cd
down,train,01_down.zip,down/train/8d4cdc60_nohash_1.wav,down,down/8d4cdc60_nohash_1.wav,0,file,1,16000,1,12288,a57efd06aace860b0f4df5ced58b0aa67db04dee664e27f7ba1029f92b7ddd2e
down,train,01_down.zip,down/train/3143fdff_nohash_0.wav,down,down/3143fdff_nohash_0.wav,0,file,1,16000,1,16000,886de193d9cb9e2c00437c1884f45ed6376f93288a3da7ea82fd4084fe54ccae
down,train,01_down.zip,down/train/113b3fbc_nohash_1.wav,down,down/113b3fbc_nohash_1.wav,0,file,1,16000,1,16000,4d02c2ba2cd5da3328a32f86f527351c5a5d2b8fce417baf2c981726d479e7ac
down,train,01_down.zip,down/train/fa57ab3b_nohash_0.wav,down,down/fa57ab3b_nohash_0.wav,0,file,1,16000,1,16000,2d2136072d585fc5ddd0cec1491710228adcb5a106c34f00774738d159bd2371
down,train,01_down.zip,down/train/5d9bb361_nohash_1.wav,down,down/5d9bb361_nohash_1.wav,0,file,1,16000,1,16000,178c1c07dfdae11ebbbe83145d52c885679f6a194f273d0f2a8ed10a7cc7d2b5
down,train,01_down.zip,down/train/a56859ea_nohash_0.wav,down,down/a56859ea_nohash_0.wav,0,file,1,16000,1,16000,1da1966f55bde81e2b957d8df8e7b645c67fa2748cb4f63923feede52382a7c1
down,train,01_down.zip,down/train/3291330e_nohash_3.wav,down,down/3291330e_nohash_3.wav,0,file,1,16000,1,16000,c75546ca2b35ec193010c98360e7d6138fb6be95aae0386fa481092285ca93d9
down,train,01_down.zip,down/train/e9b61425_nohash_0.wav,down,down/e9b61425_nohash_0.wav,0,file,1,16000,1,15019,877aca786a8ece45bac9d5e05c64e4bc28154d560b0e4f78ca5774b0b4e57ba3
down,train,01_down.zip,down/train/b8874962_nohash_0.wav,down,down/b8874962_nohash_0.wav,0,file,1,16000,1,16000,d18aa810000b0eacebdb57e6cb62d8b357be00d319d6d139ccb863e08432272f
down,train,01_down.zip,down/train/050170cb_nohash_4.wav,down,down/050170cb_nohash_4.wav,0,file,1,16000,1,16000,637adb918977e4d9ed18a5cc03fa5c67977ea8fe277969819be58d5c56587f6e
down,train,01_down.zip,down/train/90735d8b_nohash_0.wav,down,down/90735d8b_nohash_0.wav,0,file,1,16000,1,16000,eb23f434d3a6c37ba4d779ccaf5a39a46e97f83431eb04cb3cd01f48534f4cc3
down,train,01_down.zip,down/train/a489191a_nohash_4.wav,down,down/a489191a_nohash_4.wav,0,file,1,16000,1,16000,83dd0329635f17982175666cba93c1d1cc01cdecc3adb03df347c516b16b0a0b
down,test,01_down.zip,down/test/283d7a53_nohash_1.wav,down,down/283d7a53_nohash_1.wav,0,file,1,16000,1,15019,9254fda6252f5f690a0e5f4bb46f65043bc953f3691a35276e8fefe4fe3670fe
down,test,01_down.zip,down/test/837a0f64_nohash_0.wav,down,down/837a0f64_nohash_0.wav,0,file,1,16000,1,16000,379c77b6c07ff7a6aa4b0139bd9da19438028979d657fd15b5638434764f6fbd
down,test,01_down.zip,down/test/5ff3f9a1_nohash_0.wav,down,down/5ff3f9a1_nohash_0.wav,0,file,1,16000,1,16000,8d93fe64c7b5729a86ca86173104d366a25719c8011d4899c16ca59e5bf02ef7
down,test,01_down.zip,down/test/b49caed3_nohash_0.wav,down,down/b49caed3_nohash_0.wav,0,file,1,16000,1,16000,f3bcc8ca1c3ce1637ac28d0dacaf01f857a1520d15ac63ad249b79ed314a6957
down,test,01_down.zip,down/test/d962e5ac_nohash_3.wav,down,down/d962e5ac_nohash_3.wav,0,file,1,16000,1,16000,71354ad2e40204a4e47e12cd0d0ef16b86b9ed82bdd8ef156fdfdadc0d7bdfe4
down,test,01_down.zip,down/test/893705bb_nohash_4.wav,down,down/893705bb_nohash_4.wav,0,file,1,16000,1,16000,c4dcb23a99ad23eca592f0ad37bee1a8bdcf00e5a43c23a56325716c2fab1f94
down,test,01_down.zip,down/test/5744b6a7_nohash_1.wav,down,down/5744b6a7_nohash_1.wav,0,file,1,16000,1,16000,3276c18d99d59742e28cfa87930a40c8e769cbc165f3d601183fd752d798f496
down,test,01_down.zip,down/test/5e3dde6b_nohash_1.wav,down,down/5e3dde6b_nohash_1.wav,0,file,1,16000,1,16000,bf9c609e0bbbb54fb0055a97c95717274b456aea10cba359b464b5b8575abe7c
down,test,01_down.zip,down/test/4c6167ca_nohash_1.wav,down,down/4c6167ca_nohash_1.wav,0,file,1,16000,1,16000,fc779969aa83ebe825ce76d08e44c90438383442a3844a568b5bf631cac07460
down,test,01_down.zip,down/test/8ea6dec6_nohash_1.wav,down,down/8ea6dec6_nohash_1.wav,0,file,1,16000,1,14336,590b20b4d5a1a8b4f43aea4c659804228252beb19f19b8e4c49559ba8ebba81b
down,test,01_down.zip,down/test/aa233654_nohash_0.wav,down,down/aa233654_nohash_0.wav,0,file,1,16000,1,16000,19cdbbbf75ea5ddf50971512479f8dcb6a19353f18478810dd4a652340ddb802
down,test,01_down.zip,down/test/adebe223_nohash_1.wav,down,down/adebe223_nohash_1.wav,0,file,1,16000,1,16000,03c26f46bf06c44c99e617126121f20e709b9353f8aa7cc0a6d701fa23182091
down,test,01_down.zip,down/test/9a69672b_nohash_4.wav,down,down/9a69672b_nohash_4.wav,0,file,1,16000,1,16000,6b4c1dd12b3958c6f5b958a93de5168d36da687ef12750e5820af4c04bc7855e
down,test,01_down.zip,down/test/e0c782d5_nohash_3.wav,down,down/e0c782d5_nohash_3.wav,0,file,1,16000,1,16000,e15ca6259ec62c0799cdf67ec3dcec79d4cb34d3928614d66ca0238b962875cb
down,test,01_down.zip,down/test/95ba4996_nohash_2.wav,down,down/95ba4996_nohash_2.wav,0,file,1,16000,1,15702,89c2bce0881e8ae68d312940e49d72d906d7cd6f2b8c37cf702de80d2d0f6a1a
down,test,01_down.zip,down/test/d962e5ac_nohash_2.wav,down,down/d962e5ac_nohash_2.wav,0,file,1,16000,1,16000,e8b16e852f9d04fad01ad482cb6d0409ba6b1c0b6a362c6b31baae4e560b6052
down,test,01_down.zip,down/test/8fe67225_nohash_2.wav,down,down/8fe67225_nohash_2.wav,0,file,1,16000,1,16000,feeef651235cb2ab289852b00b46348b153181f3c5f19f0382c6f7c10fce7a95
down,test,01_down.zip,down/test/9a7c1f83_nohash_1.wav,down,down/9a7c1f83_nohash_1.wav,0,file,1,16000,1,16000,99df1ba8f70aa3ebe3cf71ca56434c26b55c8db9bceb70aec60da94998b17f1e
down,test,01_down.zip,down/test/fb7eb481_nohash_2.wav,down,down/fb7eb481_nohash_2.wav,0,file,1,16000,1,16000,b984573298c2952b61648cd7800726d052de3c59dab6302f3efd29052102cbec
down,test,01_down.zip,down/test/9a7c1f83_nohash_0.wav,down,down/9a7c1f83_nohash_0.wav,0,file,1,16000,1,16000,5037c088a5f80a97348d9255800abbed24f7f8f989487c8ce5f26e035621f74d
go,train,02_go.zip,go/train/65d844fc_nohash_0.wav,go,go/65d844fc_nohash_0.wav,0,file,1,16000,1,16000,f827def3b75f330a113de14b06b2ee9c78ac9b4a975deb8bff2acbbbbe25328c
go,train,02_go.zip,go/train/3852fca2_nohash_1.wav,go,go/3852fca2_nohash_1.wav,0,file,1,16000,1,16000,45f3b5f66fd75c183160b7f56ad76474003b97ef846535b83e1fb6f4b340daf8
go,train,02_go.zip,go/train/72e382bd_nohash_0.wav,go,go/72e382bd_nohash_0.wav,0,file,1,16000,1,16000,de4e16a3fd443ddb813d2a72bd129183d85416225dbe950ec499c34d5eab7fff
go,train,02_go.zip,go/train/ec989d6d_nohash_0.wav,go,go/ec989d6d_nohash_0.wav,0,file,1,16000,1,16000,aff5c13d2f752bee73fe084b4b25a76ed47a15af04c28b25f4b57ec2bbbb6f6c
go,train,02_go.zip,go/train/a16013b7_nohash_2.wav,go,go/a16013b7_nohash_2.wav,0,file,1,16000,1,16000,4aec7f90261393f03874c68552916148bfdd8f70c52985a25354ee6163d675b4
go,train,02_go.zip,go/train/7c2a3fa4_nohash_1.wav,go,go/7c2a3fa4_nohash_1.wav,0,file,1,16000,1,16000,09d1bb731274fd5eb9da1770fbc2ce3c8d804561fb41b97ac555fc5bc119a77b
go,train,02_go.zip,go/train/cdbd6969_nohash_1.wav,go,go/cdbd6969_nohash_1.wav,0,file,1,16000,1,16000,cef4a79e0f1a9613ea89bfa1cc6d0c16701b6077e2f71e4553c5738d44c528b6
go,train,02_go.zip,go/train/b84f83d2_nohash_0.wav,go,go/b84f83d2_nohash_0.wav,0,file,1,16000,1,16000,09c4e5cf47f703236c4b40b207642b01bd58146afbc64cbd19742bb6ce427972
go,train,02_go.zip,go/train/d71ad617_nohash_0.wav,go,go/d71ad617_nohash_0.wav,0,file,1,16000,1,16000,f25779550e69b1a3ee2d5b37b486e1ec6541afb391967f7da25065f87704de6d
go,train,02_go.zip,go/train/cd671b5f_nohash_2.wav,go,go/cd671b5f_nohash_2.wav,0,file,1,16000,1,16000,ce4cb9dc3206f570305f730203b7fec3931aac19e578eb56a439230888b14dce
go,train,02_go.zip,go/train/2b5e346d_nohash_0.wav,go,go/2b5e346d_nohash_0.wav,0,file,1,16000,1,16000,126937d680d4f72d7b345ec2e3f0c0884456a81817a3817a6aa0afce421fcb33
go,train,02_go.zip,go/train/8931f494_nohash_1.wav,go,go/8931f494_nohash_1.wav,0,file,1,16000,1,16000,aaaa10ae397b19a026b674836fd1d72793dde59cf8688498c2da1d8689e4a5e5
go,train,02_go.zip,go/train/ec989d6d_nohash_3.wav,go,go/ec989d6d_nohash_3.wav,0,file,1,16000,1,16000,77b0b4966cb94d0fdbe1e87e00170e589c44d05c24228748401c8d05e973ed84
go,train,02_go.zip,go/train/28ce0c58_nohash_1.wav,go,go/28ce0c58_nohash_1.wav,0,file,1,16000,1,16000,2377b029e7fb44508c6c10aaced4e6ca49a5b7555b931c3eff03976d0cb30bc7
go,train,02_go.zip,go/train/d264f7b6_nohash_0.wav,go,go/d264f7b6_nohash_0.wav,0,file,1,16000,1,16000,5761fa095f3218742c905ad13cbd5750c3b846b6b3f383b7822d227ad1d63bd0
go,train,02_go.zip,go/train/acde7e73_nohash_0.wav,go,go/acde7e73_nohash_0.wav,0,file,1,16000,1,16000,609551991eacf4dcbc3a640b0bb3dd7994f53756aa8b13220a23db6fffd60763
go,train,02_go.zip,go/train/4a671512_nohash_0.wav,go,go/4a671512_nohash_0.wav,0,file,1,16000,1,12052,702f269d8a3fce81d8745283f75487336036bce66e4940ec9fdb443f2e5655a8
go,train,02_go.zip,go/train/dce5041a_nohash_0.wav,go,go/dce5041a_nohash_0.wav,0,file,1,16000,1,16000,34b4c59daf23841238d1cae074dba30490ff2bb222e08ab8743855305607ecde
go,train,02_go.zip,go/train/71d0ded4_nohash_1.wav,go,go/71d0ded4_nohash_1.wav,0,file,1,16000,1,16000,5b8e153f030bc6d833c08ef0f2d210d8ceaac0521dec9a7f5d8834fa3e99ae29
go,train,02_go.zip,go/train/cb72dfb6_nohash_2.wav,go,go/cb72dfb6_nohash_2.wav,0,file,1,16000,1,16000,086eb976bdb8641c0a0c7c0f695b431ebccc1872e5e3437c3edf400d4a1e8272
go,train,02_go.zip,go/train/31270cb2_nohash_0.wav,go,go/31270cb2_nohash_0.wav,0,file,1,16000,1,16000,6424cb017c8901e017d76121cca5214980afe66c664effe6cabd7ecc8c796ca5
go,train,02_go.zip,go/train/c634a189_nohash_3.wav,go,go/c634a189_nohash_3.wav,0,file,1,16000,1,16000,318d8788fb8e0bdc48e1817de8e4920d297b66acd4ecd54ad40620e865668c72
go,train,02_go.zip,go/train/2167c2ed_nohash_0.wav,go,go/2167c2ed_nohash_0.wav,0,file,1,16000,1,16000,e65e1cde59b8f3f41feb4ba7002006cfbd506d338702d1429d9e6e68d4f746b7
go,train,02_go.zip,go/train/c50f55b8_nohash_6.wav,go,go/c50f55b8_nohash_6.wav,0,file,1,16000,1,16000,fb3f6509183e33c6ebcbd74a6d02145f143e81087b0c1e04bd3f2c88e12fe892
go,train,02_go.zip,go/train/a1e71565_nohash_0.wav,go,go/a1e71565_nohash_0.wav,0,file,1,16000,1,16000,36b485855eaa2118f5b5ba9fcef6925a84a5f5fc4f7b1c58a0fe5f6583268deb
go,train,02_go.zip,go/train/012c8314_nohash_1.wav,go,go/012c8314_nohash_1.wav,0,file,1,16000,1,16000,400e9a949ca86f9105479198179f869b4e10b2f2a3d6c8839c32972b20d6b91b
go,train,02_go.zip,go/train/8eb4a1bf_nohash_2.wav,go,go/8eb4a1bf_nohash_2.wav,0,file,1,16000,1,16000,b4dcc1ed4c428c74acc8c17d8947e0a7ffb2d288ee7cc084d9d5babaec2b1903
go,train,02_go.zip,go/train/763188c4_nohash_1.wav,go,go/763188c4_nohash_1.wav,0,file,1,16000,1,16000,80d3f32a49da6577109a788606ed560139aec5557390c5ec2890b5d3fae2f14e
go,train,02_go.zip,go/train/179a61b7_nohash_1.wav,go,go/179a61b7_nohash_1.wav,0,file,1,16000,1,16000,cac42c9db202f8e5902720db4ef388d6a5c07a703323728be4adeeecebe22a08
go,train,02_go.zip,go/train/bd76a7fd_nohash_3.wav,go,go/bd76a7fd_nohash_3.wav,0,file,1,16000,1,16000,2d8da0f481bc4717f0a6fd53cc681a9e02343c31e6751930fb2007de7547cb69
go,train,02_go.zip,go/train/db7c95b0_nohash_1.wav,go,go/db7c95b0_nohash_1.wav,0,file,1,16000,1,14118,b916e37422f16adce2b1011f249d242ebe4df389d0684d17df90ebdd25c94391
go,train,02_go.zip,go/train/e9bc5cc2_nohash_4.wav,go,go/e9bc5cc2_nohash_4.wav,0,file,1,16000,1,16000,231ab966e5510ff220ab7c85edb75f2a179c29c10f931b1bb03a3aaf19c12039
go,train,02_go.zip,go/train/0717b9f6_nohash_2.wav,go,go/0717b9f6_nohash_2.wav,0,file,1,16000,1,16000,d8d64208971d5d6ab6d920d535819056063e43c08c5120ed1cc9dcafb6cb2729
go,train,02_go.zip,go/train/ea0cf37f_nohash_2.wav,go,go/ea0cf37f_nohash_2.wav,0,file,1,16000,1,12056,ba66f410e2675d68344eb4f765c74a762a2d9eca5f8e9727caadcf68e4186aa4
go,train,02_go.zip,go/train/07363607_nohash_1.wav,go,go/07363607_nohash_1.wav,0,file,1,16000,1,16000,0e9cd7e9d8528547b1e537970d0bc6fbe4fdd8aa68ae862d5aee87743e5a376d
go,train,02_go.zip,go/train/953fe1ad_nohash_1.wav,go,go/953fe1ad_nohash_1.wav,0,file,1,16000,1,16000,3d350623325220c923c9633e4d595646b2edb4fc89d42312e6930647d9041775
go,train,02_go.zip,go/train/0f2442b6_nohash_0.wav,go,go/0f2442b6_nohash_0.wav,0,file,1,16000,1,16000,f3d4f835245d9bd216f27f102f3153a0358df09fc9cd10e0e1b08276c92ebf83
go,train,02_go.zip,go/train/004ae714_nohash_0.wav,go,go/004ae714_nohash_0.wav,0,file,1,16000,1,11889,fed46857ffff766263fdee20ab2e905147046d921e50137f3e681b112f4e01c2
go,train,02_go.zip,go/train/74b73f88_nohash_0.wav,go,go/74b73f88_nohash_0.wav,0,file,1,16000,1,16000,dc9df6a6f59ee85258f5cc1d2c980530534c6414876b43c08284c56f22528559
go,train,02_go.zip,go/train/dae01802_nohash_2.wav,go,go/dae01802_nohash_2.wav,0,file,1,16000,1,16000,c370cd755504312c7dec1c2ce9743b61c67ffd5d6a6bde996300f4dd1e86070b
go,train,02_go.zip,go/train/85c5eaa0_nohash_1.wav,go,go/85c5eaa0_nohash_1.wav,0,file,1,16000,1,12970,723a3a519c377502ce309c571a502c0ac8f66bb83c031101ab19c2209ac46a51
go,train,02_go.zip,go/train/53458368_nohash_0.wav,go,go/53458368_nohash_0.wav,0,file,1,16000,1,16000,76b17920c3709054809176e3928b6d8693b616f26a4d79d2a596e5052a75f202
go,train,02_go.zip,go/train/4bc2c2c5_nohash_1.wav,go,go/4bc2c2c5_nohash_1.wav,0,file,1,16000,1,16000,149f38f84ae78481fccfb62198ec9e04c4bb033dae370d44fef3fbf31218a51e
go,train,02_go.zip,go/train/7ab5b8f7_nohash_0.wav,go,go/7ab5b8f7_nohash_0.wav,0,file,1,16000,1,16000,04df6024b87a80374e72c23aec6e09077e2dbf94c4ee1b500fd265ad262ba4d4
go,train,02_go.zip,go/train/ed032775_nohash_1.wav,go,go/ed032775_nohash_1.wav,0,file,1,16000,1,16000,ad4d0c8d32a91454fa1cf81c2d8ec61d00dab8c4579cbb8d0b69873d7cad80aa
go,train,02_go.zip,go/train/3108acca_nohash_0.wav,go,go/3108acca_nohash_0.wav,0,file,1,16000,1,16000,fcdc3195bb0eee96686f11c2e4478fa1d22aa826a746086b39effc58fff712a2
go,train,02_go.zip,go/train/8e523821_nohash_1.wav,go,go/8e523821_nohash_1.wav,0,file,1,16000,1,16000,4770de7131ac70782a72ab2702e41edd4a1be64c370b225bf137539ca4f571d7
go,train,02_go.zip,go/train/fc3ba625_nohash_3.wav,go,go/fc3ba625_nohash_3.wav,0,file,1,16000,1,16000,0eeed7b3432a7e825c4aa3f75c20b7767d83113ce55ceed0f93452b394c92b16
go,train,02_go.zip,go/train/31583d30_nohash_1.wav,go,go/31583d30_nohash_1.wav,0,file,1,16000,1,16000,f978c7669843a7dfeb8620fb35cf7d826bda473c0d38a19d19f80377776158ec
go,train,02_go.zip,go/train/2bdbe5f7_nohash_0.wav,go,go/2bdbe5f7_nohash_0.wav,0,file,1,16000,1,16000,cfa6e6386a8efa09e763a623e1b36fdefb63c3bff65ec93ab550a23fa0a0be8b
go,train,02_go.zip,go/train/ec32860c_nohash_0.wav,go,go/ec32860c_nohash_0.wav,0,file,1,16000,1,16000,1091e8a49ce4db6178b946c46242b517198875e1563f6f2b7595ca2c60893182
go,train,02_go.zip,go/train/f6581345_nohash_0.wav,go,go/f6581345_nohash_0.wav,0,file,1,16000,1,16000,40155fcf2500734620ac7a6d26f9370f56be6640f2df963b779a7b4b443297ae
go,train,02_go.zip,go/train/29dce108_nohash_0.wav,go,go/29dce108_nohash_0.wav,0,file,1,16000,1,16000,de612713b94871f16033c2413e9469df29f9703fd8e9fbaf7796c66854e877c8
go,train,02_go.zip,go/train/00970ce1_nohash_0.wav,go,go/00970ce1_nohash_0.wav,0,file,1,16000,1,10240,873dcf6ff766dbd81486a197ea87c531b60452cb3215f9fd6b6793592a30aafd
go,train,02_go.zip,go/train/2f813234_nohash_2.wav,go,go/2f813234_nohash_2.wav,0,file,1,16000,1,16000,51239160315b3c3a35ae112ec30ee2c8449b5c08cffad00f8f64693b14bb2848
go,train,02_go.zip,go/train/8134f43f_nohash_3.wav,go,go/8134f43f_nohash_3.wav,0,file,1,16000,1,16000,a5e348ad1888ec817f1cfda6e5489456106960377c4dd530a032d339efecee16
go,train,02_go.zip,go/train/b087aa0e_nohash_1.wav,go,go/b087aa0e_nohash_1.wav,0,file,1,16000,1,14861,451747f9efbd336d30f1399e81c0e867bbbb2667fa6c1cc81ccf1fe7832366dd
go,train,02_go.zip,go/train/de89e2ca_nohash_0.wav,go,go/de89e2ca_nohash_0.wav,0,file,1,16000,1,16000,1adc1358dbed4aba2a1bec4c8b0b38d6012b89c24450f3a396f72030e19df8af
go,train,02_go.zip,go/train/1cc80e39_nohash_0.wav,go,go/1cc80e39_nohash_0.wav,0,file,1,16000,1,10403,d5c9305d38f8f82ee002fa21d9ed62efc06b694f39635d3b478d24cf6626319d
go,train,02_go.zip,go/train/833d9f56_nohash_1.wav,go,go/833d9f56_nohash_1.wav,0,file,1,16000,1,16000,850c1213b779b5ac623cf3cefcbf2486f461b986fadf031b08ddbb073b9e6de7
go,test,02_go.zip,go/test/7192fddc_nohash_0.wav,go,go/7192fddc_nohash_0.wav,0,file,1,16000,1,15019,62e5d0de9b5a22d86a475548e0c42f1f01f19d6db771086d6d371863d5bd7c4e
go,test,02_go.zip,go/test/0d53e045_nohash_0.wav,go,go/0d53e045_nohash_0.wav,0,file,1,16000,1,16000,0d78566137e75b72c9945c04b80c356652b1cc1b8ba7e8ccbc36482c80a6cbc9
go,test,02_go.zip,go/test/1b4c9b89_nohash_2.wav,go,go/1b4c9b89_nohash_2.wav,0,file,1,16000,1,16000,eb472ab903a8405869009c8a0d12385e278ede14beca2c7dc271ed8ff68b333d
go,test,02_go.zip,go/test/b97c9f77_nohash_2.wav,go,go/b97c9f77_nohash_2.wav,0,file,1,16000,1,16000,a9a94837ba2c76c401cbc9eba24ec0bef9936d7ed855b9135ec5e69d09e29726
go,test,02_go.zip,go/test/8fe67225_nohash_1.wav,go,go/8fe67225_nohash_1.wav,0,file,1,16000,1,16000,8560c741be803161b5c086d4cf240ba5f4348c270e7220500a2e64a107d57a1c
go,test,02_go.zip,go/test/37dca74f_nohash_2.wav,go,go/37dca74f_nohash_2.wav,0,file,1,16000,1,16000,fdcfbf26b28a4da31207fc960a36d4b236cd5d024f5877933ef7cb493a12bf25
go,test,02_go.zip,go/test/4c6167ca_nohash_0.wav,go,go/4c6167ca_nohash_0.wav,0,file,1,16000,1,16000,a8e320bf86f54142bec150bd8033ff580bd721719a9bd2fbcdea34dde4bbc9dd
go,test,02_go.zip,go/test/2005ca25_nohash_0.wav,go,go/2005ca25_nohash_0.wav,0,file,1,16000,1,9557,3c18dcd6c9d1a25ea82bb87f18941215ebc587d904c3ecaaf2014f240c0a8c1a
go,test,02_go.zip,go/test/cfbedff9_nohash_3.wav,go,go/cfbedff9_nohash_3.wav,0,file,1,16000,1,16000,574f9bb1fc5152c05182ea881a3528235732785cc0f75f1715517015ae7723a0
go,test,02_go.zip,go/test/fb7eb481_nohash_2.wav,go,go/fb7eb481_nohash_2.wav,0,file,1,16000,1,16000,b0a99eaee77b8497699802be5ebe1e6781a28f41a13c919e7d4553b0cef9c285
go,test,02_go.zip,go/test/94de6a6a_nohash_2.wav,go,go/94de6a6a_nohash_2.wav,0,file,1,16000,1,16000,4904d4558a0789c6b2c0e510397d5087f88db92a3e6844171cca525155d3eed8
go,test,02_go.zip,go/test/b49caed3_nohash_0.wav,go,go/b49caed3_nohash_0.wav,0,file,1,16000,1,16000,996dde0a004852b875f835213774c4a11339182f7f85ec9e944bd80c624ef42e
go,test,02_go.zip,go/test/d962e5ac_nohash_2.wav,go,go/d962e5ac_nohash_2.wav,0,file,1,16000,1,16000,5d7d0d68c0ad41e3ef51d0f826f1a901d40a1e2a786d6f6d086cd6b8cc87f90b
go,test,02_go.zip,go/test/ca48dc76_nohash_0.wav,go,go/ca48dc76_nohash_0.wav,0,file,1,16000,1,16000,ffc43350141fe2fac7f9a172b9e3b22c4144d69c71efc459f42201b8b4159d4c
go,test,02_go.zip,go/test/9a69672b_nohash_2.wav,go,go/9a69672b_nohash_2.wav,0,file,1,16000,1,16000,215091ed766327b1920fde6dc0026d0a7d7c815fabb613da2c55d3855f54121a
go,test,02_go.zip,go/test/837a0f64_nohash_3.wav,go,go/837a0f64_nohash_3.wav,0,file,1,16000,1,16000,c4701861a7b0cfa7e82d810b0b3c63b32159e51afd2834e9cae33eb465833052
go,test,02_go.zip,go/test/370844f7_nohash_0.wav,go,go/370844f7_nohash_0.wav,0,file,1,16000,1,16000,ca42f06b6d41e0aff26b4e1f7364a441f7c834eff93211ba7189b36a7974ed06
go,test,02_go.zip,go/test/2d82a556_nohash_0.wav,go,go/2d82a556_nohash_0.wav,0,file,1,16000,1,16000,5785da3f8d3703be702d7ecf04cde7afa952c7b8f19bd25bfa9ebf45ad12305e
go,test,02_go.zip,go/test/964e8cfd_nohash_4.wav,go,go/964e8cfd_nohash_4.wav,0,file,1,16000,1,16000,84d3185e9dd5a71520246eb15322fc8df28baf1b9237e49f0041ca0c3abeb086
go,test,02_go.zip,go/test/26b28ea7_nohash_2.wav,go,go/26b28ea7_nohash_2.wav,0,file,1,16000,1,15019,a775839b80d677ae4ea26d4f177ca4105d44a59075142856577d6f83a69542b4
left,train,03_left.zip,left/train/72242187_nohash_3.wav,left,left/72242187_nohash_3.wav,0,file,1,16000,1,16000,997205a82dc423ba3cceb1b2405d9f930d356ec756c1518b7dec0c952b9d73f3
left,train,03_left.zip,left/train/a77fbcfd_nohash_4.wav,left,left/a77fbcfd_nohash_4.wav,0,file,1,16000,1,16000,8d96bf6e8d90a12147dc082a74fd9f97fdeaef63c1869b3a1bd16723495c94f9
left,train,03_left.zip,left/train/5a3fc246_nohash_0.wav,left,left/5a3fc246_nohash_0.wav,0,file,1,16000,1,12052,c2269df4cb8a89a5d6c30162fd3c4aaa33a80b3581205d74c0e8aa7b116c967f
left,train,03_left.zip,left/train/0137b3f4_nohash_4.wav,left,left/0137b3f4_nohash_4.wav,0,file,1,16000,1,16000,68b5aae8e4585f63f8e11d5d154ae4d57902874d500ebf73e603f4cec078f125
left,train,03_left.zip,left/train/2579e514_nohash_1.wav,left,left/2579e514_nohash_1.wav,0,file,1,16000,1,12971,021e01fe35f359bbfcb763cb87cf1d1c4e7d26207156cb60cb39ae59db86734d
left,train,03_left.zip,left/train/3143fdff_nohash_0.wav,left,left/3143fdff_nohash_0.wav,0,file,1,16000,1,16000,72e96af14a4a9312f9563bdf27ce64c1473f2d0e27c07e9d10bee8cdbc597337
left,train,03_left.zip,left/train/460209ac_nohash_2.wav,left,left/460209ac_nohash_2.wav,0,file,1,16000,1,16000,d08c5ddf71a3973abeb33f294da56e27943473045cfefd3bb89acaa038549519
left,train,03_left.zip,left/train/c0445658_nohash_0.wav,left,left/c0445658_nohash_0.wav,0,file,1,16000,1,16000,a7178f8abc2d8ed6c4386d271432eba08310953848a90508ef7c4fb5be3fd158
left,train,03_left.zip,left/train/6bf5baf3_nohash_0.wav,left,left/6bf5baf3_nohash_0.wav,0,file,1,16000,1,16000,058799352066cacd08a72342b800ff616259dbd7ea1dc24e59897b3b8c18e180
left,train,03_left.zip,left/train/15c563d7_nohash_2.wav,left,left/15c563d7_nohash_2.wav,0,file,1,16000,1,16000,091f906d4cdcd77b3df5d2f849a1d3726e016e70874a1f4010b5a0e2465a497a
left,train,03_left.zip,left/train/f2898d06_nohash_2.wav,left,left/f2898d06_nohash_2.wav,0,file,1,16000,1,16000,b926df053497979c68f21dc9c3ba7933882c3d76b212bd4c5bd219d5e264497e
left,train,03_left.zip,left/train/03c96658_nohash_0.wav,left,left/03c96658_nohash_0.wav,0,file,1,16000,1,16000,ba90ae32828db642a6c48920a59a57d578f40f9e55621be0033614b59789ce20
left,train,03_left.zip,left/train/bab36420_nohash_2.wav,left,left/bab36420_nohash_2.wav,0,file,1,16000,1,16000,089948cf0ecd8805d93fd7b8af077f70d65b1c100ac26955199baa1466c1c3cf
left,train,03_left.zip,left/train/7846fd85_nohash_4.wav,left,left/7846fd85_nohash_4.wav,0,file,1,16000,1,16000,662627e5addd9360222bedb816c66895a0d45e594b193d15961312efc8aca29f
left,train,03_left.zip,left/train/ef3367d9_nohash_6.wav,left,left/ef3367d9_nohash_6.wav,0,file,1,16000,1,16000,905c0df8262d58bf37a7e594420dd7c540a4d92dd763ff3e6ede45d908204929
left,train,03_left.zip,left/train/74241b28_nohash_2.wav,left,left/74241b28_nohash_2.wav,0,file,1,16000,1,16000,f0ad88bbbae4086798139170aa756c4bc610d08cc9f75a067731423c15c9a00a
left,train,03_left.zip,left/train/ec201020_nohash_3.wav,left,left/ec201020_nohash_3.wav,0,file,1,16000,1,16000,5d78d6e04b286ed7274f4aad16d6b58864e00bf4f0ec17a185e482b721f89b46
left,train,03_left.zip,left/train/6e74c582_nohash_1.wav,left,left/6e74c582_nohash_1.wav,0,file,1,16000,1,16000,bf92def796e7ed15ca9105f808a044b4434407f87d5374eb538176818ef8c456
left,train,03_left.zip,left/train/cc3b5b62_nohash_3.wav,left,left/cc3b5b62_nohash_3.wav,0,file,1,16000,1,16000,bebe7ec2bfb27d4183f2a5062813a885444fa6b05f75c6f8d25d3810c21028eb
left,train,03_left.zip,left/train/72320401_nohash_0.wav,left,left/72320401_nohash_0.wav,0,file,1,16000,1,16000,cb9015eba2df7bba03fd0c4e41e417b71cef4955b1a93ff44a70a9e57b1d964a
left,train,03_left.zip,left/train/30060aba_nohash_3.wav,left,left/30060aba_nohash_3.wav,0,file,1,16000,1,16000,298ff53963a78d6cec97059105ad328ee2ccc98c840bc8a92ac4b63526ec1e37
left,train,03_left.zip,left/train/aeb99b1c_nohash_1.wav,left,left/aeb99b1c_nohash_1.wav,0,file,1,16000,1,16000,3efa545cdb30d5fe4ac4ee8f5ef0a402b5fa10b75d5e0e1ab7fe6118fc95681c
left,train,03_left.zip,left/train/324210dd_nohash_2.wav,left,left/324210dd_nohash_2.wav,0,file,1,16000,1,16000,1d3506cfb92e2b3d8af1018506265746f33a45a1dc990c95495ae74342aede17
left,train,03_left.zip,left/train/e2286c18_nohash_0.wav,left,left/e2286c18_nohash_0.wav,0,file,1,16000,1,16000,89959ed91c14632a58365da6b134e4157caf1f6fd36967ef2435bf03bab37df4
left,train,03_left.zip,left/train/0a9f9af7_nohash_0.wav,left,left/0a9f9af7_nohash_0.wav,0,file,1,16000,1,12288,33be88442e15424ec8c488cbb66a9f38e949bdc7fc795406d493d3ce7e982492
left,train,03_left.zip,left/train/9886d8bf_nohash_4.wav,left,left/9886d8bf_nohash_4.wav,0,file,1,16000,1,16000,3b4c367ccd3cf8774b1e6a2df24f2baa1d7ed9e467c4a435b672cfa8811ba89a
left,train,03_left.zip,left/train/15dd287d_nohash_1.wav,left,left/15dd287d_nohash_1.wav,0,file,1,16000,1,16000,6b692bdcfb5cec5a304c11baf432dbd2824a1b4e4fd026d4fef60ed27b46b4d7
left,train,03_left.zip,left/train/53fd1780_nohash_1.wav,left,left/53fd1780_nohash_1.wav,0,file,1,16000,1,16000,c17ee1d5f8c8ced266e54accfdce816c88ff0dbfb64a1c05ee39cd0d777fef94
left,train,03_left.zip,left/train/4c62312c_nohash_0.wav,left,left/4c62312c_nohash_0.wav,0,file,1,16000,1,16000,643a8433cadbd3eaabfe0c15ba2379cb3bea27919ee5f2cda7674e8b08ca5cf4
left,train,03_left.zip,left/train/b5cf6ea8_nohash_6.wav,left,left/b5cf6ea8_nohash_6.wav,0,file,1,16000,1,16000,5a2d06b6f9b1525d068c777922e7ee869ea1671eda397011ec91a84bddd539e4
left,train,03_left.zip,left/train/bab36420_nohash_0.wav,left,left/bab36420_nohash_0.wav,0,file,1,16000,1,16000,963b8bc0dfee3ea98aac9694c7b70f97b811a4b1088172911e146d9a2511ea19
left,train,03_left.zip,left/train/8e523821_nohash_2.wav,left,left/8e523821_nohash_2.wav,0,file,1,16000,1,16000,325b0458981729522db21935bb0aeba40362c144a9997a0f5322ff4e1f27fbe3
left,train,03_left.zip,left/train/f864cd4a_nohash_0.wav,left,left/f864cd4a_nohash_0.wav,0,file,1,16000,1,16000,f45136d212bd2ed4aea0592a132b655b52c7934058e419fe5574cd9c1eabecf5
left,train,03_left.zip,left/train/bbc30633_nohash_0.wav,left,left/bbc30633_nohash_0.wav,0,file,1,16000,1,16000,17d3d8d415ffa40fbbbed502ae846aa5b88f707dcfc578e1af367871309b3e16
left,train,03_left.zip,left/train/d264f7b6_nohash_2.wav,left,left/d264f7b6_nohash_2.wav,0,file,1,16000,1,16000,f39129d83f9d3ffdd0582779b090efbffeafe0c7f05b1f4d1c21602b2b927a3d
left,train,03_left.zip,left/train/11321027_nohash_0.wav,left,left/11321027_nohash_0.wav,0,file,1,16000,1,16000,af6fc05259f74a1ff687087092f9ed8a2471e28452766f5444cc4d9bb407ef8c
left,train,03_left.zip,left/train/f4f59743_nohash_1.wav,left,left/f4f59743_nohash_1.wav,0,file,1,16000,1,16000,0b508653067fe269edef1f7d16a366daa417d7a55d966a1a8d1c9160e4706f3a
left,train,03_left.zip,left/train/016e2c6d_nohash_0.wav,left,left/016e2c6d_nohash_0.wav,0,file,1,16000,1,16000,191f6b55170c45650e55212321caaf34bcc00465da09c04fde8cb574976c683c
left,train,03_left.zip,left/train/b528edb3_nohash_0.wav,left,left/b528edb3_nohash_0.wav,0,file,1,16000,1,16000,7913a68ac3ebdfb9326cd042a9d6e2e086a2d285f5ea57c7342af5519ec60560
left,train,03_left.zip,left/train/363c6bad_nohash_2.wav,left,left/363c6bad_nohash_2.wav,0,file,1,16000,1,16000,6cda8b0742fc2524e2170370e5bc586daf1592c97b20e6255eba5edbd6d7f474
left,train,03_left.zip,left/train/c392e01d_nohash_2.wav,left,left/c392e01d_nohash_2.wav,0,file,1,16000,1,16000,b3795706c4a661c2dcea0c870702262fad554704eb15765a8e4480ff233c17e3
left,train,03_left.zip,left/train/ca4912b6_nohash_0.wav,left,left/ca4912b6_nohash_0.wav,0,file,1,16000,1,16000,37f3286f5e2ab10d2e06a9d153bd582efe493bf22c3d90a787f1c877b44135bc
left,train,03_left.zip,left/train/825f450d_nohash_3.wav,left,left/825f450d_nohash_3.wav,0,file,1,16000,1,16000,cc2299d5b79f1b6869011cc3733c86fd862bcc4fb8e4271cd7f6685730e2d093
left,train,03_left.zip,left/train/bbc30633_nohash_2.wav,left,left/bbc30633_nohash_2.wav,0,file,1,16000,1,16000,d4fbce2bfd9282e94e3d86c64a3822822f86fc04f73137ab7c9c4335194c90da
left,train,03_left.zip,left/train/bde0f20a_nohash_0.wav,left,left/bde0f20a_nohash_0.wav,0,file,1,16000,1,16000,32e0465d224572a3899ec84935b3d4096c4979a5308ba97421dd69e85b78eea0
left,train,03_left.zip,left/train/8b25410a_nohash_0.wav,left,left/8b25410a_nohash_0.wav,0,file,1,16000,1,16000,519171def820c637988dc1d6f636d085d65d406d02f5898c9c53979bbc84b9e3
left,train,03_left.zip,left/train/28ce0c58_nohash_2.wav,left,left/28ce0c58_nohash_2.wav,0,file,1,16000,1,16000,ef43a5e2da01914363e72e0938f30c7b75b7fc61d8ceeeb84053f3740b7e9eac
left,train,03_left.zip,left/train/a55105d0_nohash_2.wav,left,left/a55105d0_nohash_2.wav,0,file,1,16000,1,16000,98581ce07d88162588e195cb2afa636985e04224409f51596cda63bee0034369
left,train,03_left.zip,left/train/be7a5b2d_nohash_0.wav,left,left/be7a5b2d_nohash_0.wav,0,file,1,16000,1,16000,a62a13640651d19d9dde9a3f0140cc7972a9f0477d2e2dbae1ecea3b4277a641
left,train,03_left.zip,left/train/7a5530c9_nohash_0.wav,left,left/7a5530c9_nohash_0.wav,0,file,1,16000,1,16000,7075c6551d8be12590f39b64f0e72857ca12c3a379c048df90a737f57358d9ce
left,train,03_left.zip,left/train/52162b51_nohash_0.wav,left,left/52162b51_nohash_0.wav,0,file,1,16000,1,16000,226c47f654604efa32d091e170a95199b4ed5e02980636da24c42f872a9f8287
left,train,03_left.zip,left/train/24befdb3_nohash_0.wav,left,left/24befdb3_nohash_0.wav,0,file,1,16000,1,16000,8a4fd21637f29f0791871639cedf9efd46db812e921433a419411a5848e3b30a
left,train,03_left.zip,left/train/ee6163d5_nohash_0.wav,left,left/ee6163d5_nohash_0.wav,0,file,1,16000,1,14677,ac4e102ddcdc479958845cb1f82b021383c753a00ebaa1da3ccbdf4b66b95805
left,train,03_left.zip,left/train/518588b6_nohash_1.wav,left,left/518588b6_nohash_1.wav,0,file,1,16000,1,16000,484002f725d4b2837e9f476951a43d15409a6238627bbf29f40f4e0d4cd41de5
left,train,03_left.zip,left/train/2f666bb2_nohash_1.wav,left,left/2f666bb2_nohash_1.wav,0,file,1,16000,1,16000,bbf27a5f83167811a1fc9d9498104132926e14beddfb2c925653f3cbbbcd7a30
left,train,03_left.zip,left/train/6ace4fe1_nohash_1.wav,left,left/6ace4fe1_nohash_1.wav,0,file,1,16000,1,16000,0f317026ff77d8b68bfdde38a7c698400cff46318f507d44a1f43557638f33d9
left,train,03_left.zip,left/train/0e6e36c9_nohash_0.wav,left,left/0e6e36c9_nohash_0.wav,0,file,1,16000,1,16000,b8d91d9437f8c22b3c1ddd538e82e0fa0b707f9f94c6409d7e61620e392c9baf
left,train,03_left.zip,left/train/bd8412df_nohash_2.wav,left,left/bd8412df_nohash_2.wav,0,file,1,16000,1,16000,1b8e7325ae908c5655bb8be6b946f556dcd0ffbd6528cb25f3331c7751761ff9
left,train,03_left.zip,left/train/f3d06008_nohash_0.wav,left,left/f3d06008_nohash_0.wav,0,file,1,16000,1,16000,dd105bd18d5e1ca15b8675fe64ac7c5b2408a685c1dc97a48bb1c282b72b3606
left,train,03_left.zip,left/train/c0e8f5a1_nohash_0.wav,left,left/c0e8f5a1_nohash_0.wav,0,file,1,16000,1,16000,b701f63d0b52bd996e7c29cf1530d5d83d09094c4bd2ba1292f123d1631d6504
left,test,03_left.zip,left/test/63f7a489_nohash_2.wav,left,left/63f7a489_nohash_2.wav,0,file,1,16000,1,16000,b85ca30b2e0b1b2460401d0300a71611f0825692867e264dfca0d108dacd51db
left,test,03_left.zip,left/test/97f4c236_nohash_0.wav,left,left/97f4c236_nohash_0.wav,0,file,1,16000,1,16000,31faae67d8b9a11c7d823899bc5f51a6e2612cacf2b2637baba122382075c8a9
left,test,03_left.zip,left/test/cfbedff9_nohash_3.wav,left,left/cfbedff9_nohash_3.wav,0,file,1,16000,1,16000,a2d1509333ce37fef1903f6d8ee75c2e1325cd0f78ada6b4918cde7e7f4cff65
left,test,03_left.zip,left/test/9dc1889e_nohash_0.wav,left,left/9dc1889e_nohash_0.wav,0,file,1,16000,1,11606,7ccf7a3c5047e30c1cde2b75c6524e76840ab8d9e741890dd5415fa6f5694c79
left,test,03_left.zip,left/test/fb7eb481_nohash_0.wav,left,left/fb7eb481_nohash_0.wav,0,file,1,16000,1,16000,5f1817f339d3fff3ecc26d711aada3ec6921a444a91d71681ac8c94bc998bd1a
left,test,03_left.zip,left/test/5c8af87a_nohash_2.wav,left,left/5c8af87a_nohash_2.wav,0,file,1,16000,1,16000,a95b61fee21195c4e55809a8e6fa67556a96e62ffbe206f395af86bb15faad8b
left,test,03_left.zip,left/test/2796ac50_nohash_0.wav,left,left/2796ac50_nohash_0.wav,0,file,1,16000,1,16000,4e523827e34e565bb368b7de4ea4770c0f9e820dcbd41a9646970c5b3332972d
left,test,03_left.zip,left/test/aa80f517_nohash_2.wav,left,left/aa80f517_nohash_2.wav,0,file,1,16000,1,16000,2ad299c1a02f84484beaca9ec749989b3389e805b3b6e545e5112962956b9442
left,test,03_left.zip,left/test/83957201_nohash_1.wav,left,left/83957201_nohash_1.wav,0,file,1,16000,1,15702,c77e26bfd2bccf467143e2b4b962961bcf6c8a052380a5d269ddadacba841932
left,test,03_left.zip,left/test/3efef882_nohash_2.wav,left,left/3efef882_nohash_2.wav,0,file,1,16000,1,16000,5ecf9ebca59de9547d7f0ba501c7ac8bc4701218474414f6fb3422571c808d1b
left,test,03_left.zip,left/test/cd85758f_nohash_3.wav,left,left/cd85758f_nohash_3.wav,0,file,1,16000,1,16000,31f1d9b5513466585b53e607b3147afa9bff5d92dcbc00e05cb9ab974fd9c738
left,test,03_left.zip,left/test/d962e5ac_nohash_2.wav,left,left/d962e5ac_nohash_2.wav,0,file,1,16000,1,16000,4fe31707e1a06911861e978b3986de687cb7fd38f6195da7838b68bf5be596de
left,test,03_left.zip,left/test/f428ca69_nohash_1.wav,left,left/f428ca69_nohash_1.wav,0,file,1,16000,1,16000,d566d3c7747bf3f300384f12f072d8241bf27d76cb294aaf2b0f3052f5108750
left,test,03_left.zip,left/test/3efef882_nohash_0.wav,left,left/3efef882_nohash_0.wav,0,file,1,16000,1,16000,63a9138a13c92ec0fcd2894bd3d6bbcce384f084f79c2b3c1b6b715807b6af98
left,test,03_left.zip,left/test/c22d3f18_nohash_2.wav,left,left/c22d3f18_nohash_2.wav,0,file,1,16000,1,16000,09fb6ea44bba63e5fa30a88cc120fd40e312da77ed3042b842077e9a8c823bd6
left,test,03_left.zip,left/test/7257420c_nohash_0.wav,left,left/7257420c_nohash_0.wav,0,file,1,16000,1,16000,a254a337cf8791291fc2dcc107f3dae2be7b4f2a10f5dedcc2149dc4685c447d
left,test,03_left.zip,left/test/95ba4996_nohash_0.wav,left,left/95ba4996_nohash_0.wav,0,file,1,16000,1,16000,9dcc88c444a8d88a7216a8e48b4bdfc4c0790c72376ef58783abdb8a49b7117d
left,test,03_left.zip,left/test/863880b7_nohash_0.wav,left,left/863880b7_nohash_0.wav,0,file,1,16000,1,16000,5eb154b4876d588c1fb3b02bc324cb260810afacb34d82ff51fe088db1d63c69
left,test,03_left.zip,left/test/5c8af87a_nohash_1.wav,left,left/5c8af87a_nohash_1.wav,0,file,1,16000,1,16000,ae9a644cafe5a4703ce9ca9c5ae4fd56398e352454899d809d3bd27aa7bc0701
left,test,03_left.zip,left/test/893705bb_nohash_8.wav,left,left/893705bb_nohash_8.wav,0,file,1,16000,1,16000,e4f42835432fc242919ff1ef00050946fe1134c6fb1f81c020708328091a7001
no,train,04_no.zip,no/train/69a1a79f_nohash_1.wav,no,no/69a1a79f_nohash_1.wav,0,file,1,16000,1,16000,9dc9d5532a8e028ec967a65a7258e3ac83f34ba53c5c7283d089b97564ac87f8
no,train,04_no.zip,no/train/5d4e3bb8_nohash_2.wav,no,no/5d4e3bb8_nohash_2.wav,0,file,1,16000,1,7509,814265c2ddbe2f714eef8f6b4543b38cc478cb10c5caa2df2e482dc49d411f0e
no,train,04_no.zip,no/train/aeb99b1c_nohash_2.wav,no,no/aeb99b1c_nohash_2.wav,0,file,1,16000,1,16000,93e00a6169fdd283de7774e588fe14472f76f5e65ac7538450d13e5c01882ebd
no,train,04_no.zip,no/train/de89e2ca_nohash_2.wav,no,no/de89e2ca_nohash_2.wav,0,file,1,16000,1,16000,f5b0cf09d0910c02b79aef53b7b77b469d9cba5c97feb59440ed8b607a4d58f2
no,train,04_no.zip,no/train/dce5041a_nohash_2.wav,no,no/dce5041a_nohash_2.wav,0,file,1,16000,1,16000,d51c0987aee73076af260681b0b66c6680619e5e3bc933678db2d5244647b0e2
no,train,04_no.zip,no/train/2f813234_nohash_0.wav,no,no/2f813234_nohash_0.wav,0,file,1,16000,1,16000,4bbf3fa9756518402d2843b43f0eeaffd3bea17a9243ee51aa057a4a0c90fb02
no,train,04_no.zip,no/train/e9abfe31_nohash_2.wav,no,no/e9abfe31_nohash_2.wav,0,file,1,16000,1,16000,5db54acf3e847e8d42ec9186d8eb933d67f5eb491130d8da5b242c501dbafdd8
no,train,04_no.zip,no/train/67bdbf56_nohash_2.wav,no,no/67bdbf56_nohash_2.wav,0,file,1,16000,1,16000,089d5bd8d03b32a30799bbd07765db8b091dfd58eba5ec779a359bc1d539bcab
no,train,04_no.zip,no/train/d9aa8c90_nohash_0.wav,no,no/d9aa8c90_nohash_0.wav,0,file,1,16000,1,16000,8bfc6aeb06bfdab4c920ce9df4ab957b5a3deacead84a43c59c5b53d73bc7b8c
no,train,04_no.zip,no/train/6a497f80_nohash_1.wav,no,no/6a497f80_nohash_1.wav,0,file,1,16000,1,16000,06e81f94ff3eb7df8ee9b8f28da5f18014cb6ef3ed546fb3169bb5ad5e7bfa49
no,train,04_no.zip,no/train/888a0c49_nohash_3.wav,no,no/888a0c49_nohash_3.wav,0,file,1,16000,1,16000,f1c5596b8174ebb54da60e3f1204e92ac6f56e218ff6ea58fec7f7191afcd24f
no,train,04_no.zip,no/train/6add0595_nohash_0.wav,no,no/6add0595_nohash_0.wav,0,file,1,16000,1,16000,fbf55c89536881a5c727e41fd03724c55719186e7de72148b6054286f813b0db
no,train,04_no.zip,no/train/38d78313_nohash_1.wav,no,no/38d78313_nohash_1.wav,0,file,1,16000,1,16000,e557586bdcd30e8f027868d22a09fd14553f53406cb5ec3cf8395949607d2dc9
no,train,04_no.zip,no/train/b80d6c5e_nohash_0.wav,no,no/b80d6c5e_nohash_0.wav,0,file,1,16000,1,16000,eaa713a06dd99c85f5b6e63362aa85c130f74f84aba8a558695291d190915cfa
no,train,04_no.zip,no/train/6d2d3b0d_nohash_2.wav,no,no/6d2d3b0d_nohash_2.wav,0,file,1,16000,1,16000,04c298994bc8f364e2972a4369cdb8e7971375c01f0651319d4ca44bbe1738b4
no,train,04_no.zip,no/train/f798ac78_nohash_0.wav,no,no/f798ac78_nohash_0.wav,0,file,1,16000,1,16000,72e708d852ba602b56ecc9524a4c3621babc8dac36438ebd8b2866c142db50f8
no,train,04_no.zip,no/train/62f05757_nohash_0.wav,no,no/62f05757_nohash_0.wav,0,file,1,16000,1,16000,27de09eb8482dffe7b7b76a82a44d36b1d84034f117e5d3128855d6f5aa5a5a3
no,train,04_no.zip,no/train/f804cbb3_nohash_0.wav,no,no/f804cbb3_nohash_0.wav,0,file,1,16000,1,16000,bb3d3e97040b766d8010aed888a7d8c4bc44a0427666c38eee1b222328b91ac4
no,train,04_no.zip,no/train/9be15e93_nohash_4.wav,no,no/9be15e93_nohash_4.wav,0,file,1,16000,1,16000,35fa05cb56ac4943ae1591f6974ef35472d0f952de6bd78fac7392fd8b93c77a
no,train,04_no.zip,no/train/3b8406c0_nohash_1.wav,no,no/3b8406c0_nohash_1.wav,0,file,1,16000,1,16000,a378f1830f74bcd83676e8c3ff3bc5639c16b58932c766c8143675841145638c
no,train,04_no.zip,no/train/3bfd30e6_nohash_3.wav,no,no/3bfd30e6_nohash_3.wav,0,file,1,16000,1,16000,b321648885dad76e38ea032fee3a62a147b2ae738ad1e8146056d1c2e9858208
no,train,04_no.zip,no/train/9acd0254_nohash_0.wav,no,no/9acd0254_nohash_0.wav,0,file,1,16000,1,16000,3201ae4dd0f008d7496882b5685c59eeba55c5d9c5c9b87da386b8fcad9c9d86
no,train,04_no.zip,no/train/1b42b551_nohash_2.wav,no,no/1b42b551_nohash_2.wav,0,file,1,16000,1,16000,9dd838185255260ee34d39ccaa4fc2e2cbcfc1265ec49faef0f49b2c27e6afe0
no,train,04_no.zip,no/train/50928b05_nohash_0.wav,no,no/50928b05_nohash_0.wav,0,file,1,16000,1,15702,58fb101fbe67c285588ccb2c0e4488ac807eed2108b0b010aa6ba75f42d396c4
no,train,04_no.zip,no/train/b7a0754f_nohash_1.wav,no,no/b7a0754f_nohash_1.wav,0,file,1,16000,1,16000,f22e8e4a68441f27f7afc528c90311db7c331a9e8a97be06ca7c5bb204dea79f
no,train,04_no.zip,no/train/d94eb94f_nohash_1.wav,no,no/d94eb94f_nohash_1.wav,0,file,1,16000,1,16000,3e26fb0c8d722fdfab7608abe0006e60f1151f2b0f80bdba314149cd07ebbb14
no,train,04_no.zip,no/train/20d779bf_nohash_1.wav,no,no/20d779bf_nohash_1.wav,0,file,1,16000,1,16000,59c041d9a49c43c57ac8efd232367c46e8f47758c450f97d7aee0c3232b06bc9
no,train,04_no.zip,no/train/facd97c0_nohash_0.wav,no,no/facd97c0_nohash_0.wav,0,file,1,16000,1,16000,7f82e56d7034cc178deda02d910b4f8091795bd63d95e7c7bd009fa90f3f416c
no,train,04_no.zip,no/train/735845ab_nohash_1.wav,no,no/735845ab_nohash_1.wav,0,file,1,16000,1,16000,f8560345490ac30f685ed268bb61166445acf6a9f4bee4a7db306180f57b5d15
no,train,04_no.zip,no/train/bfaf2000_nohash_1.wav,no,no/bfaf2000_nohash_1.wav,0,file,1,16000,1,16000,872190ccd2be4a13ae0c76c84ae203e50a8a98b00679c6e5111345b43ed3b9e4
no,train,04_no.zip,no/train/8a28231e_nohash_0.wav,no,no/8a28231e_nohash_0.wav,0,file,1,16000,1,16000,990e6f95dcccb648e64fc5921f4c6501f9d97b2732ee4416e6d94591adbcb6ac
no,train,04_no.zip,no/train/a16013b7_nohash_4.wav,no,no/a16013b7_nohash_4.wav,0,file,1,16000,1,16000,377cb9fc287119d6fe854c709dd1fa6273ca8c0ff7e2f45792abe50703d1fb77
no,train,04_no.zip,no/train/a1cf7fd8_nohash_0.wav,no,no/a1cf7fd8_nohash_0.wav,0,file,1,16000,1,16000,9afae543c6ec89feb0ec9437f1c0c570fcdc7c7a0f68218b91557dec7af82da4
no,train,04_no.zip,no/train/57b38f48_nohash_0.wav,no,no/57b38f48_nohash_0.wav,0,file,1,16000,1,16000,82000fe1f41b3409c8bba23b830530eaa66f72fbf40cdc6b1cce78fe37d6e25a
no,train,04_no.zip,no/train/1fd85ee4_nohash_0.wav,no,no/1fd85ee4_nohash_0.wav,0,file,1,16000,1,16000,6fac76d526424884bc1eef9e19de7dcd33b36d3b9f627a45c4b38e7c18a2ba92
no,train,04_no.zip,no/train/dea820ce_nohash_3.wav,no,no/dea820ce_nohash_3.wav,0,file,1,16000,1,16000,b4cff51f1aa435d494d75dea969c5d70549739fea490c729f455d39b6f158c3e
no,train,04_no.zip,no/train/f2f0d244_nohash_4.wav,no,no/f2f0d244_nohash_4.wav,0,file,1,16000,1,16000,8d0ac02721a6d7addab4de6290bfd582369ab9aea2fc45e62e5bdd3f3129a215
no,train,04_no.zip,no/train/765ffccb_nohash_3.wav,no,no/765ffccb_nohash_3.wav,0,file,1,16000,1,16000,8a7b731ea39fb00270169cfde2b2151b8bcacad1d6137b326c4db6b89c26b5f3
no,train,04_no.zip,no/train/460209ac_nohash_3.wav,no,no/460209ac_nohash_3.wav,0,file,1,16000,1,16000,842190b630c7bd71999b75f3af17dde620946a72f7370e907a710ad77d9cc73e
no,train,04_no.zip,no/train/14c7b073_nohash_4.wav,no,no/14c7b073_nohash_4.wav,0,file,1,16000,1,16000,088feaf8d890af39b99b3843780daba64bb74ab8272ebdaccb6fa1ef4123ddbc
no,train,04_no.zip,no/train/29fb33da_nohash_0.wav,no,no/29fb33da_nohash_0.wav,0,file,1,16000,1,16000,69ff197dc0861e097147999f941b0ae6df51d25ba81c04020cb58fe928eb052d
no,train,04_no.zip,no/train/d1dd03ed_nohash_3.wav,no,no/d1dd03ed_nohash_3.wav,0,file,1,16000,1,16000,048a01b21cd5999fce47e3a1592193096f60db636da546b65b5d4b48b2026126
no,train,04_no.zip,no/train/bbc30633_nohash_1.wav,no,no/bbc30633_nohash_1.wav,0,file,1,16000,1,16000,c7558889892f961b6b8eacb570a856f6d8139d01ad7d78f4f841a7308aaa04e7
no,train,04_no.zip,no/train/a2cc5444_nohash_3.wav,no,no/a2cc5444_nohash_3.wav,0,file,1,16000,1,16000,b42a48bc7e9838a21d9c35b69b92925442e2886bae91a40b635f8d7eb18b1eaa
no,train,04_no.zip,no/train/de89e2ca_nohash_0.wav,no,no/de89e2ca_nohash_0.wav,0,file,1,16000,1,16000,39ac05c177dd4e17d842dcd40c8d13b182b6f7b7d81432ffae8bee9330f53565
no,train,04_no.zip,no/train/5efb758c_nohash_0.wav,no,no/5efb758c_nohash_0.wav,0,file,1,16000,1,15019,e233d7ffbdbac136086839def50d7b74a8aebd9ccdb92aaa17197cc79e688e60
no,train,04_no.zip,no/train/f875f965_nohash_0.wav,no,no/f875f965_nohash_0.wav,0,file,1,16000,1,16000,4546d64cdaca648fa3adb3c8ba8defe40e4917942baa711a7f5fbd9921ba7591
no,train,04_no.zip,no/train/bd76a7fd_nohash_4.wav,no,no/bd76a7fd_nohash_4.wav,0,file,1,16000,1,16000,9f3c62d1b418c1e30bb7466c185f350631c429c86b9d77826e259c97be82d88d
no,train,04_no.zip,no/train/0a196374_nohash_3.wav,no,no/0a196374_nohash_3.wav,0,file,1,16000,1,16000,415ec5c53f10bbabeab82c2cd8f66a3601f13bc49a72f9ea92121f08248b534b
no,train,04_no.zip,no/train/b66f4f93_nohash_2.wav,no,no/b66f4f93_nohash_2.wav,0,file,1,16000,1,16000,6db8178896e2fb347f6d492177231983e646cbe3b51b1564c93abe0e4b6b6fcb
no,train,04_no.zip,no/train/e53139ad_nohash_2.wav,no,no/e53139ad_nohash_2.wav,0,file,1,16000,1,16000,1e58717728341383200fbb04a599828fa2bd68867160cd1329eb70bf64301fd4
no,train,04_no.zip,no/train/d394ef8e_nohash_3.wav,no,no/d394ef8e_nohash_3.wav,0,file,1,16000,1,16000,bed94370eb4ee5a02bde1a6e4dc9a9e480ff8a332bb5e7822e3c202fee2fb384
no,train,04_no.zip,no/train/ceef6d96_nohash_4.wav,no,no/ceef6d96_nohash_4.wav,0,file,1,16000,1,16000,f4553bc934b7dc6bd4474e4be38fe70385419385c69ea4bfa849dee5c7387e6e
no,train,04_no.zip,no/train/95fd5a0f_nohash_4.wav,no,no/95fd5a0f_nohash_4.wav,0,file,1,16000,1,16000,e2ee2f98b160b2c6e481a1231d0992d9a088055fa9b074064cc4f19c72c6b70a
no,train,04_no.zip,no/train/d394ef8e_nohash_4.wav,no,no/d394ef8e_nohash_4.wav,0,file,1,16000,1,16000,d6bf01f39e0118693a8b00cf70f8ea85bf1641c19d5eff46d1e619d4e22a3bcc
no,train,04_no.zip,no/train/fd5ccd39_nohash_1.wav,no,no/fd5ccd39_nohash_1.wav,0,file,1,16000,1,16000,9787a91a86a2e83547fc1c40db9ba5497c5dc25482e198eeed8c87df57adbb44
no,train,04_no.zip,no/train/fb8c31a9_nohash_0.wav,no,no/fb8c31a9_nohash_0.wav,0,file,1,16000,1,16000,d8594586c15b6d5180f24dc9e289d14589c7370e7affa617b14bf7e71fc23ebe
no,train,04_no.zip,no/train/a5d1becc_nohash_2.wav,no,no/a5d1becc_nohash_2.wav,0,file,1,16000,1,16000,4a72e1437ce92153d0f76fac821af1d0e3f89d7d4260d4f45e268efaba998e9a
no,train,04_no.zip,no/train/459345ea_nohash_0.wav,no,no/459345ea_nohash_0.wav,0,file,1,16000,1,16000,20b310479c246a3aa060fc168ee9a51ff6e727e43061298e55207137969ec13e
no,train,04_no.zip,no/train/15c563d7_nohash_3.wav,no,no/15c563d7_nohash_3.wav,0,file,1,16000,1,16000,6d43c4f27f1db2071b8c3624dd26afd385e6a7fb25da2530c306339d04a483ff
no,test,04_no.zip,no/test/e71b4ce6_nohash_0.wav,no,no/e71b4ce6_nohash_0.wav,0,file,1,16000,1,16000,cd32baa5b867327cbb5b19037a7f3863db887fe12981332f62bff515cc725707
no,test,04_no.zip,no/test/beb458a4_nohash_0.wav,no,no/beb458a4_nohash_0.wav,0,file,1,16000,1,16000,59595681e4fbe92007e21ea9b3582c752c72a494c68443c8fff390e164f5fc4d
no,test,04_no.zip,no/test/893705bb_nohash_3.wav,no,no/893705bb_nohash_3.wav,0,file,1,16000,1,16000,a157b9991ceb6cff3c8f9dfacb2eff4ebd91fe450a424e0741883f61b3545aeb
no,test,04_no.zip,no/test/af8b2f2c_nohash_1.wav,no,no/af8b2f2c_nohash_1.wav,0,file,1,16000,1,16000,21f14e1336067ecacda6fba508d65f06f3b3fd9bc4e9d505113431f0297076e9
no,test,04_no.zip,no/test/2796ac50_nohash_0.wav,no,no/2796ac50_nohash_0.wav,0,file,1,16000,1,16000,4e7414540a59725068272fd39f55a81ab0bce1149a66ac21bafc97d00a2cf5f2
no,test,04_no.zip,no/test/d5b963aa_nohash_4.wav,no,no/d5b963aa_nohash_4.wav,0,file,1,16000,1,16000,50a5c213d6438cfab3e55e82562340e5462f75bc60fa645f0caf80b3509c98da
no,test,04_no.zip,no/test/c518d1b1_nohash_0.wav,no,no/c518d1b1_nohash_0.wav,0,file,1,16000,1,16000,923585762eb30739b487e0b2648a0477dfb3e66c3ef1e01dbcb2167fe8071aea
no,test,04_no.zip,no/test/84d1e469_nohash_1.wav,no,no/84d1e469_nohash_1.wav,0,file,1,16000,1,16000,9786516101501d8ba5fe77fd539722b79ad596252ae3c84436e6d7e228fcf2b9
no,test,04_no.zip,no/test/f2e59fea_nohash_4.wav,no,no/f2e59fea_nohash_4.wav,0,file,1,16000,1,16000,eec50620bf3b11bc0115fb5efa4f8e5724c7a1d1f891a4236b17c0d7d6c6199f
no,test,04_no.zip,no/test/5170b77f_nohash_3.wav,no,no/5170b77f_nohash_3.wav,0,file,1,16000,1,16000,1face0d234c0056f2991394afe5f19f419aac61d70cad81536cf23d62eddd4bb
no,test,04_no.zip,no/test/a2473d62_nohash_2.wav,no,no/a2473d62_nohash_2.wav,0,file,1,16000,1,16000,43064e55c0a5c8e9a20ddafef2ce5cda53f925461a4f784ee89019f5707dee76
no,test,04_no.zip,no/test/4fd1443e_nohash_3.wav,no,no/4fd1443e_nohash_3.wav,0,file,1,16000,1,16000,a6d0bced92012846a99a9fe72ab6dc4511335156a801d65a3f68606ae8769734
no,test,04_no.zip,no/test/1b4c9b89_nohash_2.wav,no,no/1b4c9b89_nohash_2.wav,0,file,1,16000,1,16000,3ef5184a5ad8036ad7193d428c99ed77c3eaa7ce16ce5cb3f612553da5324422
no,test,04_no.zip,no/test/47d01978_nohash_0.wav,no,no/47d01978_nohash_0.wav,0,file,1,16000,1,16000,ce3c48488b2a3ed470ba55cae7faac820e36cf571eb4295ef90d7dd9eef84757
no,test,04_no.zip,no/test/893705bb_nohash_10.wav,no,no/893705bb_nohash_10.wav,0,file,1,16000,1,16000,a157b9991ceb6cff3c8f9dfacb2eff4ebd91fe450a424e0741883f61b3545aeb
no,test,04_no.zip,no/test/03401e93_nohash_1.wav,no,no/03401e93_nohash_1.wav,0,file,1,16000,1,15701,6abeacb15f6b0505ecb1f352424edc55d87b88b6209a76d6e510b2f5d1ab12eb
no,test,04_no.zip,no/test/e1469561_nohash_0.wav,no,no/e1469561_nohash_0.wav,0,file,1,16000,1,16000,0d044b17769abe1994a6a523f72ceb66a647550836ef9afd645f713275497fde
no,test,04_no.zip,no/test/3b4f8f24_nohash_3.wav,no,no/3b4f8f24_nohash_3.wav,0,file,1,16000,1,16000,f5050a0d8e4f56b780db3967af46108effb50968a8a35145aeffe5de8662c021
no,test,04_no.zip,no/test/cd85758f_nohash_3.wav,no,no/cd85758f_nohash_3.wav,0,file,1,16000,1,16000,490a23fb4d2620400a6f9be965b0c6480ffffb2b05ca2a7556ba6cc26691e443
no,test,04_no.zip,no/test/8fe52b97_nohash_1.wav,no,no/8fe52b97_nohash_1.wav,0,file,1,16000,1,11606,f638f8f9f8c4028ca54e014e42c221a346683437b8167220049e19c0d8881f5d
off,train,05_off.zip,off/train/cc71bada_nohash_0.wav,off,off/cc71bada_nohash_0.wav,0,file,1,16000,1,16000,a5123ef76b37c39f65740d494a95bb3281056724e622d774835c122f95eb275e
off,train,05_off.zip,off/train/1c3f50ad_nohash_0.wav,off,off/1c3f50ad_nohash_0.wav,0,file,1,16000,1,16000,c70d8d7cce243375a0be091c734fa0e5515a2ca6454b176ca748eff767fa116f
off,train,05_off.zip,off/train/12529547_nohash_1.wav,off,off/12529547_nohash_1.wav,0,file,1,16000,1,14861,ddb0e5f895cd7034e56137433c2ad8c8768575b244079881d60629a12586e37b
off,train,05_off.zip,off/train/39025b21_nohash_0.wav,off,off/39025b21_nohash_0.wav,0,file,1,16000,1,16000,4938787a16fde7942d3b7cb49fd3ac1fc74ea4764f66ba77be3231b869e6c8a9
off,train,05_off.zip,off/train/559bc36a_nohash_1.wav,off,off/559bc36a_nohash_1.wav,0,file,1,16000,1,16000,ed00a28b29a9bc96e905a16306abe8e810bfa8092a8d9495d42641ff446b595a
off,train,05_off.zip,off/train/54ad8f22_nohash_3.wav,off,off/54ad8f22_nohash_3.wav,0,file,1,16000,1,16000,66af42199a931fffa1c6e4fa11e5c623784528f8700dfd66a4abb1f5567901bd
off,train,05_off.zip,off/train/cc3b5b62_nohash_0.wav,off,off/cc3b5b62_nohash_0.wav,0,file,1,16000,1,16000,6896be55fd2206a00f9c2d9457dc2ae6557c95037dd290017478c152bfa7a8ba
off,train,05_off.zip,off/train/4b25f620_nohash_0.wav,off,off/4b25f620_nohash_0.wav,0,file,1,16000,1,16000,0630431ddbbbce19d7e92c08d7d6c42823c11af33fae0d0955dacfa76d3ea5fb
off,train,05_off.zip,off/train/338dacf5_nohash_0.wav,off,off/338dacf5_nohash_0.wav,0,file,1,16000,1,16000,d015ab223f951e2da6aa92b76ae9e59d04f975d983dd3e4c33c56373d4e88749
off,train,05_off.zip,off/train/51c5601d_nohash_1.wav,off,off/51c5601d_nohash_1.wav,0,file,1,16000,1,16000,d8e7bad9b49be9f428696a318becbc5ff1431f7902b630aca2e0e0ee1da85618
off,train,05_off.zip,off/train/c948d727_nohash_2.wav,off,off/c948d727_nohash_2.wav,0,file,1,16000,1,16000,edac6529d57f0a5bd411be6f1d9d2b6a1a62dc1604ec771a45133d7cc57771e2
off,train,05_off.zip,off/train/679463fc_nohash_3.wav,off,off/679463fc_nohash_3.wav,0,file,1,16000,1,16000,e311965ea42620239f6b158876334ecd9af9ae297c12d1c63a6b9d0cc4ca9b42
off,train,05_off.zip,off/train/d278d8ef_nohash_3.wav,off,off/d278d8ef_nohash_3.wav,0,file,1,16000,1,16000,740b4d253e71ed2ae3496d23a7455aee975c675f93d2b8554879abbad10dac30
off,train,05_off.zip,off/train/39a12648_nohash_0.wav,off,off/39a12648_nohash_0.wav,0,file,1,16000,1,16000,f61fac54fa3c20b1e5203c0d370e6fb4b3ac373d83db9dc488615b3f22327619
off,train,05_off.zip,off/train/6ef407da_nohash_0.wav,off,off/6ef407da_nohash_0.wav,0,file,1,16000,1,16000,9c97f9834ff29a255184a70a32bf0ac9b54af3e8f8a6c36ecbe85e7164a6cec3
off,train,05_off.zip,off/train/a929f9b9_nohash_4.wav,off,off/a929f9b9_nohash_4.wav,0,file,1,16000,1,16000,a873607de8a786a9c88ba0c5e1d628e779fbd096e35c27f9faa2b8ed0e6f805c
off,train,05_off.zip,off/train/0717b9f6_nohash_2.wav,off,off/0717b9f6_nohash_2.wav,0,file,1,16000,1,16000,ee36b826dfd5d6d443c5b66b5c8bf1baa0e639455e3da1335eeb59bfec2b3b01
off,train,05_off.zip,off/train/eaa83485_nohash_4.wav,off,off/eaa83485_nohash_4.wav,0,file,1,16000,1,16000,154d9eb1b3160e43d3e6223c4cd4705db551541836ba38c9ed74729c2e01d4fa
off,train,05_off.zip,off/train/7b2e879e_nohash_1.wav,off,off/7b2e879e_nohash_1.wav,0,file,1,16000,1,16000,69c901c68d7abfeda249546e9ea1c215a526358f317959fc4c48ab96c5b5d8c1
off,train,05_off.zip,off/train/879a2b38_nohash_3.wav,off,off/879a2b38_nohash_3.wav,0,file,1,16000,1,16000,7c21b094f5043ae5da61b435c650cc82eff5ce0c75878bf63e82b72a8b60b7e7
off,train,05_off.zip,off/train/9acd0254_nohash_0.wav,off,off/9acd0254_nohash_0.wav,0,file,1,16000,1,16000,6ca865a1897fb6157367f2a6f4a64a87b982e550f22d3164343336ebf8f78177
off,train,05_off.zip,off/train/29fb33da_nohash_3.wav,off,off/29fb33da_nohash_3.wav,0,file,1,16000,1,16000,e872a0241975305a92daacda1652488d5bf47556313b49f70b245393f909501d
off,train,05_off.zip,off/train/e7ea8b76_nohash_0.wav,off,off/e7ea8b76_nohash_0.wav,0,file,1,16000,1,16000,6f385b591182334b3e83cfdf7c155d917726c47338ed0625d0e8dd7213075a19
off,train,05_off.zip,off/train/8c7b691a_nohash_0.wav,off,off/8c7b691a_nohash_0.wav,0,file,1,16000,1,15019,adb045e0d6a9f3dfad674aa492db1a8d65b65ec72c0065b7fef005ba4790202e
off,train,05_off.zip,off/train/bbc30633_nohash_2.wav,off,off/bbc30633_nohash_2.wav,0,file,1,16000,1,16000,a6fabcfed3c75b2658f46b79cf414b2b1ecb2bd93e9dc13469dbffb757cfc054
off,train,05_off.zip,off/train/ecbd8d66_nohash_0.wav,off,off/ecbd8d66_nohash_0.wav,0,file,1,16000,1,16000,d828bc71eeca52af0a84bd966cc0e477f96c9b95747c3fffee290d481a55ce1d
off,train,05_off.zip,off/train/64574a99_nohash_0.wav,off,off/64574a99_nohash_0.wav,0,file,1,16000,1,16000,9c3b5fdda5d8c013924f715c56e5b34b1fb0441e75a1e5b85ead02d94f983d65
off,train,05_off.zip,off/train/235b444f_nohash_3.wav,off,off/235b444f_nohash_3.wav,0,file,1,16000,1,16000,394cdf4256152956293e4a1b8502f17ca680d2bbb97efb12288e3e8210f2081d
off,train,05_off.zip,off/train/71904de3_nohash_0.wav,off,off/71904de3_nohash_0.wav,0,file,1,16000,1,16000,08f0cea5f3ff94248b56bcf22a7808375359a6be2f0cb6e82ea3051bdb1e3631
off,train,05_off.zip,off/train/b59fa113_nohash_1.wav,off,off/b59fa113_nohash_1.wav,0,file,1,16000,1,16000,a790b05b4c8d429fea8443b146733e3c3a8f4887d580a27fc8a36af6decf622f
off,train,05_off.zip,off/train/e2008f39_nohash_0.wav,off,off/e2008f39_nohash_0.wav,0,file,1,16000,1,16000,28e16151b4f37458c0e9fa2b7b6a30ca61f21878467af40a9cf9c311a1629300
off,train,05_off.zip,off/train/c7aaad67_nohash_0.wav,off,off/c7aaad67_nohash_0.wav,0,file,1,16000,1,16000,15a4c8c52929a4ca8adae7997e8426353dd6ee06a563dae357693da20933c079
off,train,05_off.zip,off/train/638548d5_nohash_0.wav,off,off/638548d5_nohash_0.wav,0,file,1,16000,1,16000,37abb03af0ec26d0a0427de79a083cf196cceb61a65f02819bb9b64c251c90c1
off,train,05_off.zip,off/train/70a00e98_nohash_2.wav,off,off/70a00e98_nohash_2.wav,0,file,1,16000,1,16000,61d30ec32bc144d3ead4f6c5f393eca1bb4f63b47ed569e325f0901fa3fae504
off,train,05_off.zip,off/train/c39703ec_nohash_3.wav,off,off/c39703ec_nohash_3.wav,0,file,1,16000,1,16000,55f6f6f8ccf72786546f5aee2ae9e002507fa20f1f8833fa8ddc81862318caa0
off,train,05_off.zip,off/train/435f9f9e_nohash_0.wav,off,off/435f9f9e_nohash_0.wav,0,file,1,16000,1,12288,e24b509eff8cefc2a5993e41427dfd780cd18ca2ee65d772cab1e73901a402e8
off,train,05_off.zip,off/train/bb6d4301_nohash_2.wav,off,off/bb6d4301_nohash_2.wav,0,file,1,16000,1,16000,8b05fd8ada3769ef4abb2cc2c428d399a43559b05b77f656cef2d70ccd5d823c
off,train,05_off.zip,off/train/bfb10243_nohash_0.wav,off,off/bfb10243_nohash_0.wav,0,file,1,16000,1,16000,bbb6691340dd6b57eebc0f036e44c103222e799362f3de6dcb352ba962d14308
off,train,05_off.zip,off/train/31d68957_nohash_0.wav,off,off/31d68957_nohash_0.wav,0,file,1,16000,1,16000,a37936e65d112ae9a7e1e44f20d3e300ba4352db6ca37869626e802476e0eccb
off,train,05_off.zip,off/train/15c371c7_nohash_0.wav,off,off/15c371c7_nohash_0.wav,0,file,1,16000,1,16000,0d32cdfb40f0383d2dcc39720520f99594182eef7ebb1378098e98d7fac32ba2
off,train,05_off.zip,off/train/4fd4d073_nohash_0.wav,off,off/4fd4d073_nohash_0.wav,0,file,1,16000,1,16000,126e5e5cd694c9f37eec8ed62e68271f3d6c93152c0b37be3e6cfe5b6b903c9a
off,train,05_off.zip,off/train/19785c4e_nohash_1.wav,off,off/19785c4e_nohash_1.wav,0,file,1,16000,1,12288,69e67519d6d0d3a5f97764a8ec8908251d73b1720ae749dda403010cdf04619a
off,train,05_off.zip,off/train/978240e1_nohash_0.wav,off,off/978240e1_nohash_0.wav,0,file,1,16000,1,16000,f4c7b2a728df7d6d7e17bade506446fbd25d24d2f82f639591fa9ec8e72a55bc
off,train,05_off.zip,off/train/2aca1e72_nohash_6.wav,off,off/2aca1e72_nohash_6.wav,0,file,1,16000,1,16000,cad5706810191654ef7ba29bdf7413db0399104aa264e44bd6369556ad1a47f8
off,train,05_off.zip,off/train/173ce2be_nohash_2.wav,off,off/173ce2be_nohash_2.wav,0,file,1,16000,1,16000,3dd6ec643f2efd8a44c79139e5cf5bfe642fa37d52c6b994aa0817df02dc672a
off,train,05_off.zip,off/train/333784b7_nohash_1.wav,off,off/333784b7_nohash_1.wav,0,file,1,16000,1,16000,221722cf534b3c7ff92b987721077b6fc9a4cf9fcd62162f5a1379d723c706be
off,train,05_off.zip,off/train/e8d562ca_nohash_2.wav,off,off/e8d562ca_nohash_2.wav,0,file,1,16000,1,16000,ad33e88733e1d4da95113c2b41233845423978a3297351bc627a7d784b3e1ec2
off,train,05_off.zip,off/train/578d3efb_nohash_1.wav,off,off/578d3efb_nohash_1.wav,0,file,1,16000,1,16000,1cce08283736359f4b8e7dda7d9d6b6d44576c5ba7c86ee3bd64d5a54a4b14f8
off,train,05_off.zip,off/train/b308773d_nohash_4.wav,off,off/b308773d_nohash_4.wav,0,file,1,16000,1,16000,abbaae0bf8e7749eb27b78708b50e00203f57336d66c3d0271b9a6b069123ce2
off,train,05_off.zip,off/train/8134f43f_nohash_2.wav,off,off/8134f43f_nohash_2.wav,0,file,1,16000,1,16000,7f47745931de5fbc1d29092ebd7e443f8daf8f0f84f375fdf9cfb3538ca9a7ef
off,train,05_off.zip,off/train/bab36420_nohash_2.wav,off,off/bab36420_nohash_2.wav,0,file,1,16000,1,16000,ef94fa7c0b1617d928fc6705e94a0305057200a002fd8b021666086675c52381
off,train,05_off.zip,off/train/49f30eed_nohash_0.wav,off,off/49f30eed_nohash_0.wav,0,file,1,16000,1,16000,7572b5192bee3be25f3893608d769f27ef50521cf0cb72c17e5b707300d0eaaa
off,train,05_off.zip,off/train/a9abc695_nohash_0.wav,off,off/a9abc695_nohash_0.wav,0,file,1,16000,1,16000,da9a398fd9a201ff94387a9951e21ca2627e14cc8d9672dd6c9c3f5aebc614e3
off,train,05_off.zip,off/train/190821dc_nohash_1.wav,off,off/190821dc_nohash_1.wav,0,file,1,16000,1,16000,f1a6afe8ba2791fd1eda47fb62edc060fa4a43e39ea2d484f25a0275458f447e
off,train,05_off.zip,off/train/51055bda_nohash_0.wav,off,off/51055bda_nohash_0.wav,0,file,1,16000,1,16000,b7f427704f770a5cace2a803589258ecc5a39211bcba92adc6ddcb5fe5d3b5fe
off,train,05_off.zip,off/train/a55105d0_nohash_2.wav,off,off/a55105d0_nohash_2.wav,0,file,1,16000,1,16000,cecdcbcb21994b7db3078c04f5b0d9d80a6dc9b877dd973dc98ee31239b862d4
off,train,05_off.zip,off/train/7fb8d703_nohash_3.wav,off,off/7fb8d703_nohash_3.wav,0,file,1,16000,1,16000,cbf816515100b6f5df678c33f4d07ea6877ae6ce0b1cfa4d7ee5e8f3bed87faf
off,train,05_off.zip,off/train/baeac2ba_nohash_1.wav,off,off/baeac2ba_nohash_1.wav,0,file,1,16000,1,16000,d2d58e99896ce3e597a73b2c884fef21306efe3ef7d1b578df1bd0f54beb5b14
off,train,05_off.zip,off/train/459345ea_nohash_0.wav,off,off/459345ea_nohash_0.wav,0,file,1,16000,1,16000,2527561074f8558d9e8abd23683b93e92531806c3afcc82acd6a85369278b5cd
off,train,05_off.zip,off/train/87014d40_nohash_0.wav,off,off/87014d40_nohash_0.wav,0,file,1,16000,1,16000,331c2d6db44e66c16a09e7f539f4fd2520db24fe9d19fb3ca4e359f6d047ffa7
off,test,05_off.zip,off/test/ea356919_nohash_0.wav,off,off/ea356919_nohash_0.wav,0,file,1,16000,1,16000,61ecd41ef75238f0bf6aa2970abaabc5cd9752fc9605f06ba82b4e16e90b7af2
off,test,05_off.zip,off/test/db24628d_nohash_0.wav,off,off/db24628d_nohash_0.wav,0,file,1,16000,1,16000,9aee7375b98f603a684d6c67b93f8631f03df11713eb71cc0fbbe812925177d8
off,test,05_off.zip,off/test/adebe223_nohash_0.wav,off,off/adebe223_nohash_0.wav,0,file,1,16000,1,16000,d7106cba07f7b56d08037761810b5a66df07b82f95b6486197b0845048cb20f1
off,test,05_off.zip,off/test/8769c34c_nohash_4.wav,off,off/8769c34c_nohash_4.wav,0,file,1,16000,1,16000,884b899fe7c811bcd56ac130daf2a0dacc707022867fadbf5d9f97b0d541bca4
off,test,05_off.zip,off/test/bfd26d6b_nohash_0.wav,off,off/bfd26d6b_nohash_0.wav,0,file,1,16000,1,16000,21162e3ec7cdeaeff7b46579bdde0c05b4edf39cdae2cb8e6467515c66ff47a3
off,test,05_off.zip,off/test/189cbabe_nohash_3.wav,off,off/189cbabe_nohash_3.wav,0,file,1,16000,1,16000,be43894024ce0119437d9ddf060dc854882218838498415ca3bdca756ff39547
off,test,05_off.zip,off/test/4c6167ca_nohash_5.wav,off,off/4c6167ca_nohash_5.wav,0,file,1,16000,1,16000,01619b87cd4d273b7192006e9f9b06a84db4fe2c1882539572b2366952fe1929
off,test,05_off.zip,off/test/e1469561_nohash_1.wav,off,off/e1469561_nohash_1.wav,0,file,1,16000,1,16000,7364700cd652068e2c07d71429141bb8d30ac527ec960fcf037ecdf29358ff8b
off,test,05_off.zip,off/test/d9e9f554_nohash_0.wav,off,off/d9e9f554_nohash_0.wav,0,file,1,16000,1,16000,78a7b39c896081afc6163683c3485137387fda45440932dfe67528956b94e14c
off,test,05_off.zip,off/test/91b03183_nohash_0.wav,off,off/91b03183_nohash_0.wav,0,file,1,16000,1,16000,97a326c430fc27203f98fb249e8cf73bc7ce76ca7ece2e40ba13117d8e9b2e9f
off,test,05_off.zip,off/test/8769c34c_nohash_0.wav,off,off/8769c34c_nohash_0.wav,0,file,1,16000,1,16000,04529c8ff2f7a16b02c96739bab9bd14acf3c7ddc7a7436d0703f34af5136c9a
off,test,05_off.zip,off/test/692a88e6_nohash_3.wav,off,off/692a88e6_nohash_3.wav,0,file,1,16000,1,16000,5187d0b11d8ecfd6dfe96d7043b53b7e7cdee71b0f6be91671791f12b88bbd5f
off,test,05_off.zip,off/test/cc592808_nohash_0.wav,off,off/cc592808_nohash_0.wav,0,file,1,16000,1,16000,d4a356eaba379d26128a4ad73b454c30082f543298454eb6525cdbee98cbe913
off,test,05_off.zip,off/test/68dd409e_nohash_0.wav,off,off/68dd409e_nohash_0.wav,0,file,1,16000,1,16000,542d621a9adfd03a8272cec11691ba1f38785afdfd4cda8e865756eefed93557
off,test,05_off.zip,off/test/8fe67225_nohash_1.wav,off,off/8fe67225_nohash_1.wav,0,file,1,16000,1,16000,326d375c8141787fbcd4c836e04d002c8b3fc677621fc8e0cfb8e2200c92833e
off,test,05_off.zip,off/test/0c40e715_nohash_0.wav,off,off/0c40e715_nohash_0.wav,0,file,1,16000,1,15604,eb79fea545685c8d720637f930ea7ee07d7f4142210115a499c6691b36dd7bcf
off,test,05_off.zip,off/test/f2e59fea_nohash_2.wav,off,off/f2e59fea_nohash_2.wav,0,file,1,16000,1,16000,d123df47b03d888937a05dd6d8309f986fd8f11f41933414a3940bb9a0f2c357
off,test,05_off.zip,off/test/553f1a79_nohash_0.wav,off,off/553f1a79_nohash_0.wav,0,file,1,16000,1,16000,8ea5eacb7dd588f187ccdc26b5bfcb2231d010547f4e9809b52e68a31d972682
off,test,05_off.zip,off/test/beb458a4_nohash_3.wav,off,off/beb458a4_nohash_3.wav,0,file,1,16000,1,16000,38b1fcd9149a721440c5aad3ddd4f40e05d7a731f41d6274e89439d02798debd
off,test,05_off.zip,off/test/0d53e045_nohash_2.wav,off,off/0d53e045_nohash_2.wav,0,file,1,16000,1,16000,aadc577afdfc111228cde1a5c8a52a264924d83a2694ce6fe49342fd9540d871
on,train,06_on.zip,on/train/f68160c0_nohash_3.wav,on,on/f68160c0_nohash_3.wav,0,file,1,16000,1,16000,b4ab957e3773c333ecf53a731c6b162ad525d7121e18883386dffcfaed354e7c
on,train,06_on.zip,on/train/c948d727_nohash_0.wav,on,on/c948d727_nohash_0.wav,0,file,1,16000,1,16000,a41130d825562844f06c97ef19ce81afa17d75cf09d79912953802e448bda48c
on,train,06_on.zip,on/train/6a014b29_nohash_0.wav,on,on/6a014b29_nohash_0.wav,0,file,1,16000,1,14118,3fe563243f895ff839b40a705307b1f7ab15ff7c78f4fd50dbb72757553bc7b0
on,train,06_on.zip,on/train/e0315cf6_nohash_4.wav,on,on/e0315cf6_nohash_4.wav,0,file,1,16000,1,16000,00e51617f6c25df8e683fd0864e69c5258c18f27aa1398b5324540574893dec0
on,train,06_on.zip,on/train/3b195250_nohash_4.wav,on,on/3b195250_nohash_4.wav,0,file,1,16000,1,16000,ed346084df77ff27fc633a29db64e2edd7201d1d25f9276ea4e31934fca2a42f
on,train,06_on.zip,on/train/4c3cddb8_nohash_4.wav,on,on/4c3cddb8_nohash_4.wav,0,file,1,16000,1,16000,63cd386cb8855d96512142246d5952ce466c5ff9293ce7b471665ea659ea1313
on,train,06_on.zip,on/train/195c120a_nohash_3.wav,on,on/195c120a_nohash_3.wav,0,file,1,16000,1,16000,972e8c99c8e80f2f679fa3395052aafc17a8e3c018f69b13848b5741aac97400
on,train,06_on.zip,on/train/937b433e_nohash_0.wav,on,on/937b433e_nohash_0.wav,0,file,1,16000,1,16000,c692e49782e86b5752f1324f5c3c987ea2448bc4c7dd4aa74ea8fdf99ceea2f9
on,train,06_on.zip,on/train/9a2e5b3c_nohash_0.wav,on,on/9a2e5b3c_nohash_0.wav,0,file,1,16000,1,16000,c71fab2d9bb849d4731b9e08c1b3f7e45a06648d42506c7e5411281aced041bb
on,train,06_on.zip,on/train/61482e52_nohash_0.wav,on,on/61482e52_nohash_0.wav,0,file,1,16000,1,16000,6b40f3e7127511967274313ddb2ecd9f6cb8fe7075d85d88b1f8df93324ac460
on,train,06_on.zip,on/train/ac4b3fc3_nohash_0.wav,on,on/ac4b3fc3_nohash_0.wav,0,file,1,16000,1,15019,aa5350fa35d0619a03f332cce77e81fa782e237471bdae30e48f831d016c4c18
on,train,06_on.zip,on/train/953fe1ad_nohash_4.wav,on,on/953fe1ad_nohash_4.wav,0,file,1,16000,1,16000,d3d98d78a4feaf022205ac443ffde0ee4728c22b39cb4c749b20bba5e4521336
on,train,06_on.zip,on/train/16d41d07_nohash_0.wav,on,on/16d41d07_nohash_0.wav,0,file,1,16000,1,15702,6f05950d3ee08d839f12d06c2966001beca125fb65c90cea369f7370817c5d99
on,train,06_on.zip,on/train/cd671b5f_nohash_3.wav,on,on/cd671b5f_nohash_3.wav,0,file,1,16000,1,16000,6cba6dd57d9850d759cf940bbf2b43b6586f5073ed1f4ae21cc102310ca3a992
on,train,06_on.zip,on/train/13dce503_nohash_0.wav,on,on/13dce503_nohash_0.wav,0,file,1,16000,1,14861,6c2a70187d00ed6a94d86e119b5ed74a1f130ceb15ffab3453f8fb717525642e
on,train,06_on.zip,on/train/0cd323ec_nohash_0.wav,on,on/0cd323ec_nohash_0.wav,0,file,1,16000,1,16000,38f4d7f121635b7ab928e96be54695177c6d24394a66cb90a8c34be5b05351f3
on,train,06_on.zip,on/train/bd11c654_nohash_1.wav,on,on/bd11c654_nohash_1.wav,0,file,1,16000,1,16000,7b44f6d64da489338c99f958753a51d3ff51d2faf04cf0df1841b1ab3c75605a
on,train,06_on.zip,on/train/b19f7f5f_nohash_0.wav,on,on/b19f7f5f_nohash_0.wav,0,file,1,16000,1,16000,2a37a10ff2a4f558e32cb6e59635b41aa56e9b4c5a3d1f2db289705606a6b4a2
on,train,06_on.zip,on/train/df038de4_nohash_1.wav,on,on/df038de4_nohash_1.wav,0,file,1,16000,1,16000,6ae5b63f5be5543f8a33dd67307a75f221b173acbeaf7b020846b95ddb9fb1e8
on,train,06_on.zip,on/train/0585b66d_nohash_3.wav,on,on/0585b66d_nohash_3.wav,0,file,1,16000,1,16000,a77a9f6046c250b54894dda19a91ac9caf22528e7a5b08018df501581ef3024b
on,train,06_on.zip,on/train/834f03fe_nohash_1.wav,on,on/834f03fe_nohash_1.wav,0,file,1,16000,1,16000,1d815b34d1f4d32cb7a50e65051b8d72cbff44de91f5cce6a2d3076106c045de
on,train,06_on.zip,on/train/3f339c33_nohash_0.wav,on,on/3f339c33_nohash_0.wav,0,file,1,16000,1,16000,32b4c7f7ed05d20546d35a9e4f6aa13289b4ada473709ac6ba8a3cd9dd9b2742
on,train,06_on.zip,on/train/0137b3f4_nohash_2.wav,on,on/0137b3f4_nohash_2.wav,0,file,1,16000,1,16000,86829902f513a143fba997c58c4a5038b7e6cd0ca14594861422f267c398ce6e
on,train,06_on.zip,on/train/eb0676ec_nohash_3.wav,on,on/eb0676ec_nohash_3.wav,0,file,1,16000,1,16000,952c8e0e96aaaf1a3f35607729246fb514456be0b44791e15dfdb42f8d13b33b
on,train,06_on.zip,on/train/333d7ddb_nohash_2.wav,on,on/333d7ddb_nohash_2.wav,0,file,1,16000,1,16000,bba95005c951bf26b1219cc4da4f4f48feef66a1ff63d0bd82c2d3d4bee7e765
on,train,06_on.zip,on/train/c1e0e8e3_nohash_1.wav,on,on/c1e0e8e3_nohash_1.wav,0,file,1,16000,1,16000,407ceeabdfd6bbe6679ec6d079da97a979eb037f2aa42c8063427f8c098e6047
on,train,06_on.zip,on/train/833a0279_nohash_0.wav,on,on/833a0279_nohash_0.wav,0,file,1,16000,1,16000,8981078a730dbc5833e13a7715fd9e648fd77eb7d3a0f31318c7b0049fca9635
on,train,06_on.zip,on/train/ac7840d8_nohash_1.wav,on,on/ac7840d8_nohash_1.wav,0,file,1,16000,1,16000,9f1150c0eb8e94e3bb5728c56864c4fad38bdfc98e58b1866aa355cbc0e052d2
on,train,06_on.zip,on/train/5af0ca83_nohash_0.wav,on,on/5af0ca83_nohash_0.wav,0,file,1,16000,1,16000,66b5e9a49ff7f873bfe7aaafaba93a9cc425e234f9a50cc48d5335c7faa3b2f2
on,train,06_on.zip,on/train/40738a2d_nohash_3.wav,on,on/40738a2d_nohash_3.wav,0,file,1,16000,1,16000,90c1ce8ed8392575b2f3d28735618edb93a38bbb19470d8916b0692f4aaee9b2
on,train,06_on.zip,on/train/71d0ded4_nohash_2.wav,on,on/71d0ded4_nohash_2.wav,0,file,1,16000,1,16000,725f20a184d5153246b0d394d5a7613eca7cf389817cf3682a2fd8f43cbafea3
on,train,06_on.zip,on/train/c692524d_nohash_0.wav,on,on/c692524d_nohash_0.wav,0,file,1,16000,1,16000,3895872771070cf0dfee83580091927cfa35758ba80c931071b4855b8fc5a2f6
on,train,06_on.zip,on/train/050170cb_nohash_3.wav,on,on/050170cb_nohash_3.wav,0,file,1,16000,1,16000,53fc36b556f702b552884c4c3c199bd965152719458aa7266814229710e9da29
on,train,06_on.zip,on/train/4995d875_nohash_0.wav,on,on/4995d875_nohash_0.wav,0,file,1,16000,1,16000,8d5b9d511e990ee51da34c2e5b5a7f18b5a70ed47bde1ee99a8d1ca190008762
on,train,06_on.zip,on/train/953fe1ad_nohash_0.wav,on,on/953fe1ad_nohash_0.wav,0,file,1,16000,1,16000,3ca00959566543558eacdbdcf8ffe9151376fb7c3f905dbf45dc0b4660cc47e9
on,train,06_on.zip,on/train/5de3f6cc_nohash_1.wav,on,on/5de3f6cc_nohash_1.wav,0,file,1,16000,1,14336,3593989829dd735f7cb9c0b677e05ea43f0bf712882d5221dd0fb42315007874
on,train,06_on.zip,on/train/b66f4f93_nohash_6.wav,on,on/b66f4f93_nohash_6.wav,0,file,1,16000,1,16000,2f8fdbdfdfacdd8b18629c2c0568d2bd6df26a58b87a57876083382bd9134d37
on,train,06_on.zip,on/train/71d0ded4_nohash_0.wav,on,on/71d0ded4_nohash_0.wav,0,file,1,16000,1,16000,d8422c68e69ace2982b6fad130838a684a384600a66a2eb27c63f1937bf3a321
on,train,06_on.zip,on/train/821b64cc_nohash_0.wav,on,on/821b64cc_nohash_0.wav,0,file,1,16000,1,16000,be125c5753449fcbc96f83f0c46f4ad974bd3ac7beb46d277dc79a75a420d6f8
on,train,06_on.zip,on/train/3291330e_nohash_3.wav,on,on/3291330e_nohash_3.wav,0,file,1,16000,1,16000,77b2e30b88d0e2864a0355875abbefa50bf0595e6430be3a7c9c5b6221de2369
on,train,06_on.zip,on/train/eaa83485_nohash_3.wav,on,on/eaa83485_nohash_3.wav,0,file,1,16000,1,16000,b7b2ef8d3ad7eac6797313d4609d7eeeed956af904c427e32c804e7f32892090
on,train,06_on.zip,on/train/1aeef15e_nohash_0.wav,on,on/1aeef15e_nohash_0.wav,0,file,1,16000,1,16000,15084ca1320af7e7fc0fd79f051ea5d8cf74d31ad43d736376880a7d9b7afe7d
on,train,06_on.zip,on/train/3209ec42_nohash_1.wav,on,on/3209ec42_nohash_1.wav,0,file,1,16000,1,16000,fc6cd567bcf7811fba45fd3fcf77849b71be830fc30367782dd39061f3f1611b
on,train,06_on.zip,on/train/af790082_nohash_1.wav,on,on/af790082_nohash_1.wav,0,file,1,16000,1,16000,74e03ab9f2bf34266c2986d7fe4ff19f19af1eba73e6ed0950bec0d75704618e
on,train,06_on.zip,on/train/df6bd83f_nohash_0.wav,on,on/df6bd83f_nohash_0.wav,0,file,1,16000,1,16000,32e261ea6b48f970cac5657faca25df63c04be0ddb147d62e06b2941f319bfa5
on,train,06_on.zip,on/train/d278d8ef_nohash_1.wav,on,on/d278d8ef_nohash_1.wav,0,file,1,16000,1,16000,7aa4223bd1244eb93c21d0f16b982d9cd3cefda363c4c66ef564c8fe2daf6f52
on,train,06_on.zip,on/train/ed3c2d05_nohash_1.wav,on,on/ed3c2d05_nohash_1.wav,0,file,1,16000,1,16000,abde3452bcc224c73aa9cb320c7515ae1f7dd0c69e9d07c9d20eaab776102481
on,train,06_on.zip,on/train/9fac5701_nohash_2.wav,on,on/9fac5701_nohash_2.wav,0,file,1,16000,1,16000,f59f49484936ed9ef3b08ba20c4e95e95f7ab95e7d40d4b9249f86bb28f45479
on,train,06_on.zip,on/train/652b3da7_nohash_0.wav,on,on/652b3da7_nohash_0.wav,0,file,1,16000,1,16000,af707176462d378a3ad0bd07ca9bcc0ec74e439ea09867ea286c995b2e5bcf6f
on,train,06_on.zip,on/train/b7a0754f_nohash_2.wav,on,on/b7a0754f_nohash_2.wav,0,file,1,16000,1,16000,90bbc397aec45b8cb1080146869b375b1ecadbc86a882ea641ea2425d8f79216
on,train,06_on.zip,on/train/2f813234_nohash_1.wav,on,on/2f813234_nohash_1.wav,0,file,1,16000,1,16000,f04f6426783dcbce96fc70680c2815d316c7ee1daf876fa2482e5742b9c88dc0
on,train,06_on.zip,on/train/2bdbe5f7_nohash_3.wav,on,on/2bdbe5f7_nohash_3.wav,0,file,1,16000,1,16000,6165496408de013c1cfea1b1eb9d7365b3ad90f016c48d57e5c29d7968adabb7
on,train,06_on.zip,on/train/fd5ccd39_nohash_2.wav,on,on/fd5ccd39_nohash_2.wav,0,file,1,16000,1,16000,10534c59a89d512d93f7b55a0be27ca37a0a9498b3596065c8fbb9f0bbc86a45
on,train,06_on.zip,on/train/dbb7723a_nohash_1.wav,on,on/dbb7723a_nohash_1.wav,0,file,1,16000,1,12288,3313035f371f4248f497ac3820468b654966aa7e7c2531a11c853b88df71d1d2
on,train,06_on.zip,on/train/d394ef8e_nohash_1.wav,on,on/d394ef8e_nohash_1.wav,0,file,1,16000,1,16000,667e42db6e787c84ff9d78012719dd3c7b7744855897d090c8eb8ddbad581284
on,train,06_on.zip,on/train/833d9f56_nohash_4.wav,on,on/833d9f56_nohash_4.wav,0,file,1,16000,1,16000,295e5b391de8968b48c59723238393ac2a4902f0681936ea0aeb08fa6f462763
on,train,06_on.zip,on/train/3a7d8872_nohash_1.wav,on,on/3a7d8872_nohash_1.wav,0,file,1,16000,1,16000,e7949ab0a7ab33a99eb002b15c0020cbc9cc7b1adee1b2a85c86d0fdb9e04a3b
on,train,06_on.zip,on/train/a2fefcb4_nohash_0.wav,on,on/a2fefcb4_nohash_0.wav,0,file,1,16000,1,16000,c2fa5f92f3811b7c4331390a31a5003e5e23b175ba81a2c9a14dc99c5f9c7f58
on,train,06_on.zip,on/train/95218ce8_nohash_1.wav,on,on/95218ce8_nohash_1.wav,0,file,1,16000,1,13654,2e002007da7eef8d6c58c2d595056240f7bfcebae8bcc88283062120290eabc3
on,train,06_on.zip,on/train/cce17a61_nohash_0.wav,on,on/cce17a61_nohash_0.wav,0,file,1,16000,1,16000,004e1dde833cb92c2d1ca54214ded54b145587c1d4e35abf53fa31014455492f
on,test,06_on.zip,on/test/8625475c_nohash_0.wav,on,on/8625475c_nohash_0.wav,0,file,1,16000,1,16000,41d41701a78b45316e1d54f64dd3d176de66b9d536779c5160ae1792a66fcd0f
on,test,06_on.zip,on/test/e1469561_nohash_4.wav,on,on/e1469561_nohash_4.wav,0,file,1,16000,1,16000,84a7e3f162c21962c1684c59d316cb24e66c9094a9fcae8b6b001bfec01ae313
on,test,06_on.zip,on/test/ea356919_nohash_0.wav,on,on/ea356919_nohash_0.wav,0,file,1,16000,1,16000,43ce7df1f3454bad7cf1b10c238c66a9449c55e96aeb8f84a892dc04b97ca3f5
on,test,06_on.zip,on/test/4c841771_nohash_0.wav,on,on/4c841771_nohash_0.wav,0,file,1,16000,1,16000,51aea561df44d10180242506d1dd811e6c3cf2ddbfc67212da9a76111e84d5ee
on,test,06_on.zip,on/test/e9901cf0_nohash_1.wav,on,on/e9901cf0_nohash_1.wav,0,file,1,16000,1,15019,571d5693546b9fc30ea99d6ede70507a1176ec516d0039ffd1d503d3471591a9
on,test,06_on.zip,on/test/5eb5fc74_nohash_0.wav,on,on/5eb5fc74_nohash_0.wav,0,file,1,16000,1,8875,fc2aaa592ea30b4234a6359431ecaacc6522090cc40fdeb345f823797cdc11ba
on,test,06_on.zip,on/test/97f4c236_nohash_3.wav,on,on/97f4c236_nohash_3.wav,0,file,1,16000,1,16000,b820a1e35530c82767803d0f748158d4645ddee916717fe8ed85392018aeb51e
on,test,06_on.zip,on/test/a6f2fd71_nohash_3.wav,on,on/a6f2fd71_nohash_3.wav,0,file,1,16000,1,16000,79dd269fb1f7a1a312355f8346a4ee5483379a510df958a553c52f137c324382
on,test,06_on.zip,on/test/f2e59fea_nohash_0.wav,on,on/f2e59fea_nohash_0.wav,0,file,1,16000,1,16000,042a75fddbf86243353fdee9afe27afb71018dcc908269bb9238f117444234b1
on,test,06_on.zip,on/test/ca4d5368_nohash_1.wav,on,on/ca4d5368_nohash_1.wav,0,file,1,16000,1,16000,d0054eb685b7f887069bbc86604ccae8368375b8f4d9f643e558e260f8376c42
on,test,06_on.zip,on/test/18f8afd5_nohash_0.wav,on,on/18f8afd5_nohash_0.wav,0,file,1,16000,1,16000,3059d8cdbca7002e70323a512709fefb9fa9b5690ff2a3121ff5d19ab4fb6ab6
on,test,06_on.zip,on/test/e0c782d5_nohash_1.wav,on,on/e0c782d5_nohash_1.wav,0,file,1,16000,1,16000,f95e898f8582850388707ec07e53fc17d00165d2c9ac9f6c9776aebce6511e73
on,test,06_on.zip,on/test/bfd26d6b_nohash_1.wav,on,on/bfd26d6b_nohash_1.wav,0,file,1,16000,1,16000,248e7a06389b35341b6b0fe96cf8b76cc3fda3c72b0c1c9596dc95515514ed2e
on,test,06_on.zip,on/test/692a88e6_nohash_1.wav,on,on/692a88e6_nohash_1.wav,0,file,1,16000,1,16000,0034e9daf989de52db978d0aa4cc039745d7f2065a92b67be25e4a7a465a7948
on,test,06_on.zip,on/test/1acc97de_nohash_1.wav,on,on/1acc97de_nohash_1.wav,0,file,1,16000,1,16000,019493e5cd93c728d27884961ebfd7663c10c471a64f0745b3bed323b2eb9895
on,test,06_on.zip,on/test/893705bb_nohash_12.wav,on,on/893705bb_nohash_12.wav,0,file,1,16000,1,16000,76b21451adc07a5ca98c910f846324739628045b00a90e18bca9ecaaa4a34e4a
on,test,06_on.zip,on/test/893705bb_nohash_8.wav,on,on/893705bb_nohash_8.wav,0,file,1,16000,1,16000,3157625ce9c35759619b1e451e52847d50aa7909a93ed7c300ff9218657b6aae
on,test,06_on.zip,on/test/b97c9f77_nohash_1.wav,on,on/b97c9f77_nohash_1.wav,0,file,1,16000,1,16000,30e5938848dcfa1698eeef22b7f7efeec66001dd223ae7df9bd89fde977c674a
on,test,06_on.zip,on/test/37dca74f_nohash_2.wav,on,on/37dca74f_nohash_2.wav,0,file,1,16000,1,16000,5eb02955780c3adfdece6d4299c9104183c0b75147f98ab67c41506790f26656
on,test,06_on.zip,on/test/5c8af87a_nohash_3.wav,on,on/5c8af87a_nohash_3.wav,0,file,1,16000,1,16000,2ea02c35a49f36b6d48bede236c80844696cd402d41cfe82561b978150a7b230
right,train,07_right.zip,right/train/418e7158_nohash_0.wav,right,right/418e7158_nohash_0.wav,0,file,1,16000,1,16000,f420ee3ad51678ecb4dd7da3ffd45b5ee4333b69508af092587801a31a89b147
right,train,07_right.zip,right/train/25132942_nohash_3.wav,right,right/25132942_nohash_3.wav,0,file,1,16000,1,16000,b9e4e09b7512ead47706799d2d8513faa4bd30ed52f371476e1b1c99e75fc776
right,train,07_right.zip,right/train/f852895b_nohash_2.wav,right,right/f852895b_nohash_2.wav,0,file,1,16000,1,16000,b51dd382dba63c53127f41c3a517289f97c73984838424ac4d0e0a8b468821a3
right,train,07_right.zip,right/train/cc4f9250_nohash_2.wav,right,right/cc4f9250_nohash_2.wav,0,file,1,16000,1,16000,d7b00dde658df23b52b2bf3e42aa1619c0654bc7cf8bd72354c961a1d0b0fd04
right,train,07_right.zip,right/train/90e72357_nohash_2.wav,right,right/90e72357_nohash_2.wav,0,file,1,16000,1,16000,137c762085bf4adb5b080cb8a40bb023676a9632e55b23ab9e92076fea5d984b
right,train,07_right.zip,right/train/2275edbb_nohash_0.wav,right,right/2275edbb_nohash_0.wav,0,file,1,16000,1,13654,8f23222fa6c1d88f4b4f10c9e51bf474a4fec042933c84e9a206b056d17107db
right,train,07_right.zip,right/train/bbf38549_nohash_2.wav,right,right/bbf38549_nohash_2.wav,0,file,1,16000,1,16000,bf4456ab5a115c0412c55c61d5b8b22af9094d85d7893a0f269f3fa64cd5f78a
right,train,07_right.zip,right/train/2e30f9a5_nohash_0.wav,right,right/2e30f9a5_nohash_0.wav,0,file,1,16000,1,16000,64f5c42d2569a69b66e512c40fcad6205e97273cf4523b982996ac173b9bcd33
right,train,07_right.zip,right/train/ab46af55_nohash_3.wav,right,right/ab46af55_nohash_3.wav,0,file,1,16000,1,16000,44265deb998b5c72d1ca3baffad71dbf7b91bcc8767cbac6f3e46b81539c2882
right,train,07_right.zip,right/train/834f03fe_nohash_1.wav,right,right/834f03fe_nohash_1.wav,0,file,1,16000,1,16000,002eb33dcefb5abdf42fb71de75a14ac6dce0af98921e9d4851c03a03e56a563
right,train,07_right.zip,right/train/a95dbfd4_nohash_0.wav,right,right/a95dbfd4_nohash_0.wav,0,file,1,16000,1,16000,e05b071259554ba1326269ac5d5cc0d144619b5eca443fb8dfcc39e97594b4be
right,train,07_right.zip,right/train/9ff1b8b6_nohash_0.wav,right,right/9ff1b8b6_nohash_0.wav,0,file,1,16000,1,16000,f67ef4cd88306097a637d329308e785088bffc6db645ee1a4cec6e1be6737647
right,train,07_right.zip,right/train/fd5ccd39_nohash_3.wav,right,right/fd5ccd39_nohash_3.wav,0,file,1,16000,1,16000,4b45e905d3baddd118a6b1a64e406963b4e9d5e46cd148599ac24a3288a05f2b
right,train,07_right.zip,right/train/89e59d18_nohash_0.wav,right,right/89e59d18_nohash_0.wav,0,file,1,16000,1,16000,40aa864b5d363c138dbc15de7eda838bd6a1fef6c563c701e209179c2f26752b
right,train,07_right.zip,right/train/e9bc5cc2_nohash_3.wav,right,right/e9bc5cc2_nohash_3.wav,0,file,1,16000,1,16000,ee3cfeab5b51e1f82b98e9385324260a3fc7dd3985562bdefae3a1ceb0a8346c
right,train,07_right.zip,right/train/2a1f4853_nohash_0.wav,right,right/2a1f4853_nohash_0.wav,0,file,1,16000,1,16000,34209e0cc4d6aced09fc637bd52ad6749036d015d7141181461ecaac35a550f5
right,train,07_right.zip,right/train/578d3efb_nohash_3.wav,right,right/578d3efb_nohash_3.wav,0,file,1,16000,1,16000,65bd6e17a98d59d1ae1f5359d63583b7b2fd541a300e8556bb24dcfce5a31608
right,train,07_right.zip,right/train/6bf5baf3_nohash_2.wav,right,right/6bf5baf3_nohash_2.wav,0,file,1,16000,1,16000,af3f410cef39e1a85e677d3e5db5b686be624be1eeef8746a271e65e7b73a01f
right,train,07_right.zip,right/train/f736ab63_nohash_4.wav,right,right/f736ab63_nohash_4.wav,0,file,1,16000,1,16000,8479333859faf9cfa285a19bed847c162ea389ae4561873bd5da573cf04ecc1f
right,train,07_right.zip,right/train/9f4098cb_nohash_0.wav,right,right/9f4098cb_nohash_0.wav,0,file,1,16000,1,16000,e856052803e78c2d6d003b535d71318932df7029c09cdf5cb55f6e49bb4d9982
right,train,07_right.zip,right/train/eb609143_nohash_1.wav,right,right/eb609143_nohash_1.wav,0,file,1,16000,1,16000,a1bb70a50ad321388ab7542702dce8a1fd8a849357615186f6de9c45b5e66a52
right,train,07_right.zip,right/train/33246bc2_nohash_1.wav,right,right/33246bc2_nohash_1.wav,0,file,1,16000,1,16000,4a75c3a525a0baed90859b116fc6576aac9520abbb4779f528b540514727f167
right,train,07_right.zip,right/train/cd671b5f_nohash_0.wav,right,right/cd671b5f_nohash_0.wav,0,file,1,16000,1,16000,327c372143754ffd5a6566ab6277e1b50d57f1c8ee6e1447a2c1d29350585078
right,train,07_right.zip,right/train/333784b7_nohash_4.wav,right,right/333784b7_nohash_4.wav,0,file,1,16000,1,16000,697c804bc980b4381dd6eb64965f21fde830589347d14b6f2c0d534929566e23
right,train,07_right.zip,right/train/a1c63f25_nohash_0.wav,right,right/a1c63f25_nohash_0.wav,0,file,1,16000,1,16000,9fb4628c20abbc58e60e5e184539186a813f03080db621e4ef8b4268daaae08e
right,train,07_right.zip,right/train/06a79a03_nohash_1.wav,right,right/06a79a03_nohash_1.wav,0,file,1,16000,1,16000,480516e0e78b7a092c1e3593b6f9c5506f249d4cf177ba58452b893bc1f07757
right,train,07_right.zip,right/train/24694eb6_nohash_2.wav,right,right/24694eb6_nohash_2.wav,0,file,1,16000,1,16000,7705d838d65a969f26133d35cff68837e1e6f8e5752ffcccc9f512d0cd1774a7
right,train,07_right.zip,right/train/b0f5b16d_nohash_2.wav,right,right/b0f5b16d_nohash_2.wav,0,file,1,16000,1,16000,82bcc57725078b6be0033a35aa325b5df69065e134e484d289c0de0a30cdcb01
right,train,07_right.zip,right/train/a1cff772_nohash_2.wav,right,right/a1cff772_nohash_2.wav,0,file,1,16000,1,16000,f00b4b1dc7b44be016456367ee49e2be2fcb8c3ff534e4ec7126fa59e05ea4fa
right,train,07_right.zip,right/train/a1cf7fd8_nohash_0.wav,right,right/a1cf7fd8_nohash_0.wav,0,file,1,16000,1,16000,d67099bb6c6bb8564b66ed74b8832bdf738a8863e93b496ff7f1a361df7c6890
right,train,07_right.zip,right/train/3c1e12cf_nohash_0.wav,right,right/3c1e12cf_nohash_0.wav,0,file,1,16000,1,15604,3ec958d7f1635bb9029a56967bc7670d6c57386e8cdff4c631f1eb9062ae20b8
right,train,07_right.zip,right/train/3c257192_nohash_4.wav,right,right/3c257192_nohash_4.wav,0,file,1,16000,1,16000,5b2aa2fe0210a6127a43a7753f1a448cd021bab3116d589819dc95deb0bf5e9c
right,train,07_right.zip,right/train/07089da9_nohash_1.wav,right,right/07089da9_nohash_1.wav,0,file,1,16000,1,16000,5cd1eb0221d9cb7b86783b87e3d7ef87ea07cdfbc4e56bda0e0c5321263baffb
right,train,07_right.zip,right/train/cce7416f_nohash_4.wav,right,right/cce7416f_nohash_4.wav,0,file,1,16000,1,16000,373d71b7f828a9c3b9d5c7bf04f6642344e70f5105a1b42e435042f9a8b1d7f5
right,train,07_right.zip,right/train/3e31dffe_nohash_2.wav,right,right/3e31dffe_nohash_2.wav,0,file,1,16000,1,16000,85a77563645b62fe029861552d5ed70b69b807148aeafa3e4cf5a8da28bdc271
right,train,07_right.zip,right/train/05d18852_nohash_0.wav,right,right/05d18852_nohash_0.wav,0,file,1,16000,1,16000,1cc17446adef2fa75663f1ca723a88b46c38ea961a6e088321e03d6ce5492fbc
right,train,07_right.zip,right/train/b8874962_nohash_2.wav,right,right/b8874962_nohash_2.wav,0,file,1,16000,1,16000,7aba2e1a92e233f59c42c84c27e715ac974dd74158087fd67ffd3e2b60c52b5e
right,train,07_right.zip,right/train/2e75d37a_nohash_0.wav,right,right/2e75d37a_nohash_0.wav,0,file,1,16000,1,16000,a14ea93fa94b8042adf080e680b6127ba35939ce3cb7246b4915f6bd3903ac79
right,train,07_right.zip,right/train/6e41a77e_nohash_1.wav,right,right/6e41a77e_nohash_1.wav,0,file,1,16000,1,16000,d0e5a1c13a7ce2a97943b86a571e3c9b854ceed86ae936bcb66e2da1796725c0
right,train,07_right.zip,right/train/54b6d355_nohash_1.wav,right,right/54b6d355_nohash_1.wav,0,file,1,16000,1,12056,d02f2b857e4aa80c416de50bff59887c120a0bb50e8939525f89221b1dc62c6c
right,train,07_right.zip,right/train/f5733968_nohash_2.wav,right,right/f5733968_nohash_2.wav,0,file,1,16000,1,16000,c38f735d924c520bf35713f9605372caa34ad6f7a602b2a8e50dbf59262e2fc8
right,train,07_right.zip,right/train/2bd2cad5_nohash_0.wav,right,right/2bd2cad5_nohash_0.wav,0,file,1,16000,1,9660,ee0e9ff5e9e3b3095dcc31f25c3edc8c509459fab1499ff801f6259c25a5036d
right,train,07_right.zip,right/train/c7aaad67_nohash_1.wav,right,right/c7aaad67_nohash_1.wav,0,file,1,16000,1,16000,882c02d1284e07a1e931921fbc53a3246f66457bc4ee99a97f90252ce092a058
right,train,07_right.zip,right/train/742d6431_nohash_3.wav,right,right/742d6431_nohash_3.wav,0,file,1,16000,1,16000,adf140ba9bedaa334443a1706b40c0f3724694f5017220197d4a33398cd0aab4
right,train,07_right.zip,right/train/3589bc72_nohash_1.wav,right,right/3589bc72_nohash_1.wav,0,file,1,16000,1,16000,fcd26f5913ca102fb96cf0fb2bdcbaef7b116a8d2ca0bb84f4c0808891cf3f20
right,train,07_right.zip,right/train/b8874962_nohash_0.wav,right,right/b8874962_nohash_0.wav,0,file,1,16000,1,16000,c5a54370bdeaa6db0050c943f26259832ead4b964bc79916605b96f8d741efb7
right,train,07_right.zip,right/train/24694eb6_nohash_1.wav,right,right/24694eb6_nohash_1.wav,0,file,1,16000,1,16000,cd55760d7accd5e8730a2dfc3561ea8a98a3d3da65b4b039d5062ad6c216bf59
right,train,07_right.zip,right/train/9ff2d2f4_nohash_0.wav,right,right/9ff2d2f4_nohash_0.wav,0,file,1,16000,1,16000,6cfc92e572460682e11e6b2734c7aa0444cd9e34dee8db3f6f20741705d50a52
right,train,07_right.zip,right/train/ef3367d9_nohash_0.wav,right,right/ef3367d9_nohash_0.wav,0,file,1,16000,1,16000,fd049f470cb56bc37d1181f60838a2ec777bd2bde43b2f53225d017bdacd7fb0
right,train,07_right.zip,right/train/57de2379_nohash_0.wav,right,right/57de2379_nohash_0.wav,0,file,1,16000,1,13312,de140ce1c681da53594603538d28b5f1e93569ae3b55a0b46befb6d39bd3d78a
right,train,07_right.zip,right/train/29dce108_nohash_2.wav,right,right/29dce108_nohash_2.wav,0,file,1,16000,1,16000,8838eeedb91b9c9835d2b41598b59f96c3cea66bce58ea9316c228c3daa97ef2
right,train,07_right.zip,right/train/a5609cce_nohash_2.wav,right,right/a5609cce_nohash_2.wav,0,file,1,16000,1,16000,aca38468b2e2d5aa5bd846df8b49e91414493fb142a78f678f928571f3b41ea3
right,train,07_right.zip,right/train/fa44fcf5_nohash_2.wav,right,right/fa44fcf5_nohash_2.wav,0,file,1,16000,1,16000,31301c47c7dc7d05298fa77b13cea803decbfdb4344f14f82572e23bfc68f169
right,train,07_right.zip,right/train/9b027ecf_nohash_0.wav,right,right/9b027ecf_nohash_0.wav,0,file,1,16000,1,16000,0ef27eb8a3ae2297a136c61c100edfa9a0ed22632b7c8d015b573f76264e29fd
right,train,07_right.zip,right/train/a7acbbeb_nohash_2.wav,right,right/a7acbbeb_nohash_2.wav,0,file,1,16000,1,16000,4ebd32ee15bbab0140248509691255c5d302f4cd5ec463fd9807d8df3ab4b71e
right,train,07_right.zip,right/train/28e47b1a_nohash_2.wav,right,right/28e47b1a_nohash_2.wav,0,file,1,16000,1,16000,cdaa232f7bf424483beeee4ffb5d5837b566687d2948ca39b5c085a32458bcb7
right,train,07_right.zip,right/train/f216055e_nohash_1.wav,right,right/f216055e_nohash_1.wav,0,file,1,16000,1,16000,73563a9a0f0a5de90f76d79ce78c18a3e0b94cb302f6bfd3549c738b88c3af36
right,train,07_right.zip,right/train/25132942_nohash_0.wav,right,right/25132942_nohash_0.wav,0,file,1,16000,1,16000,797857b04cab7ef6909f79a1de8f805b594e2c1a26d8b71fed337435df29201b
right,train,07_right.zip,right/train/dc269564_nohash_1.wav,right,right/dc269564_nohash_1.wav,0,file,1,16000,1,15604,2beb633f0fde619311bdda38ab633b26ff1f8bb80ec443ef55528eeeea70c7df
right,train,07_right.zip,right/train/321aba74_nohash_1.wav,right,right/321aba74_nohash_1.wav,0,file,1,16000,1,16000,5237457b464d8bc00e41d628809166aab41c34ac19ff4fc8fd6962c2bb5faf40
right,test,07_right.zip,right/test/fb7eb481_nohash_0.wav,right,right/fb7eb481_nohash_0.wav,0,file,1,16000,1,16000,76e96851515040738d7d9a46ca16fa31f34fcef13fc877229458c8ed3b77af4a
right,test,07_right.zip,right/test/e41a903b_nohash_4.wav,right,right/e41a903b_nohash_4.wav,0,file,1,16000,1,16000,7c197fcc64ab437d8bd9cb4d0007926ffe6cc813a3922baf635e0f72b51f9a7e
right,test,07_right.zip,right/test/fdb5155e_nohash_1.wav,right,right/fdb5155e_nohash_1.wav,0,file,1,16000,1,12052,5503f81d165c6b34571435d1bfa8bf14bc346ccf4db7c06d8cbe2180a160360a
right,test,07_right.zip,right/test/8769c34c_nohash_3.wav,right,right/8769c34c_nohash_3.wav,0,file,1,16000,1,16000,50da09ee2658a493fef55b436179a444a408446d7a2157cce4f4c6d036a46377
right,test,07_right.zip,right/test/893705bb_nohash_5.wav,right,right/893705bb_nohash_5.wav,0,file,1,16000,1,16000,dccbc477f4a937823d04ae752fb323e41b43769d65ecd0558ceb7a03840ff230
right,test,07_right.zip,right/test/d7467392_nohash_0.wav,right,right/d7467392_nohash_0.wav,0,file,1,16000,1,11606,61e2ca0f6176382e5fa044ed79fe8c0269a5b593f59303419e086e6386bda720
right,test,07_right.zip,right/test/ca4d5368_nohash_2.wav,right,right/ca4d5368_nohash_2.wav,0,file,1,16000,1,16000,0418650b913266991a3e40c27b506b8cf233346f60dd2777ed93be7866804564
right,test,07_right.zip,right/test/b49caed3_nohash_3.wav,right,right/b49caed3_nohash_3.wav,0,file,1,16000,1,16000,c08f84463d9475c99cc268a3bd12297c42adeb0f7ae6fb6fab18d4afd70cbd4d
right,test,07_right.zip,right/test/5f814c23_nohash_2.wav,right,right/5f814c23_nohash_2.wav,0,file,1,16000,1,16000,ebf9606072f71c90f17aee8b4efcd26d8438d50ea9fb691b5befe7a17ac77422
right,test,07_right.zip,right/test/4a0e2c16_nohash_0.wav,right,right/4a0e2c16_nohash_0.wav,0,file,1,16000,1,12971,4f6cd49274a44205782f763c29dc96ca48cd5825f4ac0c28e0ae2624ae49f4b3
right,test,07_right.zip,right/test/fdb5155e_nohash_0.wav,right,right/fdb5155e_nohash_0.wav,0,file,1,16000,1,12052,5e28d58f456831f8e1834a5cd6988b7c820172054a9f3734f1c2bf60eda24c6f
right,test,07_right.zip,right/test/210f3aa9_nohash_0.wav,right,right/210f3aa9_nohash_0.wav,0,file,1,16000,1,16000,7873c4e5aa55c0b7dedcad0372f9c730df6c8a1c711db613aa15ebf194ea8fd0
right,test,07_right.zip,right/test/e0c782d5_nohash_4.wav,right,right/e0c782d5_nohash_4.wav,0,file,1,16000,1,16000,37eb97de9c96ed7732dc3eb5a4937eb426bfb99397ab4b5e254258b434ed44ce
right,test,07_right.zip,right/test/bb05582b_nohash_0.wav,right,right/bb05582b_nohash_0.wav,0,file,1,16000,1,16000,05daa3de351d3abf11364d0d89e512c12e5019c632bf5ce138fd6803da66fb59
right,test,07_right.zip,right/test/8fe67225_nohash_0.wav,right,right/8fe67225_nohash_0.wav,0,file,1,16000,1,16000,554d994e3b5cc8a1363fb905f3c18583efa2db3cbb6130ad23ea741f28a78246
right,test,07_right.zip,right/test/b7e9f841_nohash_0.wav,right,right/b7e9f841_nohash_0.wav,0,file,1,16000,1,16000,988d6b02998c47bcb475ed14af471a1f3732fa89cfad6b1d14e45427f3d96d17
right,test,07_right.zip,right/test/37fc5d97_nohash_2.wav,right,right/37fc5d97_nohash_2.wav,0,file,1,16000,1,16000,3e47914f3876af819e259eea10b10f9b770819a573389ed37f764a0ba8c9f7b5
right,test,07_right.zip,right/test/a7216980_nohash_2.wav,right,right/a7216980_nohash_2.wav,0,file,1,16000,1,16000,38eb24cc654f2c973b7edd8a8805aa3243d1e29fb3691c63f2bcedbf31752455
right,test,07_right.zip,right/test/412c675c_nohash_0.wav,right,right/412c675c_nohash_0.wav,0,file,1,16000,1,16000,9456f8e252de65c47f4a1b8aeffb261d80c9f34a8a3de7381f3463783523646f
right,test,07_right.zip,right/test/2aa787cf_nohash_0.wav,right,right/2aa787cf_nohash_0.wav,0,file,1,16000,1,16000,073cc1b3e3ab8f89d75e4b0dafb8241d88aad8e7c0ef42c26fe064141277cec3
stop,train,08_stop.zip,stop/train/6166ae21_nohash_0.wav,stop,stop/6166ae21_nohash_0.wav,0,file,1,16000,1,16000,4b8d6ef5ad6fba213c075f06c22682f0e89f46b655a34307711d323092b90d07
stop,train,08_stop.zip,stop/train/61ab8fbc_nohash_1.wav,stop,stop/61ab8fbc_nohash_1.wav,0,file,1,16000,1,16000,b6a3fbf110ff161e50f126170ade550a9f845e0077c671a69e3c46d5460efa6c
stop,train,08_stop.zip,stop/train/35d1b6ee_nohash_2.wav,stop,stop/35d1b6ee_nohash_2.wav,0,file,1,16000,1,16000,7513e21773d1436f8c97effb4e859af475bc5dd89d19832596a9874f7d22e57a
stop,train,08_stop.zip,stop/train/620ff0fa_nohash_0.wav,stop,stop/620ff0fa_nohash_0.wav,0,file,1,16000,1,16000,1cb9d8a32830b4788d509689a2c2e332869e81c306037b41b6d9a89dda4e1633
stop,train,08_stop.zip,stop/train/2313e093_nohash_2.wav,stop,stop/2313e093_nohash_2.wav,0,file,1,16000,1,10923,bb55007dfca601508dd94fd67b368127102c6e26941f65cfc690a3f727f03fbb
stop,train,08_stop.zip,stop/train/8e523821_nohash_3.wav,stop,stop/8e523821_nohash_3.wav,0,file,1,16000,1,16000,2e240a8b3199e326046ba93f0787e4946086ba9e7648e86f41e4bede27037cc7
stop,train,08_stop.zip,stop/train/71e6ab20_nohash_2.wav,stop,stop/71e6ab20_nohash_2.wav,0,file,1,16000,1,16000,fcf396c789534ead481ac49475dc900da9153507c0fee702a0854cab2a4745f4
stop,train,08_stop.zip,stop/train/4f781a59_nohash_0.wav,stop,stop/4f781a59_nohash_0.wav,0,file,1,16000,1,14118,830b463c8180ca21dceb14815e8e2acf38e1ad07f8cdc496d109cecce4f94794
stop,train,08_stop.zip,stop/train/30060aba_nohash_1.wav,stop,stop/30060aba_nohash_1.wav,0,file,1,16000,1,16000,162db49f3981ed2afcb35fbf43bfff273a12160cb96b29770d64e219588936dd
stop,train,08_stop.zip,stop/train/11321027_nohash_1.wav,stop,stop/11321027_nohash_1.wav,0,file,1,16000,1,16000,a7c0650ca061136a0c3e65f90511b1fffc0e774443d9d7af327ae2fa796a8977
stop,train,08_stop.zip,stop/train/fa57ab3b_nohash_3.wav,stop,stop/fa57ab3b_nohash_3.wav,0,file,1,16000,1,16000,688b3c79c1ecf471859806c1c87380c1e142639dc0078631a62fa38af03598e2
stop,train,08_stop.zip,stop/train/81332c92_nohash_1.wav,stop,stop/81332c92_nohash_1.wav,0,file,1,16000,1,16000,02104db4b84e04e74c5fcee9feb756ab1310d480f3f79e4e79a654aac253179e
stop,train,08_stop.zip,stop/train/6727b579_nohash_3.wav,stop,stop/6727b579_nohash_3.wav,0,file,1,16000,1,16000,04682c592bd80c38a8944f0847db22f0509129ec2ee16f8bc716a7681f3b7993
stop,train,08_stop.zip,stop/train/8c888bbb_nohash_0.wav,stop,stop/8c888bbb_nohash_0.wav,0,file,1,16000,1,16000,63b9f5a9f7faf0f3fb9fbd58feaa8fd31c16857a66319bbbeb0ea603907c7730
stop,train,08_stop.zip,stop/train/b66f4f93_nohash_3.wav,stop,stop/b66f4f93_nohash_3.wav,0,file,1,16000,1,16000,a94f31e3c5f02f60399ed10960f12660ec9b7bc1fc4ac81b876432ed04277383
stop,train,08_stop.zip,stop/train/0a2b400e_nohash_0.wav,stop,stop/0a2b400e_nohash_0.wav,0,file,1,16000,1,16000,ae738a87cba919623bb5c90335bb1417e421d31c6de8962fc5cbade3dff21c84
stop,train,08_stop.zip,stop/train/24befdb3_nohash_1.wav,stop,stop/24befdb3_nohash_1.wav,0,file,1,16000,1,16000,fd05b034112b1bd4cc2718418101abdc3358c79ffe66c7c606f31731f5b8ec16
stop,train,08_stop.zip,stop/train/4bb1244f_nohash_0.wav,stop,stop/4bb1244f_nohash_0.wav,0,file,1,16000,1,16000,7d47e6471e4628d85c1d8c9c2571d0cc2cdcf3dddcec4a791769ba6601680a6b
stop,train,08_stop.zip,stop/train/ed032775_nohash_3.wav,stop,stop/ed032775_nohash_3.wav,0,file,1,16000,1,16000,68d7a016833a92e300c923811f8597b76d4e239358387e45a98bb356f4f4ccca
stop,train,08_stop.zip,stop/train/e3e0f145_nohash_4.wav,stop,stop/e3e0f145_nohash_4.wav,0,file,1,16000,1,16000,50bcf51b457cfd4c56d3fd6946b06fdd547c3482137f60eb80e432031d8ae71a
stop,train,08_stop.zip,stop/train/bab36420_nohash_2.wav,stop,stop/bab36420_nohash_2.wav,0,file,1,16000,1,16000,b06bbe6db9f3664dafe1bff2cc871d7e88c70be50efe32675f00080508d514f5
stop,train,08_stop.zip,stop/train/ebdd0f59_nohash_1.wav,stop,stop/ebdd0f59_nohash_1.wav,0,file,1,16000,1,16000,ba1fd07f452b74f22a8c81d7d5bc123e1a7150f7e01dc52f3a45c3d59bc49869
stop,train,08_stop.zip,stop/train/3777c08e_nohash_0.wav,stop,stop/3777c08e_nohash_0.wav,0,file,1,16000,1,16000,7b31741a93ffec303e538bbdc11a217f0ee4dbe6a317d5763ac79a55b3f9e935
stop,train,08_stop.zip,stop/train/6c429c7b_nohash_0.wav,stop,stop/6c429c7b_nohash_0.wav,0,file,1,16000,1,16000,5f69a5e9d70cf7cf00348f03b0aca17aeb0abdebb4c3482ee57cebeda27497be
stop,train,08_stop.zip,stop/train/9f92fb7c_nohash_1.wav,stop,stop/9f92fb7c_nohash_1.wav,0,file,1,16000,1,13653,7c2eb2ecb410cba15831225e9cf67ca0372a10d794265662ab086cec2ea61b5f
stop,train,08_stop.zip,stop/train/24a3e589_nohash_0.wav,stop,stop/24a3e589_nohash_0.wav,0,file,1,16000,1,16000,0ef694d2b6e56ab586ebc1f3093a42054c39bdf1f14e496eb9eba9fa34f4fcf3
stop,train,08_stop.zip,stop/train/0b7ee1a0_nohash_0.wav,stop,stop/0b7ee1a0_nohash_0.wav,0,file,1,16000,1,16000,8a8600fdcbdf577194e78c2b8fc779efe0c1e98fe3609f180d2124ca8611fe2a
stop,train,08_stop.zip,stop/train/9a8d8d34_nohash_3.wav,stop,stop/9a8d8d34_nohash_3.wav,0,file,1,16000,1,16000,b7274f843fcec75932a56ef40c23ef5e63279acafa5a00364d406aeb7e2294f7
stop,train,08_stop.zip,stop/train/144d27ff_nohash_1.wav,stop,stop/144d27ff_nohash_1.wav,0,file,1,16000,1,16000,a187c0647098fbf3b7780ff34dcf5121ff2584a553e6bdd6abed6857978d4d87
stop,train,08_stop.zip,stop/train/4cee0c60_nohash_4.wav,stop,stop/4cee0c60_nohash_4.wav,0,file,1,16000,1,16000,5d8a2e07d8ea6a4d8e7abbea53b291e4f2af6237a0044ff0dc58ba31c9764b11
stop,train,08_stop.zip,stop/train/f9bdf10e_nohash_0.wav,stop,stop/f9bdf10e_nohash_0.wav,0,file,1,16000,1,16000,91f72445e5deb4e9f6686a222e34da543c4a5307d1d72aa8df4ab49bff6482fa
stop,train,08_stop.zip,stop/train/d264f7b6_nohash_3.wav,stop,stop/d264f7b6_nohash_3.wav,0,file,1,16000,1,16000,c6eaf97c8dbf9a9063443f50c2ad95c37092a9bdb27f0d627b79d562295171b1
stop,train,08_stop.zip,stop/train/6904f0cb_nohash_0.wav,stop,stop/6904f0cb_nohash_0.wav,0,file,1,16000,1,16000,5ac7bb955dbf77f5927db227dab727830c216d43f79ac2fba248445e34d5855d
stop,train,08_stop.zip,stop/train/18ffa72d_nohash_1.wav,stop,stop/18ffa72d_nohash_1.wav,0,file,1,16000,1,8173,8fcdfc1106fb53fa51e7fdcf5d9dc6a0a5c485570f0e64ae67d2976226d65e17
stop,train,08_stop.zip,stop/train/4cee0c60_nohash_0.wav,stop,stop/4cee0c60_nohash_0.wav,0,file,1,16000,1,16000,360617b604aad3b00d1094d185131a3ab74583fd29686942fe806c5167437adf
stop,train,08_stop.zip,stop/train/e53139ad_nohash_2.wav,stop,stop/e53139ad_nohash_2.wav,0,file,1,16000,1,16000,32801fafbfede8d56da143cd6df6e8f111288714065279ad4b96672830316ca7
stop,train,08_stop.zip,stop/train/3bb68054_nohash_2.wav,stop,stop/3bb68054_nohash_2.wav,0,file,1,16000,1,16000,d0387481893f8980832cc729a52e73b28483d2f7c4558db8ed54fbe7fc2b7dab
stop,train,08_stop.zip,stop/train/712e4d58_nohash_1.wav,stop,stop/712e4d58_nohash_1.wav,0,file,1,16000,1,16000,c683a627188bcd2868f2442f2418e50c0b8f0b42d475e071384eff95aefddcc0
stop,train,08_stop.zip,stop/train/6f2c6f7e_nohash_1.wav,stop,stop/6f2c6f7e_nohash_1.wav,0,file,1,16000,1,16000,20e6aeee6c64b4d5d41f637935cabb21c9b9cfd141f5ccd2b47306c524f06516
stop,train,08_stop.zip,stop/train/42a99aec_nohash_0.wav,stop,stop/42a99aec_nohash_0.wav,0,file,1,16000,1,16000,9e191f12a834a7e2e74ab02e270368b5ced78caeb39700ba0ed9c310b2ef9cf5
stop,train,08_stop.zip,stop/train/c50f55b8_nohash_5.wav,stop,stop/c50f55b8_nohash_5.wav,0,file,1,16000,1,16000,442f09c29f6c72cc1257db687ea996344e777073cce6f763e9f8d116388d7f7f
stop,train,08_stop.zip,stop/train/ed032775_nohash_2.wav,stop,stop/ed032775_nohash_2.wav,0,file,1,16000,1,16000,7d1f68eb84e6be82b77de567bd05f6ff43fa52b1b444f896581a89961ffe5477
stop,train,08_stop.zip,stop/train/18e910f4_nohash_4.wav,stop,stop/18e910f4_nohash_4.wav,0,file,1,16000,1,16000,3d67d533f06aed085fc813eda283ec1b8bab32a3b44536e582ec4553ee13d67e
stop,train,08_stop.zip,stop/train/6f7724f5_nohash_0.wav,stop,stop/6f7724f5_nohash_0.wav,0,file,1,16000,1,16000,b5b1ef87f73dfb31210865c74e18be5ffabced2b4765667b47c4133482753a43
stop,train,08_stop.zip,stop/train/bbc30633_nohash_2.wav,stop,stop/bbc30633_nohash_2.wav,0,file,1,16000,1,16000,944225b7ca43ab350adf659e0dd7f540f0864fab9baf502faacb997481463ac3
stop,train,08_stop.zip,stop/train/8281a2a8_nohash_0.wav,stop,stop/8281a2a8_nohash_0.wav,0,file,1,16000,1,16000,99e6c1168b356c334f898f516347dd07801509adf9c887fff29376df6070e30a
stop,train,08_stop.zip,stop/train/234ab0fb_nohash_0.wav,stop,stop/234ab0fb_nohash_0.wav,0,file,1,16000,1,16000,e3136b390cba94380e60fae64e7e4933ca00b18bc0d70b19f3540569fff7bd37
stop,train,08_stop.zip,stop/train/88053e92_nohash_2.wav,stop,stop/88053e92_nohash_2.wav,0,file,1,16000,1,16000,f11d31d6658c7f7fccd795646bfd732c96ca76017251aa0a42aa90ee86a9140a
stop,train,08_stop.zip,stop/train/eb609143_nohash_0.wav,stop,stop/eb609143_nohash_0.wav,0,file,1,16000,1,16000,b1a0c6993979d0cea7b4040672a6a8b57536bde9f0db07469dce2a1362b21bce
stop,train,08_stop.zip,stop/train/9aa21fa9_nohash_1.wav,stop,stop/9aa21fa9_nohash_1.wav,0,file,1,16000,1,16000,3d0a1a670fe185f7677331013f2f254c03d2145c5648cd1d29d6d706a5e71510
stop,train,08_stop.zip,stop/train/ed032775_nohash_1.wav,stop,stop/ed032775_nohash_1.wav,0,file,1,16000,1,16000,ab35a1cf4f58f3bb65408d42919cdb0393eefba48853f9ddd6f4ad0f3d273570
stop,train,08_stop.zip,stop/train/365908bd_nohash_3.wav,stop,stop/365908bd_nohash_3.wav,0,file,1,16000,1,16000,e6d3023f4e273da35f6a49af66d1900585dde2007b851654551d285f807b736b
stop,train,08_stop.zip,stop/train/1b42b551_nohash_2.wav,stop,stop/1b42b551_nohash_2.wav,0,file,1,16000,1,16000,9a096de155ec76654d4fe573feb8c8130386bc79db7d0051926e33d5574ed113
stop,train,08_stop.zip,stop/train/f68160c0_nohash_1.wav,stop,stop/f68160c0_nohash_1.wav,0,file,1,16000,1,16000,74fe781e475abfcd6713700381cc9c650abae8de50401d7a6332f0c72c5aa4c4
stop,train,08_stop.zip,stop/train/8a56f36e_nohash_0.wav,stop,stop/8a56f36e_nohash_0.wav,0,file,1,16000,1,16000,9c159a419171968ddc55df73a1cb370869bb865aaf4f5fdd348de8f61b2fc7f8
stop,train,08_stop.zip,stop/train/b93528e3_nohash_1.wav,stop,stop/b93528e3_nohash_1.wav,0,file,1,16000,1,16000,595908f8eef63615784aa910b9b09de107d8862c371183c10bfa0909f732d228
stop,train,08_stop.zip,stop/train/0bd689d7_nohash_0.wav,stop,stop/0bd689d7_nohash_0.wav,0,file,1,16000,1,16000,72668e36d9a724e003be4918b5823fa729e58c6abda280286a33a07799503434
stop,train,08_stop.zip,stop/train/4c6944d6_nohash_1.wav,stop,stop/4c6944d6_nohash_1.wav,0,file,1,16000,1,16000,933e4c4c1dbf9c3f527476dacc478279d7db50fd5c7010ac0d98d7f97ab7c6f9
stop,train,08_stop.zip,stop/train/8134f43f_nohash_0.wav,stop,stop/8134f43f_nohash_0.wav,0,file,1,16000,1,16000,aff9580991ef83a6a8c4de7987658b4f8a0fd91f72b9241caaf92a079de61750
stop,train,08_stop.zip,stop/train/61abbf52_nohash_1.wav,stop,stop/61abbf52_nohash_1.wav,0,file,1,16000,1,16000,5139e6f81c56f421fb70a046b1a5e1d2f8cbfa3cb90e3b99241b696f45e02f44
stop,test,08_stop.zip,stop/test/f9643d42_nohash_0.wav,stop,stop/f9643d42_nohash_0.wav,0,file,1,16000,1,16000,8d0bd5a4906b366ff3fe19b73103fb57899645d3e7aac0c99d3f2c90da7e344a
stop,test,08_stop.zip,stop/test/f9643d42_nohash_2.wav,stop,stop/f9643d42_nohash_2.wav,0,file,1,16000,1,16000,f7e59fd07a3a6f68f0394e810c8f0f5219f356a7ff219d3070fe61de7bc7e4f2
stop,test,08_stop.zip,stop/test/893705bb_nohash_20.wav,stop,stop/893705bb_nohash_20.wav,0,file,1,16000,1,16000,7053912f72a610d35ff03a201c83b8708a4dc717190e3a05bf80b1882f5fc4f3
stop,test,08_stop.zip,stop/test/893705bb_nohash_3.wav,stop,stop/893705bb_nohash_3.wav,0,file,1,16000,1,16000,42d27200c5dbcfe98e465e144c11c9c80ba0bd254d7fd42b17e145f4459b3fac
stop,test,08_stop.zip,stop/test/9a69672b_nohash_1.wav,stop,stop/9a69672b_nohash_1.wav,0,file,1,16000,1,16000,c74457e5a8f27e063fcfd19bf0e781b654ad8c672dc6d1ea5655c1d39aea1289
stop,test,08_stop.zip,stop/test/9a69672b_nohash_3.wav,stop,stop/9a69672b_nohash_3.wav,0,file,1,16000,1,16000,6835154abc94c5252935df77d5888dcd2ffb1c20627ca1ffbfbf92dad252930a
stop,test,08_stop.zip,stop/test/893705bb_nohash_15.wav,stop,stop/893705bb_nohash_15.wav,0,file,1,16000,1,16000,27ba65de8c0815bcd7aa7c6987e16ecfb2f532c02825c4f13486d4a16dd4a9c0
stop,test,08_stop.zip,stop/test/e1469561_nohash_2.wav,stop,stop/e1469561_nohash_2.wav,0,file,1,16000,1,16000,3dda037a1ef446bfe946ccf5565b89e8d59b5ba3521507a10d72560b4116982e
stop,test,08_stop.zip,stop/test/9d171fee_nohash_0.wav,stop,stop/9d171fee_nohash_0.wav,0,file,1,16000,1,8192,88e3673740ddc34d1675e3d32f430f9e8032e8c71abe1f1446147908b3c842dc
stop,test,08_stop.zip,stop/test/5e3dde6b_nohash_3.wav,stop,stop/5e3dde6b_nohash_3.wav,0,file,1,16000,1,16000,39232403cd694e4dd652608a4b79b3252ad32be8342331570ba771e0ca3b781f
stop,test,08_stop.zip,stop/test/bb05582b_nohash_2.wav,stop,stop/bb05582b_nohash_2.wav,0,file,1,16000,1,16000,8bc9dc272a4bdfe5e15d947a0c643aed4d639faea24dff1cd2209ca94e476b75
stop,test,08_stop.zip,stop/test/18f8afd5_nohash_0.wav,stop,stop/18f8afd5_nohash_0.wav,0,file,1,16000,1,16000,e7c0879b02802d710e5cf4c6d5f574b2af5d7566980b74658ec70a522cce7b22
stop,test,08_stop.zip,stop/test/a7216980_nohash_2.wav,stop,stop/a7216980_nohash_2.wav,0,file,1,16000,1,16000,9023d6ea8469347d3970b0893970de4fa129ca225d473d366d417b21d4899576
stop,test,08_stop.zip,stop/test/ca4d5368_nohash_1.wav,stop,stop/ca4d5368_nohash_1.wav,0,file,1,16000,1,16000,3c0ab81de204050a4832e0bffdcff3f414d28877db6867c35d5480db1ccb8c90
stop,test,08_stop.zip,stop/test/e0c782d5_nohash_2.wav,stop,stop/e0c782d5_nohash_2.wav,0,file,1,16000,1,16000,a5e1aaea614eafc1ffad900c42d561bf4265ae96ab45c89706cb5902e67ba30d
stop,test,08_stop.zip,stop/test/e0c782d5_nohash_4.wav,stop,stop/e0c782d5_nohash_4.wav,0,file,1,16000,1,16000,1fa34dde8112d8e43f89593efdf5d36087b6ecab2d7c2a7a6f423a176a56bcaa
stop,test,08_stop.zip,stop/test/9dc1889e_nohash_1.wav,stop,stop/9dc1889e_nohash_1.wav,0,file,1,16000,1,14336,76ff66da7c9544731722153392b43ee9801d298223debb448836dfcbaea94e0b
stop,test,08_stop.zip,stop/test/a4e8a997_nohash_1.wav,stop,stop/a4e8a997_nohash_1.wav,0,file,1,16000,1,16000,e12449b6aa03049adef0045e1a7781b88e94c23cd4544f23b31677c58dfc22a2
stop,test,08_stop.zip,stop/test/3df9a3d4_nohash_0.wav,stop,stop/3df9a3d4_nohash_0.wav,0,file,1,16000,1,16000,6b034cf282aa8dbf91faa4f528eb44cac1bbbae5013197ef306956e697cb43c2
stop,test,08_stop.zip,stop/test/0fa1e7a9_nohash_0.wav,stop,stop/0fa1e7a9_nohash_0.wav,0,file,1,16000,1,16000,a3a697e7e369c4339d9b550714d9c6af4a938bdd6f059c620407ffe087d627e2
up,train,09_up.zip,up/train/4cee0c60_nohash_4.wav,up,up/4cee0c60_nohash_4.wav,0,file,1,16000,1,16000,44affe4c0a59da9458051c673b39fe763317b15c8c76f1b499cd01fc2c3c1ded
up,train,09_up.zip,up/train/f0ac2522_nohash_0.wav,up,up/f0ac2522_nohash_0.wav,0,file,1,16000,1,16000,a2943b409dd6df146459f25b2fd0d0c9fdf5ea4e376c46c38b20477cad0a016f
up,train,09_up.zip,up/train/f5733968_nohash_0.wav,up,up/f5733968_nohash_0.wav,0,file,1,16000,1,16000,fe8609bce5775067be7e02b40e907d986b12525d83c4101d84aa8b0234b157ff
up,train,09_up.zip,up/train/380abbad_nohash_0.wav,up,up/380abbad_nohash_0.wav,0,file,1,16000,1,16000,871c4d50893a2e9064897555e3680066367020d0987dda64a64dac14e45e8dc8
up,train,09_up.zip,up/train/f68160c0_nohash_1.wav,up,up/f68160c0_nohash_1.wav,0,file,1,16000,1,16000,e0ba08a8efd0bb69d24dee895bff33e2daf760204f2933b0f4f24b603632032e
up,train,09_up.zip,up/train/d933bf5e_nohash_0.wav,up,up/d933bf5e_nohash_0.wav,0,file,1,16000,1,16000,5574c4c4406f936d3589a6fdd259447c638785792523688dea9ea142285db7df
up,train,09_up.zip,up/train/f953e1af_nohash_1.wav,up,up/f953e1af_nohash_1.wav,0,file,1,16000,1,16000,bcaa1937862a6a4008f7460c655cedb018511f021e71a211c6ebed4155b80ac0
up,train,09_up.zip,up/train/7f208e83_nohash_0.wav,up,up/7f208e83_nohash_0.wav,0,file,1,16000,1,16000,acb9e9019bcec6c2aeadf19627322924f00bac57161355e80d2890b043e773a8
up,train,09_up.zip,up/train/9b8a7439_nohash_0.wav,up,up/9b8a7439_nohash_0.wav,0,file,1,16000,1,16000,e4193bcff9ae642a19800e9380234d6c440c07234919077d5dd703ec7fb6e786
up,train,09_up.zip,up/train/de08912f_nohash_0.wav,up,up/de08912f_nohash_0.wav,0,file,1,16000,1,16000,c53f6e8d03e09b522b7e3dc12e3d87a448f01159529dd01e68492ab699dbfd7b
up,train,09_up.zip,up/train/27c24504_nohash_2.wav,up,up/27c24504_nohash_2.wav,0,file,1,16000,1,16000,b63f0832e8a037c0ba4cb84b30802e3d0705435249db2cfd2e1fe5e47591cb44
up,train,09_up.zip,up/train/106a6183_nohash_0.wav,up,up/106a6183_nohash_0.wav,0,file,1,16000,1,16000,3caccf99e40b195a7bb26ed7458e3f2d62fde41e914407f56cdf563b3f0d62df
up,train,09_up.zip,up/train/57152045_nohash_3.wav,up,up/57152045_nohash_3.wav,0,file,1,16000,1,16000,865ead2c5dea2c7daba083b250fe8dc30d988522816897cee08aea65cab7ce92
up,train,09_up.zip,up/train/b414c653_nohash_1.wav,up,up/b414c653_nohash_1.wav,0,file,1,16000,1,16000,6d9e45506d3fb4202015ac793bf57dbc22882bc25be3670d25f38a4ac442417f
up,train,09_up.zip,up/train/2aca1e72_nohash_0.wav,up,up/2aca1e72_nohash_0.wav,0,file,1,16000,1,16000,edfd95e7a897cbdd8133c65d67924520e97d6bd67551bedd4fbf8cb7ca5e32f9
up,train,09_up.zip,up/train/3bfd30e6_nohash_1.wav,up,up/3bfd30e6_nohash_1.wav,0,file,1,16000,1,16000,ab7ee63643110cb42b411ba8af183b8284dcb99b87d66114bc47e887975afd2b
up,train,09_up.zip,up/train/508e30ee_nohash_3.wav,up,up/508e30ee_nohash_3.wav,0,file,1,16000,1,16000,5ca871dad98e8f166a79a50b4e71c25482955847b4b40f1df16e8198da21496d
up,train,09_up.zip,up/train/c71e3acc_nohash_0.wav,up,up/c71e3acc_nohash_0.wav,0,file,1,16000,1,14336,1ea2e325520a7956a0e14b827ca3d94a8c8335383ba42f976d55d91d1caba285
up,train,09_up.zip,up/train/61d3e51e_nohash_0.wav,up,up/61d3e51e_nohash_0.wav,0,file,1,16000,1,15019,b699b90767689462720eb599a1d752be2e99ea80e922a7fc2d8073ea23428c83
up,train,09_up.zip,up/train/62ccd358_nohash_0.wav,up,up/62ccd358_nohash_0.wav,0,file,1,16000,1,13375,f9dbccbd73dbff475f339d1dbe4c7bb3d8bc4da0a8231b010fe34aabdcea5046
up,train,09_up.zip,up/train/4e99c1b7_nohash_0.wav,up,up/4e99c1b7_nohash_0.wav,0,file,1,16000,1,16000,eb4d3c4abfffc496ea9f9c8624c0295a29f1530b8b7f33d85847d2fc33b5cb26
up,train,09_up.zip,up/train/29fb33da_nohash_3.wav,up,up/29fb33da_nohash_3.wav,0,file,1,16000,1,16000,1f6654afe99dd3213c9c47d7c5668f5aa9af33b510241080bdb376dd5108f958
up,train,09_up.zip,up/train/1fd85ee4_nohash_0.wav,up,up/1fd85ee4_nohash_0.wav,0,file,1,16000,1,16000,b3437a4d76741f5343229f1b4d69852b3d7fe93e900e5f4a70a10784390818db
up,train,09_up.zip,up/train/bdd22e4d_nohash_2.wav,up,up/bdd22e4d_nohash_2.wav,0,file,1,16000,1,16000,a1812db6e9bc1472e98093e22ce6cc3218a9cbf097b76188c9bd10b85d2ce2a6
up,train,09_up.zip,up/train/24a3e589_nohash_0.wav,up,up/24a3e589_nohash_0.wav,0,file,1,16000,1,16000,ab11fa877bbf6369fc26542ae7a3722f7151cf2988c4aa47371d71669b5320b2
up,train,09_up.zip,up/train/0a7c2a8d_nohash_1.wav,up,up/0a7c2a8d_nohash_1.wav,0,file,1,16000,1,16000,2fe6ccfeac2553a1275f521724f873b4d9dc6752c734e1232e368d070faaac6d
up,train,09_up.zip,up/train/c727b558_nohash_0.wav,up,up/c727b558_nohash_0.wav,0,file,1,16000,1,16000,7071b15b969ae2314bc74bf8ed71d9cf730185731fad7ebe32274eb5ae9c6fb1
up,train,09_up.zip,up/train/f810e799_nohash_0.wav,up,up/f810e799_nohash_0.wav,0,file,1,16000,1,16000,36a17c559797f9038132e9aefcf4ce2bad2bd0aa530ad3466d66a3a8434acea5
up,train,09_up.zip,up/train/e269bac0_nohash_0.wav,up,up/e269bac0_nohash_0.wav,0,file,1,16000,1,16000,6aa067bc52a0f78be921a4ebbc75fd90674868be459662e70f167d4ad3ebd21a
up,train,09_up.zip,up/train/f5733968_nohash_4.wav,up,up/f5733968_nohash_4.wav,0,file,1,16000,1,16000,398dc7313345d96b4cb63e38645899bf60a2f1dd51b8bc39f6d4a87e6e4d7425
up,train,09_up.zip,up/train/30137d34_nohash_0.wav,up,up/30137d34_nohash_0.wav,0,file,1,16000,1,16000,e19008dfc6f0227cc4fef18661d19384331b03c5b00c54453c067f1f9bd39ff1
up,train,09_up.zip,up/train/87c62767_nohash_0.wav,up,up/87c62767_nohash_0.wav,0,file,1,16000,1,16000,ae912e4cae4f52e83ad5331cf56da30c3c26d0749347bd7b676ef74cd480317f
up,train,09_up.zip,up/train/4bba14ce_nohash_0.wav,up,up/4bba14ce_nohash_0.wav,0,file,1,16000,1,16000,79be8ac9edbf4a3b1e8281af817032d56be64d33ac72e2d52a9cd42ac0a98165
up,train,09_up.zip,up/train/b87bdb22_nohash_0.wav,up,up/b87bdb22_nohash_0.wav,0,file,1,16000,1,16000,045fc5c9ee09b479eb4139ef858cf83afda40faf3ddfbc3df69cd0bf5b0306a1
up,train,09_up.zip,up/train/617aeb6c_nohash_1.wav,up,up/617aeb6c_nohash_1.wav,0,file,1,16000,1,16000,4c09f887107958220061f468fec9ed40957532f27d37675cb220ed11f94e26df
up,train,09_up.zip,up/train/1b88bf70_nohash_1.wav,up,up/1b88bf70_nohash_1.wav,0,file,1,16000,1,16000,dfdcb32fec642103b78c8c99bbfeb8711a702eb8a1b57732dfe6cf05135ec6f8
up,train,09_up.zip,up/train/54412eae_nohash_0.wav,up,up/54412eae_nohash_0.wav,0,file,1,16000,1,16000,fef13254132643c25ce49c72605c284522dfe0e06842d103d219eeec685dd162
up,train,09_up.zip,up/train/c93d5e22_nohash_0.wav,up,up/c93d5e22_nohash_0.wav,0,file,1,16000,1,16000,83dbec870a4f0bd639e564917fdfea7dc571dbd347abc61ae7b2fac0228c22bd
up,train,09_up.zip,up/train/8c888bbb_nohash_0.wav,up,up/8c888bbb_nohash_0.wav,0,file,1,16000,1,16000,44b34a32356c50c0a933e3992f1025308b55197c074ed4410f62b1c112913433
up,train,09_up.zip,up/train/cd7f8c1b_nohash_2.wav,up,up/cd7f8c1b_nohash_2.wav,0,file,1,16000,1,16000,86787d7f3797ed8bc3565636e6d6be4b88aeb8d979cc1176085c38e055f4b360
up,train,09_up.zip,up/train/9886d8bf_nohash_0.wav,up,up/9886d8bf_nohash_0.wav,0,file,1,16000,1,16000,f49138d31219052b60033249b4f2db215416809e65f51a17876b000bcb6d295f
up,train,09_up.zip,up/train/d394ef8e_nohash_1.wav,up,up/d394ef8e_nohash_1.wav,0,file,1,16000,1,16000,cd1b301dfebf18628b2ce0d3663cf607fbcb0159a56cd9b85ec709a1c2338932
up,train,09_up.zip,up/train/229978fd_nohash_0.wav,up,up/229978fd_nohash_0.wav,0,file,1,16000,1,16000,3b8605d8bd324d9e07e44b9c1dde5e7e2c132ccb5d41d29086e6abf1ff86815f
up,train,09_up.zip,up/train/11379f4d_nohash_0.wav,up,up/11379f4d_nohash_0.wav,0,file,1,16000,1,16000,302137c9fe187bf5ae9704a9ac8148813c9ecf1c8a537ec34d3ec4f832aef9d7
up,train,09_up.zip,up/train/66041c69_nohash_1.wav,up,up/66041c69_nohash_1.wav,0,file,1,16000,1,16000,c4d158173a60a13f7ea05bb186aaa0006d5e0b02a4a1f222510c1f8e3d8746fa
up,train,09_up.zip,up/train/332d33b1_nohash_3.wav,up,up/332d33b1_nohash_3.wav,0,file,1,16000,1,16000,9c899b41439f386fa5eef36ca0b166e12fb55ca2f72e74baa113756faa31a67c
up,train,09_up.zip,up/train/9c59dd28_nohash_0.wav,up,up/9c59dd28_nohash_0.wav,0,file,1,16000,1,16000,bff1d02e9439180daa9e8d87e4b8f86a60033b5b7805da0a7bb6ebf3620ad236
up,train,09_up.zip,up/train/1ba20be2_nohash_0.wav,up,up/1ba20be2_nohash_0.wav,0,file,1,16000,1,16000,33f67c981a6f41767bed5664fa4149ea58af5e7902d00d7d94b600e26959014c
up,train,09_up.zip,up/train/9886d8bf_nohash_4.wav,up,up/9886d8bf_nohash_4.wav,0,file,1,16000,1,16000,17022775e1b8fc85a99f94c98d70dbb6cb01cd6e5b299c9564a222be9cab31fd
up,train,09_up.zip,up/train/f035e2ea_nohash_0.wav,up,up/f035e2ea_nohash_0.wav,0,file,1,16000,1,16000,9d4fd19e39dd5c82126ec7dd29592aed466080ecde08611cc2dfb78ae43a9116
up,train,09_up.zip,up/train/617de221_nohash_2.wav,up,up/617de221_nohash_2.wav,0,file,1,16000,1,16000,6c51aa0930ce60184dd176f240c9bf1d4aec0c19c98fddfc248c23ea1f450cd1
up,train,09_up.zip,up/train/1c3f50ad_nohash_1.wav,up,up/1c3f50ad_nohash_1.wav,0,file,1,16000,1,16000,48215aa49c6a9f1e3daf94fca1e03029bd0189c8d62d454c3c51d754a2247217
up,train,09_up.zip,up/train/f42e234b_nohash_0.wav,up,up/f42e234b_nohash_0.wav,0,file,1,16000,1,16000,b410fff7c147c79962a46a8192298dbbbfce8f03a230b18fff9f49626e9cc6a5
up,train,09_up.zip,up/train/15dd287d_nohash_3.wav,up,up/15dd287d_nohash_3.wav,0,file,1,16000,1,16000,77fe5663d957c020a9a0dc63cbea2ace06818e9995e77767bff6e5de214b360c
up,train,09_up.zip,up/train/f9bdf10e_nohash_1.wav,up,up/f9bdf10e_nohash_1.wav,0,file,1,16000,1,16000,0dae1ad4775f83b6e99ae81849fbb8cb50e9846885caab5d03b31e4767ce7b48
up,train,09_up.zip,up/train/321aba74_nohash_1.wav,up,up/321aba74_nohash_1.wav,0,file,1,16000,1,16000,131bb79bd3d96893a01de2e2786821cf713b51886ffe6cb301e1295cb62fc0d2
up,train,09_up.zip,up/train/1a892463_nohash_0.wav,up,up/1a892463_nohash_0.wav,0,file,1,16000,1,16000,34d9f0d9b6a5268e21143af5c94884f352833ddbb001593c4db63b1f4114c517
up,train,09_up.zip,up/train/d98dd124_nohash_0.wav,up,up/d98dd124_nohash_0.wav,0,file,1,16000,1,16000,6909844eb9ccdfc23c4413c5d14e78eebf562bcb99f444a88f393e191e7e52b0
up,train,09_up.zip,up/train/74b73f88_nohash_0.wav,up,up/74b73f88_nohash_0.wav,0,file,1,16000,1,16000,e16545e8213eee4dd719b124d8e6f28522fb51f053b8f57376fb85618a869fb2
up,train,09_up.zip,up/train/f7879738_nohash_0.wav,up,up/f7879738_nohash_0.wav,0,file,1,16000,1,16000,4203f73cdc0f12c970c6727c61ec0fa7a4e117b678383e26456d0ef294efc7d0
up,test,09_up.zip,up/test/b49caed3_nohash_0.wav,up,up/b49caed3_nohash_0.wav,0,file,1,16000,1,16000,a09cd1bb1c4cc1901ed31f538c24fe650908d79adc130f2272533cdc7cba6ea6
up,test,09_up.zip,up/test/d0faf7e4_nohash_2.wav,up,up/d0faf7e4_nohash_2.wav,0,file,1,16000,1,16000,87000b6f3102be7563a31e732c22ce5505a1f73c8f42c649917cdb2b7e105cb6
up,test,09_up.zip,up/test/e0c782d5_nohash_3.wav,up,up/e0c782d5_nohash_3.wav,0,file,1,16000,1,16000,9d5c93559195877e9f32b73b579d0fb5bec39b845f84a555b45eb986e008e2d8
up,test,09_up.zip,up/test/87070229_nohash_0.wav,up,up/87070229_nohash_0.wav,0,file,1,16000,1,16000,52f2fbb03592257a03daa47fde44dbd405fb2d92b1a4cf732410b97a1eb5cdc4
up,test,09_up.zip,up/test/3b4f8f24_nohash_0.wav,up,up/3b4f8f24_nohash_0.wav,0,file,1,16000,1,16000,c7db97420d6b560e25d70aefb712059ede98e09b967d268d96f7d0d3c615c270
up,test,09_up.zip,up/test/837a0f64_nohash_0.wav,up,up/837a0f64_nohash_0.wav,0,file,1,16000,1,16000,9f07c0b6deddeff89e2002a3d08f9f09073279f5eb6ef177e447bd0ca2e15847
up,test,09_up.zip,up/test/881583a6_nohash_0.wav,up,up/881583a6_nohash_0.wav,0,file,1,16000,1,16000,d1d74382a6db1f9b87f4cd9939557b96a5bb32761724c9dd7e895323091e228f
up,test,09_up.zip,up/test/68dd409e_nohash_1.wav,up,up/68dd409e_nohash_1.wav,0,file,1,16000,1,16000,fcc751e41e74018113ebee55f97a6894e03ba62da751fafa8456b4a40e7a1e70
up,test,09_up.zip,up/test/893705bb_nohash_8.wav,up,up/893705bb_nohash_8.wav,0,file,1,16000,1,16000,3424064ee0c05ddd718e0f0ed99c996f27227b9248c6aea06850487fd571cd15
up,test,09_up.zip,up/test/f2e59fea_nohash_1.wav,up,up/f2e59fea_nohash_1.wav,0,file,1,16000,1,16000,ca0b0cd36e53a47e2eeec672fd6e8c2f66821a87f5ea42658383bd80d0621626
up,test,09_up.zip,up/test/893705bb_nohash_14.wav,up,up/893705bb_nohash_14.wav,0,file,1,16000,1,16000,35107b7471dc9f698fdcc6149b963f40a916a02296bc7b3701091377dd7b0895
up,test,09_up.zip,up/test/412c675c_nohash_0.wav,up,up/412c675c_nohash_0.wav,0,file,1,16000,1,13375,d4521bdf6303a5ce45b4a7bdff51cef8fc0eed4bdb9a78f4f3ca4ad0efbc6582
up,test,09_up.zip,up/test/8ea6dec6_nohash_0.wav,up,up/8ea6dec6_nohash_0.wav,0,file,1,16000,1,16000,7207ebe7ad2d540276c7b84d6af0926deeebee761d99e635727c268b3ea6f6a9
up,test,09_up.zip,up/test/85d2ac4b_nohash_1.wav,up,up/85d2ac4b_nohash_1.wav,0,file,1,16000,1,12288,b52c3f9f9cde458cbd2f771f13e55605aca99d546b1ac62ac7d253e2ddddb833
up,test,09_up.zip,up/test/94de6a6a_nohash_2.wav,up,up/94de6a6a_nohash_2.wav,0,file,1,16000,1,16000,b98959956727cbebbf8394bfd1f4686e96ff11267e188538ea9e43d9a701acff
up,test,09_up.zip,up/test/cd85758f_nohash_0.wav,up,up/cd85758f_nohash_0.wav,0,file,1,16000,1,16000,ef800b9ada3a8f1f0a1f7cc770686f25b2368d37e7290ec5f481b7fbd58ad372
up,test,09_up.zip,up/test/8494fba8_nohash_0.wav,up,up/8494fba8_nohash_0.wav,0,file,1,16000,1,16000,545ff78e734c1635177ed47dc7ff1f5c3ddde36564a95338b2d2719730ceb057
up,test,09_up.zip,up/test/c518d1b1_nohash_0.wav,up,up/c518d1b1_nohash_0.wav,0,file,1,16000,1,16000,81e0cb9350f4e7f03790d10e44697188c9eeabcb97a54a07e250e34400701970
up,test,09_up.zip,up/test/8625475c_nohash_0.wav,up,up/8625475c_nohash_0.wav,0,file,1,16000,1,16000,4125b3eccc8364e454aea882a19ab3bcf259207ebc06a5efdd3e98013cfb85de
up,test,09_up.zip,up/test/aa80f517_nohash_1.wav,up,up/aa80f517_nohash_1.wav,0,file,1,16000,1,16000,3160e15c875407d5b3283e3a047a408e7558549c5684ab2b5f8c013fa93b720e
yes,train,10_yes.zip,yes/train/60472d26_nohash_0.wav,yes,yes/60472d26_nohash_0.wav,0,file,1,16000,1,16000,128d4129fe6c11176be3f51d7e8bdec3b0d8595e0b7ca79c745977b3cee9cfef
yes,train,10_yes.zip,yes/train/f953e1af_nohash_4.wav,yes,yes/f953e1af_nohash_4.wav,0,file,1,16000,1,16000,aa3371561ec5e9cf444b0a7c347963a386b3127a1caf97ec9c72ab7edbf8341c
yes,train,10_yes.zip,yes/train/1496195a_nohash_0.wav,yes,yes/1496195a_nohash_0.wav,0,file,1,16000,1,16000,933938bab61afe8479f108c426b181e7116439cbf211d5947df3165d6998dd83
yes,train,10_yes.zip,yes/train/a8cb6dda_nohash_0.wav,yes,yes/a8cb6dda_nohash_0.wav,0,file,1,16000,1,16000,44a30ad0bef16a1eb3ae8541d5c082d819deca221ed687b63c9a83d343133d8d
yes,train,10_yes.zip,yes/train/7846fd85_nohash_1.wav,yes,yes/7846fd85_nohash_1.wav,0,file,1,16000,1,16000,dcf5248a4f5f0fa1b010db2a97390e54a9303edfc26e6b5ce437237d9aa0b3fe
yes,train,10_yes.zip,yes/train/833d9f56_nohash_2.wav,yes,yes/833d9f56_nohash_2.wav,0,file,1,16000,1,16000,0d8510d0755e3b20df1dfa6d97e63fa803507efdd9353fc79abb7b902e012669
yes,train,10_yes.zip,yes/train/3a182c98_nohash_0.wav,yes,yes/3a182c98_nohash_0.wav,0,file,1,16000,1,16000,248370c933b03ae78f79f9d04290b040d98ceff58aca2cf03d155b21ab858a98
yes,train,10_yes.zip,yes/train/f35eedd7_nohash_0.wav,yes,yes/f35eedd7_nohash_0.wav,0,file,1,16000,1,16000,2e0b4fcaaa28fdb9b3f5a5a65a4f829434908cdf13d6a66928e2c69da4b63db8
yes,train,10_yes.zip,yes/train/f30285c8_nohash_2.wav,yes,yes/f30285c8_nohash_2.wav,0,file,1,16000,1,16000,21c92bc3b266234ef267cd59af41d82f3dd3264c382244cbbe7542f89105b19b
yes,train,10_yes.zip,yes/train/211b928a_nohash_2.wav,yes,yes/211b928a_nohash_2.wav,0,file,1,16000,1,16000,d8cd2665422336b52a6b70ef63155e69ced08dc1e4aca563ff81cd2a08f4d8cc
yes,train,10_yes.zip,yes/train/3847619e_nohash_0.wav,yes,yes/3847619e_nohash_0.wav,0,file,1,16000,1,16000,bebfb3b47d9c9ea9f4b5bbc4d2675b6f415dacf02c5fd0a1df8ac9bd2c73b1ae
yes,train,10_yes.zip,yes/train/44e9d8d2_nohash_0.wav,yes,yes/44e9d8d2_nohash_0.wav,0,file,1,16000,1,15018,97827f78fbdb3d9dbcf671ea2d53de79f7727b5ad7f089fd360a5936579baadc
yes,train,10_yes.zip,yes/train/b72e58c9_nohash_0.wav,yes,yes/b72e58c9_nohash_0.wav,0,file,1,16000,1,16000,625325b0700790f5191be12f4ab788b831da88fdd2ce2748db1ee6f2301dc314
yes,train,10_yes.zip,yes/train/679463fc_nohash_4.wav,yes,yes/679463fc_nohash_4.wav,0,file,1,16000,1,16000,29a0936afcff83b1983d38f84adf63d2451db8e80fff3f008f31b8debc3422c1
yes,train,10_yes.zip,yes/train/e0315cf6_nohash_4.wav,yes,yes/e0315cf6_nohash_4.wav,0,file,1,16000,1,16000,16c06f33b9912e0024487a1531506c223d346bbb52dbb72b224daaa906dad57b
yes,train,10_yes.zip,yes/train/29dce108_nohash_1.wav,yes,yes/29dce108_nohash_1.wav,0,file,1,16000,1,16000,fbc48ad40c65da9149ad4ab1beda0f48ba21939d8e799529297d55009d609522
yes,train,10_yes.zip,yes/train/0d90d8e1_nohash_0.wav,yes,yes/0d90d8e1_nohash_0.wav,0,file,1,16000,1,16000,2a8c6209ba6c8de5b64e3d5ed9c0d05fd6aa5f10aec9038dd3c2cf5a77eba2ef
yes,train,10_yes.zip,yes/train/e57abea3_nohash_0.wav,yes,yes/e57abea3_nohash_0.wav,0,file,1,16000,1,16000,934178d82dfca6e9608dce0a106f53d292e6281dbc2ae9ac70377304604151b8
yes,train,10_yes.zip,yes/train/042186b8_nohash_0.wav,yes,yes/042186b8_nohash_0.wav,0,file,1,16000,1,16000,18b06485823e0cf7f506a45327b08167f838ddb725485e0b5da944f9cfa4047f
yes,train,10_yes.zip,yes/train/235b444f_nohash_3.wav,yes,yes/235b444f_nohash_3.wav,0,file,1,16000,1,16000,b527cc34ff1dd332d234dc8faab1f12afb7df7935eb8190751bce87064dc210f
yes,train,10_yes.zip,yes/train/6aa8def4_nohash_2.wav,yes,yes/6aa8def4_nohash_2.wav,0,file,1,16000,1,16000,aa89163900f357d01086e291f8a7d7a810acf80fee35f060a6ef3cb33776ea66
yes,train,10_yes.zip,yes/train/0a196374_nohash_1.wav,yes,yes/0a196374_nohash_1.wav,0,file,1,16000,1,16000,f4d801d9096f1ac1b84ed71ddf613c27504a381268014d36636741dd0cc23605
yes,train,10_yes.zip,yes/train/676f8138_nohash_4.wav,yes,yes/676f8138_nohash_4.wav,0,file,1,16000,1,16000,34cb3993d329e8938472b2a5f27fecebded2748e716ab5c6d14f992a866fa222
yes,train,10_yes.zip,yes/train/01bb6a2a_nohash_2.wav,yes,yes/01bb6a2a_nohash_2.wav,0,file,1,16000,1,16000,0acde1c773db7c574889418fe520fd3acb1fb352575cdc04f30c3aa153ea86f8
yes,train,10_yes.zip,yes/train/2bdbe5f7_nohash_3.wav,yes,yes/2bdbe5f7_nohash_3.wav,0,file,1,16000,1,16000,9b6032188cfcc25ee89669db3b921d748e4613262c534ae6fde053eb61aedbeb
yes,train,10_yes.zip,yes/train/190821dc_nohash_0.wav,yes,yes/190821dc_nohash_0.wav,0,file,1,16000,1,16000,5e26dcb10810659511a999792716d774e8a34688a6896ba3bdde3d56892e89d5
yes,train,10_yes.zip,yes/train/3c1e12cf_nohash_1.wav,yes,yes/3c1e12cf_nohash_1.wav,0,file,1,16000,1,16000,c8799e9f7d248461ea2a704a6e54720d03e8af2f09ece59c6627dccf08d42b97
yes,train,10_yes.zip,yes/train/113b3fbc_nohash_1.wav,yes,yes/113b3fbc_nohash_1.wav,0,file,1,16000,1,16000,3ebf38cf9adc6353fb38d063e0e023b8c90354cfa268f3ffb4bcfde0f6ac1d0c
yes,train,10_yes.zip,yes/train/824e8ce5_nohash_1.wav,yes,yes/824e8ce5_nohash_1.wav,0,file,1,16000,1,16000,12906597abebf09823ccc590ce7ae559f1dc585d269e793ff1ada62145ffcbfe
yes,train,10_yes.zip,yes/train/3589bc72_nohash_3.wav,yes,yes/3589bc72_nohash_3.wav,0,file,1,16000,1,16000,221989ebe28b5120a478886393e0d00ee953272f6e853e8eea00664929c523a4
yes,train,10_yes.zip,yes/train/332d33b1_nohash_2.wav,yes,yes/332d33b1_nohash_2.wav,0,file,1,16000,1,16000,c0d234d407a270ec6833471c2a741c1a0b403bd421e7f030885775cae7c903f0
yes,train,10_yes.zip,yes/train/d1dd03ed_nohash_0.wav,yes,yes/d1dd03ed_nohash_0.wav,0,file,1,16000,1,16000,2cf8983403f086f42fe46f7cf6bcefbfda31d94a852a465da9b143c5883927e3
yes,train,10_yes.zip,yes/train/7be9f58a_nohash_0.wav,yes,yes/7be9f58a_nohash_0.wav,0,file,1,16000,1,16000,91b2720a9e6b5d585e511c86a1097529e6dcea9f518d3ed5450148ad2a628133
yes,train,10_yes.zip,yes/train/9fac5701_nohash_4.wav,yes,yes/9fac5701_nohash_4.wav,0,file,1,16000,1,16000,52999a2e8c85a7ed84805eee91fd7814e10323a1bb19a21722a7c5ea32a5558c
yes,train,10_yes.zip,yes/train/c1e0e8e3_nohash_3.wav,yes,yes/c1e0e8e3_nohash_3.wav,0,file,1,16000,1,16000,65ef36fc8426d2dd3ff1bef971c6378b7b695bd71443276e3e6e98aca6c60be2
yes,train,10_yes.zip,yes/train/b66f4f93_nohash_3.wav,yes,yes/b66f4f93_nohash_3.wav,0,file,1,16000,1,16000,bca95b46668637a281def7ab636034eddc8e3dd85bd69d531da17872234be38d
yes,train,10_yes.zip,yes/train/84999496_nohash_1.wav,yes,yes/84999496_nohash_1.wav,0,file,1,16000,1,13375,924b725f5d557594ea9dd909ce8d3ed32e5c7da8e64379f61a77895865eabbf6
yes,train,10_yes.zip,yes/train/61482e52_nohash_0.wav,yes,yes/61482e52_nohash_0.wav,0,file,1,16000,1,16000,14c5e903eee7c6b8e447c22e753fc02f81dea37b726d485d92aaeae6c19b5f13
yes,train,10_yes.zip,yes/train/85b877b5_nohash_0.wav,yes,yes/85b877b5_nohash_0.wav,0,file,1,16000,1,16000,87e8b8c5df104a7ca66323017e4e8cc7b7d01b9103a9611558024e3f008bf1f4
yes,train,10_yes.zip,yes/train/3291330e_nohash_3.wav,yes,yes/3291330e_nohash_3.wav,0,file,1,16000,1,16000,65228d48ab52eb9aa394fecf17705803a7fe9167e6e44a82adaa85e6601d66f9
yes,train,10_yes.zip,yes/train/25e95412_nohash_3.wav,yes,yes/25e95412_nohash_3.wav,0,file,1,16000,1,16000,880f9040257446092b8354bbb32d2750e4b1bd9cb5f08043ba348abb481da816
yes,train,10_yes.zip,yes/train/b2ae3928_nohash_1.wav,yes,yes/b2ae3928_nohash_1.wav,0,file,1,16000,1,16000,2a1cd233f2afbe205d893699302edbe0f2c4b6f5cce31b77ce20dfd408b40bf8
yes,train,10_yes.zip,yes/train/a928cc5b_nohash_0.wav,yes,yes/a928cc5b_nohash_0.wav,0,file,1,16000,1,15604,1cc70efe38350c13fba8dffd1cf1f5cd032a378c82758e428b6618c84a4b1624
yes,train,10_yes.zip,yes/train/ca4912b6_nohash_4.wav,yes,yes/ca4912b6_nohash_4.wav,0,file,1,16000,1,16000,0c4430289a3fb0f80323f8585c254ac4c672007b6c8e7efab3d15cce1059ea4d
yes,train,10_yes.zip,yes/train/27c24504_nohash_2.wav,yes,yes/27c24504_nohash_2.wav,0,file,1,16000,1,16000,9ba5456c607efbc1c7c3312a7023d02940a5d67d9c7ed22980607b54c510cb2d
yes,train,10_yes.zip,yes/train/435695e3_nohash_1.wav,yes,yes/435695e3_nohash_1.wav,0,file,1,16000,1,16000,9b276c5676d8653651df701f8e5666b333a97bfadf7f35cd6efb395da4911f4b
yes,train,10_yes.zip,yes/train/6ef407da_nohash_4.wav,yes,yes/6ef407da_nohash_4.wav,0,file,1,16000,1,16000,6712b9a8c3ce48316c3a478720d4d4154b942210ea07254cab70e0d0f20b06e3
yes,train,10_yes.zip,yes/train/6414258b_nohash_0.wav,yes,yes/6414258b_nohash_0.wav,0,file,1,16000,1,15702,68493dbe25bb16e53d4c024c017b3f1d70d4206e907593493ea2ac586ff65c73
yes,train,10_yes.zip,yes/train/0ba018fc_nohash_3.wav,yes,yes/0ba018fc_nohash_3.wav,0,file,1,16000,1,16000,c8a784dce7451b823969960171197e261a26a4d42b0c7c289d0de5b0b4be4e88
yes,train,10_yes.zip,yes/train/0819edb0_nohash_0.wav,yes,yes/0819edb0_nohash_0.wav,0,file,1,16000,1,16000,6ec5e277d6675ac215c8b8e0186df8ae3cee48391370f772e36f61388c527c3e
yes,train,10_yes.zip,yes/train/cc4f9250_nohash_3.wav,yes,yes/cc4f9250_nohash_3.wav,0,file,1,16000,1,16000,65dd2ac5cd9112d412263e955af6d5c630e3e80ce825d4acf6ee70e5a537d970
yes,train,10_yes.zip,yes/train/4def68db_nohash_0.wav,yes,yes/4def68db_nohash_0.wav,0,file,1,16000,1,16000,e74e7a60242f90978803d6b15b4ada0ffb2cddf699d1642f44360219dc19fdb5
yes,train,10_yes.zip,yes/train/46a153d8_nohash_2.wav,yes,yes/46a153d8_nohash_2.wav,0,file,1,16000,1,16000,09224df22d18d8b69ae3c2c56ebe0a046a83cb4d8be115f87a719a58ccc63b4e
yes,train,10_yes.zip,yes/train/89947bd7_nohash_1.wav,yes,yes/89947bd7_nohash_1.wav,0,file,1,16000,1,16000,3dedde2bbe98bdaf126d348201673ad4b89f319b4148a2d1f7f225e839f19d9f
yes,train,10_yes.zip,yes/train/270bfa52_nohash_1.wav,yes,yes/270bfa52_nohash_1.wav,0,file,1,16000,1,16000,b153020524081d32b8743cb5b84ef6f5e4a075adcd2152e3eebf260fb28bfe54
yes,train,10_yes.zip,yes/train/c4e00ee9_nohash_2.wav,yes,yes/c4e00ee9_nohash_2.wav,0,file,1,16000,1,16000,3420849d2f30b7db7a044f0d4056e3f6313f80cd9de91f419fa65427bcd081b9
yes,train,10_yes.zip,yes/train/508e30ee_nohash_6.wav,yes,yes/508e30ee_nohash_6.wav,0,file,1,16000,1,16000,a249a9c1ea897463c3dce920195aa3d75bd0843cfefcc16021aca37680a434fe
yes,train,10_yes.zip,yes/train/6727b579_nohash_4.wav,yes,yes/6727b579_nohash_4.wav,0,file,1,16000,1,16000,884e08e03ab9d27cd666315b1ec293c494f5328808fae3cbece99cf3943f0d5c
yes,train,10_yes.zip,yes/train/834f03fe_nohash_2.wav,yes,yes/834f03fe_nohash_2.wav,0,file,1,16000,1,16000,fef62f482abe8304a15fc3d5b88aa9ca920aa220d0b5d2e25d0195e3f0abee22
yes,train,10_yes.zip,yes/train/197f4153_nohash_1.wav,yes,yes/197f4153_nohash_1.wav,0,file,1,16000,1,16000,c50067d59af122b66f85a8a38e639a434c1a93018098ddd1d3317a048b79cd10
yes,test,10_yes.zip,yes/test/5c8af87a_nohash_0.wav,yes,yes/5c8af87a_nohash_0.wav,0,file,1,16000,1,16000,ed5ac2544daecebfa7fd7f92d51c671649d321a2243fadff5880fd6bc89476e3
yes,test,10_yes.zip,yes/test/ad6a46f1_nohash_0.wav,yes,yes/ad6a46f1_nohash_0.wav,0,file,1,16000,1,16000,a20996938dd39315776ad5bbeb82bcbd0a54f70894a33bcda03bac05a20a0cf0
yes,test,10_yes.zip,yes/test/d0faf7e4_nohash_1.wav,yes,yes/d0faf7e4_nohash_1.wav,0,file,1,16000,1,16000,3c9b9847071eabca981c8f98fbdcbf59946c47de57265957d4d2b75a214776f7
yes,test,10_yes.zip,yes/test/aa233654_nohash_0.wav,yes,yes/aa233654_nohash_0.wav,0,file,1,16000,1,16000,de833e949bf1234099c2ca4f36719d169f074c903d42abb1490a489eb387a18c
yes,test,10_yes.zip,yes/test/5f814c23_nohash_1.wav,yes,yes/5f814c23_nohash_1.wav,0,file,1,16000,1,16000,c304370ca9278d1cd2a0a9a7162b228f30726b80112af3fffbc77d41d9486a37
yes,test,10_yes.zip,yes/test/a7216980_nohash_2.wav,yes,yes/a7216980_nohash_2.wav,0,file,1,16000,1,16000,3cd6cce63e28358fbe11b0f64e1dd2e4f0665abd209f8fa59c301137dbe091c8
yes,test,10_yes.zip,yes/test/4290ca61_nohash_0.wav,yes,yes/4290ca61_nohash_0.wav,0,file,1,16000,1,16000,9ce19c9a4f22533596dea6cf684f8b96441e9a8521f279987dd2105f63ae39f6
yes,test,10_yes.zip,yes/test/9a7c1f83_nohash_5.wav,yes,yes/9a7c1f83_nohash_5.wav,0,file,1,16000,1,16000,431a668b8417be4c0a2f2e198f294be5b4668d5eb7e59414c3808337e9bd9b20
yes,test,10_yes.zip,yes/test/c7124b73_nohash_0.wav,yes,yes/c7124b73_nohash_0.wav,0,file,1,16000,1,16000,7641fdbf0a604d8b598aabdf845757bdf47c082f86bcef433726a0e6bde12101
yes,test,10_yes.zip,yes/test/caedb73a_nohash_0.wav,yes,yes/caedb73a_nohash_0.wav,0,file,1,16000,1,16000,fff98a312455932a5118f163b384d7dc6457e980b7598c4bd78f06139dc67410
yes,test,10_yes.zip,yes/test/4c6167ca_nohash_3.wav,yes,yes/4c6167ca_nohash_3.wav,0,file,1,16000,1,16000,eddb23f811c4dbe3baa99b8f51971c8d3cdeefd2b784d580c677c977361a5dcf
yes,test,10_yes.zip,yes/test/653a48f5_nohash_0.wav,yes,yes/653a48f5_nohash_0.wav,0,file,1,16000,1,16000,d30387c458afd36ae598431fdca09c3dd5e5a5185dc70bd21bc78ca463c4a523
yes,test,10_yes.zip,yes/test/e71b4ce6_nohash_0.wav,yes,yes/e71b4ce6_nohash_0.wav,0,file,1,16000,1,16000,30578c529abdf614808411d2a74044f5959df3bcf4e9de14535b6bf7181370ed
yes,test,10_yes.zip,yes/test/37dca74f_nohash_2.wav,yes,yes/37dca74f_nohash_2.wav,0,file,1,16000,1,16000,bd5c09827adfcb2f9068f44713778e04f20f108ee2060fbb6c494f85059e2889
yes,test,10_yes.zip,yes/test/82b99576_nohash_0.wav,yes,yes/82b99576_nohash_0.wav,0,file,1,16000,1,15019,f2b445bb27f18d7ffd333222cff2ae6e05229d247d2b79ecfe359814d0bc2bff
yes,test,10_yes.zip,yes/test/2d82a556_nohash_0.wav,yes,yes/2d82a556_nohash_0.wav,0,file,1,16000,1,16000,21b8995630c4c014f6ee503d087dd4a1ea990313e820daad8f17e2d38cd407d6
yes,test,10_yes.zip,yes/test/4fd1443e_nohash_2.wav,yes,yes/4fd1443e_nohash_2.wav,0,file,1,16000,1,16000,842ffdc27579cbff15db19a9b56594466a3636aa7c281dae698eb910ca381d8b
yes,test,10_yes.zip,yes/test/d0faf7e4_nohash_4.wav,yes,yes/d0faf7e4_nohash_4.wav,0,file,1,16000,1,16000,640b4fb0dd6a502801d36f27f999c297753ae82898046963b07ab73a46c435a8
yes,test,10_yes.zip,yes/test/9a69672b_nohash_3.wav,yes,yes/9a69672b_nohash_3.wav,0,file,1,16000,1,16000,8e33f4a1076bf758f3e90eb1cb6f9dbb379fc0ceb5fa1312540eeb7dca58be0e
yes,test,10_yes.zip,yes/test/d962e5ac_nohash_3.wav,yes,yes/d962e5ac_nohash_3.wav,0,file,1,16000,1,16000,26d991e188e9cd84e0cbd4739e4e0df121f583ed1187192b0fe6697ec3aa75a1
_unknown_,train,11_unknown.zip,_unknown_/train/two__30f31e42_nohash_0.wav,two,two/30f31e42_nohash_0.wav,0,file,1,16000,1,16000,9e63924afd66854ff8e876d307921369e5c0a8d0b04cb5e90cff23678cbcedaf
_unknown_,train,11_unknown.zip,_unknown_/train/zero__6565a81d_nohash_2.wav,zero,zero/6565a81d_nohash_2.wav,0,file,1,16000,1,16000,006843888d4c36de180a77a0ba39652ddb88f9bced2c801526a3652228392a0f
_unknown_,train,11_unknown.zip,_unknown_/train/six__db7c95b0_nohash_0.wav,six,six/db7c95b0_nohash_0.wav,0,file,1,16000,1,14861,e7c54720cbff0c4981263209387e15506ccae3bf8b75127af670732fbe10cc2a
_unknown_,train,11_unknown.zip,_unknown_/train/marvin__dfb6450b_nohash_0.wav,marvin,marvin/dfb6450b_nohash_0.wav,0,file,1,16000,1,16000,954ac681eb4907ce12f63f5630af4aa86f30f2a2694c50f0479f707d945499bc
_unknown_,train,11_unknown.zip,_unknown_/train/backward__2fee065a_nohash_0.wav,backward,backward/2fee065a_nohash_0.wav,0,file,1,16000,1,16000,74f1a1e19ecfa42a5bd9f40dfc58cf1cf17c716da1bcd21e520043c6b04195b3
_unknown_,train,11_unknown.zip,_unknown_/train/house__b665723d_nohash_0.wav,house,house/b665723d_nohash_0.wav,0,file,1,16000,1,16000,1c0e4782e2201e2c755fb15a0832101c41e3985922efc899034612500618ff40
_unknown_,train,11_unknown.zip,_unknown_/train/learn__62f05757_nohash_3.wav,learn,learn/62f05757_nohash_3.wav,0,file,1,16000,1,16000,089ce3e6363f6161a4c7cee9c925ef6b8581f8189689f35f1bff5d52d3e50d91
_unknown_,train,11_unknown.zip,_unknown_/train/two__3565ca83_nohash_0.wav,two,two/3565ca83_nohash_0.wav,0,file,1,16000,1,16000,c2f5fe964b1b30bcb90ce12ab2516a2d120cc4b9bec691cfb981ab1eccb7cc68
_unknown_,train,11_unknown.zip,_unknown_/train/eight__d53e25ba_nohash_0.wav,eight,eight/d53e25ba_nohash_0.wav,0,file,1,16000,1,16000,8f7a409957f3dae833e5e2e75b3c2a3d73c5250a4d815bc287f104a484a87785
_unknown_,train,11_unknown.zip,_unknown_/train/dog__cba7f985_nohash_0.wav,dog,dog/cba7f985_nohash_0.wav,0,file,1,16000,1,16000,95fd7e39bd7fab1a5d155c546f1d49fe1953021c763945b7142feed3d4bc4a11
_unknown_,train,11_unknown.zip,_unknown_/train/zero__ca58a8c6_nohash_0.wav,zero,zero/ca58a8c6_nohash_0.wav,0,file,1,16000,1,11889,03e410cd4fa60ffcf9128a605708029a4ade64348592f33ea8b11211add58469
_unknown_,train,11_unknown.zip,_unknown_/train/house__bd11c654_nohash_1.wav,house,house/bd11c654_nohash_1.wav,0,file,1,16000,1,16000,346bd80c37014126c7a2f562e1e24d07025cac5ef66f9c301eeada253ad5df77
_unknown_,train,11_unknown.zip,_unknown_/train/bird__765ffccb_nohash_0.wav,bird,bird/765ffccb_nohash_0.wav,0,file,1,16000,1,16000,01266bc7fd72a4092f613abecb76d528af90ba98001008014c98a93233ee1786
_unknown_,train,11_unknown.zip,_unknown_/train/marvin__8c780627_nohash_0.wav,marvin,marvin/8c780627_nohash_0.wav,0,file,1,16000,1,16000,ebeb59083ca0a8633de729badbde05356473fb7851436a36d9111b76753ad839
_unknown_,train,11_unknown.zip,_unknown_/train/seven__bd76a7fd_nohash_0.wav,seven,seven/bd76a7fd_nohash_0.wav,0,file,1,16000,1,16000,e1d9a2e1d56d0537532adbc182619fda04b3b9ce9e1c4f509f74638a27924619
_unknown_,train,11_unknown.zip,_unknown_/train/nine__321aba74_nohash_4.wav,nine,nine/321aba74_nohash_4.wav,0,file,1,16000,1,16000,323385627a5380a024289f24d7b386fa7337a9c844d8f9dcdab0f60183eb59ce
_unknown_,train,11_unknown.zip,_unknown_/train/backward__3a3ee7ed_nohash_0.wav,backward,backward/3a3ee7ed_nohash_0.wav,0,file,1,16000,1,16000,61e2edd79038a4a05995d502ad2fada311f37f475ecf2ff0761e9e2a9d04b05c
_unknown_,train,11_unknown.zip,_unknown_/train/wow__ad340ed7_nohash_0.wav,wow,wow/ad340ed7_nohash_0.wav,0,file,1,16000,1,16000,484c4eb033fff62ecb435f47b71266759d3790fc1c0ca52653ab180cb7bebf34
_unknown_,train,11_unknown.zip,_unknown_/train/follow__c2dccf38_nohash_2.wav,follow,follow/c2dccf38_nohash_2.wav,0,file,1,16000,1,16000,5696427e44875545bd8b486f257a3bac9e1d3677cdda4e04f570d59989d017f5
_unknown_,train,11_unknown.zip,_unknown_/train/nine__0c5027de_nohash_1.wav,nine,nine/0c5027de_nohash_1.wav,0,file,1,16000,1,16000,c0d485bc7caca3285a55366023feb984231e2fed7ccbe52ff64b0738454184ce
_unknown_,train,11_unknown.zip,_unknown_/train/one__fbb2f6cc_nohash_1.wav,one,one/fbb2f6cc_nohash_1.wav,0,file,1,16000,1,16000,6c6605ebf787132576d819adaf19d8d795b218eee813a20a60b4c73fef65dccc
_unknown_,train,11_unknown.zip,_unknown_/train/tree__66041c69_nohash_1.wav,tree,tree/66041c69_nohash_1.wav,0,file,1,16000,1,16000,808abc23f15a0909447f7dc1dd9a8754d75115b913f47c65291832107c0f7460
_unknown_,train,11_unknown.zip,_unknown_/train/sheila__b544d4fd_nohash_0.wav,sheila,sheila/b544d4fd_nohash_0.wav,0,file,1,16000,1,16000,72dcc76a873cd4ac93ee825080f34c9345d4683e9686e086089b0f6711393528
_unknown_,train,11_unknown.zip,_unknown_/train/nine__9a8d8d34_nohash_0.wav,nine,nine/9a8d8d34_nohash_0.wav,0,file,1,16000,1,16000,8772c793d635aa7870423cd155490e7933dd30753299a7311020e19b30d653ab
_unknown_,train,11_unknown.zip,_unknown_/train/six__7e783e3f_nohash_0.wav,six,six/7e783e3f_nohash_0.wav,0,file,1,16000,1,16000,9094f39197c18a9acae45dabdc29674840a87664dac8da5b0aa67a95b1c6833b
_unknown_,train,11_unknown.zip,_unknown_/train/three__10627519_nohash_1.wav,three,three/10627519_nohash_1.wav,0,file,1,16000,1,16000,24b281f40ff01b7f1394637b1d7e716862d53e4907e71ce9c9df57dd877b9626
_unknown_,train,11_unknown.zip,_unknown_/train/cat__2aec99ec_nohash_0.wav,cat,cat/2aec99ec_nohash_0.wav,0,file,1,16000,1,16000,9722fb1a32d831f6edef97fba2161b0954cecb6c0d0042b325650854e4503e7a
_unknown_,train,11_unknown.zip,_unknown_/train/one__21cbe292_nohash_2.wav,one,one/21cbe292_nohash_2.wav,0,file,1,16000,1,16000,60f88cdf55f32314c2eb86f86d82f9ca6955083d94015f45217027ceace1c053
_unknown_,train,11_unknown.zip,_unknown_/train/bed__0c2ca723_nohash_1.wav,bed,bed/0c2ca723_nohash_1.wav,0,file,1,16000,1,16000,d88b26d360dfff64469fcd91ab0f3bfad2f8d385359c1772d83e51dc67e54926
_unknown_,train,11_unknown.zip,_unknown_/train/dog__ff0e27c3_nohash_0.wav,dog,dog/ff0e27c3_nohash_0.wav,0,file,1,16000,1,15701,689068e1ba85c96100cb05e279bceb17e1261330d3b9aee9f849f69013121bd9
_unknown_,train,11_unknown.zip,_unknown_/train/six__56cd307a_nohash_0.wav,six,six/56cd307a_nohash_0.wav,0,file,1,16000,1,14118,deb69845b3278bb16fe60bacc7d18a12eabebeadcfa442616128dbbfd8c21990
_unknown_,train,11_unknown.zip,_unknown_/train/follow__69a1a79f_nohash_3.wav,follow,follow/69a1a79f_nohash_3.wav,0,file,1,16000,1,16000,1b5bbca96912729969fa962c55c0b1456429479b89bb376aa65d615c1081257f
_unknown_,train,11_unknown.zip,_unknown_/train/four__84bf12ff_nohash_2.wav,four,four/84bf12ff_nohash_2.wav,0,file,1,16000,1,16000,cb90934b6928ae9466c7baed38485551e1dbf374da00cd9a0813662ca86531c2
_unknown_,train,11_unknown.zip,_unknown_/train/six__cce7416f_nohash_7.wav,six,six/cce7416f_nohash_7.wav,0,file,1,16000,1,16000,7d23aa4d32457c464e2017a6db4d59ecd5751af2d88a77507240b5aee328d472
_unknown_,train,11_unknown.zip,_unknown_/train/backward__6565a81d_nohash_1.wav,backward,backward/6565a81d_nohash_1.wav,0,file,1,16000,1,16000,412a9f12afb0810cd0418234e42d5e1aaa3eea9c8baf62577de54e0afb5a141f
_unknown_,train,11_unknown.zip,_unknown_/train/visual__0ba018fc_nohash_4.wav,visual,visual/0ba018fc_nohash_4.wav,0,file,1,16000,1,16000,2c9afef174e9d6d614befd173625aca2a9b02c48823b9f75ff03a58ed55d96b7
_unknown_,train,11_unknown.zip,_unknown_/train/bird__a1cff772_nohash_0.wav,bird,bird/a1cff772_nohash_0.wav,0,file,1,16000,1,16000,69629d6ba5fad2a7013ca52dbddfe3b2653094825af31299511cf23b68b14f1d
_unknown_,train,11_unknown.zip,_unknown_/train/house__71f9bba8_nohash_0.wav,house,house/71f9bba8_nohash_0.wav,0,file,1,16000,1,16000,5cc34a2489670ca2bab0596d5b46ca158423d71cc6b04c151e21afedb857da0e
_unknown_,train,11_unknown.zip,_unknown_/train/nine__3e6e5b0f_nohash_0.wav,nine,nine/3e6e5b0f_nohash_0.wav,0,file,1,16000,1,12459,09a4a718af346d22c515fc38f88468a330461e3e84b58c0a42dfec1ee8105fed
_unknown_,train,11_unknown.zip,_unknown_/train/bed__da76aa58_nohash_1.wav,bed,bed/da76aa58_nohash_1.wav,0,file,1,16000,1,16000,8a5800a24ea8e493447af5da025317d8abb2c5102b50ec7bd5bbd02ce365c989
_unknown_,train,11_unknown.zip,_unknown_/train/zero__857366dd_nohash_0.wav,zero,zero/857366dd_nohash_0.wav,0,file,1,16000,1,16000,0820f1e01ef55c9629f96d5e13fb260a4accbb4df51708d0d79f3bc190faff3d
_unknown_,train,11_unknown.zip,_unknown_/train/four__e7117d00_nohash_1.wav,four,four/e7117d00_nohash_1.wav,0,file,1,16000,1,16000,def519dd6562667d70302d4cce765c9a8f6a831c5542075af124f35352d4ed8c
_unknown_,train,11_unknown.zip,_unknown_/train/backward__b2ae3928_nohash_2.wav,backward,backward/b2ae3928_nohash_2.wav,0,file,1,16000,1,16000,c380c9d8c5a17ff42b3dc7619ae45351ade680509ecc1ec09311b181e2904f34
_unknown_,train,11_unknown.zip,_unknown_/train/seven__af30314d_nohash_0.wav,seven,seven/af30314d_nohash_0.wav,0,file,1,16000,1,15702,7c2f5b7dcb0045ba91031b8a2d68403a803b798ac713a482c96b8dbf43d019b3
_unknown_,train,11_unknown.zip,_unknown_/train/eight__b6026214_nohash_0.wav,eight,eight/b6026214_nohash_0.wav,0,file,1,16000,1,10240,3c557fcf1e1f6ef473a58d7088b08f07834848cc742f3b6126a6bc8b1a522a50
_unknown_,train,11_unknown.zip,_unknown_/train/happy__023a61ad_nohash_0.wav,happy,happy/023a61ad_nohash_0.wav,0,file,1,16000,1,16000,580945035ad7d96cd2bbedb437f607218905d913845b2cbd20956a174d545507
_unknown_,train,11_unknown.zip,_unknown_/train/tree__e98cb283_nohash_0.wav,tree,tree/e98cb283_nohash_0.wav,0,file,1,16000,1,9660,65c36a8794f504152b43a5899372a569b8945e359b6bd69c4c0440d5b5604da3
_unknown_,train,11_unknown.zip,_unknown_/train/wow__6ac35824_nohash_0.wav,wow,wow/6ac35824_nohash_0.wav,0,file,1,16000,1,16000,45b6d85e375bcb0be9c7d0d14cd9870659f5d78e081a55426d0368e845db0cf9
_unknown_,train,11_unknown.zip,_unknown_/train/two__042a8dde_nohash_3.wav,two,two/042a8dde_nohash_3.wav,0,file,1,16000,1,16000,9dbbc0610e256f0802e00bd73d482d573418ec1e0ae7a1665f7c6a4d9c26f43c
_unknown_,train,11_unknown.zip,_unknown_/train/cat__f33660af_nohash_1.wav,cat,cat/f33660af_nohash_1.wav,0,file,1,16000,1,16000,a28326bf23eb9d6cdbb1e163f7ab00c7e270b7faa40d12eed87fba290031b3a1
_unknown_,train,11_unknown.zip,_unknown_/train/learn__42a99aec_nohash_1.wav,learn,learn/42a99aec_nohash_1.wav,0,file,1,16000,1,16000,a93ae71b922a42bdc7d90e5277295eee5766f8adf02ec8140ff105ba1ca2f93d
_unknown_,train,11_unknown.zip,_unknown_/train/four__6fb3d5a7_nohash_2.wav,four,four/6fb3d5a7_nohash_2.wav,0,file,1,16000,1,16000,d8d2a9931fbac3a5885ebabebdcafe13f887506cc8ca816cf1fb21754f58e0ec
_unknown_,train,11_unknown.zip,_unknown_/train/six__1b42b551_nohash_0.wav,six,six/1b42b551_nohash_0.wav,0,file,1,16000,1,16000,2890ee55b9ae46c8e432573105ad9b095a1c7ba32c15a521df1bf0b5fba3e83f
_unknown_,train,11_unknown.zip,_unknown_/train/one__0a196374_nohash_1.wav,one,one/0a196374_nohash_1.wav,0,file,1,16000,1,16000,6a1bd308c36e30f564f8889a1f8a705c546d60e1e49d3a226a19d7f1a9e87489
_unknown_,train,11_unknown.zip,_unknown_/train/one__3f45a0cf_nohash_3.wav,one,one/3f45a0cf_nohash_3.wav,0,file,1,16000,1,16000,15384fe7da8e9e99551950e014b0d47ab61abbf99e152617e626542da7100d76
_unknown_,train,11_unknown.zip,_unknown_/train/two__637c702a_nohash_0.wav,two,two/637c702a_nohash_0.wav,0,file,1,16000,1,11889,e5c523d36f5df88a4fe49b9ce6867ac4bfda337bff61428be4f13654460aace1
_unknown_,train,11_unknown.zip,_unknown_/train/three__02ade946_nohash_2.wav,three,three/02ade946_nohash_2.wav,0,file,1,16000,1,16000,920f8b3921623747592592e0dc62f90dcf65abe397a1b49f56125f8b1ed83f9f
_unknown_,train,11_unknown.zip,_unknown_/train/bed__825f450d_nohash_0.wav,bed,bed/825f450d_nohash_0.wav,0,file,1,16000,1,16000,4a76cc18c97b136078c4dcdc706e94f1cbbe1da88e5f6f5a7af12df84754638d
_unknown_,train,11_unknown.zip,_unknown_/train/bed__85851131_nohash_0.wav,bed,bed/85851131_nohash_0.wav,0,file,1,16000,1,16000,98386f503f768e299dd8703deea429d257d1b4a521849374f87847edb2a4c652
_unknown_,train,11_unknown.zip,_unknown_/train/follow__e9abfe31_nohash_3.wav,follow,follow/e9abfe31_nohash_3.wav,0,file,1,16000,1,16000,4e36fbbcaff11c28f8f715528bd5be5a7697feb086ebcc5cb0c25a60fe60ebaf
_unknown_,test,11_unknown.zip,_unknown_/test/two__d962e5ac_nohash_3.wav,two,two/d962e5ac_nohash_3.wav,0,file,1,16000,1,16000,1ed4aebbe4da1aabefd5a50870d11e1bedf72b3c613b4d768a58f5ca21dc358b
_unknown_,test,11_unknown.zip,_unknown_/test/eight__18f8afd5_nohash_0.wav,eight,eight/18f8afd5_nohash_0.wav,0,file,1,16000,1,16000,57b66db5d1b16d52fbaa65f201a83692648487a1d1dd78d786fe2680dd8a4982
_unknown_,test,11_unknown.zip,_unknown_/test/two__8fe67225_nohash_3.wav,two,two/8fe67225_nohash_3.wav,0,file,1,16000,1,16000,d42fe128cd61f659c3fe6826d7a5520963b59cbdbce7f561a290e4f8407392fc
_unknown_,test,11_unknown.zip,_unknown_/test/wow__a6f2fd71_nohash_0.wav,wow,wow/a6f2fd71_nohash_0.wav,0,file,1,16000,1,16000,1fbb0498e29bb46e5fcbb88577b0854ea634161aecc878995d183f5bf99a8264
_unknown_,test,11_unknown.zip,_unknown_/test/backward__cfbedff9_nohash_2.wav,backward,backward/cfbedff9_nohash_2.wav,0,file,1,16000,1,16000,16dcec7b468db8f4329809ea7eb6bf33460c44ca9cbb06fae4140787bb632b9b
_unknown_,test,11_unknown.zip,_unknown_/test/nine__daf230ac_nohash_0.wav,nine,nine/daf230ac_nohash_0.wav,0,file,1,16000,1,16000,25dfcf5e605285f54496c8636a5a80dd8c3412c96bb19bf59d8022683286dbef
_unknown_,test,11_unknown.zip,_unknown_/test/marvin__af8b2f2c_nohash_1.wav,marvin,marvin/af8b2f2c_nohash_1.wav,0,file,1,16000,1,16000,5d77b0cded545bf4b933bfb1463872d70e813b8a74eaac495d17f196ec31ae05
_unknown_,test,11_unknown.zip,_unknown_/test/bed__2796ac50_nohash_0.wav,bed,bed/2796ac50_nohash_0.wav,0,file,1,16000,1,16000,864bca404117e21ab590ba3c611ff6f00eab89e6d58d8003ef295a4c2b0a08cf
_unknown_,test,11_unknown.zip,_unknown_/test/bird__bb31b82b_nohash_1.wav,bird,bird/bb31b82b_nohash_1.wav,0,file,1,16000,1,16000,04096f2ae0e7825a568c2a7dd6b64b197004ce25c0dc50c819deee6ba5fd032a
_unknown_,test,11_unknown.zip,_unknown_/test/wow__af8b2f2c_nohash_0.wav,wow,wow/af8b2f2c_nohash_0.wav,0,file,1,16000,1,16000,0a26fd27949b6fda035402751ee09372d8c1210baed23a999407902f2bd6c181
_unknown_,test,11_unknown.zip,_unknown_/test/happy__2c6d3924_nohash_0.wav,happy,happy/2c6d3924_nohash_0.wav,0,file,1,16000,1,16000,061d424844b639999985efd01d085b403e6819a18b8548a8a74ef38837589cbc
_unknown_,test,11_unknown.zip,_unknown_/test/eight__5170b77f_nohash_1.wav,eight,eight/5170b77f_nohash_1.wav,0,file,1,16000,1,16000,7000813d655b6004e0df36e4bd4233d50285fcc274b295ef93d1087569087efc
_unknown_,test,11_unknown.zip,_unknown_/test/six__9e2ce5e3_nohash_0.wav,six,six/9e2ce5e3_nohash_0.wav,0,file,1,16000,1,16000,eba4058ae71510071c33cd6119cca850ffac9dae560f6031ed8333690ab9ad18
_unknown_,test,11_unknown.zip,_unknown_/test/dog__5c8af87a_nohash_0.wav,dog,dog/5c8af87a_nohash_0.wav,0,file,1,16000,1,16000,3df50905ea85a18de82948491e44a9510e018b51538aebf5b2308dbf10422dae
_unknown_,test,11_unknown.zip,_unknown_/test/five__798f702a_nohash_1.wav,five,five/798f702a_nohash_1.wav,0,file,1,16000,1,16000,fb89a11aa09823dbd35a13d99661c6dc8f3fa18f36903cc88215fc510de10908
_unknown_,test,11_unknown.zip,_unknown_/test/follow__18f8afd5_nohash_2.wav,follow,follow/18f8afd5_nohash_2.wav,0,file,1,16000,1,16000,7cb624a0ff19dd2db12f6104f006ef03ae69bca31886a678c78f5684f29b356e
_unknown_,test,11_unknown.zip,_unknown_/test/eight__c7dc7278_nohash_0.wav,eight,eight/c7dc7278_nohash_0.wav,0,file,1,16000,1,16000,2f60c2680500e6a84a03d250379a6745ba9760845bb2d65ec337350077ce70d4
_unknown_,test,11_unknown.zip,_unknown_/test/six__9a69672b_nohash_2.wav,six,six/9a69672b_nohash_2.wav,0,file,1,16000,1,16000,a4c1a89dfde949370c7ba001e2400fa73242446851d17343f568b553a5b3e05f
_unknown_,test,11_unknown.zip,_unknown_/test/happy__553f1a79_nohash_1.wav,happy,happy/553f1a79_nohash_1.wav,0,file,1,16000,1,16000,369742a0ef33b2b398d42ab4847a6c5011830622857355b6a2b71fba55f7c0e1
_unknown_,test,11_unknown.zip,_unknown_/test/one__283d7a53_nohash_0.wav,one,one/283d7a53_nohash_0.wav,0,file,1,16000,1,13654,8145c0b81ca04096bcda3995083140aa5eb4aee4b2375d887472d7ed27038bda
_silence_,train,12_silence.zip,_silence_/train/noise__doing_the_dishes__offset_931333.wav,_background_noise_,_background_noise_/doing_the_dishes.wav,931333,noise,0,16000,1,16000,aebc5da34d888aa67c3d301d4d1e3961827a20576a0edac742223569e9920eb6
_silence_,train,12_silence.zip,_silence_/train/noise__dude_miaowing__offset_229668.wav,_background_noise_,_background_noise_/dude_miaowing.wav,229668,noise,0,16000,1,16000,681d4c0fe672afb6a05adf64832ab31c1950dbeaf5fe74a53b2e50b48756bd5f
_silence_,train,12_silence.zip,_silence_/train/noise__exercise_bike__offset_823407.wav,_background_noise_,_background_noise_/exercise_bike.wav,823407,noise,0,16000,1,16000,9ef1d7c25376e50d74c9b85679f199443821eb1ecf9188e58bafd5046bb83cab
_silence_,train,12_silence.zip,_silence_/train/noise__pink_noise__offset_445696.wav,_background_noise_,_background_noise_/pink_noise.wav,445696,noise,0,16000,1,16000,88cb742ae68ec33ae7b35c016f7bb05f9961c585c440ce4dc066b3365864ba32
_silence_,train,12_silence.zip,_silence_/train/noise__doing_the_dishes__offset_135879.wav,_background_noise_,_background_noise_/doing_the_dishes.wav,135879,noise,0,16000,1,16000,b4f61c02b91a06418ac25c3e2d8714e34d375deb2ab7546a7274c61bbc9fdd2a
_silence_,train,12_silence.zip,_silence_/train/noise__dude_miaowing__offset_689005.wav,_background_noise_,_background_noise_/dude_miaowing.wav,689005,noise,0,16000,1,16000,107c1e86669e0cb1bae0d15fcff52dcb8196e3c26bd861e4eeac63103bd74011
_silence_,train,12_silence.zip,_silence_/train/noise__exercise_bike__offset_314513.wav,_background_noise_,_background_noise_/exercise_bike.wav,314513,noise,0,16000,1,16000,5b8daf144704313eba0191d14eaea869d3e2e5ea7a30a0f0f2f74ed54cc4e4dd
_silence_,train,12_silence.zip,_silence_/train/noise__pink_noise__offset_891392.wav,_background_noise_,_background_noise_/pink_noise.wav,891392,noise,0,16000,1,16000,c48556c5997fb24bd75e2f58e701273477e24e8d0a34274f308e6b8340a4bc75
_silence_,train,12_silence.zip,_silence_/train/noise__doing_the_dishes__offset_847355.wav,_background_noise_,_background_noise_/doing_the_dishes.wav,847355,noise,0,16000,1,16000,30bd598bb94d66e7c6057f6a8ad44d7b48b0bedce33954e8bf798ed3c032230c
_silence_,train,12_silence.zip,_silence_/train/noise__dude_miaowing__offset_175451.wav,_background_noise_,_background_noise_/dude_miaowing.wav,175451,noise,0,16000,1,16000,b83236bc39a630b86764ec0af6e62abc6a672dce2ff3b930a0089bc89f184926
_silence_,train,12_silence.zip,_silence_/train/noise__exercise_bike__offset_769681.wav,_background_noise_,_background_noise_/exercise_bike.wav,769681,noise,0,16000,1,16000,9b5e846e5cc6e22f03188d5b362780a7b3b00ed84f7db9a461adc03f3159f20f
_silence_,train,12_silence.zip,_silence_/train/noise__pink_noise__offset_393089.wav,_background_noise_,_background_noise_/pink_noise.wav,393089,noise,0,16000,1,16000,4750a56fe8ccf8066628d9a4628579a98c61d924989757738c80e562e23b4edf
_silence_,train,12_silence.zip,_silence_/train/noise__doing_the_dishes__offset_51901.wav,_background_noise_,_background_noise_/doing_the_dishes.wav,51901,noise,0,16000,1,16000,b151c0d7aab7593d8e747a8caf0e656cddf1cf9403b319f84c17f639f2af3e5f
_silence_,train,12_silence.zip,_silence_/train/noise__dude_miaowing__offset_634787.wav,_background_noise_,_background_noise_/dude_miaowing.wav,634787,noise,0,16000,1,16000,a186c904d44f98c648909c0d67ad99c4fe6352f9472953a8a48e949ce9529130
_silence_,train,12_silence.zip,_silence_/train/noise__exercise_bike__offset_260788.wav,_background_noise_,_background_noise_/exercise_bike.wav,260788,noise,0,16000,1,16000,df626abf200a162d628efafa3e6de4d6728709d327d6b41120ff3ad5b0a7e05f
_silence_,train,12_silence.zip,_silence_/train/noise__pink_noise__offset_838785.wav,_background_noise_,_background_noise_/pink_noise.wav,838785,noise,0,16000,1,16000,6771b19f7c7c6a623dd8e85a94a08fb805c458ae851c86193b5804e41ae8ea2a
_silence_,train,12_silence.zip,_silence_/train/noise__doing_the_dishes__offset_763377.wav,_background_noise_,_background_noise_/doing_the_dishes.wav,763377,noise,0,16000,1,16000,ebac21eddaecf79dcde44fd754778077cc9d58382f9401dc023c2c5c8803c621
_silence_,train,12_silence.zip,_silence_/train/noise__dude_miaowing__offset_121233.wav,_background_noise_,_background_noise_/dude_miaowing.wav,121233,noise,0,16000,1,16000,2cca5c3ab3aa095d2b78ebfa6f35bf2b269f5cb182f5c5a15f831e0f440d3d3c
_silence_,train,12_silence.zip,_silence_/train/noise__exercise_bike__offset_715956.wav,_background_noise_,_background_noise_/exercise_bike.wav,715956,noise,0,16000,1,16000,c0f29212542739f3822c671daa344c1da96ad5bbc3f4d8bc7de2a7006fb9eb6c
_silence_,train,12_silence.zip,_silence_/train/noise__pink_noise__offset_340481.wav,_background_noise_,_background_noise_/pink_noise.wav,340481,noise,0,16000,1,16000,94ef10c00a01f4247fce83ee1416b94aef6edd5a0626e5002376c781e82dcb09
_silence_,train,12_silence.zip,_silence_/train/noise__doing_the_dishes__offset_1474853.wav,_background_noise_,_background_noise_/doing_the_dishes.wav,1474853,noise,0,16000,1,16000,d1e781e3110f9d138dc8066a1d2f13fe33b53fca7dddd59d8f5cd93d695e6e9b
_silence_,train,12_silence.zip,_silence_/train/noise__dude_miaowing__offset_580570.wav,_background_noise_,_background_noise_/dude_miaowing.wav,580570,noise,0,16000,1,16000,ab950c5cf8480a2cd35ebfaabe58b7ca97169589f67df04979240be6cdafd5ff
_silence_,train,12_silence.zip,_silence_/train/noise__exercise_bike__offset_207062.wav,_background_noise_,_background_noise_/exercise_bike.wav,207062,noise,0,16000,1,16000,bb7b655cf448ac435cecdbb1179180ed96142254a3e9959700f7f9201c7d686b
_silence_,train,12_silence.zip,_silence_/train/noise__pink_noise__offset_786178.wav,_background_noise_,_background_noise_/pink_noise.wav,786178,noise,0,16000,1,16000,f56792ec5a7ee2972e78796fbcb438ae8d67dedc81dc77b08559b6a8a5fa0a32
_silence_,train,12_silence.zip,_silence_/train/noise__doing_the_dishes__offset_679398.wav,_background_noise_,_background_noise_/doing_the_dishes.wav,679398,noise,0,16000,1,16000,0e261d4ca9fb59cccca7997021600e3d43a43401b50b8e3043d867bda51562ec
_silence_,train,12_silence.zip,_silence_/train/noise__dude_miaowing__offset_67016.wav,_background_noise_,_background_noise_/dude_miaowing.wav,67016,noise,0,16000,1,16000,e5ac220dd699d88c0845d85d350ee3adb573c88962269609957e0ec947ed7538
_silence_,train,12_silence.zip,_silence_/train/noise__exercise_bike__offset_662231.wav,_background_noise_,_background_noise_/exercise_bike.wav,662231,noise,0,16000,1,16000,0f8ca220b4cce6c55acb7fd457c564bd4c496c78aacbbc8b2b4abc51ce8206ec
_silence_,train,12_silence.zip,_silence_/train/noise__pink_noise__offset_287874.wav,_background_noise_,_background_noise_/pink_noise.wav,287874,noise,0,16000,1,16000,c170254aa87bb151bf74967834284d9a896ad7a7b9fed8ea1c90ca36857b2315
_silence_,train,12_silence.zip,_silence_/train/noise__doing_the_dishes__offset_1390874.wav,_background_noise_,_background_noise_/doing_the_dishes.wav,1390874,noise,0,16000,1,16000,2f34f60b701b86c9cd0fee049125fb8b96769fa3a09c657161756c70581f587f
_silence_,train,12_silence.zip,_silence_/train/noise__dude_miaowing__offset_526353.wav,_background_noise_,_background_noise_/dude_miaowing.wav,526353,noise,0,16000,1,16000,c06716e6f0761c99d047f5c0ee674a51861f897fca41134ec85e108b2643627b
_silence_,train,12_silence.zip,_silence_/train/noise__exercise_bike__offset_153337.wav,_background_noise_,_background_noise_/exercise_bike.wav,153337,noise,0,16000,1,16000,37c0bdc78c54f9f0a2a0f1dc82b5dd62fc0ec277e7269fa61cb52bc78e25694f
_silence_,train,12_silence.zip,_silence_/train/noise__pink_noise__offset_733570.wav,_background_noise_,_background_noise_/pink_noise.wav,733570,noise,0,16000,1,16000,a06d2d51adc2464bb2de7d5e365238a978b23b7839bac91a7140dbda9f60173f
_silence_,train,12_silence.zip,_silence_/train/noise__doing_the_dishes__offset_595420.wav,_background_noise_,_background_noise_/doing_the_dishes.wav,595420,noise,0,16000,1,16000,895616e52072c36d76f8d8133d31e3314859dc3f361f00d9a7d40b8f127c1f53
_silence_,train,12_silence.zip,_silence_/train/noise__dude_miaowing__offset_12798.wav,_background_noise_,_background_noise_/dude_miaowing.wav,12798,noise,0,16000,1,16000,b16dff0a0b3816d4ef1bd07504645f2b4a09ab161e085689bc61c62aad75fb00
_silence_,train,12_silence.zip,_silence_/train/noise__exercise_bike__offset_608505.wav,_background_noise_,_background_noise_/exercise_bike.wav,608505,noise,0,16000,1,16000,00262e453258a52391b59fa9b6ae70ca9e669e32f421f05604f3d147726ad522
_silence_,train,12_silence.zip,_silence_/train/noise__pink_noise__offset_235267.wav,_background_noise_,_background_noise_/pink_noise.wav,235267,noise,0,16000,1,16000,2b9c181a993c0ed5f2d691261a1a7f76bc8c999da1e2d1ace27a1d075fec18d3
_silence_,train,12_silence.zip,_silence_/train/noise__doing_the_dishes__offset_1306896.wav,_background_noise_,_background_noise_/doing_the_dishes.wav,1306896,noise,0,16000,1,16000,b9e03f45d60ed6a62631b1d5d2bc470ce63b4bd3172f218c9fde4dbf6f7ff0fc
_silence_,train,12_silence.zip,_silence_/train/noise__dude_miaowing__offset_472135.wav,_background_noise_,_background_noise_/dude_miaowing.wav,472135,noise,0,16000,1,16000,dd3868b798d2b4e2747d36daa093b2059b04ca3c5e63a5499a497f83fef94755
_silence_,train,12_silence.zip,_silence_/train/noise__exercise_bike__offset_99612.wav,_background_noise_,_background_noise_/exercise_bike.wav,99612,noise,0,16000,1,16000,5b98b8231fc8b9644bae759778b08eaaab1f1c0c663fe02de8e702491aa3a1f9
_silence_,train,12_silence.zip,_silence_/train/noise__pink_noise__offset_680963.wav,_background_noise_,_background_noise_/pink_noise.wav,680963,noise,0,16000,1,16000,baed61f035b8fb9f9cb6dfc8e9cec52377df99f47ec91a803447b0a98fe31f90
_silence_,train,12_silence.zip,_silence_/train/noise__doing_the_dishes__offset_511442.wav,_background_noise_,_background_noise_/doing_the_dishes.wav,511442,noise,0,16000,1,16000,c3ba7fecf140af4ee93950716ab8b4059884b5a3e876a531384230824828a00d
_silence_,train,12_silence.zip,_silence_/train/noise__dude_miaowing__offset_931472.wav,_background_noise_,_background_noise_/dude_miaowing.wav,931472,noise,0,16000,1,16000,660c1a37d8c8cf8ca10b00ece70202bf8ddb99b32ddd03e0a95ca51a7fa80960
_silence_,train,12_silence.zip,_silence_/train/noise__exercise_bike__offset_554780.wav,_background_noise_,_background_noise_/exercise_bike.wav,554780,noise,0,16000,1,16000,8f6227a91662e6692e93a08a4bfc4f1078a84ec07c79707c16dcab027d2e3afc
_silence_,train,12_silence.zip,_silence_/train/noise__pink_noise__offset_182659.wav,_background_noise_,_background_noise_/pink_noise.wav,182659,noise,0,16000,1,16000,abc623eeff24b8e8640ecf0f10f2f2d390af5d0c14ffa3c8f4ac2b875a627c48
_silence_,train,12_silence.zip,_silence_/train/noise__doing_the_dishes__offset_1222918.wav,_background_noise_,_background_noise_/doing_the_dishes.wav,1222918,noise,0,16000,1,16000,9761b54a6d80c994816b0afbfbb304fc0d8718f1b3a013c4b03c487e43b8e77c
_silence_,train,12_silence.zip,_silence_/train/noise__dude_miaowing__offset_417918.wav,_background_noise_,_background_noise_/dude_miaowing.wav,417918,noise,0,16000,1,16000,565ae3ac656daab464d6ca68dae19ff09687b94c8537a67c3f9fae3a6c0a9e58
_silence_,train,12_silence.zip,_silence_/train/noise__exercise_bike__offset_45886.wav,_background_noise_,_background_noise_/exercise_bike.wav,45886,noise,0,16000,1,16000,8f795f334ecac51392e9c3b4c0459de3a4f2a09522f264917e9b6f86986322bd
_silence_,train,12_silence.zip,_silence_/train/noise__pink_noise__offset_628356.wav,_background_noise_,_background_noise_/pink_noise.wav,628356,noise,0,16000,1,16000,3923f4963673687a8b847e4814974f08379721db70d557aefa321981ec87ae17
_silence_,train,12_silence.zip,_silence_/train/noise__doing_the_dishes__offset_427463.wav,_background_noise_,_background_noise_/doing_the_dishes.wav,427463,noise,0,16000,1,16000,746b142601e9ad49055ce637ece43e7dcdcde3a236bad3e8a37a75b8d36f390e
_silence_,train,12_silence.zip,_silence_/train/noise__dude_miaowing__offset_877255.wav,_background_noise_,_background_noise_/dude_miaowing.wav,877255,noise,0,16000,1,16000,8404e3e6d788e7d642783d8c9ad29531e411649eb4d5b49b05bd4556fcfc01cc
_silence_,train,12_silence.zip,_silence_/train/noise__exercise_bike__offset_501055.wav,_background_noise_,_background_noise_/exercise_bike.wav,501055,noise,0,16000,1,16000,b670d316c69a7e5a121ddbcded17f50ed1ecd5aa573d9316714cfd208fc5b4d0
_silence_,train,12_silence.zip,_silence_/train/noise__pink_noise__offset_130052.wav,_background_noise_,_background_noise_/pink_noise.wav,130052,noise,0,16000,1,16000,cdbc21bfdf2e061cab632729d36f8ddb55bf2e13b965220936f21eef3a01a25d
_silence_,train,12_silence.zip,_silence_/train/noise__doing_the_dishes__offset_1138939.wav,_background_noise_,_background_noise_/doing_the_dishes.wav,1138939,noise,0,16000,1,16000,169c3e113f08c7c648372e3ee045826db86b037cfb5418c1e1c253a7b22835a2
_silence_,train,12_silence.zip,_silence_/train/noise__dude_miaowing__offset_363701.wav,_background_noise_,_background_noise_/dude_miaowing.wav,363701,noise,0,16000,1,16000,dc52a1221aadb63a498ecb8087d6e502ca724df1b63528a80d99560f9b37448a
_silence_,train,12_silence.zip,_silence_/train/noise__exercise_bike__offset_956223.wav,_background_noise_,_background_noise_/exercise_bike.wav,956223,noise,0,16000,1,16000,39c83ce2d4ed411897aaf0476d04f70446b3cf111aa61c9aa3db75f61e9802c9
_silence_,train,12_silence.zip,_silence_/train/noise__pink_noise__offset_575748.wav,_background_noise_,_background_noise_/pink_noise.wav,575748,noise,0,16000,1,16000,aea7d7b6c940e6cf9fcedfb4b0d2d72115a95a0cd1bc4abbcccb0804b4c3b647
_silence_,train,12_silence.zip,_silence_/train/noise__doing_the_dishes__offset_343485.wav,_background_noise_,_background_noise_/doing_the_dishes.wav,343485,noise,0,16000,1,16000,f44ff1ea20e0f42d16e4ad4f3fe6c0de68615885087184fce6f3fc09f92f0431
_silence_,train,12_silence.zip,_silence_/train/noise__dude_miaowing__offset_823037.wav,_background_noise_,_background_noise_/dude_miaowing.wav,823037,noise,0,16000,1,16000,b4fc848a58a5a99744f91c4880cd4c30ae3d467c3d45092555687e4cb4f529c5
_silence_,train,12_silence.zip,_silence_/train/noise__exercise_bike__offset_447329.wav,_background_noise_,_background_noise_/exercise_bike.wav,447329,noise,0,16000,1,16000,cd528ef336eb014fd6c636f6a3e31f851d4d681e2c8a30d992b51bc4b56fc3cb
_silence_,train,12_silence.zip,_silence_/train/noise__pink_noise__offset_77445.wav,_background_noise_,_background_noise_/pink_noise.wav,77445,noise,0,16000,1,16000,975e93596f2e748539aa71f42760b1fb64ade4c8d1e018632a0fc49039736129
_silence_,test,12_silence.zip,_silence_/test/noise__running_tap__offset_594850.wav,_background_noise_,_background_noise_/running_tap.wav,594850,noise,0,16000,1,16000,240901ca4607f96a35c12cb71fec34d05caeda49320b38bb70e5c9c176ddee27
_silence_,test,12_silence.zip,_silence_/test/noise__white_noise__offset_222848.wav,_background_noise_,_background_noise_/white_noise.wav,222848,noise,0,16000,1,16000,7dff60559fe53c581086b900cca969f608561afec7a2834bb2c2db0ca68c6eb1
_silence_,test,12_silence.zip,_silence_/test/noise__running_tap__offset_822062.wav,_background_noise_,_background_noise_/running_tap.wav,822062,noise,0,16000,1,16000,71c72fef22363c8db178ab3d826c80db028ddade562227e44ab66f7b3a58a51a
_silence_,test,12_silence.zip,_silence_/test/noise__white_noise__offset_445696.wav,_background_noise_,_background_noise_/white_noise.wav,445696,noise,0,16000,1,16000,e42ebd2e330aa2a9f3f843c0e376b2a4cbfe2de90bb25725dee1490484def694
_silence_,test,12_silence.zip,_silence_/test/noise__running_tap__offset_86787.wav,_background_noise_,_background_noise_/running_tap.wav,86787,noise,0,16000,1,16000,e66940b01e8b1e888e3ae6c0da59ca7580395f41aaa480386268e01f56ffbb76
_silence_,test,12_silence.zip,_silence_/test/noise__white_noise__offset_668544.wav,_background_noise_,_background_noise_/white_noise.wav,668544,noise,0,16000,1,16000,41ad4ba3b67da094e35f39fc07913042684b606fe7ac65766b85a4f08302897c
_silence_,test,12_silence.zip,_silence_/test/noise__running_tap__offset_314000.wav,_background_noise_,_background_noise_/running_tap.wav,314000,noise,0,16000,1,16000,89e7730bb3f65cc750c3e47670b7775172b94d2db844efbe06ce95a4ef211796
_silence_,test,12_silence.zip,_silence_/test/noise__white_noise__offset_891392.wav,_background_noise_,_background_noise_/white_noise.wav,891392,noise,0,16000,1,16000,ceba2662cd6b81b17faea892a57f282947ff260749b7229be4080cd676ce448f
_silence_,test,12_silence.zip,_silence_/test/noise__running_tap__offset_541212.wav,_background_noise_,_background_noise_/running_tap.wav,541212,noise,0,16000,1,16000,fe44337952185f7dea4995fa30f96bce275f1eaceaef74ed073a3c9f0b1e2dea
_silence_,test,12_silence.zip,_silence_/test/noise__white_noise__offset_170240.wav,_background_noise_,_background_noise_/white_noise.wav,170240,noise,0,16000,1,16000,3b6e754bb22e5c29ee5f9f4537d269db0608c964d42f10f1964e63c1d03c3e18
_silence_,test,12_silence.zip,_silence_/test/noise__running_tap__offset_768425.wav,_background_noise_,_background_noise_/running_tap.wav,768425,noise,0,16000,1,16000,b650fa17258779bb89d1bb6ae64e8c9f94d289e148af95d82a03a04366f1f514
_silence_,test,12_silence.zip,_silence_/test/noise__white_noise__offset_393089.wav,_background_noise_,_background_noise_/white_noise.wav,393089,noise,0,16000,1,16000,2fb4e7e9b6ec8f923c8711ea390939a7c96802677540fabc6ddb77c8c0bf1c8d
_silence_,test,12_silence.zip,_silence_/test/noise__running_tap__offset_33149.wav,_background_noise_,_background_noise_/running_tap.wav,33149,noise,0,16000,1,16000,ce975f88b2318c3a8a9d3c282267a42d3ac1cc465361becc4bed1ba51b0edde5
_silence_,test,12_silence.zip,_silence_/test/noise__white_noise__offset_615937.wav,_background_noise_,_background_noise_/white_noise.wav,615937,noise,0,16000,1,16000,f2ac11081f5ecf6a4114e47462ce5d3678f00dd8d7b2647fb547782f89d15dc5
_silence_,test,12_silence.zip,_silence_/test/noise__running_tap__offset_260362.wav,_background_noise_,_background_noise_/running_tap.wav,260362,noise,0,16000,1,16000,dea48abaee1139a2b4f441fc8eb202e4e9ade8a8742889c3ba1c6c1c6e9a257c
_silence_,test,12_silence.zip,_silence_/test/noise__white_noise__offset_838785.wav,_background_noise_,_background_noise_/white_noise.wav,838785,noise,0,16000,1,16000,cd48f157e04da0abd3777a15148e5cfe687fe0f85e8c9d027c3dcaaf276d0f6f
_silence_,test,12_silence.zip,_silence_/test/noise__running_tap__offset_487575.wav,_background_noise_,_background_noise_/running_tap.wav,487575,noise,0,16000,1,16000,844c163f331a9045a78ffe1f12219a21f2849b82cc1ed320da2e4d1cb08ea488
_silence_,test,12_silence.zip,_silence_/test/noise__white_noise__offset_117633.wav,_background_noise_,_background_noise_/white_noise.wav,117633,noise,0,16000,1,16000,5c1e13eec3fa1d92729940f9fc1531c76fa6323c6576a02ff000edcd4f4f2c57
_silence_,test,12_silence.zip,_silence_/test/noise__running_tap__offset_714787.wav,_background_noise_,_background_noise_/running_tap.wav,714787,noise,0,16000,1,16000,a5b3441a7a1a7861ec83d90a9f41c7d3f918f2426d593d8a9b3275e693bbd697
_silence_,test,12_silence.zip,_silence_/test/noise__white_noise__offset_340481.wav,_background_noise_,_background_noise_/white_noise.wav,340481,noise,0,16000,1,16000,135551b9b5d74cc702e3009a33f3f70d3cb15314e082430e22ba5413eaa87bf0
